SIDO_NM,CCG_NM,NTS_INDUSTRY,NTS_CURRENT_COUNT,NTS_PREVIOUS_COUNT,NTS_YEAR_AGO_COUNT
강원특별자치도,강릉시,LPG 충전소,15.0,15.0,15.0
강원특별자치도,강릉시,pc방,44.0,44.0,50.0
강원특별자치도,강릉시,가구점,49.0,50.0,52.0
강원특별자치도,강릉시,가전제품수리점,158.0,160.0,145.0
강원특별자치도,강릉시,가전제품판매점,66.0,67.0,68.0
강원특별자치도,강릉시,간이주점,89.0,90.0,95.0
강원특별자치도,강릉시,간판광고물업,68.0,69.0,70.0
강원특별자치도,강릉시,감정평가사,5.0,5.0,5.0
강원특별자치도,강릉시,건강보조식품가게,61.0,61.0,63.0
강원특별자치도,강릉시,건어물가게,167.0,165.0,171.0
강원특별자치도,강릉시,건축사,62.0,62.0,63.0
강원특별자치도,강릉시,결혼상담소,5.0,5.0,7.0
강원특별자치도,강릉시,곡물가게,20.0,20.0,20.0
강원특별자치도,강릉시,공인노무사,8.0,8.0,8.0
강원특별자치도,강릉시,공인회계사,4.0,4.0,4.0
강원특별자치도,강릉시,과일가게,42.0,44.0,42.0
강원특별자치도,강릉시,교습소ㆍ공부방,223.0,224.0,215.0
강원특별자치도,강릉시,교습학원,313.0,313.0,329.0
강원특별자치도,강릉시,구내식당,57.0,57.0,59.0
강원특별자치도,강릉시,기술ㆍ직업훈련학원,136.0,135.0,130.0
강원특별자치도,강릉시,기술사,7.0,7.0,7.0
강원특별자치도,강릉시,기타외국식음식점,176.0,177.0,185.0
강원특별자치도,강릉시,기타음식점,119.0,116.0,109.0
강원특별자치도,강릉시,기타일반의원,7.0,7.0,9.0
강원특별자치도,강릉시,꽃가게,112.0,113.0,122.0
강원특별자치도,강릉시,내과ㆍ소아과의원,40.0,40.0,40.0
강원특별자치도,강릉시,노래방,95.0,96.0,101.0
강원특별자치도,강릉시,담배ㆍ복권소매업,51.0,51.0,54.0
강원특별자치도,강릉시,당구장,80.0,81.0,89.0
강원특별자치도,강릉시,독서실,17.0,17.0,21.0
강원특별자치도,강릉시,동물병원,17.0,17.0,17.0
강원특별자치도,강릉시,목욕탕,23.0,23.0,23.0
강원특별자치도,강릉시,문구점,57.0,59.0,58.0
강원특별자치도,강릉시,미용실,639.0,639.0,628.0
강원특별자치도,강릉시,법무사,32.0,31.0,29.0
강원특별자치도,강릉시,변호사,30.0,30.0,29.0
강원특별자치도,강릉시,부동산중개업,396.0,397.0,406.0
강원특별자치도,강릉시,분식점,215.0,215.0,222.0
강원특별자치도,강릉시,사진촬영업,97.0,98.0,96.0
강원특별자치도,강릉시,산부인과의원,8.0,8.0,8.0
강원특별자치도,강릉시,생선가게,221.0,221.0,220.0
강원특별자치도,강릉시,서점,49.0,49.0,47.0
강원특별자치도,강릉시,성형외과의원,5.0,5.0,5.0
강원특별자치도,강릉시,세무사,29.0,29.0,31.0
강원특별자치도,강릉시,세탁소,155.0,155.0,157.0
강원특별자치도,강릉시,슈퍼마켓,120.0,120.0,121.0
강원특별자치도,강릉시,스포츠교육기관,183.0,181.0,168.0
강원특별자치도,강릉시,스포츠시설운영업,49.0,50.0,46.0
강원특별자치도,강릉시,스포츠용품점,106.0,108.0,104.0
강원특별자치도,강릉시,시계ㆍ귀금속점,23.0,23.0,23.0
강원특별자치도,강릉시,식료품가게,259.0,259.0,267.0
강원특별자치도,강릉시,신경정신과의원,9.0,9.0,9.0
강원특별자치도,강릉시,신발가게,31.0,31.0,33.0
강원특별자치도,강릉시,실내스크린골프점,46.0,47.0,46.0
강원특별자치도,강릉시,실내장식가게,310.0,307.0,279.0
강원특별자치도,강릉시,실외골프연습장,17.0,17.0,18.0
강원특별자치도,강릉시,안경점,36.0,36.0,38.0
강원특별자치도,강릉시,안과의원,8.0,8.0,8.0
강원특별자치도,강릉시,애완용품점,50.0,50.0,54.0
강원특별자치도,강릉시,약국,95.0,94.0,96.0
강원특별자치도,강릉시,여관ㆍ모텔,216.0,217.0,219.0
강원특별자치도,강릉시,여행사,71.0,70.0,73.0
강원특별자치도,강릉시,예술학원,150.0,149.0,154.0
강원특별자치도,강릉시,예식장,6.0,6.0,8.0
강원특별자치도,강릉시,옷가게,437.0,438.0,456.0
강원특별자치도,강릉시,의료용품가게,39.0,38.0,36.0
강원특별자치도,강릉시,이륜자동차판매점,13.0,13.0,14.0
강원특별자치도,강릉시,이발소,94.0,95.0,95.0
강원특별자치도,강릉시,이비인후과의원,8.0,8.0,8.0
강원특별자치도,강릉시,일반외과의원,19.0,19.0,19.0
강원특별자치도,강릉시,일식음식점,220.0,221.0,229.0
강원특별자치도,강릉시,자동차수리점,283.0,283.0,287.0
강원특별자치도,강릉시,자전거판매점,13.0,13.0,13.0
강원특별자치도,강릉시,장난감가게,18.0,18.0,17.0
강원특별자치도,강릉시,정육점,47.0,48.0,51.0
강원특별자치도,강릉시,제과점,165.0,164.0,148.0
강원특별자치도,강릉시,종합병원,11.0,11.0,11.0
강원특별자치도,강릉시,주유소,72.0,72.0,71.0
강원특별자치도,강릉시,주차장운영업,55.0,55.0,48.0
강원특별자치도,강릉시,중고차판매점,19.0,19.0,19.0
강원특별자치도,강릉시,중식음식점,165.0,163.0,176.0
강원특별자치도,강릉시,채소가게,61.0,62.0,69.0
강원특별자치도,강릉시,철물점,52.0,54.0,56.0
강원특별자치도,강릉시,치과의원,68.0,68.0,67.0
강원특별자치도,강릉시,침구ㆍ커튼가게,45.0,42.0,50.0
강원특별자치도,강릉시,커피음료점,707.0,704.0,688.0
강원특별자치도,강릉시,컴퓨터판매점,24.0,24.0,24.0
강원특별자치도,강릉시,통신판매업,1484.0,1460.0,1420.0
강원특별자치도,강릉시,패스트푸드점,281.0,280.0,273.0
강원특별자치도,강릉시,펜션ㆍ게스트하우스,995.0,990.0,889.0
강원특별자치도,강릉시,편의점,332.0,330.0,340.0
강원특별자치도,강릉시,피부ㆍ비뇨기과의원,14.0,14.0,13.0
강원특별자치도,강릉시,피부관리업,348.0,350.0,327.0
강원특별자치도,강릉시,한방병원ㆍ한의원,58.0,60.0,62.0
강원특별자치도,강릉시,한식음식점,2914.0,2916.0,2944.0
강원특별자치도,강릉시,헬스클럽,61.0,61.0,61.0
강원특별자치도,강릉시,호프주점,130.0,129.0,143.0
강원특별자치도,강릉시,화장품가게,174.0,175.0,186.0
강원특별자치도,강릉시,휴대폰가게,85.0,85.0,82.0
강원특별자치도,고성군,LPG 충전소,0.0,0.0,0.0
강원특별자치도,고성군,pc방,6.0,6.0,6.0
강원특별자치도,고성군,가구점,4.0,4.0,3.0
강원특별자치도,고성군,가전제품수리점,11.0,11.0,10.0
강원특별자치도,고성군,가전제품판매점,9.0,9.0,9.0
강원특별자치도,고성군,간이주점,11.0,11.0,12.0
강원특별자치도,고성군,간판광고물업,8.0,8.0,8.0
강원특별자치도,고성군,건강보조식품가게,5.0,5.0,5.0
강원특별자치도,고성군,건어물가게,39.0,39.0,34.0
강원특별자치도,고성군,건축사,9.0,9.0,8.0
강원특별자치도,고성군,곡물가게,4.0,3.0,3.0
강원특별자치도,고성군,과일가게,3.0,3.0,0.0
강원특별자치도,고성군,교습소ㆍ공부방,13.0,13.0,11.0
강원특별자치도,고성군,교습학원,10.0,10.0,8.0
강원특별자치도,고성군,구내식당,12.0,12.0,12.0
강원특별자치도,고성군,기술ㆍ직업훈련학원,17.0,17.0,20.0
강원특별자치도,고성군,기타외국식음식점,25.0,26.0,23.0
강원특별자치도,고성군,기타음식점,20.0,19.0,19.0
강원특별자치도,고성군,기타일반의원,0.0,0.0,0.0
강원특별자치도,고성군,꽃가게,21.0,21.0,17.0
강원특별자치도,고성군,내과ㆍ소아과의원,5.0,5.0,5.0
강원특별자치도,고성군,노래방,6.0,6.0,6.0
강원특별자치도,고성군,담배ㆍ복권소매업,20.0,20.0,20.0
강원특별자치도,고성군,당구장,10.0,10.0,10.0
강원특별자치도,고성군,독서실,0.0,0.0,0.0
강원특별자치도,고성군,동물병원,4.0,4.0,4.0
강원특별자치도,고성군,목욕탕,3.0,3.0,3.0
강원특별자치도,고성군,문구점,6.0,6.0,6.0
강원특별자치도,고성군,미용실,48.0,47.0,45.0
강원특별자치도,고성군,법무사,3.0,4.0,4.0
강원특별자치도,고성군,부동산중개업,60.0,59.0,63.0
강원특별자치도,고성군,분식점,33.0,33.0,34.0
강원특별자치도,고성군,사진촬영업,9.0,9.0,10.0
강원특별자치도,고성군,생선가게,40.0,40.0,40.0
강원특별자치도,고성군,서점,4.0,4.0,4.0
강원특별자치도,고성군,세탁소,11.0,11.0,11.0
강원특별자치도,고성군,슈퍼마켓,21.0,21.0,22.0
강원특별자치도,고성군,스포츠교육기관,14.0,14.0,13.0
강원특별자치도,고성군,스포츠시설운영업,0.0,0.0,0.0
강원특별자치도,고성군,스포츠용품점,34.0,32.0,29.0
강원특별자치도,고성군,시계ㆍ귀금속점,3.0,3.0,3.0
강원특별자치도,고성군,식료품가게,68.0,68.0,73.0
강원특별자치도,고성군,신발가게,6.0,6.0,7.0
강원특별자치도,고성군,실내스크린골프점,4.0,4.0,3.0
강원특별자치도,고성군,실내장식가게,53.0,53.0,61.0
강원특별자치도,고성군,실외골프연습장,0.0,0.0,0.0
강원특별자치도,고성군,안경점,5.0,5.0,5.0
강원특별자치도,고성군,애완용품점,4.0,4.0,4.0
강원특별자치도,고성군,약국,12.0,11.0,10.0
강원특별자치도,고성군,여관ㆍ모텔,38.0,38.0,38.0
강원특별자치도,고성군,여행사,6.0,6.0,5.0
강원특별자치도,고성군,예술학원,4.0,4.0,4.0
강원특별자치도,고성군,옷가게,32.0,32.0,35.0
강원특별자치도,고성군,의료용품가게,3.0,3.0,4.0
강원특별자치도,고성군,이륜자동차판매점,0.0,0.0,0.0
강원특별자치도,고성군,이발소,16.0,16.0,18.0
강원특별자치도,고성군,일반외과의원,0.0,0.0,0.0
강원특별자치도,고성군,일식음식점,34.0,34.0,37.0
강원특별자치도,고성군,자동차수리점,29.0,28.0,26.0
강원특별자치도,고성군,자전거판매점,0.0,0.0,0.0
강원특별자치도,고성군,장난감가게,5.0,5.0,5.0
강원특별자치도,고성군,정육점,20.0,20.0,18.0
강원특별자치도,고성군,제과점,17.0,17.0,18.0
강원특별자치도,고성군,주유소,17.0,18.0,19.0
강원특별자치도,고성군,주차장운영업,0.0,0.0,0.0
강원특별자치도,고성군,중식음식점,28.0,29.0,28.0
강원특별자치도,고성군,채소가게,15.0,15.0,15.0
강원특별자치도,고성군,철물점,9.0,9.0,10.0
강원특별자치도,고성군,치과의원,6.0,6.0,6.0
강원특별자치도,고성군,침구ㆍ커튼가게,7.0,7.0,7.0
강원특별자치도,고성군,커피음료점,113.0,112.0,111.0
강원특별자치도,고성군,컴퓨터판매점,0.0,0.0,0.0
강원특별자치도,고성군,통신판매업,170.0,167.0,136.0
강원특별자치도,고성군,패스트푸드점,46.0,46.0,46.0
강원특별자치도,고성군,펜션ㆍ게스트하우스,476.0,475.0,452.0
강원특별자치도,고성군,편의점,72.0,71.0,68.0
강원특별자치도,고성군,피부관리업,12.0,12.0,10.0
강원특별자치도,고성군,한방병원ㆍ한의원,6.0,6.0,6.0
강원특별자치도,고성군,한식음식점,496.0,490.0,474.0
강원특별자치도,고성군,헬스클럽,0.0,0.0,0.0
강원특별자치도,고성군,호프주점,14.0,14.0,14.0
강원특별자치도,고성군,화장품가게,8.0,8.0,10.0
강원특별자치도,고성군,휴대폰가게,10.0,10.0,9.0
강원특별자치도,동해시,LPG 충전소,9.0,9.0,8.0
강원특별자치도,동해시,pc방,16.0,16.0,18.0
강원특별자치도,동해시,가구점,24.0,24.0,23.0
강원특별자치도,동해시,가전제품수리점,53.0,53.0,44.0
강원특별자치도,동해시,가전제품판매점,20.0,20.0,19.0
강원특별자치도,동해시,간이주점,9.0,9.0,11.0
강원특별자치도,동해시,간판광고물업,41.0,41.0,41.0
강원특별자치도,동해시,감정평가사,0.0,0.0,0.0
강원특별자치도,동해시,건강보조식품가게,25.0,25.0,25.0
강원특별자치도,동해시,건어물가게,55.0,54.0,56.0
강원특별자치도,동해시,건축사,13.0,13.0,13.0
강원특별자치도,동해시,결혼상담소,0.0,0.0,0.0
강원특별자치도,동해시,곡물가게,15.0,15.0,15.0
강원특별자치도,동해시,공인노무사,6.0,6.0,6.0
강원특별자치도,동해시,과일가게,24.0,23.0,20.0
강원특별자치도,동해시,교습소ㆍ공부방,106.0,106.0,106.0
강원특별자치도,동해시,교습학원,86.0,86.0,88.0
강원특별자치도,동해시,구내식당,30.0,31.0,35.0
강원특별자치도,동해시,기술ㆍ직업훈련학원,58.0,58.0,60.0
강원특별자치도,동해시,기술사,3.0,3.0,0.0
강원특별자치도,동해시,기타외국식음식점,55.0,57.0,54.0
강원특별자치도,동해시,기타음식점,38.0,36.0,44.0
강원특별자치도,동해시,기타일반의원,5.0,5.0,5.0
강원특별자치도,동해시,꽃가게,51.0,50.0,53.0
강원특별자치도,동해시,내과ㆍ소아과의원,22.0,22.0,22.0
강원특별자치도,동해시,노래방,30.0,31.0,33.0
강원특별자치도,동해시,담배ㆍ복권소매업,37.0,38.0,37.0
강원특별자치도,동해시,당구장,35.0,35.0,42.0
강원특별자치도,동해시,독서실,7.0,7.0,7.0
강원특별자치도,동해시,동물병원,4.0,4.0,4.0
강원특별자치도,동해시,목욕탕,11.0,11.0,11.0
강원특별자치도,동해시,문구점,34.0,35.0,35.0
강원특별자치도,동해시,미용실,245.0,245.0,234.0
강원특별자치도,동해시,법무사,6.0,6.0,7.0
강원특별자치도,동해시,변호사,4.0,4.0,4.0
강원특별자치도,동해시,부동산중개업,79.0,79.0,80.0
강원특별자치도,동해시,분식점,119.0,118.0,114.0
강원특별자치도,동해시,사진촬영업,26.0,25.0,25.0
강원특별자치도,동해시,산부인과의원,0.0,0.0,0.0
강원특별자치도,동해시,생선가게,86.0,85.0,80.0
강원특별자치도,동해시,서점,22.0,22.0,21.0
강원특별자치도,동해시,세무사,11.0,11.0,9.0
강원특별자치도,동해시,세탁소,77.0,76.0,77.0
강원특별자치도,동해시,슈퍼마켓,59.0,59.0,60.0
강원특별자치도,동해시,스포츠교육기관,63.0,64.0,60.0
강원특별자치도,동해시,스포츠시설운영업,15.0,15.0,16.0
강원특별자치도,동해시,스포츠용품점,60.0,60.0,60.0
강원특별자치도,동해시,시계ㆍ귀금속점,13.0,13.0,14.0
강원특별자치도,동해시,식료품가게,122.0,121.0,135.0
강원특별자치도,동해시,신경정신과의원,0.0,0.0,0.0
강원특별자치도,동해시,신발가게,9.0,9.0,10.0
강원특별자치도,동해시,실내스크린골프점,22.0,22.0,21.0
강원특별자치도,동해시,실내장식가게,125.0,125.0,126.0
강원특별자치도,동해시,실외골프연습장,8.0,8.0,8.0
강원특별자치도,동해시,안경점,17.0,17.0,17.0
강원특별자치도,동해시,안과의원,0.0,0.0,0.0
강원특별자치도,동해시,애완용품점,23.0,22.0,22.0
강원특별자치도,동해시,약국,38.0,38.0,38.0
강원특별자치도,동해시,여관ㆍ모텔,62.0,62.0,65.0
강원특별자치도,동해시,여행사,23.0,23.0,22.0
강원특별자치도,동해시,예술학원,48.0,48.0,50.0
강원특별자치도,동해시,예식장,3.0,3.0,3.0
강원특별자치도,동해시,옷가게,185.0,181.0,200.0
강원특별자치도,동해시,의료용품가게,11.0,11.0,11.0
강원특별자치도,동해시,이륜자동차판매점,5.0,5.0,5.0
강원특별자치도,동해시,이발소,63.0,64.0,66.0
강원특별자치도,동해시,이비인후과의원,4.0,4.0,4.0
강원특별자치도,동해시,일반외과의원,8.0,8.0,8.0
강원특별자치도,동해시,일식음식점,45.0,45.0,47.0
강원특별자치도,동해시,자동차수리점,120.0,119.0,118.0
강원특별자치도,동해시,자전거판매점,5.0,5.0,5.0
강원특별자치도,동해시,장난감가게,13.0,12.0,13.0
강원특별자치도,동해시,정육점,33.0,34.0,33.0
강원특별자치도,동해시,제과점,48.0,46.0,38.0
강원특별자치도,동해시,종합병원,6.0,6.0,8.0
강원특별자치도,동해시,주유소,35.0,35.0,33.0
강원특별자치도,동해시,주차장운영업,7.0,7.0,7.0
강원특별자치도,동해시,중고차판매점,8.0,8.0,8.0
강원특별자치도,동해시,중식음식점,69.0,70.0,65.0
강원특별자치도,동해시,채소가게,31.0,31.0,33.0
강원특별자치도,동해시,철물점,23.0,22.0,23.0
강원특별자치도,동해시,치과의원,30.0,30.0,30.0
강원특별자치도,동해시,침구ㆍ커튼가게,32.0,30.0,34.0
강원특별자치도,동해시,커피음료점,204.0,203.0,186.0
강원특별자치도,동해시,컴퓨터판매점,12.0,13.0,11.0
강원특별자치도,동해시,통신판매업,516.0,518.0,461.0
강원특별자치도,동해시,패스트푸드점,121.0,120.0,113.0
강원특별자치도,동해시,펜션ㆍ게스트하우스,149.0,147.0,136.0
강원특별자치도,동해시,편의점,123.0,125.0,128.0
강원특별자치도,동해시,피부ㆍ비뇨기과의원,3.0,3.0,3.0
강원특별자치도,동해시,피부관리업,159.0,159.0,145.0
강원특별자치도,동해시,한방병원ㆍ한의원,20.0,20.0,20.0
강원특별자치도,동해시,한식음식점,1113.0,1119.0,1153.0
강원특별자치도,동해시,헬스클럽,23.0,23.0,22.0
강원특별자치도,동해시,호프주점,70.0,69.0,75.0
강원특별자치도,동해시,화장품가게,76.0,76.0,82.0
강원특별자치도,동해시,휴대폰가게,42.0,42.0,44.0
강원특별자치도,삼척시,LPG 충전소,4.0,4.0,3.0
강원특별자치도,삼척시,pc방,9.0,9.0,10.0
강원특별자치도,삼척시,가구점,6.0,6.0,6.0
강원특별자치도,삼척시,가전제품수리점,23.0,24.0,24.0
강원특별자치도,삼척시,가전제품판매점,20.0,21.0,20.0
강원특별자치도,삼척시,간이주점,5.0,5.0,4.0
강원특별자치도,삼척시,간판광고물업,17.0,17.0,18.0
강원특별자치도,삼척시,건강보조식품가게,19.0,19.0,19.0
강원특별자치도,삼척시,건어물가게,79.0,79.0,74.0
강원특별자치도,삼척시,건축사,11.0,11.0,12.0
강원특별자치도,삼척시,결혼상담소,0.0,0.0,0.0
강원특별자치도,삼척시,곡물가게,14.0,14.0,15.0
강원특별자치도,삼척시,공인노무사,4.0,4.0,4.0
강원특별자치도,삼척시,공인회계사,0.0,0.0,0.0
강원특별자치도,삼척시,과일가게,26.0,25.0,24.0
강원특별자치도,삼척시,교습소ㆍ공부방,48.0,48.0,47.0
강원특별자치도,삼척시,교습학원,36.0,36.0,38.0
강원특별자치도,삼척시,구내식당,22.0,22.0,24.0
강원특별자치도,삼척시,기술ㆍ직업훈련학원,30.0,29.0,26.0
강원특별자치도,삼척시,기술사,3.0,3.0,3.0
강원특별자치도,삼척시,기타외국식음식점,20.0,21.0,22.0
강원특별자치도,삼척시,기타음식점,50.0,50.0,57.0
강원특별자치도,삼척시,기타일반의원,0.0,0.0,0.0
강원특별자치도,삼척시,꽃가게,24.0,24.0,23.0
강원특별자치도,삼척시,내과ㆍ소아과의원,9.0,9.0,9.0
강원특별자치도,삼척시,노래방,24.0,24.0,24.0
강원특별자치도,삼척시,담배ㆍ복권소매업,30.0,30.0,29.0
강원특별자치도,삼척시,당구장,24.0,24.0,26.0
강원특별자치도,삼척시,독서실,7.0,7.0,7.0
강원특별자치도,삼척시,동물병원,5.0,5.0,4.0
강원특별자치도,삼척시,목욕탕,10.0,10.0,9.0
강원특별자치도,삼척시,문구점,19.0,19.0,18.0
강원특별자치도,삼척시,미용실,168.0,168.0,161.0
강원특별자치도,삼척시,법무사,5.0,5.0,4.0
강원특별자치도,삼척시,변호사,0.0,0.0,0.0
강원특별자치도,삼척시,부동산중개업,48.0,49.0,45.0
강원특별자치도,삼척시,분식점,86.0,86.0,88.0
강원특별자치도,삼척시,사진촬영업,15.0,15.0,14.0
강원특별자치도,삼척시,산부인과의원,0.0,0.0,0.0
강원특별자치도,삼척시,생선가게,64.0,64.0,55.0
강원특별자치도,삼척시,서점,6.0,6.0,7.0
강원특별자치도,삼척시,세무사,7.0,7.0,7.0
강원특별자치도,삼척시,세탁소,34.0,34.0,36.0
강원특별자치도,삼척시,슈퍼마켓,36.0,36.0,39.0
강원특별자치도,삼척시,스포츠교육기관,32.0,30.0,32.0
강원특별자치도,삼척시,스포츠시설운영업,7.0,8.0,9.0
강원특별자치도,삼척시,스포츠용품점,53.0,51.0,49.0
강원특별자치도,삼척시,시계ㆍ귀금속점,14.0,14.0,14.0
강원특별자치도,삼척시,식료품가게,133.0,132.0,143.0
강원특별자치도,삼척시,신경정신과의원,0.0,0.0,0.0
강원특별자치도,삼척시,신발가게,11.0,11.0,10.0
강원특별자치도,삼척시,실내스크린골프점,13.0,14.0,14.0
강원특별자치도,삼척시,실내장식가게,64.0,66.0,66.0
강원특별자치도,삼척시,실외골프연습장,4.0,4.0,4.0
강원특별자치도,삼척시,안경점,10.0,10.0,11.0
강원특별자치도,삼척시,안과의원,0.0,0.0,0.0
강원특별자치도,삼척시,애완용품점,8.0,8.0,9.0
강원특별자치도,삼척시,약국,29.0,30.0,24.0
강원특별자치도,삼척시,여관ㆍ모텔,46.0,46.0,49.0
강원특별자치도,삼척시,여행사,7.0,7.0,5.0
강원특별자치도,삼척시,예술학원,23.0,23.0,23.0
강원특별자치도,삼척시,예식장,0.0,0.0,0.0
강원특별자치도,삼척시,옷가게,105.0,105.0,119.0
강원특별자치도,삼척시,의료용품가게,6.0,8.0,7.0
강원특별자치도,삼척시,이륜자동차판매점,5.0,5.0,5.0
강원특별자치도,삼척시,이발소,25.0,25.0,27.0
강원특별자치도,삼척시,이비인후과의원,0.0,0.0,0.0
강원특별자치도,삼척시,일반외과의원,7.0,7.0,7.0
강원특별자치도,삼척시,일식음식점,60.0,61.0,65.0
강원특별자치도,삼척시,자동차수리점,74.0,76.0,75.0
강원특별자치도,삼척시,자전거판매점,0.0,0.0,0.0
강원특별자치도,삼척시,장난감가게,4.0,4.0,6.0
강원특별자치도,삼척시,정육점,31.0,31.0,30.0
강원특별자치도,삼척시,제과점,22.0,22.0,22.0
강원특별자치도,삼척시,종합병원,3.0,3.0,3.0
강원특별자치도,삼척시,주유소,27.0,27.0,28.0
강원특별자치도,삼척시,주차장운영업,0.0,0.0,0.0
강원특별자치도,삼척시,중고차판매점,0.0,0.0,0.0
강원특별자치도,삼척시,중식음식점,41.0,40.0,37.0
강원특별자치도,삼척시,채소가게,45.0,45.0,46.0
강원특별자치도,삼척시,철물점,15.0,15.0,17.0
강원특별자치도,삼척시,치과의원,13.0,13.0,13.0
강원특별자치도,삼척시,침구ㆍ커튼가게,18.0,18.0,18.0
강원특별자치도,삼척시,커피음료점,156.0,154.0,144.0
강원특별자치도,삼척시,컴퓨터판매점,7.0,7.0,6.0
강원특별자치도,삼척시,통신판매업,239.0,236.0,219.0
강원특별자치도,삼척시,패스트푸드점,96.0,96.0,100.0
강원특별자치도,삼척시,펜션ㆍ게스트하우스,322.0,319.0,301.0
강원특별자치도,삼척시,편의점,95.0,95.0,97.0
강원특별자치도,삼척시,피부ㆍ비뇨기과의원,0.0,0.0,0.0
강원특별자치도,삼척시,피부관리업,56.0,55.0,52.0
강원특별자치도,삼척시,한방병원ㆍ한의원,11.0,11.0,11.0
강원특별자치도,삼척시,한식음식점,846.0,848.0,849.0
강원특별자치도,삼척시,헬스클럽,13.0,13.0,12.0
강원특별자치도,삼척시,호프주점,68.0,69.0,78.0
강원특별자치도,삼척시,화장품가게,33.0,36.0,38.0
강원특별자치도,삼척시,휴대폰가게,17.0,17.0,18.0
강원특별자치도,속초시,LPG 충전소,4.0,5.0,5.0
강원특별자치도,속초시,pc방,25.0,25.0,23.0
강원특별자치도,속초시,가구점,6.0,6.0,8.0
강원특별자치도,속초시,가전제품수리점,52.0,51.0,41.0
강원특별자치도,속초시,가전제품판매점,28.0,28.0,25.0
강원특별자치도,속초시,간이주점,13.0,13.0,12.0
강원특별자치도,속초시,간판광고물업,42.0,42.0,44.0
강원특별자치도,속초시,건강보조식품가게,21.0,21.0,20.0
강원특별자치도,속초시,건어물가게,141.0,142.0,140.0
강원특별자치도,속초시,건축사,21.0,21.0,21.0
강원특별자치도,속초시,결혼상담소,0.0,0.0,0.0
강원특별자치도,속초시,곡물가게,11.0,11.0,10.0
강원특별자치도,속초시,과일가게,16.0,16.0,17.0
강원특별자치도,속초시,교습소ㆍ공부방,95.0,95.0,80.0
강원특별자치도,속초시,교습학원,84.0,82.0,79.0
강원특별자치도,속초시,구내식당,24.0,24.0,23.0
강원특별자치도,속초시,기술ㆍ직업훈련학원,48.0,49.0,46.0
강원특별자치도,속초시,기타외국식음식점,83.0,83.0,81.0
강원특별자치도,속초시,기타음식점,47.0,47.0,52.0
강원특별자치도,속초시,기타일반의원,6.0,6.0,6.0
강원특별자치도,속초시,꽃가게,58.0,58.0,55.0
강원특별자치도,속초시,내과ㆍ소아과의원,24.0,24.0,24.0
강원특별자치도,속초시,노래방,60.0,59.0,63.0
강원특별자치도,속초시,담배ㆍ복권소매업,30.0,30.0,31.0
강원특별자치도,속초시,당구장,43.0,44.0,43.0
강원특별자치도,속초시,독서실,9.0,9.0,9.0
강원특별자치도,속초시,동물병원,7.0,6.0,6.0
강원특별자치도,속초시,목욕탕,12.0,12.0,12.0
강원특별자치도,속초시,문구점,18.0,17.0,17.0
강원특별자치도,속초시,미용실,224.0,224.0,223.0
강원특별자치도,속초시,법무사,13.0,13.0,13.0
강원특별자치도,속초시,변호사,7.0,7.0,8.0
강원특별자치도,속초시,부동산중개업,229.0,228.0,242.0
강원특별자치도,속초시,분식점,125.0,124.0,127.0
강원특별자치도,속초시,사진촬영업,47.0,48.0,48.0
강원특별자치도,속초시,산부인과의원,6.0,6.0,6.0
강원특별자치도,속초시,생선가게,148.0,148.0,143.0
강원특별자치도,속초시,서점,14.0,14.0,16.0
강원특별자치도,속초시,세무사,20.0,20.0,20.0
강원특별자치도,속초시,세탁소,61.0,61.0,65.0
강원특별자치도,속초시,슈퍼마켓,56.0,55.0,50.0
강원특별자치도,속초시,스포츠교육기관,73.0,72.0,68.0
강원특별자치도,속초시,스포츠시설운영업,21.0,21.0,21.0
강원특별자치도,속초시,스포츠용품점,74.0,72.0,79.0
강원특별자치도,속초시,시계ㆍ귀금속점,14.0,14.0,14.0
강원특별자치도,속초시,식료품가게,127.0,129.0,129.0
강원특별자치도,속초시,신경정신과의원,0.0,0.0,0.0
강원특별자치도,속초시,신발가게,19.0,19.0,19.0
강원특별자치도,속초시,실내스크린골프점,30.0,29.0,28.0
강원특별자치도,속초시,실내장식가게,142.0,144.0,146.0
강원특별자치도,속초시,실외골프연습장,3.0,3.0,4.0
강원특별자치도,속초시,안경점,21.0,21.0,20.0
강원특별자치도,속초시,안과의원,4.0,4.0,4.0
강원특별자치도,속초시,애완용품점,38.0,38.0,37.0
강원특별자치도,속초시,약국,42.0,42.0,42.0
강원특별자치도,속초시,여관ㆍ모텔,92.0,92.0,96.0
강원특별자치도,속초시,여행사,15.0,15.0,14.0
강원특별자치도,속초시,예술학원,61.0,61.0,62.0
강원특별자치도,속초시,예식장,0.0,0.0,0.0
강원특별자치도,속초시,옷가게,200.0,201.0,215.0
강원특별자치도,속초시,의료용품가게,15.0,15.0,16.0
강원특별자치도,속초시,이륜자동차판매점,4.0,4.0,3.0
강원특별자치도,속초시,이발소,37.0,37.0,42.0
강원특별자치도,속초시,이비인후과의원,3.0,3.0,3.0
강원특별자치도,속초시,일반외과의원,11.0,11.0,10.0
강원특별자치도,속초시,일식음식점,131.0,131.0,137.0
강원특별자치도,속초시,자동차수리점,105.0,106.0,100.0
강원특별자치도,속초시,자전거판매점,6.0,6.0,7.0
강원특별자치도,속초시,장난감가게,14.0,11.0,12.0
강원특별자치도,속초시,정육점,40.0,38.0,41.0
강원특별자치도,속초시,제과점,90.0,90.0,94.0
강원특별자치도,속초시,종합병원,8.0,8.0,8.0
강원특별자치도,속초시,주유소,19.0,18.0,18.0
강원특별자치도,속초시,주차장운영업,31.0,31.0,27.0
강원특별자치도,속초시,중고차판매점,6.0,6.0,5.0
강원특별자치도,속초시,중식음식점,67.0,67.0,66.0
강원특별자치도,속초시,채소가게,21.0,20.0,15.0
강원특별자치도,속초시,철물점,29.0,29.0,28.0
강원특별자치도,속초시,치과의원,38.0,38.0,36.0
강원특별자치도,속초시,침구ㆍ커튼가게,28.0,27.0,26.0
강원특별자치도,속초시,커피음료점,259.0,259.0,253.0
강원특별자치도,속초시,컴퓨터판매점,7.0,8.0,10.0
강원특별자치도,속초시,통신판매업,608.0,601.0,579.0
강원특별자치도,속초시,패스트푸드점,126.0,127.0,126.0
강원특별자치도,속초시,펜션ㆍ게스트하우스,206.0,204.0,183.0
강원특별자치도,속초시,편의점,164.0,164.0,171.0
강원특별자치도,속초시,피부ㆍ비뇨기과의원,7.0,7.0,6.0
강원특별자치도,속초시,피부관리업,144.0,147.0,145.0
강원특별자치도,속초시,한방병원ㆍ한의원,23.0,23.0,22.0
강원특별자치도,속초시,한식음식점,1584.0,1584.0,1595.0
강원특별자치도,속초시,헬스클럽,15.0,15.0,14.0
강원특별자치도,속초시,호프주점,51.0,51.0,56.0
강원특별자치도,속초시,화장품가게,76.0,74.0,79.0
강원특별자치도,속초시,휴대폰가게,53.0,53.0,51.0
강원특별자치도,양구군,LPG 충전소,0.0,0.0,0.0
강원특별자치도,양구군,pc방,4.0,4.0,5.0
강원특별자치도,양구군,가구점,0.0,0.0,0.0
강원특별자치도,양구군,가전제품수리점,15.0,15.0,15.0
강원특별자치도,양구군,가전제품판매점,8.0,8.0,6.0
강원특별자치도,양구군,간이주점,0.0,0.0,0.0
강원특별자치도,양구군,간판광고물업,5.0,5.0,5.0
강원특별자치도,양구군,건강보조식품가게,3.0,3.0,6.0
강원특별자치도,양구군,건어물가게,0.0,0.0,0.0
강원특별자치도,양구군,건축사,5.0,5.0,5.0
강원특별자치도,양구군,결혼상담소,0.0,0.0,0.0
강원특별자치도,양구군,곡물가게,12.0,12.0,13.0
강원특별자치도,양구군,과일가게,17.0,15.0,15.0
강원특별자치도,양구군,교습소ㆍ공부방,11.0,11.0,9.0
강원특별자치도,양구군,교습학원,11.0,11.0,11.0
강원특별자치도,양구군,구내식당,5.0,5.0,5.0
강원특별자치도,양구군,기술ㆍ직업훈련학원,7.0,7.0,9.0
강원특별자치도,양구군,기술사,0.0,0.0,0.0
강원특별자치도,양구군,기타외국식음식점,7.0,6.0,6.0
강원특별자치도,양구군,기타음식점,9.0,9.0,9.0
강원특별자치도,양구군,기타일반의원,0.0,0.0,0.0
강원특별자치도,양구군,꽃가게,17.0,17.0,17.0
강원특별자치도,양구군,내과ㆍ소아과의원,4.0,4.0,4.0
강원특별자치도,양구군,노래방,7.0,7.0,7.0
강원특별자치도,양구군,담배ㆍ복권소매업,9.0,9.0,9.0
강원특별자치도,양구군,당구장,8.0,8.0,9.0
강원특별자치도,양구군,동물병원,3.0,3.0,3.0
강원특별자치도,양구군,목욕탕,0.0,0.0,0.0
강원특별자치도,양구군,문구점,8.0,8.0,7.0
강원특별자치도,양구군,미용실,52.0,52.0,55.0
강원특별자치도,양구군,법무사,5.0,5.0,5.0
강원특별자치도,양구군,부동산중개업,14.0,13.0,12.0
강원특별자치도,양구군,분식점,22.0,23.0,25.0
강원특별자치도,양구군,사진촬영업,5.0,5.0,7.0
강원특별자치도,양구군,생선가게,4.0,4.0,4.0
강원특별자치도,양구군,서점,5.0,5.0,3.0
강원특별자치도,양구군,세무사,0.0,0.0,0.0
강원특별자치도,양구군,세탁소,13.0,13.0,13.0
강원특별자치도,양구군,슈퍼마켓,14.0,14.0,14.0
강원특별자치도,양구군,스포츠교육기관,8.0,8.0,8.0
강원특별자치도,양구군,스포츠시설운영업,7.0,7.0,7.0
강원특별자치도,양구군,스포츠용품점,5.0,5.0,6.0
강원특별자치도,양구군,시계ㆍ귀금속점,3.0,3.0,3.0
강원특별자치도,양구군,식료품가게,30.0,30.0,32.0
강원특별자치도,양구군,신발가게,0.0,0.0,0.0
강원특별자치도,양구군,실내스크린골프점,6.0,6.0,7.0
강원특별자치도,양구군,실내장식가게,26.0,27.0,24.0
강원특별자치도,양구군,실외골프연습장,0.0,0.0,0.0
강원특별자치도,양구군,안경점,3.0,3.0,3.0
강원특별자치도,양구군,애완용품점,4.0,4.0,3.0
강원특별자치도,양구군,약국,7.0,7.0,7.0
강원특별자치도,양구군,여관ㆍ모텔,41.0,42.0,42.0
강원특별자치도,양구군,여행사,4.0,4.0,4.0
강원특별자치도,양구군,예술학원,11.0,11.0,11.0
강원특별자치도,양구군,옷가게,27.0,27.0,30.0
강원특별자치도,양구군,의료용품가게,0.0,0.0,0.0
강원특별자치도,양구군,이륜자동차판매점,0.0,0.0,0.0
강원특별자치도,양구군,이발소,9.0,9.0,7.0
강원특별자치도,양구군,일반외과의원,0.0,0.0,0.0
강원특별자치도,양구군,일식음식점,4.0,4.0,5.0
강원특별자치도,양구군,자동차수리점,29.0,29.0,29.0
강원특별자치도,양구군,자전거판매점,0.0,0.0,0.0
강원특별자치도,양구군,장난감가게,0.0,0.0,0.0
강원특별자치도,양구군,정육점,15.0,15.0,15.0
강원특별자치도,양구군,제과점,11.0,11.0,11.0
강원특별자치도,양구군,종합병원,0.0,0.0,0.0
강원특별자치도,양구군,주유소,11.0,11.0,11.0
강원특별자치도,양구군,중고차판매점,0.0,0.0,0.0
강원특별자치도,양구군,중식음식점,26.0,26.0,24.0
강원특별자치도,양구군,채소가게,30.0,30.0,30.0
강원특별자치도,양구군,철물점,13.0,12.0,12.0
강원특별자치도,양구군,치과의원,5.0,5.0,5.0
강원특별자치도,양구군,침구ㆍ커튼가게,0.0,0.0,0.0
강원특별자치도,양구군,커피음료점,38.0,37.0,39.0
강원특별자치도,양구군,컴퓨터판매점,0.0,0.0,0.0
강원특별자치도,양구군,통신판매업,121.0,119.0,106.0
강원특별자치도,양구군,패스트푸드점,46.0,47.0,48.0
강원특별자치도,양구군,펜션ㆍ게스트하우스,85.0,85.0,87.0
강원특별자치도,양구군,편의점,22.0,22.0,20.0
강원특별자치도,양구군,피부관리업,14.0,14.0,14.0
강원특별자치도,양구군,한방병원ㆍ한의원,3.0,3.0,3.0
강원특별자치도,양구군,한식음식점,309.0,311.0,310.0
강원특별자치도,양구군,헬스클럽,3.0,3.0,3.0
강원특별자치도,양구군,호프주점,8.0,8.0,9.0
강원특별자치도,양구군,화장품가게,6.0,5.0,6.0
강원특별자치도,양구군,휴대폰가게,6.0,6.0,7.0
강원특별자치도,양양군,LPG 충전소,3.0,3.0,4.0
강원특별자치도,양양군,pc방,0.0,0.0,0.0
강원특별자치도,양양군,가구점,4.0,4.0,4.0
강원특별자치도,양양군,가전제품수리점,11.0,10.0,9.0
강원특별자치도,양양군,가전제품판매점,6.0,6.0,6.0
강원특별자치도,양양군,간이주점,0.0,0.0,0.0
강원특별자치도,양양군,간판광고물업,6.0,6.0,6.0
강원특별자치도,양양군,감정평가사,0.0,0.0,0.0
강원특별자치도,양양군,건강보조식품가게,8.0,8.0,8.0
강원특별자치도,양양군,건어물가게,48.0,48.0,45.0
강원특별자치도,양양군,건축사,6.0,6.0,5.0
강원특별자치도,양양군,곡물가게,8.0,7.0,8.0
강원특별자치도,양양군,과일가게,9.0,9.0,10.0
강원특별자치도,양양군,교습소ㆍ공부방,31.0,31.0,28.0
강원특별자치도,양양군,교습학원,17.0,18.0,14.0
강원특별자치도,양양군,구내식당,5.0,5.0,7.0
강원특별자치도,양양군,기술ㆍ직업훈련학원,15.0,15.0,15.0
강원특별자치도,양양군,기타외국식음식점,40.0,42.0,43.0
강원특별자치도,양양군,기타음식점,25.0,25.0,25.0
강원특별자치도,양양군,꽃가게,19.0,19.0,21.0
강원특별자치도,양양군,내과ㆍ소아과의원,4.0,4.0,4.0
강원특별자치도,양양군,노래방,12.0,12.0,13.0
강원특별자치도,양양군,담배ㆍ복권소매업,10.0,10.0,11.0
강원특별자치도,양양군,당구장,20.0,20.0,18.0
강원특별자치도,양양군,독서실,3.0,3.0,3.0
강원특별자치도,양양군,동물병원,4.0,4.0,4.0
강원특별자치도,양양군,목욕탕,5.0,6.0,5.0
강원특별자치도,양양군,문구점,4.0,4.0,5.0
강원특별자치도,양양군,미용실,46.0,46.0,46.0
강원특별자치도,양양군,법무사,4.0,4.0,4.0
강원특별자치도,양양군,변호사,0.0,0.0,0.0
강원특별자치도,양양군,부동산중개업,54.0,55.0,56.0
강원특별자치도,양양군,분식점,28.0,26.0,25.0
강원특별자치도,양양군,사진촬영업,8.0,8.0,9.0
강원특별자치도,양양군,생선가게,24.0,23.0,23.0
강원특별자치도,양양군,서점,3.0,3.0,4.0
강원특별자치도,양양군,세무사,0.0,0.0,0.0
강원특별자치도,양양군,세탁소,14.0,14.0,13.0
강원특별자치도,양양군,슈퍼마켓,24.0,24.0,23.0
강원특별자치도,양양군,스포츠교육기관,41.0,40.0,35.0
강원특별자치도,양양군,스포츠시설운영업,0.0,0.0,0.0
강원특별자치도,양양군,스포츠용품점,35.0,35.0,39.0
강원특별자치도,양양군,시계ㆍ귀금속점,0.0,0.0,0.0
강원특별자치도,양양군,식료품가게,86.0,86.0,95.0
강원특별자치도,양양군,신발가게,4.0,4.0,4.0
강원특별자치도,양양군,실내스크린골프점,4.0,4.0,4.0
강원특별자치도,양양군,실내장식가게,43.0,43.0,47.0
강원특별자치도,양양군,실외골프연습장,0.0,0.0,0.0
강원특별자치도,양양군,안경점,4.0,4.0,4.0
강원특별자치도,양양군,애완용품점,4.0,4.0,6.0
강원특별자치도,양양군,약국,11.0,11.0,11.0
강원특별자치도,양양군,여관ㆍ모텔,97.0,96.0,100.0
강원특별자치도,양양군,여행사,8.0,9.0,7.0
강원특별자치도,양양군,예술학원,6.0,6.0,5.0
강원특별자치도,양양군,옷가게,40.0,40.0,37.0
강원특별자치도,양양군,의료용품가게,3.0,3.0,3.0
강원특별자치도,양양군,이륜자동차판매점,0.0,0.0,0.0
강원특별자치도,양양군,이발소,10.0,10.0,11.0
강원특별자치도,양양군,일반외과의원,0.0,0.0,0.0
강원특별자치도,양양군,일식음식점,50.0,49.0,51.0
강원특별자치도,양양군,자동차수리점,36.0,35.0,32.0
강원특별자치도,양양군,자전거판매점,0.0,0.0,0.0
강원특별자치도,양양군,장난감가게,5.0,5.0,6.0
강원특별자치도,양양군,정육점,16.0,16.0,17.0
강원특별자치도,양양군,제과점,14.0,15.0,15.0
강원특별자치도,양양군,주유소,15.0,15.0,16.0
강원특별자치도,양양군,주차장운영업,9.0,9.0,8.0
강원특별자치도,양양군,중고차판매점,0.0,0.0,0.0
강원특별자치도,양양군,중식음식점,25.0,25.0,26.0
강원특별자치도,양양군,채소가게,49.0,49.0,47.0
강원특별자치도,양양군,철물점,11.0,11.0,11.0
강원특별자치도,양양군,치과의원,5.0,5.0,5.0
강원특별자치도,양양군,침구ㆍ커튼가게,0.0,0.0,0.0
강원특별자치도,양양군,커피음료점,106.0,107.0,107.0
강원특별자치도,양양군,컴퓨터판매점,0.0,0.0,0.0
강원특별자치도,양양군,통신판매업,231.0,240.0,279.0
강원특별자치도,양양군,패스트푸드점,58.0,57.0,54.0
강원특별자치도,양양군,펜션ㆍ게스트하우스,584.0,580.0,549.0
강원특별자치도,양양군,편의점,84.0,82.0,81.0
강원특별자치도,양양군,피부관리업,15.0,15.0,14.0
강원특별자치도,양양군,한방병원ㆍ한의원,4.0,4.0,4.0
강원특별자치도,양양군,한식음식점,599.0,601.0,596.0
강원특별자치도,양양군,헬스클럽,4.0,4.0,4.0
강원특별자치도,양양군,호프주점,13.0,12.0,15.0
강원특별자치도,양양군,화장품가게,12.0,12.0,13.0
강원특별자치도,양양군,휴대폰가게,7.0,8.0,7.0
강원특별자치도,영월군,LPG 충전소,4.0,4.0,4.0
강원특별자치도,영월군,pc방,0.0,0.0,0.0
강원특별자치도,영월군,가구점,4.0,4.0,4.0
강원특별자치도,영월군,가전제품수리점,15.0,15.0,15.0
강원특별자치도,영월군,가전제품판매점,6.0,6.0,6.0
강원특별자치도,영월군,간이주점,0.0,0.0,0.0
강원특별자치도,영월군,간판광고물업,10.0,10.0,10.0
강원특별자치도,영월군,건강보조식품가게,22.0,22.0,20.0
강원특별자치도,영월군,건어물가게,4.0,4.0,4.0
강원특별자치도,영월군,건축사,8.0,8.0,7.0
강원특별자치도,영월군,곡물가게,22.0,22.0,22.0
강원특별자치도,영월군,과일가게,12.0,12.0,14.0
강원특별자치도,영월군,교습소ㆍ공부방,29.0,31.0,26.0
강원특별자치도,영월군,교습학원,24.0,24.0,25.0
강원특별자치도,영월군,구내식당,12.0,12.0,12.0
강원특별자치도,영월군,기술ㆍ직업훈련학원,22.0,22.0,16.0
강원특별자치도,영월군,기타외국식음식점,14.0,14.0,11.0
강원특별자치도,영월군,기타음식점,18.0,18.0,17.0
강원특별자치도,영월군,꽃가게,23.0,23.0,25.0
강원특별자치도,영월군,내과ㆍ소아과의원,6.0,6.0,6.0
강원특별자치도,영월군,노래방,10.0,10.0,10.0
강원특별자치도,영월군,담배ㆍ복권소매업,24.0,24.0,24.0
강원특별자치도,영월군,당구장,36.0,36.0,37.0
강원특별자치도,영월군,독서실,0.0,0.0,0.0
강원특별자치도,영월군,동물병원,3.0,3.0,3.0
강원특별자치도,영월군,목욕탕,5.0,5.0,5.0
강원특별자치도,영월군,문구점,8.0,8.0,8.0
강원특별자치도,영월군,미용실,71.0,71.0,71.0
강원특별자치도,영월군,법무사,6.0,6.0,7.0
강원특별자치도,영월군,변호사,5.0,5.0,5.0
강원특별자치도,영월군,부동산중개업,36.0,36.0,38.0
강원특별자치도,영월군,분식점,44.0,43.0,46.0
강원특별자치도,영월군,사진촬영업,7.0,7.0,7.0
강원특별자치도,영월군,생선가게,8.0,8.0,8.0
강원특별자치도,영월군,서점,0.0,0.0,0.0
강원특별자치도,영월군,세무사,6.0,6.0,6.0
강원특별자치도,영월군,세탁소,21.0,21.0,22.0
강원특별자치도,영월군,슈퍼마켓,24.0,24.0,26.0
강원특별자치도,영월군,스포츠교육기관,10.0,10.0,11.0
강원특별자치도,영월군,스포츠시설운영업,5.0,5.0,5.0
강원특별자치도,영월군,스포츠용품점,14.0,14.0,17.0
강원특별자치도,영월군,시계ㆍ귀금속점,3.0,3.0,3.0
강원특별자치도,영월군,식료품가게,133.0,133.0,147.0
강원특별자치도,영월군,신발가게,5.0,5.0,5.0
강원특별자치도,영월군,실내스크린골프점,6.0,6.0,5.0
강원특별자치도,영월군,실내장식가게,39.0,39.0,36.0
강원특별자치도,영월군,실외골프연습장,0.0,0.0,0.0
강원특별자치도,영월군,안경점,3.0,3.0,3.0
강원특별자치도,영월군,안과의원,0.0,0.0,0.0
강원특별자치도,영월군,애완용품점,6.0,6.0,6.0
강원특별자치도,영월군,약국,17.0,17.0,17.0
강원특별자치도,영월군,여관ㆍ모텔,29.0,29.0,30.0
강원특별자치도,영월군,여행사,12.0,12.0,13.0
강원특별자치도,영월군,예술학원,12.0,12.0,13.0
강원특별자치도,영월군,예식장,0.0,0.0,0.0
강원특별자치도,영월군,옷가게,45.0,46.0,50.0
강원특별자치도,영월군,의료용품가게,3.0,3.0,3.0
강원특별자치도,영월군,이발소,21.0,21.0,22.0
강원특별자치도,영월군,일반외과의원,3.0,3.0,3.0
강원특별자치도,영월군,일식음식점,5.0,5.0,6.0
강원특별자치도,영월군,자동차수리점,46.0,45.0,46.0
강원특별자치도,영월군,자전거판매점,0.0,0.0,0.0
강원특별자치도,영월군,장난감가게,5.0,5.0,4.0
강원특별자치도,영월군,정육점,36.0,35.0,34.0
강원특별자치도,영월군,제과점,18.0,18.0,16.0
강원특별자치도,영월군,종합병원,4.0,4.0,4.0
강원특별자치도,영월군,주유소,24.0,24.0,25.0
강원특별자치도,영월군,주차장운영업,0.0,0.0,0.0
강원특별자치도,영월군,중고차판매점,0.0,0.0,0.0
강원특별자치도,영월군,중식음식점,27.0,27.0,28.0
강원특별자치도,영월군,채소가게,91.0,92.0,86.0
강원특별자치도,영월군,철물점,10.0,10.0,10.0
강원특별자치도,영월군,치과의원,8.0,8.0,7.0
강원특별자치도,영월군,침구ㆍ커튼가게,7.0,7.0,8.0
강원특별자치도,영월군,커피음료점,58.0,59.0,61.0
강원특별자치도,영월군,컴퓨터판매점,4.0,4.0,5.0
강원특별자치도,영월군,통신판매업,201.0,193.0,169.0
강원특별자치도,영월군,패스트푸드점,29.0,29.0,31.0
강원특별자치도,영월군,펜션ㆍ게스트하우스,262.0,261.0,248.0
강원특별자치도,영월군,편의점,41.0,41.0,40.0
강원특별자치도,영월군,피부관리업,17.0,17.0,16.0
강원특별자치도,영월군,한방병원ㆍ한의원,4.0,4.0,4.0
강원특별자치도,영월군,한식음식점,600.0,595.0,584.0
강원특별자치도,영월군,헬스클럽,10.0,10.0,11.0
강원특별자치도,영월군,호프주점,8.0,9.0,9.0
강원특별자치도,영월군,화장품가게,18.0,18.0,19.0
강원특별자치도,영월군,휴대폰가게,5.0,6.0,6.0
강원특별자치도,원주시,LPG 충전소,15.0,15.0,13.0
강원특별자치도,원주시,pc방,59.0,58.0,69.0
강원특별자치도,원주시,가구점,84.0,82.0,90.0
강원특별자치도,원주시,가전제품수리점,277.0,278.0,243.0
강원특별자치도,원주시,가전제품판매점,122.0,121.0,121.0
강원특별자치도,원주시,간이주점,34.0,34.0,37.0
강원특별자치도,원주시,간판광고물업,93.0,94.0,91.0
강원특별자치도,원주시,감정평가사,24.0,24.0,22.0
강원특별자치도,원주시,건강보조식품가게,125.0,125.0,122.0
강원특별자치도,원주시,건어물가게,21.0,21.0,22.0
강원특별자치도,원주시,건축사,102.0,102.0,99.0
강원특별자치도,원주시,결혼상담소,12.0,12.0,7.0
강원특별자치도,원주시,곡물가게,42.0,42.0,39.0
강원특별자치도,원주시,공인노무사,8.0,7.0,6.0
강원특별자치도,원주시,공인회계사,3.0,3.0,3.0
강원특별자치도,원주시,과일가게,69.0,70.0,71.0
강원특별자치도,원주시,교습소ㆍ공부방,524.0,520.0,500.0
강원특별자치도,원주시,교습학원,488.0,489.0,455.0
강원특별자치도,원주시,구내식당,82.0,85.0,86.0
강원특별자치도,원주시,기술ㆍ직업훈련학원,220.0,217.0,214.0
강원특별자치도,원주시,기술사,16.0,16.0,15.0
강원특별자치도,원주시,기타외국식음식점,224.0,223.0,224.0
강원특별자치도,원주시,기타음식점,123.0,124.0,132.0
강원특별자치도,원주시,기타일반의원,20.0,20.0,20.0
강원특별자치도,원주시,꽃가게,204.0,205.0,187.0
강원특별자치도,원주시,내과ㆍ소아과의원,86.0,86.0,84.0
강원특별자치도,원주시,노래방,180.0,180.0,183.0
강원특별자치도,원주시,담배ㆍ복권소매업,93.0,93.0,90.0
강원특별자치도,원주시,당구장,121.0,121.0,128.0
강원특별자치도,원주시,독서실,22.0,23.0,28.0
강원특별자치도,원주시,동물병원,27.0,27.0,26.0
강원특별자치도,원주시,목욕탕,24.0,24.0,25.0
강원특별자치도,원주시,문구점,70.0,70.0,71.0
강원특별자치도,원주시,미용실,1017.0,1018.0,1009.0
강원특별자치도,원주시,법무사,44.0,43.0,46.0
강원특별자치도,원주시,변리사,0.0,0.0,0.0
강원특별자치도,원주시,변호사,44.0,44.0,40.0
강원특별자치도,원주시,부동산중개업,921.0,924.0,952.0
강원특별자치도,원주시,분식점,291.0,291.0,303.0
강원특별자치도,원주시,사진촬영업,122.0,122.0,121.0
강원특별자치도,원주시,산부인과의원,12.0,12.0,11.0
강원특별자치도,원주시,생선가게,48.0,49.0,46.0
강원특별자치도,원주시,서점,92.0,91.0,90.0
강원특별자치도,원주시,성형외과의원,8.0,8.0,7.0
강원특별자치도,원주시,세무사,62.0,61.0,59.0
강원특별자치도,원주시,세탁소,221.0,223.0,220.0
강원특별자치도,원주시,슈퍼마켓,177.0,178.0,178.0
강원특별자치도,원주시,스포츠교육기관,314.0,314.0,303.0
강원특별자치도,원주시,스포츠시설운영업,76.0,79.0,77.0
강원특별자치도,원주시,스포츠용품점,182.0,184.0,170.0
강원특별자치도,원주시,시계ㆍ귀금속점,42.0,42.0,41.0
강원특별자치도,원주시,식료품가게,413.0,414.0,418.0
강원특별자치도,원주시,신경정신과의원,13.0,13.0,13.0
강원특별자치도,원주시,신발가게,42.0,42.0,44.0
강원특별자치도,원주시,실내스크린골프점,78.0,78.0,79.0
강원특별자치도,원주시,실내장식가게,634.0,636.0,620.0
강원특별자치도,원주시,실외골프연습장,20.0,20.0,22.0
강원특별자치도,원주시,안경점,65.0,64.0,64.0
강원특별자치도,원주시,안과의원,11.0,11.0,10.0
강원특별자치도,원주시,애완용품점,106.0,107.0,107.0
강원특별자치도,원주시,약국,187.0,188.0,189.0
강원특별자치도,원주시,여관ㆍ모텔,157.0,156.0,158.0
강원특별자치도,원주시,여행사,95.0,96.0,94.0
강원특별자치도,원주시,예술학원,266.0,263.0,253.0
강원특별자치도,원주시,예식장,7.0,7.0,7.0
강원특별자치도,원주시,옷가게,622.0,621.0,658.0
강원특별자치도,원주시,의료용품가게,88.0,87.0,88.0
강원특별자치도,원주시,이륜자동차판매점,15.0,15.0,13.0
강원특별자치도,원주시,이발소,102.0,102.0,99.0
강원특별자치도,원주시,이비인후과의원,17.0,17.0,17.0
강원특별자치도,원주시,일반외과의원,44.0,44.0,43.0
강원특별자치도,원주시,일식음식점,140.0,143.0,141.0
강원특별자치도,원주시,자동차수리점,479.0,478.0,465.0
강원특별자치도,원주시,자전거판매점,22.0,22.0,22.0
강원특별자치도,원주시,장난감가게,41.0,40.0,26.0
강원특별자치도,원주시,정육점,183.0,184.0,189.0
강원특별자치도,원주시,제과점,197.0,196.0,185.0
강원특별자치도,원주시,종합병원,23.0,23.0,24.0
강원특별자치도,원주시,주유소,101.0,99.0,99.0
강원특별자치도,원주시,주차장운영업,84.0,84.0,84.0
강원특별자치도,원주시,중고차판매점,81.0,81.0,82.0
강원특별자치도,원주시,중식음식점,235.0,239.0,230.0
강원특별자치도,원주시,채소가게,155.0,151.0,153.0
강원특별자치도,원주시,철물점,80.0,80.0,83.0
강원특별자치도,원주시,치과의원,120.0,119.0,111.0
강원특별자치도,원주시,침구ㆍ커튼가게,81.0,82.0,84.0
강원특별자치도,원주시,커피음료점,752.0,745.0,750.0
강원특별자치도,원주시,컴퓨터판매점,61.0,61.0,57.0
강원특별자치도,원주시,통신판매업,4414.0,4375.0,3854.0
강원특별자치도,원주시,패스트푸드점,447.0,450.0,457.0
강원특별자치도,원주시,펜션ㆍ게스트하우스,213.0,210.0,175.0
강원특별자치도,원주시,편의점,457.0,465.0,480.0
강원특별자치도,원주시,피부ㆍ비뇨기과의원,29.0,29.0,26.0
강원특별자치도,원주시,피부관리업,634.0,634.0,594.0
강원특별자치도,원주시,한방병원ㆍ한의원,116.0,116.0,117.0
강원특별자치도,원주시,한식음식점,3959.0,3963.0,4044.0
강원특별자치도,원주시,헬스클럽,90.0,88.0,89.0
강원특별자치도,원주시,호프주점,126.0,126.0,149.0
강원특별자치도,원주시,화장품가게,265.0,263.0,281.0
강원특별자치도,원주시,휴대폰가게,162.0,161.0,171.0
강원특별자치도,인제군,LPG 충전소,7.0,7.0,7.0
강원특별자치도,인제군,pc방,17.0,17.0,19.0
강원특별자치도,인제군,가구점,0.0,0.0,0.0
강원특별자치도,인제군,가전제품수리점,3.0,0.0,3.0
강원특별자치도,인제군,가전제품판매점,7.0,7.0,7.0
강원특별자치도,인제군,간이주점,5.0,5.0,5.0
강원특별자치도,인제군,간판광고물업,17.0,17.0,13.0
강원특별자치도,인제군,건강보조식품가게,12.0,12.0,13.0
강원특별자치도,인제군,건어물가게,39.0,39.0,41.0
강원특별자치도,인제군,건축사,8.0,8.0,8.0
강원특별자치도,인제군,곡물가게,19.0,20.0,18.0
강원특별자치도,인제군,과일가게,18.0,18.0,14.0
강원특별자치도,인제군,교습소ㆍ공부방,34.0,33.0,30.0
강원특별자치도,인제군,교습학원,15.0,15.0,13.0
강원특별자치도,인제군,구내식당,15.0,15.0,16.0
강원특별자치도,인제군,기술ㆍ직업훈련학원,19.0,19.0,18.0
강원특별자치도,인제군,기타외국식음식점,19.0,19.0,18.0
강원특별자치도,인제군,기타음식점,36.0,37.0,36.0
강원특별자치도,인제군,꽃가게,20.0,20.0,19.0
강원특별자치도,인제군,내과ㆍ소아과의원,3.0,3.0,3.0
강원특별자치도,인제군,노래방,10.0,10.0,9.0
강원특별자치도,인제군,담배ㆍ복권소매업,7.0,7.0,7.0
강원특별자치도,인제군,당구장,29.0,29.0,31.0
강원특별자치도,인제군,독서실,0.0,0.0,0.0
강원특별자치도,인제군,동물병원,4.0,4.0,4.0
강원특별자치도,인제군,목욕탕,6.0,6.0,7.0
강원특별자치도,인제군,문구점,13.0,13.0,13.0
강원특별자치도,인제군,미용실,59.0,59.0,58.0
강원특별자치도,인제군,법무사,4.0,4.0,4.0
강원특별자치도,인제군,변호사,0.0,0.0,0.0
강원특별자치도,인제군,부동산중개업,35.0,36.0,35.0
강원특별자치도,인제군,분식점,50.0,50.0,46.0
강원특별자치도,인제군,사진촬영업,10.0,10.0,10.0
강원특별자치도,인제군,생선가게,7.0,7.0,7.0
강원특별자치도,인제군,서점,6.0,6.0,6.0
강원특별자치도,인제군,세무사,0.0,0.0,0.0
강원특별자치도,인제군,세탁소,20.0,20.0,21.0
강원특별자치도,인제군,슈퍼마켓,22.0,22.0,20.0
강원특별자치도,인제군,스포츠교육기관,23.0,23.0,17.0
강원특별자치도,인제군,스포츠시설운영업,0.0,0.0,0.0
강원특별자치도,인제군,스포츠용품점,20.0,20.0,21.0
강원특별자치도,인제군,시계ㆍ귀금속점,6.0,6.0,6.0
강원특별자치도,인제군,식료품가게,103.0,102.0,107.0
강원특별자치도,인제군,신경정신과의원,0.0,0.0,0.0
강원특별자치도,인제군,신발가게,6.0,6.0,6.0
강원특별자치도,인제군,실내스크린골프점,6.0,6.0,6.0
강원특별자치도,인제군,실내장식가게,36.0,35.0,27.0
강원특별자치도,인제군,실외골프연습장,0.0,0.0,0.0
강원특별자치도,인제군,안경점,6.0,6.0,6.0
강원특별자치도,인제군,애완용품점,3.0,3.0,3.0
강원특별자치도,인제군,약국,11.0,11.0,12.0
강원특별자치도,인제군,여관ㆍ모텔,49.0,49.0,50.0
강원특별자치도,인제군,여행사,11.0,11.0,11.0
강원특별자치도,인제군,예술학원,15.0,15.0,17.0
강원특별자치도,인제군,예식장,0.0,0.0,0.0
강원특별자치도,인제군,옷가게,38.0,38.0,38.0
강원특별자치도,인제군,의료용품가게,0.0,0.0,0.0
강원특별자치도,인제군,이륜자동차판매점,3.0,3.0,3.0
강원특별자치도,인제군,이발소,19.0,19.0,19.0
강원특별자치도,인제군,일식음식점,9.0,9.0,10.0
강원특별자치도,인제군,자동차수리점,43.0,43.0,43.0
강원특별자치도,인제군,자전거판매점,0.0,0.0,0.0
강원특별자치도,인제군,장난감가게,0.0,0.0,0.0
강원특별자치도,인제군,정육점,19.0,17.0,17.0
강원특별자치도,인제군,제과점,16.0,15.0,17.0
강원특별자치도,인제군,종합병원,0.0,0.0,0.0
강원특별자치도,인제군,주유소,26.0,26.0,26.0
강원특별자치도,인제군,주차장운영업,4.0,4.0,4.0
강원특별자치도,인제군,중식음식점,27.0,27.0,33.0
강원특별자치도,인제군,채소가게,64.0,65.0,63.0
강원특별자치도,인제군,철물점,20.0,20.0,21.0
강원특별자치도,인제군,치과의원,7.0,7.0,7.0
강원특별자치도,인제군,침구ㆍ커튼가게,5.0,5.0,4.0
강원특별자치도,인제군,커피음료점,69.0,71.0,63.0
강원특별자치도,인제군,컴퓨터판매점,4.0,4.0,4.0
강원특별자치도,인제군,통신판매업,173.0,174.0,155.0
강원특별자치도,인제군,패스트푸드점,60.0,59.0,62.0
강원특별자치도,인제군,펜션ㆍ게스트하우스,354.0,352.0,303.0
강원특별자치도,인제군,편의점,53.0,54.0,53.0
강원특별자치도,인제군,피부관리업,29.0,28.0,26.0
강원특별자치도,인제군,한방병원ㆍ한의원,7.0,7.0,7.0
강원특별자치도,인제군,한식음식점,599.0,600.0,607.0
강원특별자치도,인제군,헬스클럽,3.0,3.0,0.0
강원특별자치도,인제군,호프주점,10.0,11.0,12.0
강원특별자치도,인제군,화장품가게,19.0,18.0,19.0
강원특별자치도,인제군,휴대폰가게,12.0,12.0,11.0
강원특별자치도,정선군,LPG 충전소,0.0,0.0,0.0
강원특별자치도,정선군,pc방,5.0,5.0,5.0
강원특별자치도,정선군,가구점,5.0,5.0,5.0
강원특별자치도,정선군,가전제품수리점,12.0,12.0,13.0
강원특별자치도,정선군,가전제품판매점,8.0,8.0,8.0
강원특별자치도,정선군,간이주점,6.0,6.0,6.0
강원특별자치도,정선군,간판광고물업,15.0,15.0,16.0
강원특별자치도,정선군,건강보조식품가게,22.0,22.0,23.0
강원특별자치도,정선군,건어물가게,8.0,8.0,8.0
강원특별자치도,정선군,건축사,9.0,9.0,9.0
강원특별자치도,정선군,곡물가게,37.0,37.0,40.0
강원특별자치도,정선군,공인노무사,0.0,0.0,0.0
강원특별자치도,정선군,과일가게,23.0,22.0,17.0
강원특별자치도,정선군,교습소ㆍ공부방,16.0,16.0,16.0
강원특별자치도,정선군,교습학원,6.0,6.0,8.0
강원특별자치도,정선군,구내식당,13.0,13.0,16.0
강원특별자치도,정선군,기술ㆍ직업훈련학원,7.0,6.0,10.0
강원특별자치도,정선군,기술사,3.0,3.0,3.0
강원특별자치도,정선군,기타외국식음식점,19.0,19.0,21.0
강원특별자치도,정선군,기타음식점,34.0,34.0,34.0
강원특별자치도,정선군,기타일반의원,0.0,0.0,0.0
강원특별자치도,정선군,꽃가게,17.0,17.0,18.0
강원특별자치도,정선군,내과ㆍ소아과의원,6.0,6.0,6.0
강원특별자치도,정선군,노래방,9.0,9.0,10.0
강원특별자치도,정선군,담배ㆍ복권소매업,22.0,22.0,22.0
강원특별자치도,정선군,당구장,19.0,19.0,18.0
강원특별자치도,정선군,독서실,0.0,0.0,0.0
강원특별자치도,정선군,동물병원,4.0,4.0,4.0
강원특별자치도,정선군,목욕탕,6.0,6.0,6.0
강원특별자치도,정선군,문구점,9.0,9.0,9.0
강원특별자치도,정선군,미용실,67.0,67.0,67.0
강원특별자치도,정선군,법무사,5.0,5.0,5.0
강원특별자치도,정선군,부동산중개업,27.0,27.0,28.0
강원특별자치도,정선군,분식점,61.0,46.0,56.0
강원특별자치도,정선군,사진촬영업,13.0,13.0,10.0
강원특별자치도,정선군,생선가게,6.0,6.0,7.0
강원특별자치도,정선군,서점,4.0,4.0,4.0
강원특별자치도,정선군,세무사,0.0,0.0,0.0
강원특별자치도,정선군,세탁소,23.0,23.0,23.0
강원특별자치도,정선군,슈퍼마켓,27.0,26.0,29.0
강원특별자치도,정선군,스포츠교육기관,13.0,13.0,10.0
강원특별자치도,정선군,스포츠시설운영업,5.0,5.0,4.0
강원특별자치도,정선군,스포츠용품점,22.0,22.0,20.0
강원특별자치도,정선군,시계ㆍ귀금속점,8.0,8.0,9.0
강원특별자치도,정선군,식료품가게,138.0,136.0,137.0
강원특별자치도,정선군,신발가게,4.0,4.0,4.0
강원특별자치도,정선군,실내스크린골프점,11.0,11.0,11.0
강원특별자치도,정선군,실내장식가게,33.0,31.0,30.0
강원특별자치도,정선군,실외골프연습장,0.0,0.0,0.0
강원특별자치도,정선군,안경점,0.0,0.0,0.0
강원특별자치도,정선군,애완용품점,5.0,4.0,4.0
강원특별자치도,정선군,약국,13.0,13.0,14.0
강원특별자치도,정선군,여관ㆍ모텔,89.0,90.0,94.0
강원특별자치도,정선군,여행사,13.0,13.0,13.0
강원특별자치도,정선군,예술학원,13.0,13.0,14.0
강원특별자치도,정선군,예식장,0.0,0.0,0.0
강원특별자치도,정선군,옷가게,40.0,41.0,41.0
강원특별자치도,정선군,이륜자동차판매점,3.0,3.0,3.0
강원특별자치도,정선군,이발소,20.0,20.0,21.0
강원특별자치도,정선군,일반외과의원,0.0,0.0,0.0
강원특별자치도,정선군,일식음식점,6.0,6.0,6.0
강원특별자치도,정선군,자동차수리점,50.0,50.0,49.0
강원특별자치도,정선군,장난감가게,3.0,3.0,3.0
강원특별자치도,정선군,정육점,40.0,40.0,38.0
강원특별자치도,정선군,제과점,17.0,17.0,18.0
강원특별자치도,정선군,종합병원,0.0,0.0,0.0
강원특별자치도,정선군,주유소,26.0,26.0,26.0
강원특별자치도,정선군,주차장운영업,0.0,0.0,0.0
강원특별자치도,정선군,중식음식점,24.0,24.0,25.0
강원특별자치도,정선군,채소가게,82.0,81.0,75.0
강원특별자치도,정선군,철물점,17.0,17.0,17.0
강원특별자치도,정선군,치과의원,5.0,5.0,5.0
강원특별자치도,정선군,침구ㆍ커튼가게,6.0,6.0,6.0
강원특별자치도,정선군,커피음료점,99.0,98.0,96.0
강원특별자치도,정선군,컴퓨터판매점,0.0,0.0,0.0
강원특별자치도,정선군,통신판매업,139.0,143.0,128.0
강원특별자치도,정선군,패스트푸드점,56.0,57.0,58.0
강원특별자치도,정선군,펜션ㆍ게스트하우스,174.0,174.0,163.0
강원특별자치도,정선군,편의점,65.0,66.0,64.0
강원특별자치도,정선군,피부ㆍ비뇨기과의원,0.0,0.0,0.0
강원특별자치도,정선군,피부관리업,20.0,20.0,18.0
강원특별자치도,정선군,한방병원ㆍ한의원,5.0,5.0,5.0
강원특별자치도,정선군,한식음식점,651.0,648.0,633.0
강원특별자치도,정선군,헬스클럽,5.0,5.0,5.0
강원특별자치도,정선군,호프주점,10.0,11.0,9.0
강원특별자치도,정선군,화장품가게,26.0,27.0,29.0
강원특별자치도,정선군,휴대폰가게,9.0,9.0,7.0
강원특별자치도,철원군,LPG 충전소,3.0,3.0,3.0
강원특별자치도,철원군,pc방,14.0,14.0,16.0
강원특별자치도,철원군,가구점,6.0,6.0,7.0
강원특별자치도,철원군,가전제품수리점,7.0,8.0,9.0
강원특별자치도,철원군,가전제품판매점,12.0,12.0,13.0
강원특별자치도,철원군,간이주점,4.0,4.0,5.0
강원특별자치도,철원군,간판광고물업,13.0,13.0,14.0
강원특별자치도,철원군,건강보조식품가게,22.0,22.0,26.0
강원특별자치도,철원군,건어물가게,0.0,0.0,0.0
강원특별자치도,철원군,건축사,7.0,7.0,6.0
강원특별자치도,철원군,결혼상담소,0.0,0.0,0.0
강원특별자치도,철원군,곡물가게,20.0,20.0,19.0
강원특별자치도,철원군,공인회계사,0.0,0.0,0.0
강원특별자치도,철원군,과일가게,14.0,12.0,12.0
강원특별자치도,철원군,교습소ㆍ공부방,34.0,34.0,31.0
강원특별자치도,철원군,교습학원,28.0,28.0,30.0
강원특별자치도,철원군,구내식당,11.0,11.0,11.0
강원특별자치도,철원군,기술ㆍ직업훈련학원,19.0,19.0,20.0
강원특별자치도,철원군,기타외국식음식점,19.0,19.0,21.0
강원특별자치도,철원군,기타음식점,28.0,28.0,30.0
강원특별자치도,철원군,기타일반의원,3.0,3.0,3.0
강원특별자치도,철원군,꽃가게,34.0,33.0,33.0
강원특별자치도,철원군,내과ㆍ소아과의원,8.0,8.0,8.0
강원특별자치도,철원군,노래방,13.0,13.0,14.0
강원특별자치도,철원군,담배ㆍ복권소매업,10.0,10.0,11.0
강원특별자치도,철원군,당구장,25.0,25.0,26.0
강원특별자치도,철원군,독서실,3.0,3.0,4.0
강원특별자치도,철원군,동물병원,4.0,4.0,4.0
강원특별자치도,철원군,목욕탕,3.0,3.0,3.0
강원특별자치도,철원군,문구점,20.0,20.0,18.0
강원특별자치도,철원군,미용실,95.0,95.0,94.0
강원특별자치도,철원군,법무사,7.0,7.0,6.0
강원특별자치도,철원군,부동산중개업,61.0,60.0,61.0
강원특별자치도,철원군,분식점,30.0,32.0,32.0
강원특별자치도,철원군,사진촬영업,12.0,11.0,10.0
강원특별자치도,철원군,생선가게,10.0,10.0,10.0
강원특별자치도,철원군,서점,6.0,6.0,6.0
강원특별자치도,철원군,세무사,3.0,3.0,3.0
강원특별자치도,철원군,세탁소,22.0,22.0,20.0
강원특별자치도,철원군,슈퍼마켓,22.0,22.0,20.0
강원특별자치도,철원군,스포츠교육기관,16.0,16.0,19.0
강원특별자치도,철원군,스포츠시설운영업,3.0,3.0,4.0
강원특별자치도,철원군,스포츠용품점,22.0,22.0,22.0
강원특별자치도,철원군,시계ㆍ귀금속점,10.0,10.0,10.0
강원특별자치도,철원군,식료품가게,77.0,81.0,92.0
강원특별자치도,철원군,신발가게,6.0,7.0,7.0
강원특별자치도,철원군,실내스크린골프점,10.0,10.0,11.0
강원특별자치도,철원군,실내장식가게,44.0,43.0,40.0
강원특별자치도,철원군,실외골프연습장,0.0,0.0,0.0
강원특별자치도,철원군,안경점,7.0,7.0,7.0
강원특별자치도,철원군,안과의원,0.0,0.0,0.0
강원특별자치도,철원군,애완용품점,10.0,10.0,10.0
강원특별자치도,철원군,약국,19.0,19.0,19.0
강원특별자치도,철원군,여관ㆍ모텔,55.0,55.0,55.0
강원특별자치도,철원군,여행사,10.0,10.0,10.0
강원특별자치도,철원군,예술학원,19.0,19.0,20.0
강원특별자치도,철원군,예식장,0.0,0.0,0.0
강원특별자치도,철원군,옷가게,68.0,68.0,69.0
강원특별자치도,철원군,의료용품가게,7.0,7.0,7.0
강원특별자치도,철원군,이륜자동차판매점,4.0,4.0,4.0
강원특별자치도,철원군,이발소,24.0,24.0,26.0
강원특별자치도,철원군,이비인후과의원,0.0,0.0,0.0
강원특별자치도,철원군,일반외과의원,3.0,3.0,3.0
강원특별자치도,철원군,일식음식점,15.0,15.0,15.0
강원특별자치도,철원군,자동차수리점,58.0,58.0,59.0
강원특별자치도,철원군,자전거판매점,4.0,4.0,4.0
강원특별자치도,철원군,장난감가게,5.0,5.0,5.0
강원특별자치도,철원군,정육점,26.0,24.0,27.0
강원특별자치도,철원군,제과점,15.0,15.0,14.0
강원특별자치도,철원군,종합병원,0.0,0.0,0.0
강원특별자치도,철원군,주유소,24.0,25.0,26.0
강원특별자치도,철원군,중고차판매점,6.0,6.0,5.0
강원특별자치도,철원군,중식음식점,41.0,40.0,41.0
강원특별자치도,철원군,채소가게,22.0,22.0,22.0
강원특별자치도,철원군,철물점,21.0,21.0,22.0
강원특별자치도,철원군,치과의원,9.0,9.0,8.0
강원특별자치도,철원군,침구ㆍ커튼가게,10.0,10.0,12.0
강원특별자치도,철원군,커피음료점,100.0,101.0,100.0
강원특별자치도,철원군,컴퓨터판매점,5.0,5.0,4.0
강원특별자치도,철원군,통신판매업,219.0,216.0,201.0
강원특별자치도,철원군,패스트푸드점,58.0,59.0,62.0
강원특별자치도,철원군,펜션ㆍ게스트하우스,91.0,91.0,81.0
강원특별자치도,철원군,편의점,53.0,53.0,54.0
강원특별자치도,철원군,피부관리업,44.0,44.0,44.0
강원특별자치도,철원군,한방병원ㆍ한의원,9.0,9.0,9.0
강원특별자치도,철원군,한식음식점,651.0,651.0,651.0
강원특별자치도,철원군,헬스클럽,14.0,14.0,14.0
강원특별자치도,철원군,호프주점,17.0,17.0,18.0
강원특별자치도,철원군,화장품가게,24.0,24.0,23.0
강원특별자치도,철원군,휴대폰가게,16.0,16.0,15.0
강원특별자치도,춘천시,LPG 충전소,17.0,17.0,18.0
강원특별자치도,춘천시,pc방,39.0,40.0,45.0
강원특별자치도,춘천시,가구점,41.0,41.0,40.0
강원특별자치도,춘천시,가전제품수리점,157.0,156.0,135.0
강원특별자치도,춘천시,가전제품판매점,111.0,113.0,111.0
강원특별자치도,춘천시,간이주점,42.0,43.0,56.0
강원특별자치도,춘천시,간판광고물업,111.0,111.0,110.0
강원특별자치도,춘천시,감정평가사,9.0,9.0,10.0
강원특별자치도,춘천시,건강보조식품가게,79.0,81.0,81.0
강원특별자치도,춘천시,건어물가게,21.0,21.0,20.0
강원특별자치도,춘천시,건축사,105.0,106.0,104.0
강원특별자치도,춘천시,결혼상담소,8.0,8.0,8.0
강원특별자치도,춘천시,곡물가게,27.0,27.0,26.0
강원특별자치도,춘천시,공인노무사,7.0,7.0,6.0
강원특별자치도,춘천시,공인회계사,4.0,4.0,4.0
강원특별자치도,춘천시,과일가게,47.0,46.0,43.0
강원특별자치도,춘천시,교습소ㆍ공부방,372.0,371.0,374.0
강원특별자치도,춘천시,교습학원,363.0,366.0,361.0
강원특별자치도,춘천시,구내식당,62.0,63.0,66.0
강원특별자치도,춘천시,기술ㆍ직업훈련학원,178.0,178.0,169.0
강원특별자치도,춘천시,기술사,11.0,11.0,11.0
강원특별자치도,춘천시,기타외국식음식점,183.0,181.0,195.0
강원특별자치도,춘천시,기타음식점,148.0,147.0,147.0
강원특별자치도,춘천시,기타일반의원,23.0,22.0,23.0
강원특별자치도,춘천시,꽃가게,177.0,179.0,168.0
강원특별자치도,춘천시,내과ㆍ소아과의원,61.0,61.0,62.0
강원특별자치도,춘천시,노래방,154.0,156.0,160.0
강원특별자치도,춘천시,담배ㆍ복권소매업,47.0,47.0,48.0
강원특별자치도,춘천시,당구장,121.0,120.0,122.0
강원특별자치도,춘천시,독서실,25.0,25.0,28.0
강원특별자치도,춘천시,동물병원,27.0,29.0,26.0
강원특별자치도,춘천시,목욕탕,15.0,17.0,16.0
강원특별자치도,춘천시,문구점,72.0,71.0,70.0
강원특별자치도,춘천시,미용실,848.0,845.0,831.0
강원특별자치도,춘천시,법무사,41.0,41.0,39.0
강원특별자치도,춘천시,변호사,42.0,42.0,40.0
강원특별자치도,춘천시,부동산중개업,568.0,569.0,574.0
강원특별자치도,춘천시,분식점,302.0,304.0,298.0
강원특별자치도,춘천시,사진촬영업,123.0,122.0,114.0
강원특별자치도,춘천시,산부인과의원,9.0,9.0,9.0
강원특별자치도,춘천시,생선가게,24.0,25.0,19.0
강원특별자치도,춘천시,서점,60.0,59.0,65.0
강원특별자치도,춘천시,성형외과의원,3.0,3.0,3.0
강원특별자치도,춘천시,세무사,51.0,51.0,49.0
강원특별자치도,춘천시,세탁소,181.0,181.0,176.0
강원특별자치도,춘천시,슈퍼마켓,117.0,120.0,121.0
강원특별자치도,춘천시,스포츠교육기관,217.0,215.0,212.0
강원특별자치도,춘천시,스포츠시설운영업,60.0,60.0,59.0
강원특별자치도,춘천시,스포츠용품점,149.0,150.0,142.0
강원특별자치도,춘천시,시계ㆍ귀금속점,38.0,36.0,34.0
강원특별자치도,춘천시,식료품가게,277.0,275.0,295.0
강원특별자치도,춘천시,신경정신과의원,13.0,13.0,13.0
강원특별자치도,춘천시,신발가게,29.0,30.0,30.0
강원특별자치도,춘천시,실내스크린골프점,46.0,47.0,49.0
강원특별자치도,춘천시,실내장식가게,455.0,454.0,443.0
강원특별자치도,춘천시,실외골프연습장,13.0,13.0,15.0
강원특별자치도,춘천시,안경점,60.0,61.0,61.0
강원특별자치도,춘천시,안과의원,11.0,11.0,11.0
강원특별자치도,춘천시,애완용품점,74.0,75.0,72.0
강원특별자치도,춘천시,약국,141.0,140.0,135.0
강원특별자치도,춘천시,여관ㆍ모텔,159.0,161.0,164.0
강원특별자치도,춘천시,여행사,69.0,68.0,67.0
강원특별자치도,춘천시,예술학원,194.0,191.0,198.0
강원특별자치도,춘천시,예식장,5.0,5.0,4.0
강원특별자치도,춘천시,옷가게,534.0,536.0,550.0
강원특별자치도,춘천시,의료용품가게,43.0,44.0,45.0
강원특별자치도,춘천시,이륜자동차판매점,15.0,15.0,18.0
강원특별자치도,춘천시,이발소,87.0,87.0,86.0
강원특별자치도,춘천시,이비인후과의원,10.0,10.0,10.0
강원특별자치도,춘천시,일반외과의원,34.0,35.0,35.0
강원특별자치도,춘천시,일식음식점,141.0,141.0,138.0
강원특별자치도,춘천시,자동차수리점,262.0,263.0,256.0
강원특별자치도,춘천시,자전거판매점,11.0,11.0,11.0
강원특별자치도,춘천시,장난감가게,17.0,17.0,17.0
강원특별자치도,춘천시,정육점,88.0,89.0,94.0
강원특별자치도,춘천시,제과점,176.0,175.0,170.0
강원특별자치도,춘천시,종합병원,13.0,13.0,13.0
강원특별자치도,춘천시,주유소,76.0,75.0,73.0
강원특별자치도,춘천시,주차장운영업,22.0,22.0,19.0
강원특별자치도,춘천시,중고차판매점,22.0,22.0,26.0
강원특별자치도,춘천시,중식음식점,193.0,194.0,188.0
강원특별자치도,춘천시,채소가게,88.0,89.0,78.0
강원특별자치도,춘천시,철물점,65.0,65.0,69.0
강원특별자치도,춘천시,치과의원,89.0,88.0,90.0
강원특별자치도,춘천시,침구ㆍ커튼가게,56.0,55.0,51.0
강원특별자치도,춘천시,커피음료점,628.0,623.0,632.0
강원특별자치도,춘천시,컴퓨터판매점,40.0,40.0,39.0
강원특별자치도,춘천시,통신판매업,2397.0,2390.0,2198.0
강원특별자치도,춘천시,패스트푸드점,372.0,374.0,387.0
강원특별자치도,춘천시,펜션ㆍ게스트하우스,456.0,453.0,410.0
강원특별자치도,춘천시,편의점,354.0,353.0,361.0
강원특별자치도,춘천시,피부ㆍ비뇨기과의원,19.0,19.0,19.0
강원특별자치도,춘천시,피부관리업,400.0,404.0,391.0
강원특별자치도,춘천시,한방병원ㆍ한의원,66.0,67.0,67.0
강원특별자치도,춘천시,한식음식점,3056.0,3049.0,3044.0
강원특별자치도,춘천시,헬스클럽,118.0,117.0,114.0
강원특별자치도,춘천시,호프주점,124.0,125.0,141.0
강원특별자치도,춘천시,화장품가게,201.0,199.0,188.0
강원특별자치도,춘천시,휴대폰가게,97.0,99.0,95.0
강원특별자치도,태백시,LPG 충전소,0.0,0.0,0.0
강원특별자치도,태백시,pc방,6.0,6.0,6.0
강원특별자치도,태백시,가구점,5.0,5.0,6.0
강원특별자치도,태백시,가전제품수리점,5.0,5.0,6.0
강원특별자치도,태백시,가전제품판매점,13.0,13.0,15.0
강원특별자치도,태백시,간이주점,6.0,6.0,8.0
강원특별자치도,태백시,간판광고물업,15.0,14.0,14.0
강원특별자치도,태백시,건강보조식품가게,18.0,18.0,17.0
강원특별자치도,태백시,건어물가게,4.0,4.0,4.0
강원특별자치도,태백시,건축사,3.0,3.0,3.0
강원특별자치도,태백시,곡물가게,7.0,7.0,8.0
강원특별자치도,태백시,공인노무사,0.0,0.0,0.0
강원특별자치도,태백시,과일가게,11.0,11.0,11.0
강원특별자치도,태백시,교습소ㆍ공부방,26.0,26.0,26.0
강원특별자치도,태백시,교습학원,20.0,20.0,22.0
강원특별자치도,태백시,구내식당,19.0,19.0,21.0
강원특별자치도,태백시,기술ㆍ직업훈련학원,33.0,32.0,30.0
강원특별자치도,태백시,기술사,0.0,0.0,0.0
강원특별자치도,태백시,기타외국식음식점,20.0,20.0,21.0
강원특별자치도,태백시,기타음식점,17.0,17.0,20.0
강원특별자치도,태백시,기타일반의원,0.0,0.0,0.0
강원특별자치도,태백시,꽃가게,18.0,18.0,19.0
강원특별자치도,태백시,내과ㆍ소아과의원,11.0,11.0,11.0
강원특별자치도,태백시,노래방,13.0,12.0,14.0
강원특별자치도,태백시,담배ㆍ복권소매업,25.0,26.0,27.0
강원특별자치도,태백시,당구장,18.0,18.0,21.0
강원특별자치도,태백시,독서실,0.0,0.0,0.0
강원특별자치도,태백시,동물병원,0.0,0.0,0.0
강원특별자치도,태백시,목욕탕,9.0,9.0,11.0
강원특별자치도,태백시,문구점,9.0,9.0,10.0
강원특별자치도,태백시,미용실,118.0,118.0,124.0
강원특별자치도,태백시,법무사,0.0,0.0,0.0
강원특별자치도,태백시,부동산중개업,13.0,13.0,12.0
강원특별자치도,태백시,분식점,63.0,63.0,64.0
강원특별자치도,태백시,사진촬영업,12.0,14.0,15.0
강원특별자치도,태백시,산부인과의원,0.0,0.0,0.0
강원특별자치도,태백시,생선가게,12.0,12.0,13.0
강원특별자치도,태백시,서점,6.0,6.0,7.0
강원특별자치도,태백시,세무사,3.0,3.0,3.0
강원특별자치도,태백시,세탁소,33.0,34.0,34.0
강원특별자치도,태백시,슈퍼마켓,26.0,26.0,22.0
강원특별자치도,태백시,스포츠교육기관,16.0,16.0,19.0
강원특별자치도,태백시,스포츠시설운영업,11.0,11.0,14.0
강원특별자치도,태백시,스포츠용품점,36.0,35.0,35.0
강원특별자치도,태백시,시계ㆍ귀금속점,13.0,13.0,15.0
강원특별자치도,태백시,식료품가게,84.0,85.0,95.0
강원특별자치도,태백시,신경정신과의원,0.0,0.0,0.0
강원특별자치도,태백시,신발가게,11.0,11.0,12.0
강원특별자치도,태백시,실내스크린골프점,12.0,12.0,13.0
강원특별자치도,태백시,실내장식가게,39.0,39.0,39.0
강원특별자치도,태백시,실외골프연습장,0.0,0.0,0.0
강원특별자치도,태백시,안경점,8.0,8.0,8.0
강원특별자치도,태백시,안과의원,0.0,0.0,0.0
강원특별자치도,태백시,애완용품점,6.0,6.0,7.0
강원특별자치도,태백시,약국,20.0,20.0,21.0
강원특별자치도,태백시,여관ㆍ모텔,57.0,57.0,58.0
강원특별자치도,태백시,여행사,4.0,4.0,4.0
강원특별자치도,태백시,예술학원,15.0,15.0,17.0
강원특별자치도,태백시,예식장,0.0,0.0,0.0
강원특별자치도,태백시,옷가게,98.0,99.0,97.0
강원특별자치도,태백시,의료용품가게,3.0,3.0,3.0
강원특별자치도,태백시,이륜자동차판매점,0.0,0.0,0.0
강원특별자치도,태백시,이발소,23.0,23.0,23.0
강원특별자치도,태백시,이비인후과의원,0.0,0.0,0.0
강원특별자치도,태백시,일반외과의원,5.0,5.0,5.0
강원특별자치도,태백시,일식음식점,10.0,9.0,11.0
강원특별자치도,태백시,자동차수리점,81.0,82.0,81.0
강원특별자치도,태백시,자전거판매점,3.0,3.0,3.0
강원특별자치도,태백시,장난감가게,0.0,0.0,0.0
강원특별자치도,태백시,정육점,46.0,46.0,42.0
강원특별자치도,태백시,제과점,12.0,12.0,11.0
강원특별자치도,태백시,종합병원,5.0,5.0,5.0
강원특별자치도,태백시,주유소,15.0,15.0,15.0
강원특별자치도,태백시,주차장운영업,5.0,5.0,6.0
강원특별자치도,태백시,중고차판매점,4.0,4.0,4.0
강원특별자치도,태백시,중식음식점,32.0,32.0,32.0
강원특별자치도,태백시,채소가게,26.0,26.0,27.0
강원특별자치도,태백시,철물점,16.0,16.0,18.0
강원특별자치도,태백시,치과의원,10.0,10.0,10.0
강원특별자치도,태백시,침구ㆍ커튼가게,13.0,13.0,11.0
강원특별자치도,태백시,커피음료점,71.0,73.0,70.0
강원특별자치도,태백시,컴퓨터판매점,6.0,4.0,4.0
강원특별자치도,태백시,통신판매업,150.0,147.0,170.0
강원특별자치도,태백시,패스트푸드점,55.0,55.0,58.0
강원특별자치도,태백시,펜션ㆍ게스트하우스,12.0,13.0,13.0
강원특별자치도,태백시,편의점,56.0,56.0,56.0
강원특별자치도,태백시,피부ㆍ비뇨기과의원,0.0,0.0,0.0
강원특별자치도,태백시,피부관리업,42.0,42.0,43.0
강원특별자치도,태백시,한방병원ㆍ한의원,7.0,7.0,8.0
강원특별자치도,태백시,한식음식점,526.0,528.0,539.0
강원특별자치도,태백시,헬스클럽,10.0,10.0,11.0
강원특별자치도,태백시,호프주점,23.0,22.0,23.0
강원특별자치도,태백시,화장품가게,36.0,37.0,38.0
강원특별자치도,태백시,휴대폰가게,16.0,16.0,17.0
강원특별자치도,평창군,LPG 충전소,5.0,5.0,5.0
강원특별자치도,평창군,pc방,6.0,6.0,7.0
강원특별자치도,평창군,가구점,5.0,5.0,6.0
강원특별자치도,평창군,가전제품수리점,16.0,16.0,14.0
강원특별자치도,평창군,가전제품판매점,10.0,10.0,11.0
강원특별자치도,평창군,간이주점,4.0,4.0,4.0
강원특별자치도,평창군,간판광고물업,17.0,17.0,16.0
강원특별자치도,평창군,건강보조식품가게,17.0,17.0,16.0
강원특별자치도,평창군,건어물가게,11.0,11.0,11.0
강원특별자치도,평창군,건축사,12.0,12.0,13.0
강원특별자치도,평창군,결혼상담소,0.0,0.0,0.0
강원특별자치도,평창군,곡물가게,17.0,17.0,17.0
강원특별자치도,평창군,과일가게,13.0,13.0,8.0
강원특별자치도,평창군,교습소ㆍ공부방,27.0,29.0,27.0
강원특별자치도,평창군,교습학원,18.0,18.0,18.0
강원특별자치도,평창군,구내식당,12.0,12.0,15.0
강원특별자치도,평창군,기술ㆍ직업훈련학원,26.0,27.0,21.0
강원특별자치도,평창군,기술사,0.0,0.0,0.0
강원특별자치도,평창군,기타외국식음식점,32.0,32.0,32.0
강원특별자치도,평창군,기타음식점,32.0,32.0,31.0
강원특별자치도,평창군,기타일반의원,3.0,3.0,0.0
강원특별자치도,평창군,꽃가게,35.0,34.0,35.0
강원특별자치도,평창군,내과ㆍ소아과의원,11.0,11.0,11.0
강원특별자치도,평창군,노래방,17.0,17.0,19.0
강원특별자치도,평창군,담배ㆍ복권소매업,13.0,13.0,12.0
강원특별자치도,평창군,당구장,22.0,22.0,21.0
강원특별자치도,평창군,독서실,0.0,0.0,0.0
강원특별자치도,평창군,동물병원,0.0,0.0,0.0
강원특별자치도,평창군,목욕탕,7.0,7.0,8.0
강원특별자치도,평창군,문구점,16.0,16.0,15.0
강원특별자치도,평창군,미용실,75.0,76.0,79.0
강원특별자치도,평창군,법무사,9.0,9.0,9.0
강원특별자치도,평창군,부동산중개업,90.0,90.0,90.0
강원특별자치도,평창군,분식점,43.0,44.0,41.0
강원특별자치도,평창군,사진촬영업,13.0,13.0,13.0
강원특별자치도,평창군,생선가게,6.0,6.0,6.0
강원특별자치도,평창군,서점,10.0,10.0,10.0
강원특별자치도,평창군,세무사,0.0,0.0,0.0
강원특별자치도,평창군,세탁소,28.0,28.0,31.0
강원특별자치도,평창군,슈퍼마켓,26.0,26.0,26.0
강원특별자치도,평창군,스포츠교육기관,36.0,35.0,32.0
강원특별자치도,평창군,스포츠시설운영업,4.0,4.0,4.0
강원특별자치도,평창군,스포츠용품점,29.0,29.0,27.0
강원특별자치도,평창군,시계ㆍ귀금속점,7.0,7.0,7.0
강원특별자치도,평창군,식료품가게,82.0,82.0,86.0
강원특별자치도,평창군,신발가게,6.0,6.0,6.0
강원특별자치도,평창군,실내스크린골프점,19.0,18.0,18.0
강원특별자치도,평창군,실내장식가게,52.0,50.0,46.0
강원특별자치도,평창군,실외골프연습장,4.0,4.0,5.0
강원특별자치도,평창군,안경점,5.0,5.0,5.0
강원특별자치도,평창군,애완용품점,9.0,10.0,10.0
강원특별자치도,평창군,약국,18.0,18.0,18.0
강원특별자치도,평창군,여관ㆍ모텔,48.0,47.0,47.0
강원특별자치도,평창군,여행사,24.0,25.0,25.0
강원특별자치도,평창군,예술학원,11.0,10.0,10.0
강원특별자치도,평창군,옷가게,40.0,41.0,47.0
강원특별자치도,평창군,의료용품가게,3.0,3.0,3.0
강원특별자치도,평창군,이륜자동차판매점,3.0,3.0,3.0
강원특별자치도,평창군,이발소,15.0,15.0,15.0
강원특별자치도,평창군,일반외과의원,0.0,0.0,0.0
강원특별자치도,평창군,일식음식점,17.0,17.0,18.0
강원특별자치도,평창군,자동차수리점,55.0,55.0,56.0
강원특별자치도,평창군,자전거판매점,3.0,3.0,3.0
강원특별자치도,평창군,장난감가게,0.0,0.0,0.0
강원특별자치도,평창군,정육점,42.0,41.0,41.0
강원특별자치도,평창군,제과점,22.0,22.0,23.0
강원특별자치도,평창군,종합병원,0.0,0.0,0.0
강원특별자치도,평창군,주유소,41.0,41.0,43.0
강원특별자치도,평창군,주차장운영업,0.0,0.0,0.0
강원특별자치도,평창군,중고차판매점,0.0,0.0,0.0
강원특별자치도,평창군,중식음식점,28.0,28.0,26.0
강원특별자치도,평창군,채소가게,72.0,71.0,72.0
강원특별자치도,평창군,철물점,23.0,22.0,24.0
강원특별자치도,평창군,치과의원,12.0,12.0,12.0
강원특별자치도,평창군,침구ㆍ커튼가게,8.0,8.0,9.0
강원특별자치도,평창군,커피음료점,117.0,119.0,113.0
강원특별자치도,평창군,컴퓨터판매점,7.0,7.0,7.0
강원특별자치도,평창군,통신판매업,277.0,279.0,246.0
강원특별자치도,평창군,패스트푸드점,90.0,91.0,85.0
강원특별자치도,평창군,펜션ㆍ게스트하우스,419.0,415.0,413.0
강원특별자치도,평창군,편의점,77.0,77.0,83.0
강원특별자치도,평창군,피부관리업,29.0,29.0,29.0
강원특별자치도,평창군,한방병원ㆍ한의원,10.0,10.0,11.0
강원특별자치도,평창군,한식음식점,817.0,814.0,836.0
강원특별자치도,평창군,헬스클럽,6.0,6.0,6.0
강원특별자치도,평창군,호프주점,13.0,13.0,13.0
강원특별자치도,평창군,화장품가게,14.0,14.0,15.0
강원특별자치도,평창군,휴대폰가게,10.0,10.0,11.0
강원특별자치도,홍천군,LPG 충전소,4.0,4.0,4.0
강원특별자치도,홍천군,pc방,9.0,9.0,9.0
강원특별자치도,홍천군,가구점,13.0,13.0,13.0
강원특별자치도,홍천군,가전제품수리점,23.0,23.0,19.0
강원특별자치도,홍천군,가전제품판매점,18.0,18.0,18.0
강원특별자치도,홍천군,간이주점,13.0,13.0,12.0
강원특별자치도,홍천군,간판광고물업,27.0,27.0,29.0
강원특별자치도,홍천군,감정평가사,0.0,0.0,0.0
강원특별자치도,홍천군,건강보조식품가게,23.0,24.0,26.0
강원특별자치도,홍천군,건어물가게,6.0,6.0,5.0
강원특별자치도,홍천군,건축사,20.0,20.0,20.0
강원특별자치도,홍천군,결혼상담소,0.0,0.0,0.0
강원특별자치도,홍천군,곡물가게,26.0,26.0,30.0
강원특별자치도,홍천군,과일가게,16.0,17.0,17.0
강원특별자치도,홍천군,교습소ㆍ공부방,23.0,23.0,23.0
강원특별자치도,홍천군,교습학원,40.0,41.0,39.0
강원특별자치도,홍천군,구내식당,18.0,18.0,18.0
강원특별자치도,홍천군,기술ㆍ직업훈련학원,23.0,22.0,22.0
강원특별자치도,홍천군,기술사,0.0,0.0,0.0
강원특별자치도,홍천군,기타외국식음식점,49.0,49.0,47.0
강원특별자치도,홍천군,기타음식점,57.0,58.0,55.0
강원특별자치도,홍천군,기타일반의원,0.0,0.0,0.0
강원특별자치도,홍천군,꽃가게,44.0,43.0,46.0
강원특별자치도,홍천군,내과ㆍ소아과의원,10.0,10.0,11.0
강원특별자치도,홍천군,노래방,24.0,24.0,23.0
강원특별자치도,홍천군,담배ㆍ복권소매업,21.0,21.0,25.0
강원특별자치도,홍천군,당구장,29.0,29.0,31.0
강원특별자치도,홍천군,독서실,3.0,3.0,3.0
강원특별자치도,홍천군,동물병원,9.0,9.0,9.0
강원특별자치도,홍천군,목욕탕,8.0,8.0,8.0
강원특별자치도,홍천군,문구점,19.0,19.0,17.0
강원특별자치도,홍천군,미용실,150.0,150.0,153.0
강원특별자치도,홍천군,법무사,8.0,9.0,9.0
강원특별자치도,홍천군,변호사,0.0,0.0,0.0
강원특별자치도,홍천군,부동산중개업,143.0,143.0,152.0
강원특별자치도,홍천군,분식점,88.0,88.0,87.0
강원특별자치도,홍천군,사진촬영업,16.0,16.0,16.0
강원특별자치도,홍천군,산부인과의원,0.0,0.0,0.0
강원특별자치도,홍천군,생선가게,14.0,13.0,13.0
강원특별자치도,홍천군,서점,0.0,0.0,0.0
강원특별자치도,홍천군,세무사,8.0,8.0,8.0
강원특별자치도,홍천군,세탁소,32.0,32.0,34.0
강원특별자치도,홍천군,슈퍼마켓,63.0,64.0,61.0
강원특별자치도,홍천군,스포츠교육기관,32.0,33.0,33.0
강원특별자치도,홍천군,스포츠시설운영업,4.0,5.0,4.0
강원특별자치도,홍천군,스포츠용품점,51.0,51.0,55.0
강원특별자치도,홍천군,시계ㆍ귀금속점,9.0,9.0,10.0
강원특별자치도,홍천군,식료품가게,163.0,165.0,172.0
강원특별자치도,홍천군,신경정신과의원,0.0,0.0,0.0
강원특별자치도,홍천군,신발가게,9.0,9.0,7.0
강원특별자치도,홍천군,실내스크린골프점,11.0,11.0,14.0
강원특별자치도,홍천군,실내장식가게,65.0,66.0,63.0
강원특별자치도,홍천군,실외골프연습장,5.0,5.0,4.0
강원특별자치도,홍천군,안경점,8.0,8.0,8.0
강원특별자치도,홍천군,안과의원,0.0,0.0,0.0
강원특별자치도,홍천군,애완용품점,11.0,11.0,10.0
강원특별자치도,홍천군,약국,27.0,27.0,29.0
강원특별자치도,홍천군,여관ㆍ모텔,60.0,60.0,61.0
강원특별자치도,홍천군,여행사,15.0,14.0,13.0
강원특별자치도,홍천군,예술학원,26.0,26.0,26.0
강원특별자치도,홍천군,예식장,3.0,3.0,3.0
강원특별자치도,홍천군,옷가게,96.0,96.0,103.0
강원특별자치도,홍천군,의료용품가게,3.0,3.0,0.0
강원특별자치도,홍천군,이륜자동차판매점,8.0,8.0,7.0
강원특별자치도,홍천군,이발소,18.0,18.0,18.0
강원특별자치도,홍천군,이비인후과의원,0.0,0.0,0.0
강원특별자치도,홍천군,일반외과의원,6.0,6.0,6.0
강원특별자치도,홍천군,일식음식점,19.0,19.0,17.0
강원특별자치도,홍천군,자동차수리점,101.0,101.0,100.0
강원특별자치도,홍천군,자전거판매점,0.0,0.0,0.0
강원특별자치도,홍천군,장난감가게,6.0,5.0,3.0
강원특별자치도,홍천군,정육점,55.0,56.0,57.0
강원특별자치도,홍천군,제과점,35.0,35.0,33.0
강원특별자치도,홍천군,종합병원,4.0,4.0,4.0
강원특별자치도,홍천군,주유소,48.0,49.0,47.0
강원특별자치도,홍천군,주차장운영업,0.0,0.0,0.0
강원특별자치도,홍천군,중고차판매점,7.0,7.0,7.0
강원특별자치도,홍천군,중식음식점,58.0,58.0,54.0
강원특별자치도,홍천군,채소가게,71.0,71.0,76.0
강원특별자치도,홍천군,철물점,36.0,37.0,34.0
강원특별자치도,홍천군,치과의원,16.0,16.0,16.0
강원특별자치도,홍천군,침구ㆍ커튼가게,13.0,12.0,12.0
강원특별자치도,홍천군,커피음료점,160.0,156.0,156.0
강원특별자치도,홍천군,컴퓨터판매점,4.0,4.0,5.0
강원특별자치도,홍천군,통신판매업,427.0,432.0,400.0
강원특별자치도,홍천군,패스트푸드점,72.0,72.0,79.0
강원특별자치도,홍천군,펜션ㆍ게스트하우스,413.0,412.0,403.0
강원특별자치도,홍천군,편의점,71.0,71.0,70.0
강원특별자치도,홍천군,피부ㆍ비뇨기과의원,0.0,0.0,0.0
강원특별자치도,홍천군,피부관리업,61.0,60.0,49.0
강원특별자치도,홍천군,한방병원ㆍ한의원,12.0,12.0,11.0
강원특별자치도,홍천군,한식음식점,963.0,962.0,969.0
강원특별자치도,홍천군,헬스클럽,14.0,14.0,13.0
강원특별자치도,홍천군,호프주점,26.0,26.0,33.0
강원특별자치도,홍천군,화장품가게,35.0,35.0,37.0
강원특별자치도,홍천군,휴대폰가게,13.0,13.0,13.0
강원특별자치도,화천군,LPG 충전소,0.0,0.0,0.0
강원특별자치도,화천군,pc방,8.0,8.0,8.0
강원특별자치도,화천군,가구점,0.0,0.0,0.0
강원특별자치도,화천군,가전제품수리점,10.0,10.0,10.0
강원특별자치도,화천군,가전제품판매점,7.0,7.0,5.0
강원특별자치도,화천군,간이주점,0.0,0.0,0.0
강원특별자치도,화천군,간판광고물업,8.0,8.0,8.0
강원특별자치도,화천군,건강보조식품가게,16.0,16.0,17.0
강원특별자치도,화천군,건어물가게,4.0,4.0,0.0
강원특별자치도,화천군,건축사,4.0,4.0,3.0
강원특별자치도,화천군,곡물가게,4.0,4.0,4.0
강원특별자치도,화천군,과일가게,10.0,10.0,11.0
강원특별자치도,화천군,교습소ㆍ공부방,14.0,15.0,12.0
강원특별자치도,화천군,교습학원,12.0,12.0,12.0
강원특별자치도,화천군,구내식당,4.0,4.0,5.0
강원특별자치도,화천군,기술ㆍ직업훈련학원,14.0,14.0,12.0
강원특별자치도,화천군,기술사,0.0,0.0,0.0
강원특별자치도,화천군,기타외국식음식점,7.0,7.0,7.0
강원특별자치도,화천군,기타음식점,16.0,16.0,14.0
강원특별자치도,화천군,꽃가게,11.0,11.0,11.0
강원특별자치도,화천군,내과ㆍ소아과의원,5.0,5.0,5.0
강원특별자치도,화천군,노래방,5.0,5.0,5.0
강원특별자치도,화천군,담배ㆍ복권소매업,11.0,11.0,11.0
강원특별자치도,화천군,당구장,12.0,12.0,12.0
강원특별자치도,화천군,동물병원,4.0,4.0,3.0
강원특별자치도,화천군,목욕탕,3.0,3.0,3.0
강원특별자치도,화천군,문구점,10.0,10.0,9.0
강원특별자치도,화천군,미용실,41.0,41.0,41.0
강원특별자치도,화천군,법무사,0.0,0.0,0.0
강원특별자치도,화천군,부동산중개업,21.0,21.0,19.0
강원특별자치도,화천군,분식점,33.0,33.0,38.0
강원특별자치도,화천군,사진촬영업,6.0,6.0,6.0
강원특별자치도,화천군,생선가게,6.0,5.0,5.0
강원특별자치도,화천군,서점,4.0,4.0,4.0
강원특별자치도,화천군,세무사,0.0,0.0,0.0
강원특별자치도,화천군,세탁소,21.0,21.0,22.0
강원특별자치도,화천군,슈퍼마켓,10.0,10.0,10.0
강원특별자치도,화천군,스포츠교육기관,10.0,10.0,11.0
강원특별자치도,화천군,스포츠시설운영업,0.0,0.0,0.0
강원특별자치도,화천군,스포츠용품점,18.0,18.0,19.0
강원특별자치도,화천군,시계ㆍ귀금속점,0.0,0.0,0.0
강원특별자치도,화천군,식료품가게,60.0,60.0,65.0
강원특별자치도,화천군,신발가게,4.0,4.0,4.0
강원특별자치도,화천군,실내스크린골프점,4.0,4.0,3.0
강원특별자치도,화천군,실내장식가게,32.0,33.0,31.0
강원특별자치도,화천군,실외골프연습장,0.0,0.0,0.0
강원특별자치도,화천군,안경점,4.0,4.0,3.0
강원특별자치도,화천군,애완용품점,4.0,4.0,4.0
강원특별자치도,화천군,약국,8.0,8.0,8.0
강원특별자치도,화천군,여관ㆍ모텔,37.0,38.0,39.0
강원특별자치도,화천군,여행사,4.0,3.0,3.0
강원특별자치도,화천군,예술학원,4.0,4.0,5.0
강원특별자치도,화천군,옷가게,14.0,14.0,13.0
강원특별자치도,화천군,의료용품가게,0.0,0.0,0.0
강원특별자치도,화천군,이륜자동차판매점,0.0,0.0,0.0
강원특별자치도,화천군,이발소,13.0,12.0,12.0
강원특별자치도,화천군,일반외과의원,0.0,0.0,0.0
강원특별자치도,화천군,일식음식점,6.0,6.0,6.0
강원특별자치도,화천군,자동차수리점,25.0,25.0,26.0
강원특별자치도,화천군,자전거판매점,0.0,0.0,0.0
강원특별자치도,화천군,장난감가게,0.0,0.0,0.0
강원특별자치도,화천군,정육점,15.0,15.0,14.0
강원특별자치도,화천군,제과점,11.0,11.0,11.0
강원특별자치도,화천군,주유소,15.0,15.0,15.0
강원특별자치도,화천군,중고차판매점,0.0,0.0,0.0
강원특별자치도,화천군,중식음식점,29.0,30.0,27.0
강원특별자치도,화천군,채소가게,28.0,27.0,25.0
강원특별자치도,화천군,철물점,12.0,12.0,12.0
강원특별자치도,화천군,치과의원,6.0,6.0,5.0
강원특별자치도,화천군,침구ㆍ커튼가게,3.0,3.0,3.0
강원특별자치도,화천군,커피음료점,42.0,41.0,40.0
강원특별자치도,화천군,컴퓨터판매점,0.0,0.0,0.0
강원특별자치도,화천군,통신판매업,112.0,111.0,108.0
강원특별자치도,화천군,패스트푸드점,50.0,51.0,50.0
강원특별자치도,화천군,펜션ㆍ게스트하우스,154.0,156.0,152.0
강원특별자치도,화천군,편의점,28.0,28.0,28.0
강원특별자치도,화천군,피부관리업,10.0,10.0,14.0
강원특별자치도,화천군,한방병원ㆍ한의원,3.0,3.0,4.0
강원특별자치도,화천군,한식음식점,358.0,359.0,369.0
강원특별자치도,화천군,헬스클럽,0.0,0.0,0.0
강원특별자치도,화천군,호프주점,6.0,6.0,7.0
강원특별자치도,화천군,화장품가게,6.0,6.0,8.0
강원특별자치도,화천군,휴대폰가게,5.0,5.0,6.0
강원특별자치도,횡성군,LPG 충전소,4.0,4.0,4.0
강원특별자치도,횡성군,pc방,5.0,5.0,4.0
강원특별자치도,횡성군,가구점,5.0,5.0,5.0
강원특별자치도,횡성군,가전제품수리점,14.0,13.0,12.0
강원특별자치도,횡성군,가전제품판매점,9.0,9.0,9.0
강원특별자치도,횡성군,간이주점,0.0,0.0,0.0
강원특별자치도,횡성군,간판광고물업,16.0,16.0,17.0
강원특별자치도,횡성군,감정평가사,0.0,0.0,0.0
강원특별자치도,횡성군,건강보조식품가게,13.0,12.0,15.0
강원특별자치도,횡성군,건어물가게,0.0,0.0,0.0
강원특별자치도,횡성군,건축사,13.0,12.0,12.0
강원특별자치도,횡성군,곡물가게,19.0,19.0,20.0
강원특별자치도,횡성군,공인노무사,0.0,0.0,0.0
강원특별자치도,횡성군,과일가게,9.0,9.0,10.0
강원특별자치도,횡성군,교습소ㆍ공부방,20.0,18.0,17.0
강원특별자치도,횡성군,교습학원,31.0,31.0,34.0
강원특별자치도,횡성군,구내식당,10.0,11.0,11.0
강원특별자치도,횡성군,기술ㆍ직업훈련학원,20.0,19.0,13.0
강원특별자치도,횡성군,기술사,3.0,3.0,5.0
강원특별자치도,횡성군,기타외국식음식점,21.0,20.0,19.0
강원특별자치도,횡성군,기타음식점,21.0,21.0,23.0
강원특별자치도,횡성군,꽃가게,41.0,41.0,41.0
강원특별자치도,횡성군,내과ㆍ소아과의원,8.0,8.0,8.0
강원특별자치도,횡성군,노래방,22.0,22.0,24.0
강원특별자치도,횡성군,담배ㆍ복권소매업,13.0,13.0,14.0
강원특별자치도,횡성군,당구장,23.0,23.0,21.0
강원특별자치도,횡성군,독서실,0.0,0.0,0.0
강원특별자치도,횡성군,동물병원,11.0,11.0,11.0
강원특별자치도,횡성군,목욕탕,5.0,5.0,5.0
강원특별자치도,횡성군,문구점,11.0,11.0,9.0
강원특별자치도,횡성군,미용실,72.0,72.0,71.0
강원특별자치도,횡성군,법무사,5.0,5.0,6.0
강원특별자치도,횡성군,부동산중개업,109.0,110.0,117.0
강원특별자치도,횡성군,분식점,38.0,39.0,40.0
강원특별자치도,횡성군,사진촬영업,12.0,12.0,7.0
강원특별자치도,횡성군,생선가게,3.0,3.0,3.0
강원특별자치도,횡성군,서점,3.0,3.0,3.0
강원특별자치도,횡성군,세무사,3.0,3.0,3.0
강원특별자치도,횡성군,세탁소,21.0,21.0,21.0
강원특별자치도,횡성군,슈퍼마켓,20.0,20.0,21.0
강원특별자치도,횡성군,스포츠교육기관,16.0,15.0,15.0
강원특별자치도,횡성군,스포츠시설운영업,0.0,0.0,0.0
강원특별자치도,횡성군,스포츠용품점,27.0,26.0,25.0
강원특별자치도,횡성군,시계ㆍ귀금속점,5.0,5.0,5.0
강원특별자치도,횡성군,식료품가게,71.0,72.0,73.0
강원특별자치도,횡성군,신발가게,7.0,7.0,7.0
강원특별자치도,횡성군,실내스크린골프점,5.0,5.0,4.0
강원특별자치도,횡성군,실내장식가게,71.0,71.0,68.0
강원특별자치도,횡성군,실외골프연습장,4.0,4.0,4.0
강원특별자치도,횡성군,안경점,5.0,5.0,4.0
강원특별자치도,횡성군,안과의원,0.0,0.0,0.0
강원특별자치도,횡성군,애완용품점,6.0,5.0,5.0
강원특별자치도,횡성군,약국,18.0,18.0,17.0
강원특별자치도,횡성군,여관ㆍ모텔,31.0,32.0,32.0
강원특별자치도,횡성군,여행사,11.0,11.0,10.0
강원특별자치도,횡성군,예술학원,14.0,14.0,14.0
강원특별자치도,횡성군,예식장,0.0,0.0,0.0
강원특별자치도,횡성군,옷가게,61.0,62.0,65.0
강원특별자치도,횡성군,의료용품가게,4.0,4.0,5.0
강원특별자치도,횡성군,이륜자동차판매점,3.0,3.0,4.0
강원특별자치도,횡성군,이발소,22.0,22.0,22.0
강원특별자치도,횡성군,일반외과의원,3.0,3.0,0.0
강원특별자치도,횡성군,일식음식점,12.0,12.0,11.0
강원특별자치도,횡성군,자동차수리점,49.0,49.0,48.0
강원특별자치도,횡성군,자전거판매점,0.0,0.0,0.0
강원특별자치도,횡성군,장난감가게,3.0,3.0,0.0
강원특별자치도,횡성군,정육점,58.0,61.0,61.0
강원특별자치도,횡성군,제과점,17.0,17.0,16.0
강원특별자치도,횡성군,종합병원,5.0,5.0,5.0
강원특별자치도,횡성군,주유소,24.0,24.0,25.0
강원특별자치도,횡성군,주차장운영업,0.0,0.0,0.0
강원특별자치도,횡성군,중고차판매점,0.0,0.0,0.0
강원특별자치도,횡성군,중식음식점,37.0,37.0,35.0
강원특별자치도,횡성군,채소가게,83.0,82.0,76.0
강원특별자치도,횡성군,철물점,20.0,20.0,20.0
강원특별자치도,횡성군,치과의원,9.0,9.0,8.0
강원특별자치도,횡성군,침구ㆍ커튼가게,13.0,13.0,13.0
강원특별자치도,횡성군,커피음료점,113.0,113.0,108.0
강원특별자치도,횡성군,컴퓨터판매점,3.0,3.0,3.0
강원특별자치도,횡성군,통신판매업,336.0,330.0,304.0
강원특별자치도,횡성군,패스트푸드점,45.0,45.0,47.0
강원특별자치도,횡성군,펜션ㆍ게스트하우스,179.0,177.0,163.0
강원특별자치도,횡성군,편의점,53.0,54.0,53.0
강원특별자치도,횡성군,피부관리업,22.0,22.0,20.0
강원특별자치도,횡성군,한방병원ㆍ한의원,12.0,12.0,12.0
강원특별자치도,횡성군,한식음식점,684.0,684.0,679.0
강원특별자치도,횡성군,헬스클럽,5.0,5.0,4.0
강원특별자치도,횡성군,호프주점,5.0,6.0,7.0
강원특별자치도,횡성군,화장품가게,20.0,21.0,28.0
강원특별자치도,횡성군,휴대폰가게,9.0,9.0,10.0
경기도,가평군,LPG 충전소,11.0,11.0,11.0
경기도,가평군,pc방,11.0,11.0,11.0
경기도,가평군,가구점,14.0,14.0,14.0
경기도,가평군,가전제품수리점,23.0,23.0,22.0
경기도,가평군,가전제품판매점,11.0,11.0,11.0
경기도,가평군,간이주점,4.0,5.0,6.0
경기도,가평군,간판광고물업,13.0,13.0,13.0
경기도,가평군,감정평가사,3.0,3.0,3.0
경기도,가평군,건강보조식품가게,18.0,18.0,18.0
경기도,가평군,건어물가게,7.0,7.0,7.0
경기도,가평군,건축사,27.0,27.0,24.0
경기도,가평군,결혼상담소,0.0,0.0,0.0
경기도,가평군,곡물가게,14.0,14.0,12.0
경기도,가평군,과일가게,80.0,80.0,82.0
경기도,가평군,교습소ㆍ공부방,44.0,41.0,41.0
경기도,가평군,교습학원,39.0,40.0,34.0
경기도,가평군,구내식당,26.0,27.0,23.0
경기도,가평군,기술ㆍ직업훈련학원,40.0,39.0,41.0
경기도,가평군,기술사,0.0,0.0,0.0
경기도,가평군,기타외국식음식점,48.0,49.0,47.0
경기도,가평군,기타음식점,33.0,33.0,37.0
경기도,가평군,꽃가게,39.0,40.0,36.0
경기도,가평군,내과ㆍ소아과의원,15.0,15.0,13.0
경기도,가평군,노래방,16.0,16.0,18.0
경기도,가평군,담배ㆍ복권소매업,26.0,25.0,24.0
경기도,가평군,당구장,38.0,38.0,41.0
경기도,가평군,독서실,0.0,0.0,0.0
경기도,가평군,동물병원,8.0,8.0,9.0
경기도,가평군,목욕탕,6.0,6.0,8.0
경기도,가평군,문구점,17.0,17.0,18.0
경기도,가평군,미용실,129.0,127.0,124.0
경기도,가평군,법무사,10.0,10.0,9.0
경기도,가평군,변호사,4.0,5.0,5.0
경기도,가평군,부동산중개업,234.0,235.0,245.0
경기도,가평군,분식점,61.0,61.0,64.0
경기도,가평군,사진촬영업,16.0,16.0,15.0
경기도,가평군,생선가게,0.0,0.0,0.0
경기도,가평군,서점,9.0,9.0,9.0
경기도,가평군,세무사,5.0,5.0,5.0
경기도,가평군,세탁소,28.0,27.0,27.0
경기도,가평군,슈퍼마켓,59.0,59.0,57.0
경기도,가평군,스포츠교육기관,37.0,36.0,38.0
경기도,가평군,스포츠시설운영업,12.0,12.0,9.0
경기도,가평군,스포츠용품점,44.0,44.0,43.0
경기도,가평군,시계ㆍ귀금속점,12.0,12.0,12.0
경기도,가평군,식료품가게,247.0,246.0,252.0
경기도,가평군,신경정신과의원,0.0,0.0,0.0
경기도,가평군,신발가게,6.0,6.0,7.0
경기도,가평군,실내스크린골프점,15.0,15.0,15.0
경기도,가평군,실내장식가게,172.0,174.0,159.0
경기도,가평군,실외골프연습장,3.0,3.0,3.0
경기도,가평군,안경점,9.0,9.0,10.0
경기도,가평군,안과의원,0.0,0.0,0.0
경기도,가평군,애완용품점,20.0,20.0,23.0
경기도,가평군,약국,28.0,28.0,28.0
경기도,가평군,여관ㆍ모텔,98.0,98.0,99.0
경기도,가평군,여행사,28.0,28.0,25.0
경기도,가평군,예술학원,31.0,30.0,32.0
경기도,가평군,예식장,0.0,0.0,0.0
경기도,가평군,옷가게,89.0,89.0,85.0
경기도,가평군,의료용품가게,5.0,5.0,7.0
경기도,가평군,이륜자동차판매점,5.0,4.0,4.0
경기도,가평군,이발소,19.0,19.0,20.0
경기도,가평군,일반외과의원,10.0,10.0,9.0
경기도,가평군,일식음식점,14.0,15.0,16.0
경기도,가평군,자동차수리점,80.0,80.0,77.0
경기도,가평군,자전거판매점,6.0,6.0,7.0
경기도,가평군,장난감가게,4.0,4.0,4.0
경기도,가평군,정육점,43.0,42.0,39.0
경기도,가평군,제과점,30.0,30.0,28.0
경기도,가평군,종합병원,7.0,7.0,7.0
경기도,가평군,주유소,40.0,40.0,40.0
경기도,가평군,주차장운영업,13.0,13.0,12.0
경기도,가평군,중고차판매점,0.0,0.0,0.0
경기도,가평군,중식음식점,36.0,36.0,35.0
경기도,가평군,채소가게,45.0,45.0,40.0
경기도,가평군,철물점,23.0,23.0,21.0
경기도,가평군,치과의원,21.0,21.0,21.0
경기도,가평군,침구ㆍ커튼가게,8.0,8.0,7.0
경기도,가평군,커피음료점,188.0,190.0,193.0
경기도,가평군,컴퓨터판매점,10.0,10.0,8.0
경기도,가평군,통신판매업,659.0,648.0,607.0
경기도,가평군,패스트푸드점,92.0,92.0,94.0
경기도,가평군,펜션ㆍ게스트하우스,1257.0,1251.0,1236.0
경기도,가평군,편의점,128.0,129.0,136.0
경기도,가평군,피부관리업,40.0,38.0,38.0
경기도,가평군,한방병원ㆍ한의원,14.0,14.0,15.0
경기도,가평군,한식음식점,1193.0,1192.0,1191.0
경기도,가평군,헬스클럽,11.0,11.0,9.0
경기도,가평군,호프주점,10.0,10.0,10.0
경기도,가평군,화장품가게,38.0,39.0,41.0
경기도,가평군,휴대폰가게,17.0,17.0,18.0
경기도,고양시 덕양구,LPG 충전소,11.0,13.0,11.0
경기도,고양시 덕양구,pc방,47.0,47.0,49.0
경기도,고양시 덕양구,가구점,53.0,53.0,54.0
경기도,고양시 덕양구,가전제품수리점,307.0,308.0,284.0
경기도,고양시 덕양구,가전제품판매점,95.0,95.0,88.0
경기도,고양시 덕양구,간이주점,25.0,24.0,26.0
경기도,고양시 덕양구,간판광고물업,153.0,152.0,145.0
경기도,고양시 덕양구,감정평가사,19.0,19.0,16.0
경기도,고양시 덕양구,건강보조식품가게,105.0,106.0,93.0
경기도,고양시 덕양구,건어물가게,20.0,20.0,18.0
경기도,고양시 덕양구,건축사,120.0,120.0,106.0
경기도,고양시 덕양구,결혼상담소,16.0,18.0,12.0
경기도,고양시 덕양구,곡물가게,20.0,21.0,19.0
경기도,고양시 덕양구,공인노무사,14.0,15.0,19.0
경기도,고양시 덕양구,공인회계사,14.0,15.0,12.0
경기도,고양시 덕양구,과일가게,67.0,68.0,68.0
경기도,고양시 덕양구,교습소ㆍ공부방,607.0,606.0,607.0
경기도,고양시 덕양구,교습학원,713.0,715.0,688.0
경기도,고양시 덕양구,구내식당,52.0,52.0,51.0
경기도,고양시 덕양구,기술ㆍ직업훈련학원,231.0,229.0,206.0
경기도,고양시 덕양구,기술사,12.0,12.0,13.0
경기도,고양시 덕양구,기타외국식음식점,234.0,234.0,239.0
경기도,고양시 덕양구,기타음식점,128.0,128.0,113.0
경기도,고양시 덕양구,기타일반의원,23.0,23.0,22.0
경기도,고양시 덕양구,꽃가게,320.0,323.0,322.0
경기도,고양시 덕양구,내과ㆍ소아과의원,106.0,106.0,106.0
경기도,고양시 덕양구,노래방,194.0,196.0,202.0
경기도,고양시 덕양구,담배ㆍ복권소매업,72.0,71.0,67.0
경기도,고양시 덕양구,당구장,171.0,172.0,162.0
경기도,고양시 덕양구,독서실,41.0,42.0,43.0
경기도,고양시 덕양구,동물병원,44.0,43.0,44.0
경기도,고양시 덕양구,목욕탕,20.0,20.0,21.0
경기도,고양시 덕양구,문구점,98.0,101.0,101.0
경기도,고양시 덕양구,미용실,886.0,882.0,864.0
경기도,고양시 덕양구,법무사,27.0,27.0,27.0
경기도,고양시 덕양구,변리사,6.0,6.0,5.0
경기도,고양시 덕양구,변호사,11.0,10.0,10.0
경기도,고양시 덕양구,부동산중개업,1253.0,1262.0,1299.0
경기도,고양시 덕양구,분식점,350.0,356.0,379.0
경기도,고양시 덕양구,사진촬영업,323.0,324.0,292.0
경기도,고양시 덕양구,산부인과의원,19.0,19.0,19.0
경기도,고양시 덕양구,생선가게,46.0,47.0,39.0
경기도,고양시 덕양구,서점,82.0,82.0,82.0
경기도,고양시 덕양구,성형외과의원,0.0,0.0,0.0
경기도,고양시 덕양구,세무사,92.0,93.0,82.0
경기도,고양시 덕양구,세탁소,221.0,219.0,208.0
경기도,고양시 덕양구,슈퍼마켓,216.0,213.0,207.0
경기도,고양시 덕양구,스포츠교육기관,433.0,430.0,400.0
경기도,고양시 덕양구,스포츠시설운영업,112.0,111.0,111.0
경기도,고양시 덕양구,스포츠용품점,140.0,142.0,151.0
경기도,고양시 덕양구,시계ㆍ귀금속점,44.0,45.0,40.0
경기도,고양시 덕양구,식료품가게,236.0,239.0,251.0
경기도,고양시 덕양구,신경정신과의원,17.0,17.0,17.0
경기도,고양시 덕양구,신발가게,25.0,26.0,30.0
경기도,고양시 덕양구,실내스크린골프점,87.0,86.0,81.0
경기도,고양시 덕양구,실내장식가게,1180.0,1173.0,1106.0
경기도,고양시 덕양구,실외골프연습장,8.0,8.0,9.0
경기도,고양시 덕양구,안경점,62.0,62.0,59.0
경기도,고양시 덕양구,안과의원,14.0,14.0,14.0
경기도,고양시 덕양구,애완용품점,140.0,143.0,132.0
경기도,고양시 덕양구,약국,214.0,215.0,216.0
경기도,고양시 덕양구,여관ㆍ모텔,62.0,62.0,63.0
경기도,고양시 덕양구,여행사,159.0,161.0,125.0
경기도,고양시 덕양구,예술학원,378.0,376.0,364.0
경기도,고양시 덕양구,예식장,3.0,3.0,0.0
경기도,고양시 덕양구,옷가게,493.0,500.0,524.0
경기도,고양시 덕양구,의료용품가게,77.0,74.0,67.0
경기도,고양시 덕양구,이륜자동차판매점,11.0,11.0,10.0
경기도,고양시 덕양구,이발소,56.0,56.0,56.0
경기도,고양시 덕양구,이비인후과의원,33.0,33.0,32.0
경기도,고양시 덕양구,일반외과의원,57.0,57.0,57.0
경기도,고양시 덕양구,일식음식점,184.0,188.0,203.0
경기도,고양시 덕양구,자동차수리점,410.0,410.0,405.0
경기도,고양시 덕양구,자전거판매점,28.0,28.0,30.0
경기도,고양시 덕양구,장난감가게,42.0,39.0,24.0
경기도,고양시 덕양구,정육점,147.0,146.0,154.0
경기도,고양시 덕양구,제과점,221.0,219.0,200.0
경기도,고양시 덕양구,종합병원,19.0,19.0,17.0
경기도,고양시 덕양구,주유소,70.0,67.0,67.0
경기도,고양시 덕양구,주차장운영업,97.0,97.0,89.0
경기도,고양시 덕양구,중고차판매점,7.0,5.0,5.0
경기도,고양시 덕양구,중식음식점,197.0,197.0,185.0
경기도,고양시 덕양구,채소가게,88.0,88.0,81.0
경기도,고양시 덕양구,철물점,65.0,66.0,70.0
경기도,고양시 덕양구,치과의원,145.0,145.0,144.0
경기도,고양시 덕양구,침구ㆍ커튼가게,54.0,53.0,54.0
경기도,고양시 덕양구,커피음료점,571.0,562.0,576.0
경기도,고양시 덕양구,컴퓨터판매점,72.0,71.0,64.0
경기도,고양시 덕양구,통신판매업,9103.0,9026.0,8485.0
경기도,고양시 덕양구,패스트푸드점,378.0,383.0,371.0
경기도,고양시 덕양구,펜션ㆍ게스트하우스,10.0,10.0,9.0
경기도,고양시 덕양구,편의점,394.0,398.0,404.0
경기도,고양시 덕양구,피부ㆍ비뇨기과의원,39.0,40.0,36.0
경기도,고양시 덕양구,피부관리업,593.0,595.0,567.0
경기도,고양시 덕양구,한방병원ㆍ한의원,138.0,138.0,133.0
경기도,고양시 덕양구,한식음식점,2520.0,2522.0,2532.0
경기도,고양시 덕양구,헬스클럽,130.0,125.0,127.0
경기도,고양시 덕양구,호프주점,138.0,136.0,140.0
경기도,고양시 덕양구,화장품가게,266.0,271.0,298.0
경기도,고양시 덕양구,휴대폰가게,122.0,120.0,133.0
경기도,고양시 일산동구,LPG 충전소,7.0,8.0,8.0
경기도,고양시 일산동구,pc방,33.0,33.0,31.0
경기도,고양시 일산동구,가구점,78.0,77.0,81.0
경기도,고양시 일산동구,가전제품수리점,171.0,172.0,168.0
경기도,고양시 일산동구,가전제품판매점,65.0,65.0,69.0
경기도,고양시 일산동구,간이주점,44.0,44.0,46.0
경기도,고양시 일산동구,간판광고물업,189.0,189.0,201.0
경기도,고양시 일산동구,감정평가사,26.0,26.0,26.0
경기도,고양시 일산동구,건강보조식품가게,68.0,68.0,74.0
경기도,고양시 일산동구,건어물가게,7.0,7.0,11.0
경기도,고양시 일산동구,건축사,65.0,64.0,63.0
경기도,고양시 일산동구,결혼상담소,10.0,10.0,11.0
경기도,고양시 일산동구,곡물가게,10.0,10.0,8.0
경기도,고양시 일산동구,공인노무사,14.0,14.0,11.0
경기도,고양시 일산동구,공인회계사,27.0,27.0,29.0
경기도,고양시 일산동구,과일가게,42.0,42.0,38.0
경기도,고양시 일산동구,교습소ㆍ공부방,437.0,438.0,405.0
경기도,고양시 일산동구,교습학원,492.0,494.0,486.0
경기도,고양시 일산동구,구내식당,56.0,57.0,63.0
경기도,고양시 일산동구,기술ㆍ직업훈련학원,207.0,208.0,197.0
경기도,고양시 일산동구,기술사,10.0,9.0,7.0
경기도,고양시 일산동구,기타외국식음식점,264.0,267.0,278.0
경기도,고양시 일산동구,기타음식점,101.0,99.0,97.0
경기도,고양시 일산동구,기타일반의원,17.0,17.0,15.0
경기도,고양시 일산동구,꽃가게,166.0,166.0,167.0
경기도,고양시 일산동구,내과ㆍ소아과의원,61.0,61.0,62.0
경기도,고양시 일산동구,노래방,194.0,197.0,205.0
경기도,고양시 일산동구,담배ㆍ복권소매업,52.0,52.0,52.0
경기도,고양시 일산동구,당구장,110.0,111.0,106.0
경기도,고양시 일산동구,독서실,32.0,34.0,38.0
경기도,고양시 일산동구,동물병원,40.0,41.0,41.0
경기도,고양시 일산동구,목욕탕,14.0,14.0,13.0
경기도,고양시 일산동구,문구점,61.0,63.0,61.0
경기도,고양시 일산동구,미용실,603.0,603.0,589.0
경기도,고양시 일산동구,법무사,73.0,73.0,69.0
경기도,고양시 일산동구,변리사,3.0,3.0,3.0
경기도,고양시 일산동구,변호사,121.0,121.0,121.0
경기도,고양시 일산동구,부동산중개업,960.0,958.0,1001.0
경기도,고양시 일산동구,분식점,195.0,195.0,199.0
경기도,고양시 일산동구,사진촬영업,197.0,200.0,184.0
경기도,고양시 일산동구,산부인과의원,9.0,9.0,9.0
경기도,고양시 일산동구,생선가게,11.0,11.0,10.0
경기도,고양시 일산동구,서점,98.0,98.0,96.0
경기도,고양시 일산동구,성형외과의원,10.0,10.0,11.0
경기도,고양시 일산동구,세무사,189.0,189.0,189.0
경기도,고양시 일산동구,세탁소,151.0,154.0,150.0
경기도,고양시 일산동구,슈퍼마켓,137.0,136.0,140.0
경기도,고양시 일산동구,스포츠교육기관,280.0,284.0,273.0
경기도,고양시 일산동구,스포츠시설운영업,79.0,78.0,76.0
경기도,고양시 일산동구,스포츠용품점,112.0,115.0,122.0
경기도,고양시 일산동구,시계ㆍ귀금속점,39.0,40.0,40.0
경기도,고양시 일산동구,식료품가게,176.0,173.0,168.0
경기도,고양시 일산동구,신경정신과의원,10.0,10.0,10.0
경기도,고양시 일산동구,신발가게,25.0,25.0,31.0
경기도,고양시 일산동구,실내스크린골프점,73.0,71.0,70.0
경기도,고양시 일산동구,실내장식가게,778.0,774.0,782.0
경기도,고양시 일산동구,실외골프연습장,14.0,16.0,19.0
경기도,고양시 일산동구,안경점,53.0,53.0,56.0
경기도,고양시 일산동구,안과의원,5.0,4.0,4.0
경기도,고양시 일산동구,애완용품점,174.0,172.0,187.0
경기도,고양시 일산동구,약국,147.0,148.0,144.0
경기도,고양시 일산동구,여관ㆍ모텔,4.0,4.0,5.0
경기도,고양시 일산동구,여행사,116.0,115.0,115.0
경기도,고양시 일산동구,예술학원,246.0,246.0,243.0
경기도,고양시 일산동구,예식장,5.0,5.0,5.0
경기도,고양시 일산동구,옷가게,535.0,543.0,563.0
경기도,고양시 일산동구,의료용품가게,64.0,64.0,59.0
경기도,고양시 일산동구,이륜자동차판매점,11.0,11.0,9.0
경기도,고양시 일산동구,이발소,49.0,49.0,49.0
경기도,고양시 일산동구,이비인후과의원,15.0,15.0,15.0
경기도,고양시 일산동구,일반외과의원,29.0,27.0,24.0
경기도,고양시 일산동구,일식음식점,174.0,172.0,172.0
경기도,고양시 일산동구,자동차수리점,405.0,404.0,415.0
경기도,고양시 일산동구,자전거판매점,15.0,15.0,14.0
경기도,고양시 일산동구,장난감가게,43.0,43.0,40.0
경기도,고양시 일산동구,정육점,65.0,66.0,70.0
경기도,고양시 일산동구,제과점,191.0,189.0,174.0
경기도,고양시 일산동구,종합병원,29.0,30.0,33.0
경기도,고양시 일산동구,주유소,40.0,39.0,40.0
경기도,고양시 일산동구,주차장운영업,59.0,59.0,62.0
경기도,고양시 일산동구,중고차판매점,25.0,24.0,23.0
경기도,고양시 일산동구,중식음식점,149.0,146.0,149.0
경기도,고양시 일산동구,채소가게,33.0,33.0,31.0
경기도,고양시 일산동구,철물점,45.0,44.0,44.0
경기도,고양시 일산동구,치과의원,108.0,108.0,108.0
경기도,고양시 일산동구,침구ㆍ커튼가게,50.0,50.0,54.0
경기도,고양시 일산동구,커피음료점,548.0,553.0,575.0
경기도,고양시 일산동구,컴퓨터판매점,47.0,48.0,47.0
경기도,고양시 일산동구,통신판매업,6714.0,6705.0,6473.0
경기도,고양시 일산동구,패스트푸드점,243.0,239.0,258.0
경기도,고양시 일산동구,펜션ㆍ게스트하우스,15.0,15.0,11.0
경기도,고양시 일산동구,편의점,287.0,289.0,305.0
경기도,고양시 일산동구,피부ㆍ비뇨기과의원,35.0,35.0,34.0
경기도,고양시 일산동구,피부관리업,597.0,593.0,559.0
경기도,고양시 일산동구,한방병원ㆍ한의원,71.0,71.0,74.0
경기도,고양시 일산동구,한식음식점,1872.0,1898.0,1939.0
경기도,고양시 일산동구,헬스클럽,106.0,105.0,101.0
경기도,고양시 일산동구,호프주점,111.0,111.0,118.0
경기도,고양시 일산동구,화장품가게,297.0,295.0,305.0
경기도,고양시 일산동구,휴대폰가게,129.0,130.0,125.0
경기도,고양시 일산서구,LPG 충전소,5.0,5.0,6.0
경기도,고양시 일산서구,pc방,22.0,22.0,23.0
경기도,고양시 일산서구,가구점,77.0,77.0,80.0
경기도,고양시 일산서구,가전제품수리점,149.0,149.0,157.0
경기도,고양시 일산서구,가전제품판매점,44.0,44.0,46.0
경기도,고양시 일산서구,간이주점,31.0,31.0,37.0
경기도,고양시 일산서구,간판광고물업,83.0,83.0,86.0
경기도,고양시 일산서구,감정평가사,11.0,10.0,12.0
경기도,고양시 일산서구,건강보조식품가게,61.0,62.0,66.0
경기도,고양시 일산서구,건어물가게,16.0,16.0,15.0
경기도,고양시 일산서구,건축사,17.0,17.0,17.0
경기도,고양시 일산서구,결혼상담소,5.0,5.0,5.0
경기도,고양시 일산서구,곡물가게,13.0,13.0,15.0
경기도,고양시 일산서구,공인노무사,0.0,0.0,0.0
경기도,고양시 일산서구,공인회계사,8.0,8.0,10.0
경기도,고양시 일산서구,과일가게,44.0,43.0,44.0
경기도,고양시 일산서구,교습소ㆍ공부방,508.0,507.0,512.0
경기도,고양시 일산서구,교습학원,505.0,507.0,515.0
경기도,고양시 일산서구,구내식당,41.0,42.0,40.0
경기도,고양시 일산서구,기술ㆍ직업훈련학원,104.0,105.0,131.0
경기도,고양시 일산서구,기술사,11.0,11.0,10.0
경기도,고양시 일산서구,기타외국식음식점,96.0,97.0,102.0
경기도,고양시 일산서구,기타음식점,88.0,90.0,90.0
경기도,고양시 일산서구,기타일반의원,14.0,14.0,14.0
경기도,고양시 일산서구,꽃가게,105.0,106.0,110.0
경기도,고양시 일산서구,내과ㆍ소아과의원,65.0,64.0,64.0
경기도,고양시 일산서구,노래방,110.0,110.0,114.0
경기도,고양시 일산서구,담배ㆍ복권소매업,39.0,39.0,37.0
경기도,고양시 일산서구,당구장,78.0,78.0,81.0
경기도,고양시 일산서구,독서실,35.0,36.0,40.0
경기도,고양시 일산서구,동물병원,28.0,28.0,27.0
경기도,고양시 일산서구,목욕탕,13.0,13.0,14.0
경기도,고양시 일산서구,문구점,53.0,52.0,59.0
경기도,고양시 일산서구,미용실,532.0,527.0,518.0
경기도,고양시 일산서구,법무사,17.0,17.0,15.0
경기도,고양시 일산서구,변리사,3.0,3.0,3.0
경기도,고양시 일산서구,변호사,5.0,5.0,4.0
경기도,고양시 일산서구,부동산중개업,606.0,607.0,638.0
경기도,고양시 일산서구,분식점,190.0,190.0,204.0
경기도,고양시 일산서구,사진촬영업,111.0,112.0,112.0
경기도,고양시 일산서구,산부인과의원,7.0,7.0,7.0
경기도,고양시 일산서구,생선가게,23.0,25.0,27.0
경기도,고양시 일산서구,서점,79.0,79.0,74.0
경기도,고양시 일산서구,성형외과의원,4.0,4.0,4.0
경기도,고양시 일산서구,세무사,28.0,27.0,26.0
경기도,고양시 일산서구,세탁소,97.0,96.0,98.0
경기도,고양시 일산서구,슈퍼마켓,105.0,103.0,101.0
경기도,고양시 일산서구,스포츠교육기관,223.0,224.0,210.0
경기도,고양시 일산서구,스포츠시설운영업,59.0,60.0,66.0
경기도,고양시 일산서구,스포츠용품점,107.0,108.0,118.0
경기도,고양시 일산서구,시계ㆍ귀금속점,33.0,34.0,33.0
경기도,고양시 일산서구,식료품가게,142.0,148.0,152.0
경기도,고양시 일산서구,신경정신과의원,15.0,15.0,15.0
경기도,고양시 일산서구,신발가게,24.0,24.0,23.0
경기도,고양시 일산서구,실내스크린골프점,47.0,47.0,48.0
경기도,고양시 일산서구,실내장식가게,573.0,577.0,572.0
경기도,고양시 일산서구,실외골프연습장,8.0,8.0,10.0
경기도,고양시 일산서구,안경점,52.0,53.0,49.0
경기도,고양시 일산서구,안과의원,9.0,9.0,9.0
경기도,고양시 일산서구,애완용품점,77.0,78.0,70.0
경기도,고양시 일산서구,약국,134.0,132.0,132.0
경기도,고양시 일산서구,여관ㆍ모텔,36.0,35.0,36.0
경기도,고양시 일산서구,여행사,89.0,88.0,85.0
경기도,고양시 일산서구,예술학원,232.0,234.0,247.0
경기도,고양시 일산서구,예식장,0.0,0.0,0.0
경기도,고양시 일산서구,옷가게,413.0,418.0,420.0
경기도,고양시 일산서구,의료용품가게,36.0,36.0,35.0
경기도,고양시 일산서구,이륜자동차판매점,9.0,9.0,9.0
경기도,고양시 일산서구,이발소,34.0,36.0,37.0
경기도,고양시 일산서구,이비인후과의원,19.0,19.0,19.0
경기도,고양시 일산서구,일반외과의원,35.0,33.0,33.0
경기도,고양시 일산서구,일식음식점,69.0,70.0,77.0
경기도,고양시 일산서구,자동차수리점,318.0,319.0,312.0
경기도,고양시 일산서구,자전거판매점,17.0,17.0,17.0
경기도,고양시 일산서구,장난감가게,14.0,14.0,14.0
경기도,고양시 일산서구,정육점,68.0,70.0,70.0
경기도,고양시 일산서구,제과점,121.0,121.0,117.0
경기도,고양시 일산서구,종합병원,12.0,12.0,12.0
경기도,고양시 일산서구,주유소,25.0,26.0,26.0
경기도,고양시 일산서구,주차장운영업,26.0,26.0,23.0
경기도,고양시 일산서구,중고차판매점,21.0,21.0,18.0
경기도,고양시 일산서구,중식음식점,95.0,99.0,102.0
경기도,고양시 일산서구,채소가게,45.0,45.0,47.0
경기도,고양시 일산서구,철물점,32.0,32.0,27.0
경기도,고양시 일산서구,치과의원,97.0,97.0,98.0
경기도,고양시 일산서구,침구ㆍ커튼가게,41.0,39.0,43.0
경기도,고양시 일산서구,커피음료점,327.0,329.0,328.0
경기도,고양시 일산서구,컴퓨터판매점,33.0,36.0,33.0
경기도,고양시 일산서구,통신판매업,5177.0,5152.0,5155.0
경기도,고양시 일산서구,패스트푸드점,189.0,194.0,206.0
경기도,고양시 일산서구,펜션ㆍ게스트하우스,10.0,13.0,5.0
경기도,고양시 일산서구,편의점,197.0,198.0,204.0
경기도,고양시 일산서구,피부ㆍ비뇨기과의원,29.0,29.0,28.0
경기도,고양시 일산서구,피부관리업,336.0,337.0,336.0
경기도,고양시 일산서구,한방병원ㆍ한의원,88.0,89.0,90.0
경기도,고양시 일산서구,한식음식점,1201.0,1209.0,1239.0
경기도,고양시 일산서구,헬스클럽,80.0,82.0,85.0
경기도,고양시 일산서구,호프주점,47.0,47.0,53.0
경기도,고양시 일산서구,화장품가게,188.0,189.0,187.0
경기도,고양시 일산서구,휴대폰가게,83.0,83.0,82.0
경기도,과천시,LPG 충전소,3.0,3.0,3.0
경기도,과천시,pc방,4.0,3.0,3.0
경기도,과천시,가구점,9.0,9.0,7.0
경기도,과천시,가전제품수리점,9.0,9.0,9.0
경기도,과천시,가전제품판매점,4.0,5.0,4.0
경기도,과천시,간이주점,0.0,0.0,0.0
경기도,과천시,간판광고물업,21.0,21.0,21.0
경기도,과천시,감정평가사,5.0,5.0,5.0
경기도,과천시,건강보조식품가게,15.0,15.0,16.0
경기도,과천시,건축사,47.0,46.0,45.0
경기도,과천시,결혼상담소,0.0,0.0,0.0
경기도,과천시,곡물가게,0.0,0.0,0.0
경기도,과천시,공인노무사,3.0,3.0,0.0
경기도,과천시,공인회계사,5.0,5.0,5.0
경기도,과천시,과일가게,13.0,13.0,11.0
경기도,과천시,교습소ㆍ공부방,192.0,192.0,167.0
경기도,과천시,교습학원,142.0,140.0,138.0
경기도,과천시,구내식당,26.0,26.0,25.0
경기도,과천시,기술ㆍ직업훈련학원,40.0,38.0,37.0
경기도,과천시,기술사,8.0,8.0,9.0
경기도,과천시,기타외국식음식점,48.0,48.0,40.0
경기도,과천시,기타음식점,25.0,24.0,31.0
경기도,과천시,기타일반의원,3.0,3.0,3.0
경기도,과천시,꽃가게,224.0,226.0,245.0
경기도,과천시,내과ㆍ소아과의원,21.0,21.0,20.0
경기도,과천시,노래방,6.0,6.0,6.0
경기도,과천시,담배ㆍ복권소매업,14.0,14.0,9.0
경기도,과천시,당구장,6.0,6.0,7.0
경기도,과천시,독서실,3.0,3.0,3.0
경기도,과천시,동물병원,12.0,12.0,11.0
경기도,과천시,목욕탕,0.0,0.0,0.0
경기도,과천시,문구점,15.0,15.0,15.0
경기도,과천시,미용실,99.0,98.0,88.0
경기도,과천시,법무사,7.0,7.0,7.0
경기도,과천시,변리사,6.0,6.0,5.0
경기도,과천시,변호사,5.0,5.0,4.0
경기도,과천시,부동산중개업,291.0,291.0,276.0
경기도,과천시,분식점,51.0,52.0,55.0
경기도,과천시,사진촬영업,31.0,31.0,22.0
경기도,과천시,산부인과의원,3.0,4.0,3.0
경기도,과천시,생선가게,0.0,0.0,0.0
경기도,과천시,서점,30.0,29.0,28.0
경기도,과천시,세무사,28.0,27.0,19.0
경기도,과천시,세탁소,19.0,19.0,17.0
경기도,과천시,슈퍼마켓,32.0,32.0,33.0
경기도,과천시,스포츠교육기관,73.0,72.0,66.0
경기도,과천시,스포츠시설운영업,13.0,13.0,13.0
경기도,과천시,스포츠용품점,23.0,23.0,21.0
경기도,과천시,시계ㆍ귀금속점,5.0,5.0,3.0
경기도,과천시,식료품가게,50.0,50.0,46.0
경기도,과천시,신경정신과의원,6.0,6.0,5.0
경기도,과천시,신발가게,0.0,0.0,0.0
경기도,과천시,실내스크린골프점,13.0,13.0,13.0
경기도,과천시,실내장식가게,113.0,110.0,100.0
경기도,과천시,실외골프연습장,0.0,0.0,0.0
경기도,과천시,안경점,10.0,10.0,10.0
경기도,과천시,안과의원,4.0,4.0,3.0
경기도,과천시,애완용품점,9.0,9.0,7.0
경기도,과천시,약국,33.0,33.0,32.0
경기도,과천시,여관ㆍ모텔,0.0,0.0,0.0
경기도,과천시,여행사,11.0,11.0,10.0
경기도,과천시,예술학원,51.0,50.0,46.0
경기도,과천시,예식장,0.0,0.0,0.0
경기도,과천시,옷가게,87.0,87.0,88.0
경기도,과천시,의료용품가게,4.0,4.0,3.0
경기도,과천시,이륜자동차판매점,0.0,0.0,0.0
경기도,과천시,이발소,7.0,7.0,5.0
경기도,과천시,이비인후과의원,8.0,8.0,9.0
경기도,과천시,일반외과의원,7.0,7.0,6.0
경기도,과천시,일식음식점,32.0,32.0,23.0
경기도,과천시,자동차수리점,52.0,52.0,46.0
경기도,과천시,자전거판매점,0.0,0.0,0.0
경기도,과천시,장난감가게,5.0,5.0,3.0
경기도,과천시,정육점,16.0,16.0,17.0
경기도,과천시,제과점,40.0,39.0,37.0
경기도,과천시,주유소,3.0,3.0,3.0
경기도,과천시,주차장운영업,19.0,19.0,19.0
경기도,과천시,중고차판매점,0.0,0.0,0.0
경기도,과천시,중식음식점,20.0,21.0,22.0
경기도,과천시,채소가게,11.0,11.0,11.0
경기도,과천시,철물점,4.0,4.0,5.0
경기도,과천시,치과의원,30.0,30.0,27.0
경기도,과천시,침구ㆍ커튼가게,8.0,8.0,10.0
경기도,과천시,커피음료점,151.0,152.0,142.0
경기도,과천시,컴퓨터판매점,12.0,13.0,10.0
경기도,과천시,통신판매업,1114.0,1092.0,1025.0
경기도,과천시,패스트푸드점,49.0,49.0,47.0
경기도,과천시,펜션ㆍ게스트하우스,0.0,0.0,0.0
경기도,과천시,편의점,76.0,75.0,81.0
경기도,과천시,피부ㆍ비뇨기과의원,10.0,10.0,9.0
경기도,과천시,피부관리업,64.0,63.0,62.0
경기도,과천시,한방병원ㆍ한의원,24.0,24.0,20.0
경기도,과천시,한식음식점,300.0,299.0,291.0
경기도,과천시,헬스클럽,23.0,24.0,22.0
경기도,과천시,호프주점,4.0,4.0,5.0
경기도,과천시,화장품가게,27.0,29.0,27.0
경기도,과천시,휴대폰가게,12.0,13.0,11.0
경기도,광명시,LPG 충전소,3.0,3.0,3.0
경기도,광명시,pc방,30.0,31.0,36.0
경기도,광명시,가구점,44.0,45.0,41.0
경기도,광명시,가전제품수리점,117.0,117.0,99.0
경기도,광명시,가전제품판매점,52.0,53.0,51.0
경기도,광명시,간이주점,23.0,24.0,30.0
경기도,광명시,간판광고물업,61.0,61.0,64.0
경기도,광명시,감정평가사,10.0,10.0,8.0
경기도,광명시,건강보조식품가게,75.0,75.0,66.0
경기도,광명시,건어물가게,39.0,38.0,39.0
경기도,광명시,건축사,41.0,42.0,35.0
경기도,광명시,결혼상담소,11.0,11.0,10.0
경기도,광명시,곡물가게,27.0,27.0,24.0
경기도,광명시,공인노무사,11.0,11.0,10.0
경기도,광명시,공인회계사,10.0,10.0,9.0
경기도,광명시,과일가게,64.0,64.0,61.0
경기도,광명시,교습소ㆍ공부방,349.0,349.0,335.0
경기도,광명시,교습학원,467.0,472.0,461.0
경기도,광명시,구내식당,78.0,79.0,85.0
경기도,광명시,기술ㆍ직업훈련학원,122.0,122.0,111.0
경기도,광명시,기술사,16.0,16.0,15.0
경기도,광명시,기타외국식음식점,85.0,86.0,83.0
경기도,광명시,기타음식점,74.0,75.0,77.0
경기도,광명시,기타일반의원,18.0,18.0,18.0
경기도,광명시,꽃가게,228.0,229.0,223.0
경기도,광명시,내과ㆍ소아과의원,73.0,73.0,73.0
경기도,광명시,노래방,84.0,85.0,92.0
경기도,광명시,담배ㆍ복권소매업,43.0,43.0,41.0
경기도,광명시,당구장,78.0,79.0,82.0
경기도,광명시,독서실,27.0,26.0,29.0
경기도,광명시,동물병원,19.0,18.0,16.0
경기도,광명시,목욕탕,9.0,9.0,10.0
경기도,광명시,문구점,47.0,47.0,44.0
경기도,광명시,미용실,552.0,549.0,532.0
경기도,광명시,법무사,20.0,20.0,21.0
경기도,광명시,변리사,0.0,0.0,0.0
경기도,광명시,변호사,11.0,11.0,11.0
경기도,광명시,부동산중개업,838.0,838.0,839.0
경기도,광명시,분식점,288.0,293.0,299.0
경기도,광명시,사진촬영업,89.0,89.0,85.0
경기도,광명시,산부인과의원,10.0,10.0,9.0
경기도,광명시,생선가게,30.0,30.0,30.0
경기도,광명시,서점,62.0,63.0,71.0
경기도,광명시,성형외과의원,3.0,3.0,3.0
경기도,광명시,세무사,54.0,53.0,55.0
경기도,광명시,세탁소,107.0,105.0,104.0
경기도,광명시,슈퍼마켓,124.0,122.0,121.0
경기도,광명시,스포츠교육기관,234.0,234.0,214.0
경기도,광명시,스포츠시설운영업,59.0,59.0,66.0
경기도,광명시,스포츠용품점,66.0,67.0,69.0
경기도,광명시,시계ㆍ귀금속점,42.0,41.0,37.0
경기도,광명시,식료품가게,158.0,157.0,151.0
경기도,광명시,신경정신과의원,16.0,16.0,14.0
경기도,광명시,신발가게,28.0,29.0,32.0
경기도,광명시,실내스크린골프점,46.0,48.0,46.0
경기도,광명시,실내장식가게,519.0,510.0,480.0
경기도,광명시,실외골프연습장,5.0,5.0,5.0
경기도,광명시,안경점,47.0,46.0,45.0
경기도,광명시,안과의원,17.0,17.0,15.0
경기도,광명시,애완용품점,65.0,65.0,61.0
경기도,광명시,약국,140.0,141.0,133.0
경기도,광명시,여관ㆍ모텔,44.0,44.0,45.0
경기도,광명시,여행사,43.0,43.0,41.0
경기도,광명시,예술학원,210.0,213.0,208.0
경기도,광명시,예식장,3.0,3.0,0.0
경기도,광명시,옷가게,364.0,363.0,365.0
경기도,광명시,의료용품가게,52.0,52.0,53.0
경기도,광명시,이륜자동차판매점,8.0,9.0,9.0
경기도,광명시,이발소,47.0,48.0,49.0
경기도,광명시,이비인후과의원,23.0,23.0,22.0
경기도,광명시,일반외과의원,50.0,50.0,46.0
경기도,광명시,일식음식점,92.0,95.0,85.0
경기도,광명시,자동차수리점,171.0,168.0,173.0
경기도,광명시,자전거판매점,15.0,15.0,14.0
경기도,광명시,장난감가게,25.0,26.0,26.0
경기도,광명시,정육점,105.0,106.0,104.0
경기도,광명시,제과점,114.0,113.0,108.0
경기도,광명시,종합병원,13.0,13.0,14.0
경기도,광명시,주유소,26.0,26.0,25.0
경기도,광명시,주차장운영업,60.0,59.0,54.0
경기도,광명시,중고차판매점,42.0,41.0,41.0
경기도,광명시,중식음식점,97.0,96.0,91.0
경기도,광명시,채소가게,77.0,75.0,69.0
경기도,광명시,철물점,49.0,48.0,48.0
경기도,광명시,치과의원,135.0,135.0,129.0
경기도,광명시,침구ㆍ커튼가게,53.0,53.0,50.0
경기도,광명시,커피음료점,336.0,336.0,333.0
경기도,광명시,컴퓨터판매점,45.0,46.0,44.0
경기도,광명시,통신판매업,4298.0,4268.0,3965.0
경기도,광명시,패스트푸드점,169.0,169.0,167.0
경기도,광명시,편의점,186.0,186.0,182.0
경기도,광명시,피부ㆍ비뇨기과의원,34.0,34.0,34.0
경기도,광명시,피부관리업,382.0,381.0,358.0
경기도,광명시,한방병원ㆍ한의원,97.0,97.0,95.0
경기도,광명시,한식음식점,1315.0,1307.0,1297.0
경기도,광명시,헬스클럽,68.0,69.0,72.0
경기도,광명시,호프주점,50.0,48.0,57.0
경기도,광명시,화장품가게,174.0,176.0,189.0
경기도,광명시,휴대폰가게,85.0,84.0,83.0
경기도,광주시,LPG 충전소,8.0,8.0,8.0
경기도,광주시,pc방,32.0,32.0,34.0
경기도,광주시,가구점,118.0,118.0,115.0
경기도,광주시,가전제품수리점,257.0,253.0,248.0
경기도,광주시,가전제품판매점,86.0,88.0,87.0
경기도,광주시,간이주점,37.0,39.0,35.0
경기도,광주시,간판광고물업,179.0,180.0,179.0
경기도,광주시,감정평가사,6.0,6.0,5.0
경기도,광주시,건강보조식품가게,101.0,101.0,99.0
경기도,광주시,건어물가게,22.0,22.0,22.0
경기도,광주시,건축사,101.0,101.0,102.0
경기도,광주시,결혼상담소,11.0,11.0,9.0
경기도,광주시,곡물가게,28.0,27.0,23.0
경기도,광주시,공인노무사,4.0,5.0,4.0
경기도,광주시,공인회계사,4.0,4.0,4.0
경기도,광주시,과일가게,100.0,99.0,92.0
경기도,광주시,교습소ㆍ공부방,391.0,386.0,389.0
경기도,광주시,교습학원,463.0,467.0,448.0
경기도,광주시,구내식당,62.0,62.0,59.0
경기도,광주시,기술ㆍ직업훈련학원,148.0,149.0,141.0
경기도,광주시,기술사,6.0,6.0,5.0
경기도,광주시,기타외국식음식점,150.0,152.0,164.0
경기도,광주시,기타음식점,137.0,141.0,151.0
경기도,광주시,기타일반의원,25.0,25.0,25.0
경기도,광주시,꽃가게,184.0,181.0,181.0
경기도,광주시,내과ㆍ소아과의원,63.0,63.0,63.0
경기도,광주시,노래방,198.0,199.0,203.0
경기도,광주시,담배ㆍ복권소매업,61.0,61.0,58.0
경기도,광주시,당구장,141.0,138.0,131.0
경기도,광주시,독서실,22.0,22.0,23.0
경기도,광주시,동물병원,31.0,32.0,33.0
경기도,광주시,목욕탕,16.0,15.0,14.0
경기도,광주시,문구점,67.0,67.0,71.0
경기도,광주시,미용실,685.0,683.0,672.0
경기도,광주시,법무사,23.0,23.0,22.0
경기도,광주시,변리사,0.0,0.0,0.0
경기도,광주시,변호사,7.0,7.0,6.0
경기도,광주시,부동산중개업,1172.0,1180.0,1166.0
경기도,광주시,분식점,274.0,275.0,304.0
경기도,광주시,사진촬영업,135.0,137.0,124.0
경기도,광주시,산부인과의원,9.0,9.0,9.0
경기도,광주시,생선가게,49.0,50.0,50.0
경기도,광주시,서점,57.0,57.0,62.0
경기도,광주시,성형외과의원,0.0,0.0,0.0
경기도,광주시,세무사,80.0,79.0,77.0
경기도,광주시,세탁소,175.0,177.0,176.0
경기도,광주시,슈퍼마켓,230.0,229.0,236.0
경기도,광주시,스포츠교육기관,273.0,270.0,256.0
경기도,광주시,스포츠시설운영업,78.0,78.0,81.0
경기도,광주시,스포츠용품점,161.0,162.0,159.0
경기도,광주시,시계ㆍ귀금속점,28.0,28.0,26.0
경기도,광주시,식료품가게,227.0,229.0,228.0
경기도,광주시,신경정신과의원,7.0,7.0,6.0
경기도,광주시,신발가게,24.0,22.0,23.0
경기도,광주시,실내스크린골프점,96.0,96.0,95.0
경기도,광주시,실내장식가게,1191.0,1179.0,1109.0
경기도,광주시,실외골프연습장,24.0,24.0,23.0
경기도,광주시,안경점,47.0,46.0,42.0
경기도,광주시,안과의원,6.0,6.0,6.0
경기도,광주시,애완용품점,135.0,138.0,123.0
경기도,광주시,약국,135.0,133.0,130.0
경기도,광주시,여관ㆍ모텔,52.0,52.0,54.0
경기도,광주시,여행사,47.0,47.0,41.0
경기도,광주시,예술학원,192.0,194.0,200.0
경기도,광주시,예식장,3.0,3.0,0.0
경기도,광주시,옷가게,438.0,438.0,454.0
경기도,광주시,의료용품가게,33.0,33.0,33.0
경기도,광주시,이륜자동차판매점,15.0,15.0,15.0
경기도,광주시,이발소,59.0,59.0,58.0
경기도,광주시,이비인후과의원,11.0,11.0,12.0
경기도,광주시,일반외과의원,32.0,32.0,32.0
경기도,광주시,일식음식점,128.0,129.0,128.0
경기도,광주시,자동차수리점,487.0,484.0,473.0
경기도,광주시,자전거판매점,15.0,15.0,16.0
경기도,광주시,장난감가게,46.0,45.0,37.0
경기도,광주시,정육점,157.0,156.0,161.0
경기도,광주시,제과점,131.0,129.0,129.0
경기도,광주시,종합병원,12.0,12.0,13.0
경기도,광주시,주유소,69.0,69.0,72.0
경기도,광주시,주차장운영업,46.0,46.0,46.0
경기도,광주시,중고차판매점,17.0,17.0,17.0
경기도,광주시,중식음식점,170.0,173.0,168.0
경기도,광주시,채소가게,127.0,127.0,117.0
경기도,광주시,철물점,81.0,81.0,85.0
경기도,광주시,치과의원,98.0,98.0,94.0
경기도,광주시,침구ㆍ커튼가게,51.0,51.0,59.0
경기도,광주시,커피음료점,549.0,543.0,537.0
경기도,광주시,컴퓨터판매점,45.0,44.0,48.0
경기도,광주시,통신판매업,7182.0,7131.0,6784.0
경기도,광주시,패스트푸드점,356.0,362.0,354.0
경기도,광주시,펜션ㆍ게스트하우스,85.0,83.0,70.0
경기도,광주시,편의점,424.0,430.0,443.0
경기도,광주시,피부ㆍ비뇨기과의원,15.0,15.0,15.0
경기도,광주시,피부관리업,442.0,435.0,405.0
경기도,광주시,한방병원ㆍ한의원,77.0,76.0,72.0
경기도,광주시,한식음식점,2369.0,2369.0,2382.0
경기도,광주시,헬스클럽,81.0,83.0,73.0
경기도,광주시,호프주점,106.0,108.0,106.0
경기도,광주시,화장품가게,192.0,199.0,207.0
경기도,광주시,휴대폰가게,99.0,98.0,92.0
경기도,구리시,LPG 충전소,0.0,0.0,0.0
경기도,구리시,pc방,29.0,28.0,31.0
경기도,구리시,가구점,29.0,29.0,33.0
경기도,구리시,가전제품수리점,179.0,176.0,162.0
경기도,구리시,가전제품판매점,64.0,64.0,59.0
경기도,구리시,간이주점,13.0,13.0,12.0
경기도,구리시,간판광고물업,59.0,60.0,58.0
경기도,구리시,감정평가사,8.0,8.0,6.0
경기도,구리시,건강보조식품가게,55.0,56.0,53.0
경기도,구리시,건어물가게,16.0,16.0,18.0
경기도,구리시,건축사,27.0,27.0,23.0
경기도,구리시,결혼상담소,4.0,4.0,4.0
경기도,구리시,곡물가게,13.0,13.0,13.0
경기도,구리시,공인노무사,5.0,5.0,8.0
경기도,구리시,공인회계사,5.0,5.0,5.0
경기도,구리시,과일가게,55.0,53.0,50.0
경기도,구리시,교습소ㆍ공부방,226.0,226.0,237.0
경기도,구리시,교습학원,307.0,306.0,297.0
경기도,구리시,구내식당,29.0,29.0,28.0
경기도,구리시,기술ㆍ직업훈련학원,94.0,95.0,92.0
경기도,구리시,기술사,5.0,5.0,3.0
경기도,구리시,기타외국식음식점,68.0,68.0,67.0
경기도,구리시,기타음식점,32.0,34.0,42.0
경기도,구리시,기타일반의원,13.0,13.0,14.0
경기도,구리시,꽃가게,109.0,107.0,103.0
경기도,구리시,내과ㆍ소아과의원,48.0,48.0,50.0
경기도,구리시,노래방,77.0,79.0,78.0
경기도,구리시,담배ㆍ복권소매업,40.0,40.0,40.0
경기도,구리시,당구장,65.0,64.0,67.0
경기도,구리시,독서실,20.0,20.0,21.0
경기도,구리시,동물병원,19.0,19.0,19.0
경기도,구리시,목욕탕,9.0,9.0,10.0
경기도,구리시,문구점,37.0,37.0,38.0
경기도,구리시,미용실,450.0,449.0,445.0
경기도,구리시,법무사,15.0,16.0,16.0
경기도,구리시,변호사,6.0,6.0,5.0
경기도,구리시,부동산중개업,548.0,552.0,557.0
경기도,구리시,분식점,132.0,134.0,148.0
경기도,구리시,사진촬영업,113.0,112.0,108.0
경기도,구리시,산부인과의원,7.0,7.0,8.0
경기도,구리시,생선가게,26.0,26.0,31.0
경기도,구리시,서점,44.0,44.0,43.0
경기도,구리시,성형외과의원,6.0,6.0,6.0
경기도,구리시,세무사,109.0,109.0,110.0
경기도,구리시,세탁소,79.0,79.0,77.0
경기도,구리시,슈퍼마켓,84.0,82.0,83.0
경기도,구리시,스포츠교육기관,168.0,164.0,162.0
경기도,구리시,스포츠시설운영업,37.0,37.0,36.0
경기도,구리시,스포츠용품점,73.0,73.0,83.0
경기도,구리시,시계ㆍ귀금속점,20.0,20.0,23.0
경기도,구리시,식료품가게,116.0,115.0,116.0
경기도,구리시,신경정신과의원,11.0,11.0,11.0
경기도,구리시,신발가게,22.0,22.0,24.0
경기도,구리시,실내스크린골프점,43.0,44.0,42.0
경기도,구리시,실내장식가게,487.0,479.0,457.0
경기도,구리시,실외골프연습장,6.0,6.0,6.0
경기도,구리시,안경점,35.0,35.0,37.0
경기도,구리시,안과의원,7.0,7.0,6.0
경기도,구리시,애완용품점,71.0,68.0,71.0
경기도,구리시,약국,106.0,109.0,101.0
경기도,구리시,여관ㆍ모텔,58.0,57.0,55.0
경기도,구리시,여행사,37.0,38.0,36.0
경기도,구리시,예술학원,121.0,122.0,130.0
경기도,구리시,옷가게,337.0,338.0,368.0
경기도,구리시,의료용품가게,39.0,40.0,33.0
경기도,구리시,이륜자동차판매점,12.0,12.0,13.0
경기도,구리시,이발소,37.0,36.0,35.0
경기도,구리시,이비인후과의원,16.0,16.0,15.0
경기도,구리시,일반외과의원,35.0,35.0,34.0
경기도,구리시,일식음식점,82.0,85.0,88.0
경기도,구리시,자동차수리점,152.0,151.0,150.0
경기도,구리시,자전거판매점,16.0,16.0,16.0
경기도,구리시,장난감가게,13.0,12.0,11.0
경기도,구리시,정육점,76.0,76.0,80.0
경기도,구리시,제과점,81.0,79.0,79.0
경기도,구리시,종합병원,12.0,12.0,12.0
경기도,구리시,주유소,12.0,12.0,13.0
경기도,구리시,주차장운영업,61.0,61.0,57.0
경기도,구리시,중고차판매점,7.0,7.0,7.0
경기도,구리시,중식음식점,80.0,80.0,82.0
경기도,구리시,채소가게,49.0,49.0,49.0
경기도,구리시,철물점,29.0,28.0,29.0
경기도,구리시,치과의원,101.0,101.0,100.0
경기도,구리시,침구ㆍ커튼가게,26.0,25.0,28.0
경기도,구리시,커피음료점,277.0,275.0,283.0
경기도,구리시,컴퓨터판매점,27.0,29.0,22.0
경기도,구리시,통신판매업,3396.0,3337.0,3112.0
경기도,구리시,패스트푸드점,177.0,175.0,192.0
경기도,구리시,펜션ㆍ게스트하우스,6.0,6.0,5.0
경기도,구리시,편의점,167.0,169.0,177.0
경기도,구리시,피부ㆍ비뇨기과의원,29.0,29.0,30.0
경기도,구리시,피부관리업,307.0,304.0,299.0
경기도,구리시,한방병원ㆍ한의원,68.0,68.0,69.0
경기도,구리시,한식음식점,1215.0,1212.0,1189.0
경기도,구리시,헬스클럽,56.0,56.0,57.0
경기도,구리시,호프주점,107.0,107.0,127.0
경기도,구리시,화장품가게,142.0,141.0,152.0
경기도,구리시,휴대폰가게,58.0,59.0,56.0
경기도,군포시,LPG 충전소,3.0,3.0,3.0
경기도,군포시,pc방,39.0,40.0,40.0
경기도,군포시,가구점,15.0,16.0,17.0
경기도,군포시,가전제품수리점,121.0,124.0,120.0
경기도,군포시,가전제품판매점,23.0,22.0,26.0
경기도,군포시,간이주점,32.0,31.0,39.0
경기도,군포시,간판광고물업,55.0,55.0,56.0
경기도,군포시,감정평가사,3.0,3.0,3.0
경기도,군포시,건강보조식품가게,51.0,52.0,62.0
경기도,군포시,건어물가게,16.0,16.0,17.0
경기도,군포시,건축사,29.0,29.0,26.0
경기도,군포시,결혼상담소,10.0,10.0,11.0
경기도,군포시,곡물가게,15.0,14.0,14.0
경기도,군포시,공인노무사,3.0,3.0,5.0
경기도,군포시,공인회계사,5.0,5.0,5.0
경기도,군포시,과일가게,30.0,30.0,32.0
경기도,군포시,교습소ㆍ공부방,233.0,236.0,252.0
경기도,군포시,교습학원,346.0,345.0,351.0
경기도,군포시,구내식당,47.0,47.0,49.0
경기도,군포시,기술ㆍ직업훈련학원,81.0,82.0,85.0
경기도,군포시,기술사,3.0,3.0,0.0
경기도,군포시,기타외국식음식점,90.0,91.0,90.0
경기도,군포시,기타음식점,83.0,83.0,79.0
경기도,군포시,기타일반의원,17.0,17.0,18.0
경기도,군포시,꽃가게,71.0,72.0,73.0
경기도,군포시,내과ㆍ소아과의원,46.0,46.0,45.0
경기도,군포시,노래방,101.0,102.0,103.0
경기도,군포시,담배ㆍ복권소매업,35.0,35.0,32.0
경기도,군포시,당구장,72.0,72.0,72.0
경기도,군포시,독서실,27.0,27.0,31.0
경기도,군포시,동물병원,14.0,14.0,14.0
경기도,군포시,목욕탕,7.0,8.0,7.0
경기도,군포시,문구점,38.0,40.0,38.0
경기도,군포시,미용실,487.0,490.0,495.0
경기도,군포시,법무사,15.0,15.0,17.0
경기도,군포시,변리사,4.0,4.0,4.0
경기도,군포시,변호사,6.0,6.0,4.0
경기도,군포시,부동산중개업,505.0,506.0,515.0
경기도,군포시,분식점,200.0,206.0,217.0
경기도,군포시,사진촬영업,72.0,71.0,68.0
경기도,군포시,산부인과의원,5.0,5.0,5.0
경기도,군포시,생선가게,14.0,14.0,17.0
경기도,군포시,서점,54.0,53.0,56.0
경기도,군포시,성형외과의원,0.0,0.0,0.0
경기도,군포시,세무사,35.0,36.0,37.0
경기도,군포시,세탁소,119.0,119.0,123.0
경기도,군포시,슈퍼마켓,117.0,117.0,133.0
경기도,군포시,스포츠교육기관,169.0,171.0,166.0
경기도,군포시,스포츠시설운영업,57.0,57.0,60.0
경기도,군포시,스포츠용품점,43.0,44.0,42.0
경기도,군포시,시계ㆍ귀금속점,26.0,25.0,22.0
경기도,군포시,식료품가게,130.0,130.0,140.0
경기도,군포시,신경정신과의원,9.0,9.0,9.0
경기도,군포시,신발가게,12.0,12.0,14.0
경기도,군포시,실내스크린골프점,47.0,47.0,48.0
경기도,군포시,실내장식가게,428.0,426.0,416.0
경기도,군포시,실외골프연습장,9.0,11.0,13.0
경기도,군포시,안경점,32.0,32.0,32.0
경기도,군포시,안과의원,8.0,8.0,8.0
경기도,군포시,애완용품점,32.0,33.0,39.0
경기도,군포시,약국,114.0,114.0,106.0
경기도,군포시,여관ㆍ모텔,41.0,41.0,45.0
경기도,군포시,여행사,34.0,35.0,30.0
경기도,군포시,예술학원,168.0,169.0,185.0
경기도,군포시,옷가게,234.0,237.0,240.0
경기도,군포시,의료용품가게,41.0,41.0,32.0
경기도,군포시,이륜자동차판매점,4.0,4.0,5.0
경기도,군포시,이발소,61.0,61.0,62.0
경기도,군포시,이비인후과의원,16.0,16.0,15.0
경기도,군포시,일반외과의원,30.0,29.0,28.0
경기도,군포시,일식음식점,80.0,82.0,84.0
경기도,군포시,자동차수리점,181.0,182.0,183.0
경기도,군포시,자전거판매점,13.0,13.0,14.0
경기도,군포시,장난감가게,16.0,17.0,12.0
경기도,군포시,정육점,67.0,69.0,69.0
경기도,군포시,제과점,102.0,101.0,101.0
경기도,군포시,종합병원,12.0,12.0,12.0
경기도,군포시,주유소,12.0,12.0,12.0
경기도,군포시,주차장운영업,26.0,26.0,23.0
경기도,군포시,중고차판매점,0.0,0.0,0.0
경기도,군포시,중식음식점,117.0,118.0,114.0
경기도,군포시,채소가게,50.0,50.0,47.0
경기도,군포시,철물점,33.0,33.0,33.0
경기도,군포시,치과의원,106.0,106.0,103.0
경기도,군포시,침구ㆍ커튼가게,21.0,21.0,23.0
경기도,군포시,커피음료점,334.0,332.0,343.0
경기도,군포시,컴퓨터판매점,21.0,21.0,21.0
경기도,군포시,통신판매업,3250.0,3256.0,3399.0
경기도,군포시,패스트푸드점,197.0,199.0,198.0
경기도,군포시,편의점,200.0,202.0,202.0
경기도,군포시,피부ㆍ비뇨기과의원,19.0,19.0,19.0
경기도,군포시,피부관리업,328.0,332.0,331.0
경기도,군포시,한방병원ㆍ한의원,75.0,75.0,73.0
경기도,군포시,한식음식점,1234.0,1242.0,1276.0
경기도,군포시,헬스클럽,66.0,65.0,67.0
경기도,군포시,호프주점,156.0,157.0,171.0
경기도,군포시,화장품가게,115.0,118.0,130.0
경기도,군포시,휴대폰가게,79.0,79.0,79.0
경기도,김포시,LPG 충전소,12.0,12.0,12.0
경기도,김포시,pc방,50.0,51.0,50.0
경기도,김포시,가구점,101.0,99.0,101.0
경기도,김포시,가전제품수리점,266.0,271.0,244.0
경기도,김포시,가전제품판매점,100.0,97.0,94.0
경기도,김포시,간이주점,21.0,20.0,22.0
경기도,김포시,간판광고물업,130.0,129.0,128.0
경기도,김포시,감정평가사,7.0,7.0,6.0
경기도,김포시,건강보조식품가게,141.0,139.0,135.0
경기도,김포시,건어물가게,37.0,38.0,37.0
경기도,김포시,건축사,95.0,94.0,88.0
경기도,김포시,결혼상담소,12.0,13.0,11.0
경기도,김포시,곡물가게,55.0,56.0,54.0
경기도,김포시,공인노무사,13.0,13.0,9.0
경기도,김포시,공인회계사,11.0,11.0,11.0
경기도,김포시,과일가게,70.0,69.0,70.0
경기도,김포시,교습소ㆍ공부방,942.0,938.0,906.0
경기도,김포시,교습학원,935.0,933.0,891.0
경기도,김포시,구내식당,64.0,64.0,67.0
경기도,김포시,기술ㆍ직업훈련학원,241.0,240.0,233.0
경기도,김포시,기술사,13.0,13.0,10.0
경기도,김포시,기타외국식음식점,205.0,204.0,195.0
경기도,김포시,기타음식점,114.0,114.0,129.0
경기도,김포시,기타일반의원,23.0,24.0,26.0
경기도,김포시,꽃가게,215.0,217.0,223.0
경기도,김포시,내과ㆍ소아과의원,86.0,86.0,90.0
경기도,김포시,노래방,167.0,173.0,183.0
경기도,김포시,담배ㆍ복권소매업,73.0,75.0,57.0
경기도,김포시,당구장,144.0,143.0,136.0
경기도,김포시,독서실,34.0,33.0,33.0
경기도,김포시,동물병원,49.0,50.0,50.0
경기도,김포시,목욕탕,22.0,22.0,19.0
경기도,김포시,문구점,92.0,90.0,116.0
경기도,김포시,미용실,875.0,876.0,872.0
경기도,김포시,법무사,29.0,29.0,31.0
경기도,김포시,변리사,4.0,4.0,4.0
경기도,김포시,변호사,17.0,17.0,16.0
경기도,김포시,부동산중개업,1738.0,1746.0,1798.0
경기도,김포시,분식점,330.0,335.0,364.0
경기도,김포시,사진촬영업,228.0,226.0,221.0
경기도,김포시,산부인과의원,10.0,10.0,10.0
경기도,김포시,생선가게,56.0,57.0,49.0
경기도,김포시,서점,116.0,115.0,114.0
경기도,김포시,성형외과의원,4.0,4.0,4.0
경기도,김포시,세무사,113.0,113.0,118.0
경기도,김포시,세탁소,227.0,228.0,211.0
경기도,김포시,슈퍼마켓,289.0,289.0,275.0
경기도,김포시,스포츠교육기관,411.0,413.0,413.0
경기도,김포시,스포츠시설운영업,93.0,93.0,100.0
경기도,김포시,스포츠용품점,242.0,246.0,250.0
경기도,김포시,시계ㆍ귀금속점,62.0,61.0,59.0
경기도,김포시,식료품가게,352.0,353.0,352.0
경기도,김포시,신경정신과의원,11.0,11.0,11.0
경기도,김포시,신발가게,34.0,36.0,37.0
경기도,김포시,실내스크린골프점,78.0,78.0,79.0
경기도,김포시,실내장식가게,1119.0,1104.0,1048.0
경기도,김포시,실외골프연습장,12.0,12.0,12.0
경기도,김포시,안경점,65.0,65.0,71.0
경기도,김포시,안과의원,13.0,13.0,13.0
경기도,김포시,애완용품점,215.0,216.0,226.0
경기도,김포시,약국,164.0,166.0,175.0
경기도,김포시,여관ㆍ모텔,42.0,42.0,42.0
경기도,김포시,여행사,143.0,136.0,135.0
경기도,김포시,예술학원,419.0,419.0,414.0
경기도,김포시,예식장,3.0,3.0,3.0
경기도,김포시,옷가게,750.0,751.0,787.0
경기도,김포시,의료용품가게,65.0,68.0,69.0
경기도,김포시,이륜자동차판매점,20.0,20.0,19.0
경기도,김포시,이발소,63.0,62.0,58.0
경기도,김포시,이비인후과의원,27.0,27.0,27.0
경기도,김포시,일반외과의원,54.0,54.0,55.0
경기도,김포시,일식음식점,172.0,172.0,167.0
경기도,김포시,자동차수리점,643.0,639.0,625.0
경기도,김포시,자전거판매점,30.0,31.0,28.0
경기도,김포시,장난감가게,64.0,64.0,56.0
경기도,김포시,정육점,167.0,169.0,167.0
경기도,김포시,제과점,210.0,210.0,213.0
경기도,김포시,종합병원,23.0,23.0,23.0
경기도,김포시,주유소,89.0,88.0,85.0
경기도,김포시,주차장운영업,111.0,110.0,103.0
경기도,김포시,중고차판매점,63.0,64.0,58.0
경기도,김포시,중식음식점,222.0,222.0,219.0
경기도,김포시,채소가게,142.0,140.0,132.0
경기도,김포시,철물점,83.0,84.0,84.0
경기도,김포시,치과의원,161.0,163.0,161.0
경기도,김포시,침구ㆍ커튼가게,67.0,64.0,63.0
경기도,김포시,커피음료점,754.0,750.0,776.0
경기도,김포시,컴퓨터판매점,82.0,82.0,85.0
경기도,김포시,통신판매업,16998.0,17034.0,14650.0
경기도,김포시,패스트푸드점,438.0,442.0,447.0
경기도,김포시,펜션ㆍ게스트하우스,16.0,16.0,11.0
경기도,김포시,편의점,488.0,495.0,509.0
경기도,김포시,피부ㆍ비뇨기과의원,27.0,27.0,28.0
경기도,김포시,피부관리업,725.0,732.0,700.0
경기도,김포시,한방병원ㆍ한의원,115.0,115.0,117.0
경기도,김포시,한식음식점,2959.0,2992.0,3036.0
경기도,김포시,헬스클럽,133.0,134.0,133.0
경기도,김포시,호프주점,168.0,167.0,172.0
경기도,김포시,화장품가게,319.0,330.0,346.0
경기도,김포시,휴대폰가게,167.0,165.0,173.0
경기도,남양주시,LPG 충전소,11.0,11.0,11.0
경기도,남양주시,pc방,62.0,64.0,65.0
경기도,남양주시,가구점,160.0,157.0,163.0
경기도,남양주시,가전제품수리점,681.0,676.0,635.0
경기도,남양주시,가전제품판매점,199.0,199.0,189.0
경기도,남양주시,간이주점,95.0,93.0,106.0
경기도,남양주시,간판광고물업,252.0,254.0,254.0
경기도,남양주시,감정평가사,24.0,24.0,22.0
경기도,남양주시,건강보조식품가게,188.0,186.0,187.0
경기도,남양주시,건어물가게,37.0,37.0,31.0
경기도,남양주시,건축사,199.0,197.0,197.0
경기도,남양주시,결혼상담소,18.0,16.0,18.0
경기도,남양주시,곡물가게,37.0,36.0,38.0
경기도,남양주시,공인노무사,10.0,9.0,7.0
경기도,남양주시,공인회계사,7.0,7.0,8.0
경기도,남양주시,과일가게,169.0,171.0,165.0
경기도,남양주시,교습소ㆍ공부방,1040.0,1036.0,1033.0
경기도,남양주시,교습학원,1089.0,1084.0,1039.0
경기도,남양주시,구내식당,85.0,86.0,84.0
경기도,남양주시,기술ㆍ직업훈련학원,299.0,299.0,300.0
경기도,남양주시,기술사,27.0,27.0,27.0
경기도,남양주시,기타외국식음식점,250.0,247.0,252.0
경기도,남양주시,기타음식점,168.0,166.0,172.0
경기도,남양주시,기타일반의원,35.0,35.0,36.0
경기도,남양주시,꽃가게,258.0,258.0,264.0
경기도,남양주시,내과ㆍ소아과의원,154.0,153.0,155.0
경기도,남양주시,노래방,178.0,180.0,183.0
경기도,남양주시,담배ㆍ복권소매업,90.0,89.0,83.0
경기도,남양주시,당구장,214.0,214.0,223.0
경기도,남양주시,독서실,46.0,49.0,48.0
경기도,남양주시,동물병원,66.0,66.0,63.0
경기도,남양주시,목욕탕,22.0,22.0,24.0
경기도,남양주시,문구점,151.0,154.0,164.0
경기도,남양주시,미용실,1398.0,1397.0,1376.0
경기도,남양주시,법무사,70.0,70.0,69.0
경기도,남양주시,변리사,6.0,6.0,6.0
경기도,남양주시,변호사,68.0,68.0,71.0
경기도,남양주시,부동산중개업,1984.0,1993.0,2040.0
경기도,남양주시,분식점,520.0,523.0,565.0
경기도,남양주시,사진촬영업,315.0,314.0,306.0
경기도,남양주시,산부인과의원,22.0,22.0,22.0
경기도,남양주시,생선가게,78.0,79.0,78.0
경기도,남양주시,서점,164.0,166.0,165.0
경기도,남양주시,성형외과의원,0.0,0.0,0.0
경기도,남양주시,세무사,105.0,105.0,105.0
경기도,남양주시,세탁소,288.0,290.0,295.0
경기도,남양주시,슈퍼마켓,320.0,325.0,321.0
경기도,남양주시,스포츠교육기관,573.0,573.0,546.0
경기도,남양주시,스포츠시설운영업,159.0,158.0,163.0
경기도,남양주시,스포츠용품점,293.0,296.0,297.0
경기도,남양주시,시계ㆍ귀금속점,79.0,78.0,80.0
경기도,남양주시,식료품가게,502.0,509.0,527.0
경기도,남양주시,신경정신과의원,19.0,19.0,18.0
경기도,남양주시,신발가게,53.0,53.0,53.0
경기도,남양주시,실내스크린골프점,166.0,166.0,153.0
경기도,남양주시,실내장식가게,2040.0,2019.0,1932.0
경기도,남양주시,실외골프연습장,18.0,17.0,19.0
경기도,남양주시,안경점,101.0,101.0,96.0
경기도,남양주시,안과의원,23.0,23.0,21.0
경기도,남양주시,애완용품점,289.0,291.0,307.0
경기도,남양주시,약국,292.0,287.0,289.0
경기도,남양주시,여관ㆍ모텔,59.0,59.0,66.0
경기도,남양주시,여행사,97.0,99.0,90.0
경기도,남양주시,예술학원,513.0,513.0,526.0
경기도,남양주시,예식장,8.0,7.0,3.0
경기도,남양주시,옷가게,1038.0,1045.0,1090.0
경기도,남양주시,의료용품가게,85.0,88.0,79.0
경기도,남양주시,이륜자동차판매점,25.0,25.0,28.0
경기도,남양주시,이발소,99.0,99.0,99.0
경기도,남양주시,이비인후과의원,43.0,43.0,38.0
경기도,남양주시,일반외과의원,65.0,65.0,63.0
경기도,남양주시,일식음식점,191.0,195.0,198.0
경기도,남양주시,자동차수리점,659.0,653.0,651.0
경기도,남양주시,자전거판매점,45.0,45.0,44.0
경기도,남양주시,장난감가게,70.0,71.0,54.0
경기도,남양주시,정육점,239.0,235.0,232.0
경기도,남양주시,제과점,304.0,303.0,303.0
경기도,남양주시,종합병원,34.0,34.0,35.0
경기도,남양주시,주유소,89.0,88.0,86.0
경기도,남양주시,주차장운영업,118.0,114.0,107.0
경기도,남양주시,중고차판매점,14.0,14.0,14.0
경기도,남양주시,중식음식점,266.0,270.0,265.0
경기도,남양주시,채소가게,220.0,218.0,205.0
경기도,남양주시,철물점,91.0,92.0,89.0
경기도,남양주시,치과의원,235.0,234.0,225.0
경기도,남양주시,침구ㆍ커튼가게,121.0,116.0,119.0
경기도,남양주시,커피음료점,911.0,908.0,959.0
경기도,남양주시,컴퓨터판매점,80.0,78.0,74.0
경기도,남양주시,통신판매업,16982.0,16909.0,15768.0
경기도,남양주시,패스트푸드점,570.0,565.0,585.0
경기도,남양주시,펜션ㆍ게스트하우스,137.0,135.0,124.0
경기도,남양주시,편의점,623.0,634.0,644.0
경기도,남양주시,피부ㆍ비뇨기과의원,48.0,48.0,48.0
경기도,남양주시,피부관리업,883.0,875.0,850.0
경기도,남양주시,한방병원ㆍ한의원,162.0,162.0,159.0
경기도,남양주시,한식음식점,4101.0,4116.0,4189.0
경기도,남양주시,헬스클럽,176.0,177.0,168.0
경기도,남양주시,호프주점,153.0,153.0,164.0
경기도,남양주시,화장품가게,487.0,495.0,519.0
경기도,남양주시,휴대폰가게,237.0,239.0,227.0
경기도,동두천시,LPG 충전소,3.0,3.0,3.0
경기도,동두천시,pc방,10.0,10.0,10.0
경기도,동두천시,가구점,16.0,16.0,14.0
경기도,동두천시,가전제품수리점,50.0,51.0,48.0
경기도,동두천시,가전제품판매점,25.0,25.0,24.0
경기도,동두천시,간이주점,6.0,6.0,9.0
경기도,동두천시,간판광고물업,26.0,26.0,25.0
경기도,동두천시,건강보조식품가게,21.0,21.0,21.0
경기도,동두천시,건어물가게,14.0,14.0,13.0
경기도,동두천시,건축사,9.0,9.0,9.0
경기도,동두천시,결혼상담소,0.0,0.0,0.0
경기도,동두천시,곡물가게,4.0,4.0,5.0
경기도,동두천시,공인회계사,0.0,0.0,0.0
경기도,동두천시,과일가게,8.0,8.0,9.0
경기도,동두천시,교습소ㆍ공부방,51.0,51.0,47.0
경기도,동두천시,교습학원,60.0,62.0,62.0
경기도,동두천시,구내식당,36.0,36.0,35.0
경기도,동두천시,기술ㆍ직업훈련학원,32.0,32.0,39.0
경기도,동두천시,기타외국식음식점,82.0,83.0,84.0
경기도,동두천시,기타음식점,28.0,28.0,31.0
경기도,동두천시,기타일반의원,4.0,4.0,5.0
경기도,동두천시,꽃가게,36.0,35.0,35.0
경기도,동두천시,내과ㆍ소아과의원,12.0,12.0,12.0
경기도,동두천시,노래방,19.0,19.0,20.0
경기도,동두천시,담배ㆍ복권소매업,26.0,26.0,25.0
경기도,동두천시,당구장,44.0,44.0,45.0
경기도,동두천시,독서실,6.0,6.0,6.0
경기도,동두천시,동물병원,9.0,9.0,9.0
경기도,동두천시,목욕탕,7.0,7.0,7.0
경기도,동두천시,문구점,16.0,17.0,17.0
경기도,동두천시,미용실,249.0,247.0,246.0
경기도,동두천시,법무사,5.0,5.0,5.0
경기도,동두천시,변호사,0.0,0.0,0.0
경기도,동두천시,부동산중개업,183.0,184.0,191.0
경기도,동두천시,분식점,58.0,58.0,61.0
경기도,동두천시,사진촬영업,21.0,22.0,23.0
경기도,동두천시,산부인과의원,3.0,3.0,3.0
경기도,동두천시,생선가게,14.0,14.0,16.0
경기도,동두천시,서점,15.0,15.0,14.0
경기도,동두천시,성형외과의원,0.0,0.0,0.0
경기도,동두천시,세무사,6.0,6.0,6.0
경기도,동두천시,세탁소,39.0,38.0,41.0
경기도,동두천시,슈퍼마켓,62.0,62.0,60.0
경기도,동두천시,스포츠교육기관,48.0,48.0,43.0
경기도,동두천시,스포츠시설운영업,14.0,14.0,14.0
경기도,동두천시,스포츠용품점,26.0,27.0,26.0
경기도,동두천시,시계ㆍ귀금속점,11.0,11.0,11.0
경기도,동두천시,식료품가게,110.0,110.0,112.0
경기도,동두천시,신경정신과의원,5.0,5.0,5.0
경기도,동두천시,신발가게,8.0,7.0,11.0
경기도,동두천시,실내스크린골프점,5.0,6.0,6.0
경기도,동두천시,실내장식가게,166.0,164.0,154.0
경기도,동두천시,실외골프연습장,0.0,0.0,0.0
경기도,동두천시,안경점,16.0,16.0,16.0
경기도,동두천시,안과의원,3.0,3.0,3.0
경기도,동두천시,애완용품점,31.0,31.0,35.0
경기도,동두천시,약국,40.0,40.0,41.0
경기도,동두천시,여관ㆍ모텔,35.0,34.0,33.0
경기도,동두천시,여행사,11.0,12.0,11.0
경기도,동두천시,예술학원,40.0,40.0,50.0
경기도,동두천시,예식장,0.0,0.0,0.0
경기도,동두천시,옷가게,179.0,180.0,183.0
경기도,동두천시,의료용품가게,12.0,12.0,12.0
경기도,동두천시,이륜자동차판매점,0.0,0.0,0.0
경기도,동두천시,이발소,36.0,35.0,35.0
경기도,동두천시,이비인후과의원,4.0,4.0,4.0
경기도,동두천시,일반외과의원,7.0,7.0,8.0
경기도,동두천시,일식음식점,25.0,26.0,26.0
경기도,동두천시,자동차수리점,87.0,89.0,91.0
경기도,동두천시,자전거판매점,6.0,6.0,7.0
경기도,동두천시,장난감가게,4.0,4.0,4.0
경기도,동두천시,정육점,31.0,30.0,30.0
경기도,동두천시,제과점,36.0,35.0,37.0
경기도,동두천시,종합병원,6.0,6.0,6.0
경기도,동두천시,주유소,18.0,18.0,17.0
경기도,동두천시,주차장운영업,7.0,7.0,8.0
경기도,동두천시,중고차판매점,6.0,6.0,7.0
경기도,동두천시,중식음식점,44.0,44.0,44.0
경기도,동두천시,채소가게,34.0,33.0,28.0
경기도,동두천시,철물점,17.0,16.0,19.0
경기도,동두천시,치과의원,28.0,28.0,28.0
경기도,동두천시,침구ㆍ커튼가게,20.0,19.0,20.0
경기도,동두천시,커피음료점,137.0,137.0,150.0
경기도,동두천시,컴퓨터판매점,12.0,12.0,11.0
경기도,동두천시,통신판매업,991.0,981.0,939.0
경기도,동두천시,패스트푸드점,91.0,91.0,96.0
경기도,동두천시,펜션ㆍ게스트하우스,10.0,10.0,10.0
경기도,동두천시,편의점,101.0,99.0,101.0
경기도,동두천시,피부ㆍ비뇨기과의원,3.0,3.0,3.0
경기도,동두천시,피부관리업,103.0,103.0,104.0
경기도,동두천시,한방병원ㆍ한의원,14.0,14.0,16.0
경기도,동두천시,한식음식점,810.0,808.0,816.0
경기도,동두천시,헬스클럽,18.0,18.0,16.0
경기도,동두천시,호프주점,49.0,49.0,52.0
경기도,동두천시,화장품가게,63.0,63.0,68.0
경기도,동두천시,휴대폰가게,40.0,40.0,45.0
경기도,부천시 소사구,LPG 충전소,0.0,0.0,0.0
경기도,부천시 소사구,pc방,20.0,20.0,23.0
경기도,부천시 소사구,가구점,16.0,16.0,18.0
경기도,부천시 소사구,가전제품수리점,106.0,103.0,110.0
경기도,부천시 소사구,가전제품판매점,40.0,39.0,39.0
경기도,부천시 소사구,간이주점,45.0,45.0,47.0
경기도,부천시 소사구,간판광고물업,32.0,32.0,29.0
경기도,부천시 소사구,건강보조식품가게,40.0,41.0,47.0
경기도,부천시 소사구,건어물가게,17.0,17.0,18.0
경기도,부천시 소사구,건축사,9.0,8.0,7.0
경기도,부천시 소사구,결혼상담소,0.0,0.0,0.0
경기도,부천시 소사구,곡물가게,12.0,12.0,11.0
경기도,부천시 소사구,공인노무사,0.0,0.0,0.0
경기도,부천시 소사구,공인회계사,3.0,3.0,3.0
경기도,부천시 소사구,과일가게,47.0,47.0,50.0
경기도,부천시 소사구,교습소ㆍ공부방,241.0,241.0,233.0
경기도,부천시 소사구,교습학원,285.0,285.0,280.0
경기도,부천시 소사구,구내식당,35.0,35.0,37.0
경기도,부천시 소사구,기술ㆍ직업훈련학원,93.0,94.0,94.0
경기도,부천시 소사구,기술사,0.0,0.0,0.0
경기도,부천시 소사구,기타외국식음식점,33.0,32.0,39.0
경기도,부천시 소사구,기타음식점,64.0,65.0,65.0
경기도,부천시 소사구,기타일반의원,16.0,16.0,14.0
경기도,부천시 소사구,꽃가게,69.0,69.0,75.0
경기도,부천시 소사구,내과ㆍ소아과의원,49.0,49.0,50.0
경기도,부천시 소사구,노래방,79.0,79.0,80.0
경기도,부천시 소사구,담배ㆍ복권소매업,39.0,39.0,38.0
경기도,부천시 소사구,당구장,67.0,66.0,67.0
경기도,부천시 소사구,독서실,19.0,18.0,19.0
경기도,부천시 소사구,동물병원,14.0,14.0,14.0
경기도,부천시 소사구,목욕탕,10.0,10.0,10.0
경기도,부천시 소사구,문구점,27.0,27.0,30.0
경기도,부천시 소사구,미용실,514.0,508.0,504.0
경기도,부천시 소사구,법무사,13.0,13.0,12.0
경기도,부천시 소사구,변호사,4.0,4.0,5.0
경기도,부천시 소사구,부동산중개업,506.0,510.0,504.0
경기도,부천시 소사구,분식점,165.0,167.0,176.0
경기도,부천시 소사구,사진촬영업,73.0,72.0,68.0
경기도,부천시 소사구,산부인과의원,5.0,5.0,5.0
경기도,부천시 소사구,생선가게,25.0,25.0,25.0
경기도,부천시 소사구,서점,41.0,42.0,35.0
경기도,부천시 소사구,성형외과의원,0.0,0.0,0.0
경기도,부천시 소사구,세무사,24.0,24.0,26.0
경기도,부천시 소사구,세탁소,89.0,91.0,89.0
경기도,부천시 소사구,슈퍼마켓,122.0,119.0,117.0
경기도,부천시 소사구,스포츠교육기관,148.0,152.0,147.0
경기도,부천시 소사구,스포츠시설운영업,45.0,45.0,46.0
경기도,부천시 소사구,스포츠용품점,37.0,37.0,34.0
경기도,부천시 소사구,시계ㆍ귀금속점,26.0,26.0,23.0
경기도,부천시 소사구,식료품가게,159.0,159.0,152.0
경기도,부천시 소사구,신경정신과의원,7.0,7.0,7.0
경기도,부천시 소사구,신발가게,27.0,26.0,28.0
경기도,부천시 소사구,실내스크린골프점,22.0,21.0,21.0
경기도,부천시 소사구,실내장식가게,467.0,472.0,459.0
경기도,부천시 소사구,실외골프연습장,0.0,0.0,0.0
경기도,부천시 소사구,안경점,36.0,35.0,35.0
경기도,부천시 소사구,안과의원,9.0,9.0,9.0
경기도,부천시 소사구,애완용품점,38.0,39.0,46.0
경기도,부천시 소사구,약국,106.0,106.0,108.0
경기도,부천시 소사구,여관ㆍ모텔,23.0,23.0,26.0
경기도,부천시 소사구,여행사,53.0,52.0,45.0
경기도,부천시 소사구,예술학원,157.0,157.0,151.0
경기도,부천시 소사구,예식장,0.0,0.0,0.0
경기도,부천시 소사구,옷가게,347.0,350.0,335.0
경기도,부천시 소사구,의료용품가게,27.0,26.0,27.0
경기도,부천시 소사구,이륜자동차판매점,10.0,10.0,11.0
경기도,부천시 소사구,이발소,36.0,36.0,35.0
경기도,부천시 소사구,이비인후과의원,10.0,10.0,10.0
경기도,부천시 소사구,일반외과의원,26.0,26.0,27.0
경기도,부천시 소사구,일식음식점,50.0,51.0,46.0
경기도,부천시 소사구,자동차수리점,149.0,148.0,145.0
경기도,부천시 소사구,자전거판매점,9.0,9.0,9.0
경기도,부천시 소사구,장난감가게,13.0,13.0,16.0
경기도,부천시 소사구,정육점,84.0,87.0,91.0
경기도,부천시 소사구,제과점,88.0,85.0,87.0
경기도,부천시 소사구,종합병원,11.0,11.0,11.0
경기도,부천시 소사구,주유소,8.0,8.0,7.0
경기도,부천시 소사구,주차장운영업,31.0,31.0,29.0
경기도,부천시 소사구,중고차판매점,0.0,0.0,0.0
경기도,부천시 소사구,중식음식점,165.0,166.0,152.0
경기도,부천시 소사구,채소가게,57.0,55.0,55.0
경기도,부천시 소사구,철물점,27.0,27.0,28.0
경기도,부천시 소사구,치과의원,75.0,75.0,75.0
경기도,부천시 소사구,침구ㆍ커튼가게,28.0,28.0,29.0
경기도,부천시 소사구,커피음료점,238.0,241.0,253.0
경기도,부천시 소사구,컴퓨터판매점,21.0,21.0,19.0
경기도,부천시 소사구,통신판매업,3558.0,3550.0,3424.0
경기도,부천시 소사구,패스트푸드점,141.0,144.0,149.0
경기도,부천시 소사구,펜션ㆍ게스트하우스,0.0,0.0,0.0
경기도,부천시 소사구,편의점,176.0,178.0,182.0
경기도,부천시 소사구,피부ㆍ비뇨기과의원,13.0,13.0,12.0
경기도,부천시 소사구,피부관리업,264.0,260.0,248.0
경기도,부천시 소사구,한방병원ㆍ한의원,61.0,61.0,60.0
경기도,부천시 소사구,한식음식점,927.0,932.0,957.0
경기도,부천시 소사구,헬스클럽,51.0,49.0,53.0
경기도,부천시 소사구,호프주점,100.0,102.0,101.0
경기도,부천시 소사구,화장품가게,126.0,129.0,124.0
경기도,부천시 소사구,휴대폰가게,83.0,81.0,81.0
경기도,부천시 오정구,LPG 충전소,5.0,5.0,5.0
경기도,부천시 오정구,pc방,23.0,24.0,29.0
경기도,부천시 오정구,가구점,9.0,9.0,10.0
경기도,부천시 오정구,가전제품수리점,143.0,143.0,140.0
경기도,부천시 오정구,가전제품판매점,31.0,31.0,34.0
경기도,부천시 오정구,간이주점,61.0,61.0,68.0
경기도,부천시 오정구,간판광고물업,53.0,53.0,54.0
경기도,부천시 오정구,건강보조식품가게,40.0,39.0,40.0
경기도,부천시 오정구,건어물가게,25.0,27.0,25.0
경기도,부천시 오정구,건축사,6.0,6.0,5.0
경기도,부천시 오정구,곡물가게,21.0,21.0,21.0
경기도,부천시 오정구,공인노무사,0.0,0.0,0.0
경기도,부천시 오정구,공인회계사,0.0,0.0,0.0
경기도,부천시 오정구,과일가게,40.0,40.0,37.0
경기도,부천시 오정구,교습소ㆍ공부방,56.0,55.0,52.0
경기도,부천시 오정구,교습학원,84.0,83.0,86.0
경기도,부천시 오정구,구내식당,38.0,38.0,39.0
경기도,부천시 오정구,기술ㆍ직업훈련학원,24.0,24.0,27.0
경기도,부천시 오정구,기술사,3.0,3.0,3.0
경기도,부천시 오정구,기타외국식음식점,37.0,37.0,39.0
경기도,부천시 오정구,기타음식점,68.0,69.0,67.0
경기도,부천시 오정구,기타일반의원,5.0,5.0,4.0
경기도,부천시 오정구,꽃가게,68.0,68.0,74.0
경기도,부천시 오정구,내과ㆍ소아과의원,42.0,42.0,42.0
경기도,부천시 오정구,노래방,133.0,134.0,137.0
경기도,부천시 오정구,담배ㆍ복권소매업,26.0,27.0,26.0
경기도,부천시 오정구,당구장,60.0,60.0,63.0
경기도,부천시 오정구,독서실,3.0,3.0,4.0
경기도,부천시 오정구,동물병원,9.0,9.0,9.0
경기도,부천시 오정구,목욕탕,10.0,10.0,10.0
경기도,부천시 오정구,문구점,16.0,16.0,15.0
경기도,부천시 오정구,미용실,347.0,346.0,347.0
경기도,부천시 오정구,법무사,3.0,3.0,3.0
경기도,부천시 오정구,변리사,0.0,0.0,0.0
경기도,부천시 오정구,부동산중개업,352.0,354.0,363.0
경기도,부천시 오정구,분식점,112.0,111.0,111.0
경기도,부천시 오정구,사진촬영업,32.0,31.0,31.0
경기도,부천시 오정구,산부인과의원,3.0,3.0,3.0
경기도,부천시 오정구,생선가게,24.0,24.0,23.0
경기도,부천시 오정구,서점,23.0,22.0,26.0
경기도,부천시 오정구,성형외과의원,0.0,0.0,0.0
경기도,부천시 오정구,세무사,10.0,10.0,10.0
경기도,부천시 오정구,세탁소,85.0,86.0,85.0
경기도,부천시 오정구,슈퍼마켓,94.0,94.0,96.0
경기도,부천시 오정구,스포츠교육기관,79.0,78.0,72.0
경기도,부천시 오정구,스포츠시설운영업,9.0,9.0,14.0
경기도,부천시 오정구,스포츠용품점,30.0,30.0,29.0
경기도,부천시 오정구,시계ㆍ귀금속점,23.0,23.0,23.0
경기도,부천시 오정구,식료품가게,111.0,114.0,119.0
경기도,부천시 오정구,신경정신과의원,0.0,0.0,0.0
경기도,부천시 오정구,신발가게,10.0,10.0,12.0
경기도,부천시 오정구,실내스크린골프점,16.0,16.0,15.0
경기도,부천시 오정구,실내장식가게,408.0,411.0,393.0
경기도,부천시 오정구,안경점,19.0,19.0,19.0
경기도,부천시 오정구,안과의원,5.0,5.0,5.0
경기도,부천시 오정구,애완용품점,39.0,39.0,34.0
경기도,부천시 오정구,약국,76.0,76.0,74.0
경기도,부천시 오정구,여관ㆍ모텔,21.0,20.0,20.0
경기도,부천시 오정구,여행사,13.0,14.0,12.0
경기도,부천시 오정구,예술학원,55.0,57.0,62.0
경기도,부천시 오정구,옷가게,164.0,164.0,180.0
경기도,부천시 오정구,의료용품가게,8.0,8.0,8.0
경기도,부천시 오정구,이륜자동차판매점,9.0,9.0,8.0
경기도,부천시 오정구,이발소,31.0,31.0,29.0
경기도,부천시 오정구,이비인후과의원,7.0,7.0,7.0
경기도,부천시 오정구,일반외과의원,21.0,21.0,21.0
경기도,부천시 오정구,일식음식점,24.0,24.0,27.0
경기도,부천시 오정구,자동차수리점,215.0,218.0,208.0
경기도,부천시 오정구,자전거판매점,5.0,5.0,5.0
경기도,부천시 오정구,장난감가게,10.0,10.0,10.0
경기도,부천시 오정구,정육점,81.0,81.0,82.0
경기도,부천시 오정구,제과점,39.0,40.0,41.0
경기도,부천시 오정구,종합병원,11.0,10.0,10.0
경기도,부천시 오정구,주유소,17.0,19.0,19.0
경기도,부천시 오정구,주차장운영업,22.0,21.0,19.0
경기도,부천시 오정구,중고차판매점,45.0,45.0,42.0
경기도,부천시 오정구,중식음식점,50.0,51.0,55.0
경기도,부천시 오정구,채소가게,46.0,47.0,42.0
경기도,부천시 오정구,철물점,33.0,33.0,34.0
경기도,부천시 오정구,치과의원,50.0,50.0,50.0
경기도,부천시 오정구,침구ㆍ커튼가게,26.0,26.0,24.0
경기도,부천시 오정구,커피음료점,162.0,161.0,166.0
경기도,부천시 오정구,컴퓨터판매점,13.0,13.0,13.0
경기도,부천시 오정구,통신판매업,1825.0,1835.0,1751.0
경기도,부천시 오정구,패스트푸드점,96.0,94.0,95.0
경기도,부천시 오정구,펜션ㆍ게스트하우스,4.0,4.0,0.0
경기도,부천시 오정구,편의점,133.0,134.0,140.0
경기도,부천시 오정구,피부ㆍ비뇨기과의원,3.0,3.0,3.0
경기도,부천시 오정구,피부관리업,125.0,123.0,113.0
경기도,부천시 오정구,한방병원ㆍ한의원,41.0,42.0,41.0
경기도,부천시 오정구,한식음식점,882.0,884.0,885.0
경기도,부천시 오정구,헬스클럽,23.0,22.0,23.0
경기도,부천시 오정구,호프주점,42.0,42.0,49.0
경기도,부천시 오정구,화장품가게,66.0,68.0,64.0
경기도,부천시 오정구,휴대폰가게,40.0,41.0,42.0
경기도,부천시 원미구,LPG 충전소,4.0,4.0,4.0
경기도,부천시 원미구,pc방,59.0,62.0,64.0
경기도,부천시 원미구,가구점,53.0,53.0,45.0
경기도,부천시 원미구,가전제품수리점,225.0,218.0,205.0
경기도,부천시 원미구,가전제품판매점,70.0,73.0,70.0
경기도,부천시 원미구,간이주점,144.0,142.0,150.0
경기도,부천시 원미구,간판광고물업,85.0,87.0,87.0
경기도,부천시 원미구,감정평가사,22.0,22.0,25.0
경기도,부천시 원미구,건강보조식품가게,145.0,145.0,150.0
경기도,부천시 원미구,건어물가게,41.0,42.0,40.0
경기도,부천시 원미구,건축사,87.0,88.0,83.0
경기도,부천시 원미구,결혼상담소,25.0,24.0,23.0
경기도,부천시 원미구,곡물가게,33.0,31.0,35.0
경기도,부천시 원미구,공인노무사,32.0,32.0,25.0
경기도,부천시 원미구,공인회계사,25.0,25.0,25.0
경기도,부천시 원미구,과일가게,92.0,91.0,80.0
경기도,부천시 원미구,교습소ㆍ공부방,415.0,416.0,384.0
경기도,부천시 원미구,교습학원,580.0,582.0,575.0
경기도,부천시 원미구,구내식당,74.0,76.0,87.0
경기도,부천시 원미구,기술ㆍ직업훈련학원,220.0,217.0,212.0
경기도,부천시 원미구,기술사,18.0,17.0,15.0
경기도,부천시 원미구,기타외국식음식점,204.0,205.0,211.0
경기도,부천시 원미구,기타음식점,172.0,173.0,179.0
경기도,부천시 원미구,기타일반의원,31.0,30.0,30.0
경기도,부천시 원미구,꽃가게,175.0,176.0,177.0
경기도,부천시 원미구,내과ㆍ소아과의원,96.0,97.0,97.0
경기도,부천시 원미구,노래방,263.0,265.0,281.0
경기도,부천시 원미구,담배ㆍ복권소매업,81.0,82.0,81.0
경기도,부천시 원미구,당구장,168.0,166.0,168.0
경기도,부천시 원미구,독서실,57.0,58.0,60.0
경기도,부천시 원미구,동물병원,41.0,41.0,42.0
경기도,부천시 원미구,목욕탕,26.0,26.0,25.0
경기도,부천시 원미구,문구점,85.0,85.0,92.0
경기도,부천시 원미구,미용실,1098.0,1096.0,1072.0
경기도,부천시 원미구,법무사,102.0,102.0,101.0
경기도,부천시 원미구,변리사,5.0,5.0,5.0
경기도,부천시 원미구,변호사,95.0,92.0,91.0
경기도,부천시 원미구,부동산중개업,1153.0,1161.0,1192.0
경기도,부천시 원미구,분식점,354.0,356.0,373.0
경기도,부천시 원미구,사진촬영업,185.0,184.0,182.0
경기도,부천시 원미구,산부인과의원,18.0,18.0,18.0
경기도,부천시 원미구,생선가게,43.0,44.0,41.0
경기도,부천시 원미구,서점,64.0,65.0,66.0
경기도,부천시 원미구,성형외과의원,20.0,20.0,20.0
경기도,부천시 원미구,세무사,220.0,220.0,220.0
경기도,부천시 원미구,세탁소,208.0,208.0,200.0
경기도,부천시 원미구,슈퍼마켓,200.0,197.0,197.0
경기도,부천시 원미구,스포츠교육기관,295.0,297.0,295.0
경기도,부천시 원미구,스포츠시설운영업,104.0,101.0,114.0
경기도,부천시 원미구,스포츠용품점,110.0,115.0,107.0
경기도,부천시 원미구,시계ㆍ귀금속점,74.0,75.0,71.0
경기도,부천시 원미구,식료품가게,269.0,264.0,283.0
경기도,부천시 원미구,신경정신과의원,27.0,27.0,28.0
경기도,부천시 원미구,신발가게,45.0,44.0,46.0
경기도,부천시 원미구,실내스크린골프점,59.0,59.0,63.0
경기도,부천시 원미구,실내장식가게,958.0,951.0,911.0
경기도,부천시 원미구,실외골프연습장,14.0,14.0,14.0
경기도,부천시 원미구,안경점,88.0,88.0,87.0
경기도,부천시 원미구,안과의원,17.0,17.0,17.0
경기도,부천시 원미구,애완용품점,121.0,125.0,130.0
경기도,부천시 원미구,약국,231.0,229.0,221.0
경기도,부천시 원미구,여관ㆍ모텔,78.0,75.0,80.0
경기도,부천시 원미구,여행사,125.0,125.0,111.0
경기도,부천시 원미구,예술학원,323.0,327.0,336.0
경기도,부천시 원미구,예식장,4.0,4.0,3.0
경기도,부천시 원미구,옷가게,648.0,655.0,680.0
경기도,부천시 원미구,의료용품가게,104.0,104.0,111.0
경기도,부천시 원미구,이륜자동차판매점,28.0,29.0,25.0
경기도,부천시 원미구,이발소,83.0,83.0,79.0
경기도,부천시 원미구,이비인후과의원,25.0,25.0,26.0
경기도,부천시 원미구,일반외과의원,66.0,64.0,61.0
경기도,부천시 원미구,일식음식점,230.0,231.0,249.0
경기도,부천시 원미구,자동차수리점,358.0,359.0,348.0
경기도,부천시 원미구,자전거판매점,21.0,21.0,22.0
경기도,부천시 원미구,장난감가게,41.0,42.0,33.0
경기도,부천시 원미구,정육점,146.0,145.0,143.0
경기도,부천시 원미구,제과점,218.0,215.0,219.0
경기도,부천시 원미구,종합병원,22.0,23.0,24.0
경기도,부천시 원미구,주유소,18.0,18.0,20.0
경기도,부천시 원미구,주차장운영업,86.0,86.0,80.0
경기도,부천시 원미구,중고차판매점,51.0,52.0,59.0
경기도,부천시 원미구,중식음식점,281.0,280.0,269.0
경기도,부천시 원미구,채소가게,106.0,105.0,100.0
경기도,부천시 원미구,철물점,60.0,58.0,56.0
경기도,부천시 원미구,치과의원,184.0,185.0,181.0
경기도,부천시 원미구,침구ㆍ커튼가게,59.0,57.0,57.0
경기도,부천시 원미구,커피음료점,651.0,652.0,675.0
경기도,부천시 원미구,컴퓨터판매점,45.0,47.0,45.0
경기도,부천시 원미구,통신판매업,7473.0,7397.0,7160.0
경기도,부천시 원미구,패스트푸드점,335.0,339.0,337.0
경기도,부천시 원미구,펜션ㆍ게스트하우스,7.0,7.0,6.0
경기도,부천시 원미구,편의점,351.0,354.0,381.0
경기도,부천시 원미구,피부ㆍ비뇨기과의원,49.0,49.0,48.0
경기도,부천시 원미구,피부관리업,1026.0,1022.0,972.0
경기도,부천시 원미구,한방병원ㆍ한의원,155.0,153.0,146.0
경기도,부천시 원미구,한식음식점,2769.0,2779.0,2800.0
경기도,부천시 원미구,헬스클럽,138.0,139.0,143.0
경기도,부천시 원미구,호프주점,230.0,231.0,236.0
경기도,부천시 원미구,화장품가게,342.0,344.0,353.0
경기도,부천시 원미구,휴대폰가게,185.0,187.0,179.0
경기도,성남시 분당구,LPG 충전소,3.0,3.0,3.0
경기도,성남시 분당구,pc방,36.0,36.0,39.0
경기도,성남시 분당구,가구점,39.0,38.0,43.0
경기도,성남시 분당구,가전제품수리점,132.0,126.0,113.0
경기도,성남시 분당구,가전제품판매점,40.0,38.0,35.0
경기도,성남시 분당구,간이주점,24.0,26.0,30.0
경기도,성남시 분당구,간판광고물업,71.0,71.0,69.0
경기도,성남시 분당구,감정평가사,51.0,51.0,49.0
경기도,성남시 분당구,건강보조식품가게,140.0,141.0,137.0
경기도,성남시 분당구,건어물가게,13.0,14.0,14.0
경기도,성남시 분당구,건축사,103.0,104.0,106.0
경기도,성남시 분당구,결혼상담소,17.0,18.0,14.0
경기도,성남시 분당구,곡물가게,10.0,11.0,15.0
경기도,성남시 분당구,공인노무사,29.0,29.0,30.0
경기도,성남시 분당구,공인회계사,23.0,23.0,17.0
경기도,성남시 분당구,과일가게,47.0,47.0,47.0
경기도,성남시 분당구,교습소ㆍ공부방,680.0,678.0,678.0
경기도,성남시 분당구,교습학원,1134.0,1131.0,1149.0
경기도,성남시 분당구,구내식당,115.0,114.0,115.0
경기도,성남시 분당구,기술ㆍ직업훈련학원,310.0,310.0,281.0
경기도,성남시 분당구,기술사,21.0,21.0,24.0
경기도,성남시 분당구,기타외국식음식점,502.0,514.0,544.0
경기도,성남시 분당구,기타음식점,138.0,139.0,151.0
경기도,성남시 분당구,기타일반의원,56.0,55.0,54.0
경기도,성남시 분당구,꽃가게,272.0,272.0,282.0
경기도,성남시 분당구,내과ㆍ소아과의원,130.0,131.0,130.0
경기도,성남시 분당구,노래방,152.0,153.0,157.0
경기도,성남시 분당구,담배ㆍ복권소매업,71.0,71.0,62.0
경기도,성남시 분당구,당구장,97.0,97.0,94.0
경기도,성남시 분당구,독서실,71.0,69.0,74.0
경기도,성남시 분당구,동물병원,68.0,68.0,69.0
경기도,성남시 분당구,목욕탕,16.0,16.0,16.0
경기도,성남시 분당구,문구점,68.0,68.0,72.0
경기도,성남시 분당구,미용실,940.0,942.0,909.0
경기도,성남시 분당구,법무사,52.0,54.0,56.0
경기도,성남시 분당구,변리사,25.0,24.0,26.0
경기도,성남시 분당구,변호사,33.0,32.0,27.0
경기도,성남시 분당구,부동산중개업,1554.0,1553.0,1576.0
경기도,성남시 분당구,분식점,331.0,335.0,355.0
경기도,성남시 분당구,사진촬영업,202.0,198.0,190.0
경기도,성남시 분당구,산부인과의원,30.0,30.0,28.0
경기도,성남시 분당구,생선가게,20.0,21.0,21.0
경기도,성남시 분당구,서점,112.0,114.0,105.0
경기도,성남시 분당구,성형외과의원,26.0,26.0,26.0
경기도,성남시 분당구,세무사,253.0,255.0,245.0
경기도,성남시 분당구,세탁소,227.0,229.0,232.0
경기도,성남시 분당구,슈퍼마켓,141.0,140.0,150.0
경기도,성남시 분당구,스포츠교육기관,553.0,553.0,526.0
경기도,성남시 분당구,스포츠시설운영업,147.0,149.0,158.0
경기도,성남시 분당구,스포츠용품점,120.0,122.0,133.0
경기도,성남시 분당구,시계ㆍ귀금속점,67.0,67.0,70.0
경기도,성남시 분당구,식료품가게,147.0,146.0,152.0
경기도,성남시 분당구,신경정신과의원,56.0,56.0,55.0
경기도,성남시 분당구,신발가게,22.0,22.0,23.0
경기도,성남시 분당구,실내스크린골프점,118.0,117.0,120.0
경기도,성남시 분당구,실내장식가게,806.0,797.0,814.0
경기도,성남시 분당구,실외골프연습장,19.0,19.0,20.0
경기도,성남시 분당구,안경점,101.0,101.0,106.0
경기도,성남시 분당구,안과의원,20.0,20.0,20.0
경기도,성남시 분당구,애완용품점,110.0,107.0,116.0
경기도,성남시 분당구,약국,289.0,288.0,286.0
경기도,성남시 분당구,여관ㆍ모텔,21.0,21.0,24.0
경기도,성남시 분당구,여행사,132.0,133.0,142.0
경기도,성남시 분당구,예술학원,546.0,545.0,548.0
경기도,성남시 분당구,예식장,5.0,5.0,6.0
경기도,성남시 분당구,옷가게,670.0,675.0,696.0
경기도,성남시 분당구,의료용품가게,110.0,112.0,111.0
경기도,성남시 분당구,이륜자동차판매점,0.0,0.0,0.0
경기도,성남시 분당구,이발소,63.0,64.0,55.0
경기도,성남시 분당구,이비인후과의원,49.0,49.0,46.0
경기도,성남시 분당구,일반외과의원,79.0,79.0,77.0
경기도,성남시 분당구,일식음식점,373.0,372.0,367.0
경기도,성남시 분당구,자동차수리점,271.0,268.0,263.0
경기도,성남시 분당구,자전거판매점,12.0,12.0,14.0
경기도,성남시 분당구,장난감가게,39.0,39.0,39.0
경기도,성남시 분당구,정육점,110.0,110.0,106.0
경기도,성남시 분당구,제과점,275.0,278.0,264.0
경기도,성남시 분당구,종합병원,20.0,20.0,20.0
경기도,성남시 분당구,주유소,19.0,19.0,19.0
경기도,성남시 분당구,주차장운영업,124.0,124.0,120.0
경기도,성남시 분당구,중고차판매점,9.0,9.0,9.0
경기도,성남시 분당구,중식음식점,199.0,200.0,196.0
경기도,성남시 분당구,채소가게,46.0,44.0,44.0
경기도,성남시 분당구,철물점,36.0,36.0,38.0
경기도,성남시 분당구,치과의원,275.0,277.0,273.0
경기도,성남시 분당구,침구ㆍ커튼가게,57.0,57.0,60.0
경기도,성남시 분당구,커피음료점,780.0,777.0,769.0
경기도,성남시 분당구,컴퓨터판매점,50.0,51.0,57.0
경기도,성남시 분당구,통신판매업,7649.0,7587.0,7289.0
경기도,성남시 분당구,패스트푸드점,372.0,375.0,388.0
경기도,성남시 분당구,펜션ㆍ게스트하우스,11.0,11.0,8.0
경기도,성남시 분당구,편의점,359.0,359.0,362.0
경기도,성남시 분당구,피부ㆍ비뇨기과의원,122.0,121.0,120.0
경기도,성남시 분당구,피부관리업,810.0,802.0,784.0
경기도,성남시 분당구,한방병원ㆍ한의원,219.0,219.0,217.0
경기도,성남시 분당구,한식음식점,2166.0,2170.0,2164.0
경기도,성남시 분당구,헬스클럽,229.0,228.0,216.0
경기도,성남시 분당구,호프주점,131.0,129.0,131.0
경기도,성남시 분당구,화장품가게,393.0,393.0,438.0
경기도,성남시 분당구,휴대폰가게,109.0,108.0,113.0
경기도,성남시 수정구,LPG 충전소,4.0,4.0,4.0
경기도,성남시 수정구,pc방,44.0,45.0,41.0
경기도,성남시 수정구,가구점,30.0,29.0,28.0
경기도,성남시 수정구,가전제품수리점,111.0,112.0,98.0
경기도,성남시 수정구,가전제품판매점,35.0,35.0,34.0
경기도,성남시 수정구,간이주점,46.0,46.0,52.0
경기도,성남시 수정구,간판광고물업,43.0,43.0,48.0
경기도,성남시 수정구,감정평가사,21.0,21.0,19.0
경기도,성남시 수정구,건강보조식품가게,55.0,56.0,55.0
경기도,성남시 수정구,건어물가게,16.0,15.0,12.0
경기도,성남시 수정구,건축사,58.0,57.0,53.0
경기도,성남시 수정구,결혼상담소,9.0,8.0,7.0
경기도,성남시 수정구,곡물가게,25.0,25.0,26.0
경기도,성남시 수정구,공인노무사,8.0,9.0,7.0
경기도,성남시 수정구,공인회계사,7.0,7.0,8.0
경기도,성남시 수정구,과일가게,48.0,50.0,41.0
경기도,성남시 수정구,교습소ㆍ공부방,191.0,192.0,178.0
경기도,성남시 수정구,교습학원,350.0,351.0,339.0
경기도,성남시 수정구,구내식당,46.0,47.0,49.0
경기도,성남시 수정구,기술ㆍ직업훈련학원,119.0,118.0,108.0
경기도,성남시 수정구,기술사,13.0,13.0,12.0
경기도,성남시 수정구,기타외국식음식점,141.0,141.0,141.0
경기도,성남시 수정구,기타음식점,66.0,65.0,67.0
경기도,성남시 수정구,기타일반의원,28.0,28.0,25.0
경기도,성남시 수정구,꽃가게,116.0,114.0,118.0
경기도,성남시 수정구,내과ㆍ소아과의원,68.0,68.0,70.0
경기도,성남시 수정구,노래방,107.0,107.0,115.0
경기도,성남시 수정구,담배ㆍ복권소매업,56.0,58.0,59.0
경기도,성남시 수정구,당구장,81.0,81.0,83.0
경기도,성남시 수정구,독서실,26.0,26.0,27.0
경기도,성남시 수정구,동물병원,25.0,25.0,25.0
경기도,성남시 수정구,목욕탕,14.0,14.0,13.0
경기도,성남시 수정구,문구점,35.0,34.0,36.0
경기도,성남시 수정구,미용실,530.0,532.0,539.0
경기도,성남시 수정구,법무사,28.0,27.0,25.0
경기도,성남시 수정구,변리사,6.0,6.0,4.0
경기도,성남시 수정구,변호사,32.0,31.0,23.0
경기도,성남시 수정구,부동산중개업,753.0,757.0,760.0
경기도,성남시 수정구,분식점,180.0,182.0,188.0
경기도,성남시 수정구,사진촬영업,97.0,97.0,96.0
경기도,성남시 수정구,산부인과의원,15.0,15.0,15.0
경기도,성남시 수정구,생선가게,18.0,18.0,16.0
경기도,성남시 수정구,서점,35.0,34.0,33.0
경기도,성남시 수정구,성형외과의원,3.0,3.0,3.0
경기도,성남시 수정구,세무사,81.0,79.0,76.0
경기도,성남시 수정구,세탁소,116.0,118.0,109.0
경기도,성남시 수정구,슈퍼마켓,133.0,132.0,132.0
경기도,성남시 수정구,스포츠교육기관,215.0,212.0,211.0
경기도,성남시 수정구,스포츠시설운영업,31.0,32.0,36.0
경기도,성남시 수정구,스포츠용품점,53.0,54.0,60.0
경기도,성남시 수정구,시계ㆍ귀금속점,28.0,27.0,25.0
경기도,성남시 수정구,식료품가게,158.0,156.0,158.0
경기도,성남시 수정구,신경정신과의원,14.0,14.0,13.0
경기도,성남시 수정구,신발가게,34.0,34.0,37.0
경기도,성남시 수정구,실내스크린골프점,37.0,37.0,39.0
경기도,성남시 수정구,실내장식가게,509.0,510.0,511.0
경기도,성남시 수정구,실외골프연습장,3.0,3.0,4.0
경기도,성남시 수정구,안경점,49.0,48.0,46.0
경기도,성남시 수정구,안과의원,12.0,12.0,13.0
경기도,성남시 수정구,애완용품점,53.0,51.0,55.0
경기도,성남시 수정구,약국,147.0,146.0,143.0
경기도,성남시 수정구,여관ㆍ모텔,83.0,82.0,84.0
경기도,성남시 수정구,여행사,34.0,34.0,35.0
경기도,성남시 수정구,예술학원,157.0,155.0,158.0
경기도,성남시 수정구,예식장,4.0,4.0,4.0
경기도,성남시 수정구,옷가게,343.0,341.0,350.0
경기도,성남시 수정구,의료용품가게,59.0,61.0,58.0
경기도,성남시 수정구,이륜자동차판매점,12.0,12.0,12.0
경기도,성남시 수정구,이발소,51.0,51.0,52.0
경기도,성남시 수정구,이비인후과의원,25.0,25.0,25.0
경기도,성남시 수정구,일반외과의원,49.0,50.0,48.0
경기도,성남시 수정구,일식음식점,106.0,105.0,101.0
경기도,성남시 수정구,자동차수리점,156.0,157.0,147.0
경기도,성남시 수정구,자전거판매점,10.0,10.0,11.0
경기도,성남시 수정구,장난감가게,17.0,16.0,15.0
경기도,성남시 수정구,정육점,90.0,91.0,95.0
경기도,성남시 수정구,제과점,93.0,92.0,89.0
경기도,성남시 수정구,종합병원,13.0,14.0,14.0
경기도,성남시 수정구,주유소,13.0,12.0,12.0
경기도,성남시 수정구,주차장운영업,55.0,52.0,52.0
경기도,성남시 수정구,중고차판매점,3.0,3.0,3.0
경기도,성남시 수정구,중식음식점,131.0,134.0,144.0
경기도,성남시 수정구,채소가게,48.0,47.0,50.0
경기도,성남시 수정구,철물점,23.0,23.0,23.0
경기도,성남시 수정구,치과의원,142.0,141.0,139.0
경기도,성남시 수정구,침구ㆍ커튼가게,30.0,27.0,20.0
경기도,성남시 수정구,커피음료점,380.0,377.0,386.0
경기도,성남시 수정구,컴퓨터판매점,27.0,27.0,27.0
경기도,성남시 수정구,통신판매업,3150.0,3117.0,3076.0
경기도,성남시 수정구,패스트푸드점,190.0,193.0,204.0
경기도,성남시 수정구,펜션ㆍ게스트하우스,3.0,3.0,0.0
경기도,성남시 수정구,편의점,222.0,222.0,226.0
경기도,성남시 수정구,피부ㆍ비뇨기과의원,44.0,44.0,42.0
경기도,성남시 수정구,피부관리업,290.0,284.0,280.0
경기도,성남시 수정구,한방병원ㆍ한의원,98.0,98.0,91.0
경기도,성남시 수정구,한식음식점,1325.0,1325.0,1325.0
경기도,성남시 수정구,헬스클럽,63.0,62.0,63.0
경기도,성남시 수정구,호프주점,101.0,104.0,119.0
경기도,성남시 수정구,화장품가게,140.0,138.0,142.0
경기도,성남시 수정구,휴대폰가게,73.0,72.0,66.0
경기도,성남시 중원구,LPG 충전소,0.0,0.0,0.0
경기도,성남시 중원구,pc방,21.0,21.0,23.0
경기도,성남시 중원구,가구점,26.0,26.0,26.0
경기도,성남시 중원구,가전제품수리점,118.0,116.0,119.0
경기도,성남시 중원구,가전제품판매점,43.0,42.0,42.0
경기도,성남시 중원구,간이주점,49.0,49.0,51.0
경기도,성남시 중원구,간판광고물업,72.0,73.0,72.0
경기도,성남시 중원구,감정평가사,10.0,10.0,9.0
경기도,성남시 중원구,건강보조식품가게,36.0,37.0,37.0
경기도,성남시 중원구,건어물가게,37.0,36.0,39.0
경기도,성남시 중원구,건축사,30.0,30.0,31.0
경기도,성남시 중원구,결혼상담소,5.0,5.0,6.0
경기도,성남시 중원구,곡물가게,40.0,39.0,41.0
경기도,성남시 중원구,공인노무사,9.0,9.0,6.0
경기도,성남시 중원구,공인회계사,6.0,6.0,5.0
경기도,성남시 중원구,과일가게,61.0,60.0,52.0
경기도,성남시 중원구,교습소ㆍ공부방,143.0,141.0,129.0
경기도,성남시 중원구,교습학원,175.0,175.0,176.0
경기도,성남시 중원구,구내식당,38.0,37.0,39.0
경기도,성남시 중원구,기술ㆍ직업훈련학원,61.0,61.0,60.0
경기도,성남시 중원구,기술사,4.0,4.0,4.0
경기도,성남시 중원구,기타외국식음식점,71.0,72.0,59.0
경기도,성남시 중원구,기타음식점,63.0,64.0,66.0
경기도,성남시 중원구,기타일반의원,23.0,23.0,23.0
경기도,성남시 중원구,꽃가게,96.0,95.0,96.0
경기도,성남시 중원구,내과ㆍ소아과의원,58.0,58.0,57.0
경기도,성남시 중원구,노래방,182.0,183.0,190.0
경기도,성남시 중원구,담배ㆍ복권소매업,41.0,41.0,41.0
경기도,성남시 중원구,당구장,74.0,76.0,82.0
경기도,성남시 중원구,독서실,23.0,23.0,26.0
경기도,성남시 중원구,동물병원,20.0,20.0,20.0
경기도,성남시 중원구,목욕탕,10.0,10.0,10.0
경기도,성남시 중원구,문구점,39.0,40.0,36.0
경기도,성남시 중원구,미용실,488.0,488.0,494.0
경기도,성남시 중원구,법무사,29.0,29.0,29.0
경기도,성남시 중원구,변리사,6.0,6.0,6.0
경기도,성남시 중원구,변호사,26.0,27.0,26.0
경기도,성남시 중원구,부동산중개업,596.0,599.0,633.0
경기도,성남시 중원구,분식점,162.0,164.0,188.0
경기도,성남시 중원구,사진촬영업,87.0,90.0,89.0
경기도,성남시 중원구,산부인과의원,6.0,6.0,6.0
경기도,성남시 중원구,생선가게,35.0,34.0,37.0
경기도,성남시 중원구,서점,20.0,19.0,17.0
경기도,성남시 중원구,성형외과의원,0.0,0.0,0.0
경기도,성남시 중원구,세무사,60.0,59.0,56.0
경기도,성남시 중원구,세탁소,133.0,133.0,124.0
경기도,성남시 중원구,슈퍼마켓,114.0,114.0,111.0
경기도,성남시 중원구,스포츠교육기관,129.0,131.0,133.0
경기도,성남시 중원구,스포츠시설운영업,21.0,22.0,22.0
경기도,성남시 중원구,스포츠용품점,35.0,33.0,35.0
경기도,성남시 중원구,시계ㆍ귀금속점,27.0,28.0,28.0
경기도,성남시 중원구,식료품가게,134.0,132.0,146.0
경기도,성남시 중원구,신경정신과의원,8.0,8.0,8.0
경기도,성남시 중원구,신발가게,28.0,28.0,27.0
경기도,성남시 중원구,실내스크린골프점,16.0,16.0,17.0
경기도,성남시 중원구,실내장식가게,514.0,517.0,516.0
경기도,성남시 중원구,실외골프연습장,0.0,0.0,0.0
경기도,성남시 중원구,안경점,36.0,37.0,40.0
경기도,성남시 중원구,안과의원,6.0,6.0,6.0
경기도,성남시 중원구,애완용품점,43.0,43.0,45.0
경기도,성남시 중원구,약국,103.0,104.0,109.0
경기도,성남시 중원구,여관ㆍ모텔,60.0,60.0,60.0
경기도,성남시 중원구,여행사,33.0,32.0,27.0
경기도,성남시 중원구,예술학원,93.0,92.0,97.0
경기도,성남시 중원구,예식장,0.0,0.0,0.0
경기도,성남시 중원구,옷가게,278.0,279.0,287.0
경기도,성남시 중원구,의료용품가게,34.0,32.0,31.0
경기도,성남시 중원구,이륜자동차판매점,12.0,12.0,11.0
경기도,성남시 중원구,이발소,42.0,42.0,44.0
경기도,성남시 중원구,이비인후과의원,15.0,15.0,15.0
경기도,성남시 중원구,일반외과의원,26.0,26.0,29.0
경기도,성남시 중원구,일식음식점,82.0,84.0,82.0
경기도,성남시 중원구,자동차수리점,147.0,144.0,143.0
경기도,성남시 중원구,자전거판매점,8.0,8.0,7.0
경기도,성남시 중원구,장난감가게,21.0,21.0,19.0
경기도,성남시 중원구,정육점,112.0,115.0,116.0
경기도,성남시 중원구,제과점,92.0,92.0,84.0
경기도,성남시 중원구,종합병원,9.0,9.0,9.0
경기도,성남시 중원구,주유소,20.0,19.0,18.0
경기도,성남시 중원구,주차장운영업,36.0,36.0,35.0
경기도,성남시 중원구,중고차판매점,4.0,4.0,3.0
경기도,성남시 중원구,중식음식점,89.0,91.0,92.0
경기도,성남시 중원구,채소가게,113.0,112.0,108.0
경기도,성남시 중원구,철물점,31.0,31.0,30.0
경기도,성남시 중원구,치과의원,89.0,89.0,90.0
경기도,성남시 중원구,침구ㆍ커튼가게,39.0,39.0,45.0
경기도,성남시 중원구,커피음료점,254.0,254.0,269.0
경기도,성남시 중원구,컴퓨터판매점,34.0,33.0,32.0
경기도,성남시 중원구,통신판매업,2553.0,2558.0,2572.0
경기도,성남시 중원구,패스트푸드점,154.0,153.0,153.0
경기도,성남시 중원구,펜션ㆍ게스트하우스,0.0,0.0,0.0
경기도,성남시 중원구,편의점,189.0,190.0,199.0
경기도,성남시 중원구,피부ㆍ비뇨기과의원,11.0,11.0,11.0
경기도,성남시 중원구,피부관리업,241.0,242.0,216.0
경기도,성남시 중원구,한방병원ㆍ한의원,72.0,73.0,70.0
경기도,성남시 중원구,한식음식점,1323.0,1329.0,1336.0
경기도,성남시 중원구,헬스클럽,56.0,58.0,59.0
경기도,성남시 중원구,호프주점,136.0,137.0,150.0
경기도,성남시 중원구,화장품가게,125.0,130.0,121.0
경기도,성남시 중원구,휴대폰가게,94.0,95.0,83.0
경기도,수원시 권선구,LPG 충전소,10.0,10.0,11.0
경기도,수원시 권선구,pc방,51.0,54.0,57.0
경기도,수원시 권선구,가구점,54.0,53.0,54.0
경기도,수원시 권선구,가전제품수리점,307.0,309.0,300.0
경기도,수원시 권선구,가전제품판매점,75.0,75.0,78.0
경기도,수원시 권선구,간이주점,54.0,53.0,50.0
경기도,수원시 권선구,간판광고물업,75.0,74.0,74.0
경기도,수원시 권선구,감정평가사,11.0,11.0,8.0
경기도,수원시 권선구,건강보조식품가게,74.0,75.0,75.0
경기도,수원시 권선구,건어물가게,17.0,18.0,17.0
경기도,수원시 권선구,건축사,42.0,43.0,45.0
경기도,수원시 권선구,결혼상담소,8.0,8.0,3.0
경기도,수원시 권선구,곡물가게,19.0,19.0,17.0
경기도,수원시 권선구,공인노무사,0.0,0.0,0.0
경기도,수원시 권선구,공인회계사,4.0,4.0,4.0
경기도,수원시 권선구,과일가게,52.0,49.0,42.0
경기도,수원시 권선구,교습소ㆍ공부방,424.0,424.0,418.0
경기도,수원시 권선구,교습학원,379.0,378.0,372.0
경기도,수원시 권선구,구내식당,78.0,80.0,86.0
경기도,수원시 권선구,기술ㆍ직업훈련학원,134.0,134.0,131.0
경기도,수원시 권선구,기술사,14.0,14.0,16.0
경기도,수원시 권선구,기타외국식음식점,89.0,92.0,93.0
경기도,수원시 권선구,기타음식점,105.0,109.0,102.0
경기도,수원시 권선구,기타일반의원,19.0,19.0,18.0
경기도,수원시 권선구,꽃가게,129.0,133.0,126.0
경기도,수원시 권선구,내과ㆍ소아과의원,80.0,80.0,79.0
경기도,수원시 권선구,노래방,226.0,226.0,231.0
경기도,수원시 권선구,담배ㆍ복권소매업,47.0,47.0,48.0
경기도,수원시 권선구,당구장,110.0,111.0,106.0
경기도,수원시 권선구,독서실,19.0,20.0,20.0
경기도,수원시 권선구,동물병원,30.0,30.0,29.0
경기도,수원시 권선구,목욕탕,16.0,16.0,16.0
경기도,수원시 권선구,문구점,45.0,46.0,54.0
경기도,수원시 권선구,미용실,827.0,828.0,807.0
경기도,수원시 권선구,법무사,23.0,21.0,20.0
경기도,수원시 권선구,변리사,0.0,0.0,0.0
경기도,수원시 권선구,변호사,4.0,4.0,3.0
경기도,수원시 권선구,부동산중개업,794.0,797.0,832.0
경기도,수원시 권선구,분식점,231.0,230.0,257.0
경기도,수원시 권선구,사진촬영업,109.0,106.0,108.0
경기도,수원시 권선구,산부인과의원,4.0,4.0,4.0
경기도,수원시 권선구,생선가게,20.0,20.0,21.0
경기도,수원시 권선구,서점,57.0,55.0,59.0
경기도,수원시 권선구,성형외과의원,0.0,0.0,0.0
경기도,수원시 권선구,세무사,63.0,63.0,63.0
경기도,수원시 권선구,세탁소,182.0,180.0,181.0
경기도,수원시 권선구,슈퍼마켓,160.0,165.0,168.0
경기도,수원시 권선구,스포츠교육기관,252.0,251.0,240.0
경기도,수원시 권선구,스포츠시설운영업,68.0,68.0,62.0
경기도,수원시 권선구,스포츠용품점,72.0,72.0,64.0
경기도,수원시 권선구,시계ㆍ귀금속점,36.0,36.0,35.0
경기도,수원시 권선구,식료품가게,171.0,170.0,164.0
경기도,수원시 권선구,신경정신과의원,4.0,4.0,5.0
경기도,수원시 권선구,신발가게,15.0,15.0,20.0
경기도,수원시 권선구,실내스크린골프점,78.0,79.0,82.0
경기도,수원시 권선구,실내장식가게,749.0,751.0,749.0
경기도,수원시 권선구,실외골프연습장,13.0,13.0,11.0
경기도,수원시 권선구,안경점,65.0,65.0,63.0
경기도,수원시 권선구,안과의원,8.0,8.0,8.0
경기도,수원시 권선구,애완용품점,71.0,72.0,71.0
경기도,수원시 권선구,약국,140.0,141.0,138.0
경기도,수원시 권선구,여관ㆍ모텔,36.0,36.0,38.0
경기도,수원시 권선구,여행사,37.0,37.0,33.0
경기도,수원시 권선구,예술학원,212.0,214.0,221.0
경기도,수원시 권선구,예식장,5.0,5.0,5.0
경기도,수원시 권선구,옷가게,329.0,332.0,337.0
경기도,수원시 권선구,의료용품가게,24.0,24.0,23.0
경기도,수원시 권선구,이륜자동차판매점,14.0,14.0,15.0
경기도,수원시 권선구,이발소,54.0,54.0,54.0
경기도,수원시 권선구,이비인후과의원,17.0,17.0,16.0
경기도,수원시 권선구,일반외과의원,33.0,32.0,30.0
경기도,수원시 권선구,일식음식점,94.0,93.0,100.0
경기도,수원시 권선구,자동차수리점,569.0,567.0,550.0
경기도,수원시 권선구,자전거판매점,8.0,9.0,11.0
경기도,수원시 권선구,장난감가게,27.0,26.0,23.0
경기도,수원시 권선구,정육점,116.0,118.0,124.0
경기도,수원시 권선구,제과점,120.0,123.0,123.0
경기도,수원시 권선구,종합병원,13.0,13.0,13.0
경기도,수원시 권선구,주유소,41.0,41.0,41.0
경기도,수원시 권선구,주차장운영업,98.0,96.0,86.0
경기도,수원시 권선구,중고차판매점,250.0,250.0,255.0
경기도,수원시 권선구,중식음식점,149.0,154.0,164.0
경기도,수원시 권선구,채소가게,64.0,63.0,71.0
경기도,수원시 권선구,철물점,51.0,51.0,55.0
경기도,수원시 권선구,치과의원,110.0,110.0,109.0
경기도,수원시 권선구,침구ㆍ커튼가게,42.0,42.0,44.0
경기도,수원시 권선구,커피음료점,431.0,428.0,447.0
경기도,수원시 권선구,컴퓨터판매점,33.0,33.0,31.0
경기도,수원시 권선구,통신판매업,5057.0,5070.0,4866.0
경기도,수원시 권선구,패스트푸드점,288.0,288.0,282.0
경기도,수원시 권선구,펜션ㆍ게스트하우스,0.0,0.0,0.0
경기도,수원시 권선구,편의점,331.0,333.0,340.0
경기도,수원시 권선구,피부ㆍ비뇨기과의원,11.0,11.0,11.0
경기도,수원시 권선구,피부관리업,467.0,468.0,460.0
경기도,수원시 권선구,한방병원ㆍ한의원,83.0,83.0,83.0
경기도,수원시 권선구,한식음식점,2018.0,2025.0,2057.0
경기도,수원시 권선구,헬스클럽,104.0,104.0,108.0
경기도,수원시 권선구,호프주점,107.0,108.0,114.0
경기도,수원시 권선구,화장품가게,193.0,194.0,205.0
경기도,수원시 권선구,휴대폰가게,108.0,109.0,108.0
경기도,수원시 영통구,LPG 충전소,3.0,3.0,4.0
경기도,수원시 영통구,pc방,34.0,34.0,37.0
경기도,수원시 영통구,가구점,27.0,27.0,25.0
경기도,수원시 영통구,가전제품수리점,137.0,136.0,131.0
경기도,수원시 영통구,가전제품판매점,38.0,38.0,43.0
경기도,수원시 영통구,간이주점,45.0,45.0,44.0
경기도,수원시 영통구,간판광고물업,34.0,34.0,38.0
경기도,수원시 영통구,감정평가사,21.0,21.0,20.0
경기도,수원시 영통구,건강보조식품가게,88.0,87.0,89.0
경기도,수원시 영통구,건어물가게,10.0,10.0,12.0
경기도,수원시 영통구,건축사,58.0,58.0,53.0
경기도,수원시 영통구,결혼상담소,10.0,10.0,9.0
경기도,수원시 영통구,곡물가게,9.0,10.0,10.0
경기도,수원시 영통구,공인노무사,19.0,20.0,17.0
경기도,수원시 영통구,공인회계사,13.0,13.0,13.0
경기도,수원시 영통구,과일가게,44.0,45.0,36.0
경기도,수원시 영통구,교습소ㆍ공부방,613.0,610.0,594.0
경기도,수원시 영통구,교습학원,803.0,797.0,784.0
경기도,수원시 영통구,구내식당,73.0,75.0,75.0
경기도,수원시 영통구,기술ㆍ직업훈련학원,167.0,172.0,160.0
경기도,수원시 영통구,기술사,17.0,17.0,15.0
경기도,수원시 영통구,기타외국식음식점,272.0,272.0,289.0
경기도,수원시 영통구,기타음식점,113.0,115.0,118.0
경기도,수원시 영통구,기타일반의원,22.0,22.0,22.0
경기도,수원시 영통구,꽃가게,187.0,189.0,183.0
경기도,수원시 영통구,내과ㆍ소아과의원,76.0,76.0,72.0
경기도,수원시 영통구,노래방,129.0,131.0,138.0
경기도,수원시 영통구,담배ㆍ복권소매업,34.0,34.0,29.0
경기도,수원시 영통구,당구장,83.0,87.0,90.0
경기도,수원시 영통구,독서실,60.0,60.0,62.0
경기도,수원시 영통구,동물병원,42.0,42.0,40.0
경기도,수원시 영통구,목욕탕,6.0,6.0,6.0
경기도,수원시 영통구,문구점,65.0,68.0,72.0
경기도,수원시 영통구,미용실,742.0,740.0,728.0
경기도,수원시 영통구,법무사,151.0,151.0,147.0
경기도,수원시 영통구,변리사,9.0,9.0,7.0
경기도,수원시 영통구,변호사,391.0,391.0,375.0
경기도,수원시 영통구,부동산중개업,1056.0,1063.0,1105.0
경기도,수원시 영통구,분식점,303.0,304.0,320.0
경기도,수원시 영통구,사진촬영업,145.0,146.0,135.0
경기도,수원시 영통구,산부인과의원,14.0,14.0,12.0
경기도,수원시 영통구,생선가게,15.0,16.0,20.0
경기도,수원시 영통구,서점,96.0,96.0,98.0
경기도,수원시 영통구,성형외과의원,11.0,11.0,9.0
경기도,수원시 영통구,세무사,197.0,197.0,183.0
경기도,수원시 영통구,세탁소,167.0,169.0,166.0
경기도,수원시 영통구,슈퍼마켓,150.0,154.0,157.0
경기도,수원시 영통구,스포츠교육기관,380.0,378.0,355.0
경기도,수원시 영통구,스포츠시설운영업,87.0,89.0,91.0
경기도,수원시 영통구,스포츠용품점,72.0,72.0,84.0
경기도,수원시 영통구,시계ㆍ귀금속점,40.0,38.0,35.0
경기도,수원시 영통구,식료품가게,105.0,107.0,113.0
경기도,수원시 영통구,신경정신과의원,21.0,21.0,20.0
경기도,수원시 영통구,신발가게,19.0,20.0,18.0
경기도,수원시 영통구,실내스크린골프점,61.0,61.0,66.0
경기도,수원시 영통구,실내장식가게,515.0,518.0,486.0
경기도,수원시 영통구,실외골프연습장,6.0,6.0,7.0
경기도,수원시 영통구,안경점,70.0,70.0,67.0
경기도,수원시 영통구,안과의원,12.0,12.0,12.0
경기도,수원시 영통구,애완용품점,100.0,104.0,98.0
경기도,수원시 영통구,약국,161.0,158.0,159.0
경기도,수원시 영통구,여관ㆍ모텔,8.0,8.0,9.0
경기도,수원시 영통구,여행사,68.0,68.0,64.0
경기도,수원시 영통구,예술학원,324.0,323.0,338.0
경기도,수원시 영통구,예식장,0.0,0.0,0.0
경기도,수원시 영통구,옷가게,281.0,280.0,322.0
경기도,수원시 영통구,의료용품가게,31.0,31.0,27.0
경기도,수원시 영통구,이륜자동차판매점,7.0,7.0,6.0
경기도,수원시 영통구,이발소,47.0,45.0,43.0
경기도,수원시 영통구,이비인후과의원,23.0,23.0,23.0
경기도,수원시 영통구,일반외과의원,38.0,39.0,38.0
경기도,수원시 영통구,일식음식점,221.0,220.0,198.0
경기도,수원시 영통구,자동차수리점,259.0,255.0,247.0
경기도,수원시 영통구,자전거판매점,10.0,10.0,12.0
경기도,수원시 영통구,장난감가게,24.0,24.0,23.0
경기도,수원시 영통구,정육점,82.0,83.0,83.0
경기도,수원시 영통구,제과점,208.0,202.0,193.0
경기도,수원시 영통구,종합병원,19.0,19.0,18.0
경기도,수원시 영통구,주유소,21.0,21.0,20.0
경기도,수원시 영통구,주차장운영업,83.0,83.0,78.0
경기도,수원시 영통구,중고차판매점,4.0,4.0,5.0
경기도,수원시 영통구,중식음식점,159.0,158.0,168.0
경기도,수원시 영통구,채소가게,43.0,44.0,41.0
경기도,수원시 영통구,철물점,18.0,20.0,19.0
경기도,수원시 영통구,치과의원,150.0,150.0,148.0
경기도,수원시 영통구,침구ㆍ커튼가게,50.0,49.0,43.0
경기도,수원시 영통구,커피음료점,630.0,633.0,651.0
경기도,수원시 영통구,컴퓨터판매점,43.0,44.0,45.0
경기도,수원시 영통구,통신판매업,4953.0,4950.0,4924.0
경기도,수원시 영통구,패스트푸드점,311.0,308.0,296.0
경기도,수원시 영통구,펜션ㆍ게스트하우스,7.0,6.0,3.0
경기도,수원시 영통구,편의점,298.0,297.0,309.0
경기도,수원시 영통구,피부ㆍ비뇨기과의원,49.0,49.0,46.0
경기도,수원시 영통구,피부관리업,619.0,622.0,608.0
경기도,수원시 영통구,한방병원ㆍ한의원,110.0,110.0,110.0
경기도,수원시 영통구,한식음식점,1803.0,1800.0,1839.0
경기도,수원시 영통구,헬스클럽,134.0,132.0,123.0
경기도,수원시 영통구,호프주점,86.0,85.0,91.0
경기도,수원시 영통구,화장품가게,216.0,218.0,246.0
경기도,수원시 영통구,휴대폰가게,75.0,72.0,67.0
경기도,수원시 장안구,LPG 충전소,4.0,4.0,3.0
경기도,수원시 장안구,pc방,37.0,38.0,41.0
경기도,수원시 장안구,가구점,15.0,14.0,16.0
경기도,수원시 장안구,가전제품수리점,156.0,155.0,149.0
경기도,수원시 장안구,가전제품판매점,32.0,33.0,34.0
경기도,수원시 장안구,간이주점,57.0,58.0,65.0
경기도,수원시 장안구,간판광고물업,44.0,45.0,45.0
경기도,수원시 장안구,감정평가사,10.0,10.0,9.0
경기도,수원시 장안구,건강보조식품가게,52.0,52.0,56.0
경기도,수원시 장안구,건어물가게,21.0,21.0,23.0
경기도,수원시 장안구,건축사,21.0,21.0,21.0
경기도,수원시 장안구,결혼상담소,7.0,7.0,7.0
경기도,수원시 장안구,곡물가게,19.0,19.0,19.0
경기도,수원시 장안구,공인노무사,13.0,13.0,14.0
경기도,수원시 장안구,공인회계사,0.0,0.0,0.0
경기도,수원시 장안구,과일가게,40.0,41.0,37.0
경기도,수원시 장안구,교습소ㆍ공부방,346.0,339.0,321.0
경기도,수원시 장안구,교습학원,354.0,356.0,356.0
경기도,수원시 장안구,구내식당,65.0,66.0,67.0
경기도,수원시 장안구,기술ㆍ직업훈련학원,99.0,100.0,94.0
경기도,수원시 장안구,기술사,7.0,7.0,7.0
경기도,수원시 장안구,기타외국식음식점,117.0,115.0,110.0
경기도,수원시 장안구,기타음식점,73.0,73.0,76.0
경기도,수원시 장안구,기타일반의원,18.0,18.0,17.0
경기도,수원시 장안구,꽃가게,121.0,120.0,114.0
경기도,수원시 장안구,내과ㆍ소아과의원,57.0,56.0,59.0
경기도,수원시 장안구,노래방,135.0,138.0,139.0
경기도,수원시 장안구,담배ㆍ복권소매업,39.0,39.0,35.0
경기도,수원시 장안구,당구장,83.0,84.0,92.0
경기도,수원시 장안구,독서실,33.0,32.0,34.0
경기도,수원시 장안구,동물병원,24.0,24.0,25.0
경기도,수원시 장안구,목욕탕,13.0,13.0,13.0
경기도,수원시 장안구,문구점,42.0,42.0,37.0
경기도,수원시 장안구,미용실,625.0,624.0,619.0
경기도,수원시 장안구,법무사,12.0,12.0,11.0
경기도,수원시 장안구,변호사,0.0,0.0,0.0
경기도,수원시 장안구,부동산중개업,546.0,547.0,560.0
경기도,수원시 장안구,분식점,222.0,221.0,233.0
경기도,수원시 장안구,사진촬영업,90.0,90.0,89.0
경기도,수원시 장안구,산부인과의원,5.0,6.0,6.0
경기도,수원시 장안구,생선가게,22.0,22.0,22.0
경기도,수원시 장안구,서점,47.0,45.0,40.0
경기도,수원시 장안구,성형외과의원,0.0,0.0,0.0
경기도,수원시 장안구,세무사,50.0,50.0,51.0
경기도,수원시 장안구,세탁소,140.0,141.0,139.0
경기도,수원시 장안구,슈퍼마켓,125.0,122.0,124.0
경기도,수원시 장안구,스포츠교육기관,195.0,196.0,195.0
경기도,수원시 장안구,스포츠시설운영업,46.0,45.0,47.0
경기도,수원시 장안구,스포츠용품점,46.0,47.0,50.0
경기도,수원시 장안구,시계ㆍ귀금속점,34.0,34.0,34.0
경기도,수원시 장안구,식료품가게,134.0,133.0,136.0
경기도,수원시 장안구,신경정신과의원,8.0,8.0,8.0
경기도,수원시 장안구,신발가게,7.0,7.0,9.0
경기도,수원시 장안구,실내스크린골프점,42.0,42.0,42.0
경기도,수원시 장안구,실내장식가게,492.0,500.0,465.0
경기도,수원시 장안구,실외골프연습장,3.0,0.0,3.0
경기도,수원시 장안구,안경점,42.0,42.0,42.0
경기도,수원시 장안구,안과의원,7.0,7.0,7.0
경기도,수원시 장안구,애완용품점,59.0,59.0,64.0
경기도,수원시 장안구,약국,123.0,121.0,117.0
경기도,수원시 장안구,여관ㆍ모텔,59.0,60.0,62.0
경기도,수원시 장안구,여행사,32.0,32.0,33.0
경기도,수원시 장안구,예술학원,174.0,174.0,184.0
경기도,수원시 장안구,예식장,0.0,0.0,0.0
경기도,수원시 장안구,옷가게,248.0,248.0,260.0
경기도,수원시 장안구,의료용품가게,36.0,35.0,41.0
경기도,수원시 장안구,이륜자동차판매점,11.0,11.0,9.0
경기도,수원시 장안구,이발소,65.0,64.0,63.0
경기도,수원시 장안구,이비인후과의원,14.0,14.0,14.0
경기도,수원시 장안구,일반외과의원,33.0,33.0,31.0
경기도,수원시 장안구,일식음식점,113.0,112.0,108.0
경기도,수원시 장안구,자동차수리점,187.0,188.0,183.0
경기도,수원시 장안구,자전거판매점,12.0,11.0,12.0
경기도,수원시 장안구,장난감가게,9.0,9.0,7.0
경기도,수원시 장안구,정육점,91.0,91.0,96.0
경기도,수원시 장안구,제과점,122.0,121.0,117.0
경기도,수원시 장안구,종합병원,18.0,18.0,18.0
경기도,수원시 장안구,주유소,20.0,20.0,20.0
경기도,수원시 장안구,주차장운영업,31.0,31.0,29.0
경기도,수원시 장안구,중고차판매점,4.0,4.0,5.0
경기도,수원시 장안구,중식음식점,114.0,116.0,113.0
경기도,수원시 장안구,채소가게,50.0,49.0,46.0
경기도,수원시 장안구,철물점,41.0,41.0,41.0
경기도,수원시 장안구,치과의원,107.0,107.0,107.0
경기도,수원시 장안구,침구ㆍ커튼가게,28.0,27.0,30.0
경기도,수원시 장안구,커피음료점,396.0,391.0,412.0
경기도,수원시 장안구,컴퓨터판매점,21.0,23.0,23.0
경기도,수원시 장안구,통신판매업,3171.0,3177.0,3001.0
경기도,수원시 장안구,패스트푸드점,207.0,206.0,215.0
경기도,수원시 장안구,펜션ㆍ게스트하우스,29.0,31.0,26.0
경기도,수원시 장안구,편의점,215.0,217.0,233.0
경기도,수원시 장안구,피부ㆍ비뇨기과의원,14.0,14.0,14.0
경기도,수원시 장안구,피부관리업,259.0,259.0,266.0
경기도,수원시 장안구,한방병원ㆍ한의원,79.0,79.0,81.0
경기도,수원시 장안구,한식음식점,1406.0,1404.0,1429.0
경기도,수원시 장안구,헬스클럽,75.0,73.0,68.0
경기도,수원시 장안구,호프주점,104.0,106.0,117.0
경기도,수원시 장안구,화장품가게,121.0,122.0,135.0
경기도,수원시 장안구,휴대폰가게,78.0,79.0,69.0
경기도,수원시 팔달구,LPG 충전소,0.0,0.0,0.0
경기도,수원시 팔달구,pc방,37.0,35.0,33.0
경기도,수원시 팔달구,가구점,18.0,18.0,18.0
경기도,수원시 팔달구,가전제품수리점,125.0,123.0,124.0
경기도,수원시 팔달구,가전제품판매점,38.0,38.0,37.0
경기도,수원시 팔달구,간이주점,109.0,109.0,105.0
경기도,수원시 팔달구,간판광고물업,54.0,53.0,52.0
경기도,수원시 팔달구,감정평가사,11.0,11.0,13.0
경기도,수원시 팔달구,건강보조식품가게,76.0,78.0,83.0
경기도,수원시 팔달구,건어물가게,20.0,20.0,20.0
경기도,수원시 팔달구,건축사,81.0,81.0,75.0
경기도,수원시 팔달구,결혼상담소,25.0,25.0,25.0
경기도,수원시 팔달구,곡물가게,23.0,21.0,24.0
경기도,수원시 팔달구,공인노무사,15.0,15.0,8.0
경기도,수원시 팔달구,공인회계사,15.0,15.0,15.0
경기도,수원시 팔달구,과일가게,40.0,39.0,40.0
경기도,수원시 팔달구,교습소ㆍ공부방,222.0,219.0,219.0
경기도,수원시 팔달구,교습학원,191.0,192.0,179.0
경기도,수원시 팔달구,구내식당,78.0,78.0,85.0
경기도,수원시 팔달구,기술ㆍ직업훈련학원,200.0,198.0,191.0
경기도,수원시 팔달구,기술사,10.0,10.0,10.0
경기도,수원시 팔달구,기타외국식음식점,274.0,274.0,271.0
경기도,수원시 팔달구,기타음식점,79.0,78.0,88.0
경기도,수원시 팔달구,기타일반의원,21.0,21.0,21.0
경기도,수원시 팔달구,꽃가게,112.0,114.0,110.0
경기도,수원시 팔달구,내과ㆍ소아과의원,59.0,60.0,60.0
경기도,수원시 팔달구,노래방,126.0,126.0,137.0
경기도,수원시 팔달구,담배ㆍ복권소매업,55.0,55.0,56.0
경기도,수원시 팔달구,당구장,75.0,74.0,74.0
경기도,수원시 팔달구,독서실,35.0,35.0,37.0
경기도,수원시 팔달구,동물병원,24.0,23.0,23.0
경기도,수원시 팔달구,목욕탕,12.0,12.0,12.0
경기도,수원시 팔달구,문구점,56.0,57.0,58.0
경기도,수원시 팔달구,미용실,592.0,591.0,586.0
경기도,수원시 팔달구,법무사,16.0,16.0,15.0
경기도,수원시 팔달구,변리사,0.0,0.0,0.0
경기도,수원시 팔달구,변호사,8.0,8.0,6.0
경기도,수원시 팔달구,부동산중개업,707.0,714.0,719.0
경기도,수원시 팔달구,분식점,245.0,250.0,271.0
경기도,수원시 팔달구,사진촬영업,169.0,169.0,163.0
경기도,수원시 팔달구,산부인과의원,13.0,13.0,14.0
경기도,수원시 팔달구,생선가게,31.0,31.0,36.0
경기도,수원시 팔달구,서점,42.0,42.0,46.0
경기도,수원시 팔달구,성형외과의원,20.0,20.0,20.0
경기도,수원시 팔달구,세무사,114.0,115.0,110.0
경기도,수원시 팔달구,세탁소,111.0,114.0,116.0
경기도,수원시 팔달구,슈퍼마켓,148.0,142.0,146.0
경기도,수원시 팔달구,스포츠교육기관,177.0,178.0,175.0
경기도,수원시 팔달구,스포츠시설운영업,58.0,57.0,56.0
경기도,수원시 팔달구,스포츠용품점,45.0,45.0,50.0
경기도,수원시 팔달구,시계ㆍ귀금속점,41.0,41.0,41.0
경기도,수원시 팔달구,식료품가게,203.0,204.0,204.0
경기도,수원시 팔달구,신경정신과의원,26.0,26.0,22.0
경기도,수원시 팔달구,신발가게,45.0,45.0,45.0
경기도,수원시 팔달구,실내스크린골프점,20.0,20.0,19.0
경기도,수원시 팔달구,실내장식가게,396.0,397.0,387.0
경기도,수원시 팔달구,실외골프연습장,3.0,3.0,3.0
경기도,수원시 팔달구,안경점,55.0,57.0,55.0
경기도,수원시 팔달구,안과의원,13.0,13.0,12.0
경기도,수원시 팔달구,애완용품점,63.0,64.0,65.0
경기도,수원시 팔달구,약국,160.0,162.0,162.0
경기도,수원시 팔달구,여관ㆍ모텔,168.0,167.0,167.0
경기도,수원시 팔달구,여행사,91.0,92.0,100.0
경기도,수원시 팔달구,예술학원,157.0,155.0,157.0
경기도,수원시 팔달구,예식장,7.0,7.0,7.0
경기도,수원시 팔달구,옷가게,546.0,552.0,558.0
경기도,수원시 팔달구,의료용품가게,60.0,60.0,54.0
경기도,수원시 팔달구,이륜자동차판매점,10.0,10.0,11.0
경기도,수원시 팔달구,이발소,51.0,51.0,51.0
경기도,수원시 팔달구,이비인후과의원,17.0,17.0,16.0
경기도,수원시 팔달구,일반외과의원,47.0,48.0,48.0
경기도,수원시 팔달구,일식음식점,170.0,167.0,171.0
경기도,수원시 팔달구,자동차수리점,115.0,116.0,110.0
경기도,수원시 팔달구,자전거판매점,9.0,9.0,7.0
경기도,수원시 팔달구,장난감가게,27.0,27.0,21.0
경기도,수원시 팔달구,정육점,92.0,91.0,92.0
경기도,수원시 팔달구,제과점,146.0,147.0,125.0
경기도,수원시 팔달구,종합병원,22.0,22.0,20.0
경기도,수원시 팔달구,주유소,11.0,11.0,10.0
경기도,수원시 팔달구,주차장운영업,91.0,90.0,82.0
경기도,수원시 팔달구,중고차판매점,3.0,0.0,0.0
경기도,수원시 팔달구,중식음식점,230.0,229.0,223.0
경기도,수원시 팔달구,채소가게,80.0,81.0,81.0
경기도,수원시 팔달구,철물점,37.0,38.0,37.0
경기도,수원시 팔달구,치과의원,120.0,120.0,119.0
경기도,수원시 팔달구,침구ㆍ커튼가게,69.0,68.0,75.0
경기도,수원시 팔달구,커피음료점,571.0,575.0,586.0
경기도,수원시 팔달구,컴퓨터판매점,27.0,26.0,28.0
경기도,수원시 팔달구,통신판매업,3109.0,3075.0,3038.0
경기도,수원시 팔달구,패스트푸드점,201.0,202.0,194.0
경기도,수원시 팔달구,펜션ㆍ게스트하우스,230.0,230.0,195.0
경기도,수원시 팔달구,편의점,255.0,257.0,265.0
경기도,수원시 팔달구,피부ㆍ비뇨기과의원,57.0,57.0,57.0
경기도,수원시 팔달구,피부관리업,574.0,577.0,530.0
경기도,수원시 팔달구,한방병원ㆍ한의원,104.0,104.0,107.0
경기도,수원시 팔달구,한식음식점,1767.0,1792.0,1805.0
경기도,수원시 팔달구,헬스클럽,91.0,91.0,84.0
경기도,수원시 팔달구,호프주점,103.0,104.0,116.0
경기도,수원시 팔달구,화장품가게,251.0,259.0,288.0
경기도,수원시 팔달구,휴대폰가게,150.0,149.0,136.0
경기도,시흥시,LPG 충전소,12.0,12.0,12.0
경기도,시흥시,pc방,90.0,90.0,96.0
경기도,시흥시,가구점,62.0,61.0,64.0
경기도,시흥시,가전제품수리점,332.0,325.0,298.0
경기도,시흥시,가전제품판매점,82.0,84.0,80.0
경기도,시흥시,간이주점,95.0,97.0,99.0
경기도,시흥시,간판광고물업,134.0,136.0,132.0
경기도,시흥시,감정평가사,9.0,9.0,7.0
경기도,시흥시,건강보조식품가게,113.0,107.0,105.0
경기도,시흥시,건어물가게,64.0,62.0,67.0
경기도,시흥시,건축사,104.0,104.0,99.0
경기도,시흥시,결혼상담소,13.0,13.0,8.0
경기도,시흥시,곡물가게,34.0,34.0,31.0
경기도,시흥시,공인노무사,6.0,6.0,6.0
경기도,시흥시,공인회계사,21.0,21.0,20.0
경기도,시흥시,과일가게,123.0,122.0,120.0
경기도,시흥시,교습소ㆍ공부방,627.0,630.0,573.0
경기도,시흥시,교습학원,751.0,746.0,718.0
경기도,시흥시,구내식당,380.0,382.0,402.0
경기도,시흥시,기술ㆍ직업훈련학원,218.0,216.0,207.0
경기도,시흥시,기술사,13.0,12.0,9.0
경기도,시흥시,기타외국식음식점,183.0,185.0,196.0
경기도,시흥시,기타음식점,134.0,134.0,143.0
경기도,시흥시,기타일반의원,18.0,19.0,21.0
경기도,시흥시,꽃가게,293.0,293.0,288.0
경기도,시흥시,내과ㆍ소아과의원,112.0,112.0,111.0
경기도,시흥시,노래방,344.0,345.0,348.0
경기도,시흥시,담배ㆍ복권소매업,82.0,81.0,70.0
경기도,시흥시,당구장,230.0,232.0,239.0
경기도,시흥시,독서실,38.0,38.0,42.0
경기도,시흥시,동물병원,38.0,38.0,37.0
경기도,시흥시,목욕탕,25.0,25.0,26.0
경기도,시흥시,문구점,86.0,85.0,93.0
경기도,시흥시,미용실,1099.0,1094.0,1065.0
경기도,시흥시,법무사,38.0,39.0,37.0
경기도,시흥시,변리사,0.0,0.0,0.0
경기도,시흥시,변호사,15.0,16.0,17.0
경기도,시흥시,부동산중개업,1506.0,1508.0,1552.0
경기도,시흥시,분식점,1027.0,1032.0,1066.0
경기도,시흥시,사진촬영업,182.0,187.0,174.0
경기도,시흥시,산부인과의원,17.0,17.0,14.0
경기도,시흥시,생선가게,105.0,105.0,103.0
경기도,시흥시,서점,83.0,83.0,74.0
경기도,시흥시,성형외과의원,3.0,3.0,4.0
경기도,시흥시,세무사,123.0,123.0,120.0
경기도,시흥시,세탁소,268.0,269.0,261.0
경기도,시흥시,슈퍼마켓,354.0,355.0,350.0
경기도,시흥시,스포츠교육기관,409.0,404.0,394.0
경기도,시흥시,스포츠시설운영업,163.0,162.0,159.0
경기도,시흥시,스포츠용품점,159.0,157.0,169.0
경기도,시흥시,시계ㆍ귀금속점,47.0,47.0,45.0
경기도,시흥시,식료품가게,420.0,417.0,415.0
경기도,시흥시,신경정신과의원,15.0,15.0,14.0
경기도,시흥시,신발가게,39.0,40.0,38.0
경기도,시흥시,실내스크린골프점,123.0,124.0,123.0
경기도,시흥시,실내장식가게,1252.0,1240.0,1179.0
경기도,시흥시,실외골프연습장,14.0,15.0,15.0
경기도,시흥시,안경점,77.0,78.0,82.0
경기도,시흥시,안과의원,12.0,12.0,12.0
경기도,시흥시,애완용품점,206.0,203.0,225.0
경기도,시흥시,약국,191.0,193.0,197.0
경기도,시흥시,여관ㆍ모텔,72.0,72.0,77.0
경기도,시흥시,여행사,73.0,73.0,68.0
경기도,시흥시,예술학원,359.0,360.0,366.0
경기도,시흥시,예식장,3.0,3.0,3.0
경기도,시흥시,옷가게,612.0,619.0,625.0
경기도,시흥시,의료용품가게,57.0,59.0,58.0
경기도,시흥시,이륜자동차판매점,34.0,35.0,38.0
경기도,시흥시,이발소,89.0,88.0,81.0
경기도,시흥시,이비인후과의원,27.0,27.0,27.0
경기도,시흥시,일반외과의원,55.0,54.0,55.0
경기도,시흥시,일식음식점,167.0,165.0,174.0
경기도,시흥시,자동차수리점,523.0,530.0,523.0
경기도,시흥시,자전거판매점,28.0,28.0,29.0
경기도,시흥시,장난감가게,49.0,48.0,47.0
경기도,시흥시,정육점,207.0,209.0,206.0
경기도,시흥시,제과점,182.0,182.0,181.0
경기도,시흥시,종합병원,25.0,25.0,25.0
경기도,시흥시,주유소,74.0,73.0,76.0
경기도,시흥시,주차장운영업,104.0,105.0,97.0
경기도,시흥시,중고차판매점,32.0,31.0,29.0
경기도,시흥시,중식음식점,413.0,413.0,407.0
경기도,시흥시,채소가게,152.0,151.0,144.0
경기도,시흥시,철물점,79.0,78.0,82.0
경기도,시흥시,치과의원,164.0,165.0,163.0
경기도,시흥시,침구ㆍ커튼가게,71.0,73.0,70.0
경기도,시흥시,커피음료점,741.0,749.0,757.0
경기도,시흥시,컴퓨터판매점,63.0,63.0,58.0
경기도,시흥시,통신판매업,8718.0,8665.0,8311.0
경기도,시흥시,패스트푸드점,384.0,384.0,368.0
경기도,시흥시,펜션ㆍ게스트하우스,265.0,265.0,267.0
경기도,시흥시,편의점,554.0,553.0,563.0
경기도,시흥시,피부ㆍ비뇨기과의원,36.0,34.0,32.0
경기도,시흥시,피부관리업,820.0,820.0,819.0
경기도,시흥시,한방병원ㆍ한의원,89.0,89.0,90.0
경기도,시흥시,한식음식점,3046.0,3057.0,3133.0
경기도,시흥시,헬스클럽,129.0,130.0,133.0
경기도,시흥시,호프주점,166.0,163.0,174.0
경기도,시흥시,화장품가게,290.0,298.0,313.0
경기도,시흥시,휴대폰가게,216.0,216.0,203.0
경기도,안산시 단원구,LPG 충전소,7.0,7.0,7.0
경기도,안산시 단원구,pc방,87.0,88.0,85.0
경기도,안산시 단원구,가구점,38.0,37.0,30.0
경기도,안산시 단원구,가전제품수리점,202.0,193.0,182.0
경기도,안산시 단원구,가전제품판매점,36.0,37.0,36.0
경기도,안산시 단원구,간이주점,81.0,81.0,85.0
경기도,안산시 단원구,간판광고물업,103.0,102.0,97.0
경기도,안산시 단원구,감정평가사,5.0,5.0,3.0
경기도,안산시 단원구,건강보조식품가게,74.0,72.0,81.0
경기도,안산시 단원구,건어물가게,33.0,32.0,32.0
경기도,안산시 단원구,건축사,70.0,69.0,68.0
경기도,안산시 단원구,결혼상담소,12.0,12.0,15.0
경기도,안산시 단원구,곡물가게,23.0,23.0,25.0
경기도,안산시 단원구,공인노무사,23.0,22.0,20.0
경기도,안산시 단원구,공인회계사,22.0,22.0,20.0
경기도,안산시 단원구,과일가게,75.0,76.0,75.0
경기도,안산시 단원구,교습소ㆍ공부방,251.0,253.0,243.0
경기도,안산시 단원구,교습학원,387.0,391.0,386.0
경기도,안산시 단원구,구내식당,404.0,407.0,421.0
경기도,안산시 단원구,기술ㆍ직업훈련학원,174.0,173.0,176.0
경기도,안산시 단원구,기술사,6.0,6.0,7.0
경기도,안산시 단원구,기타외국식음식점,252.0,253.0,245.0
경기도,안산시 단원구,기타음식점,94.0,93.0,103.0
경기도,안산시 단원구,기타일반의원,18.0,18.0,17.0
경기도,안산시 단원구,꽃가게,156.0,156.0,162.0
경기도,안산시 단원구,내과ㆍ소아과의원,70.0,70.0,69.0
경기도,안산시 단원구,노래방,295.0,296.0,302.0
경기도,안산시 단원구,담배ㆍ복권소매업,60.0,60.0,50.0
경기도,안산시 단원구,당구장,148.0,147.0,148.0
경기도,안산시 단원구,독서실,51.0,53.0,58.0
경기도,안산시 단원구,동물병원,24.0,24.0,24.0
경기도,안산시 단원구,목욕탕,10.0,10.0,10.0
경기도,안산시 단원구,문구점,57.0,59.0,62.0
경기도,안산시 단원구,미용실,779.0,778.0,759.0
경기도,안산시 단원구,법무사,91.0,92.0,87.0
경기도,안산시 단원구,변리사,4.0,4.0,3.0
경기도,안산시 단원구,변호사,92.0,91.0,88.0
경기도,안산시 단원구,부동산중개업,926.0,930.0,961.0
경기도,안산시 단원구,분식점,405.0,408.0,428.0
경기도,안산시 단원구,사진촬영업,123.0,125.0,128.0
경기도,안산시 단원구,산부인과의원,17.0,17.0,16.0
경기도,안산시 단원구,생선가게,45.0,45.0,47.0
경기도,안산시 단원구,서점,50.0,49.0,46.0
경기도,안산시 단원구,성형외과의원,14.0,14.0,14.0
경기도,안산시 단원구,세무사,191.0,193.0,187.0
경기도,안산시 단원구,세탁소,172.0,172.0,168.0
경기도,안산시 단원구,슈퍼마켓,251.0,254.0,261.0
경기도,안산시 단원구,스포츠교육기관,238.0,238.0,233.0
경기도,안산시 단원구,스포츠시설운영업,67.0,66.0,61.0
경기도,안산시 단원구,스포츠용품점,86.0,87.0,89.0
경기도,안산시 단원구,시계ㆍ귀금속점,57.0,56.0,55.0
경기도,안산시 단원구,식료품가게,327.0,332.0,339.0
경기도,안산시 단원구,신경정신과의원,16.0,16.0,15.0
경기도,안산시 단원구,신발가게,20.0,21.0,25.0
경기도,안산시 단원구,실내스크린골프점,82.0,81.0,83.0
경기도,안산시 단원구,실내장식가게,764.0,769.0,733.0
경기도,안산시 단원구,실외골프연습장,8.0,7.0,6.0
경기도,안산시 단원구,안경점,61.0,61.0,60.0
경기도,안산시 단원구,안과의원,12.0,12.0,12.0
경기도,안산시 단원구,애완용품점,84.0,85.0,85.0
경기도,안산시 단원구,약국,179.0,181.0,180.0
경기도,안산시 단원구,여관ㆍ모텔,113.0,112.0,120.0
경기도,안산시 단원구,여행사,100.0,96.0,101.0
경기도,안산시 단원구,예술학원,189.0,191.0,193.0
경기도,안산시 단원구,예식장,10.0,10.0,10.0
경기도,안산시 단원구,옷가게,429.0,437.0,483.0
경기도,안산시 단원구,의료용품가게,39.0,42.0,41.0
경기도,안산시 단원구,이륜자동차판매점,8.0,8.0,10.0
경기도,안산시 단원구,이발소,62.0,62.0,62.0
경기도,안산시 단원구,이비인후과의원,15.0,15.0,15.0
경기도,안산시 단원구,일반외과의원,46.0,46.0,46.0
경기도,안산시 단원구,일식음식점,180.0,181.0,185.0
경기도,안산시 단원구,자동차수리점,355.0,353.0,361.0
경기도,안산시 단원구,자전거판매점,17.0,17.0,18.0
경기도,안산시 단원구,장난감가게,38.0,39.0,31.0
경기도,안산시 단원구,정육점,111.0,112.0,115.0
경기도,안산시 단원구,제과점,175.0,179.0,164.0
경기도,안산시 단원구,종합병원,26.0,26.0,26.0
경기도,안산시 단원구,주유소,32.0,33.0,35.0
경기도,안산시 단원구,주차장운영업,91.0,91.0,84.0
경기도,안산시 단원구,중고차판매점,65.0,64.0,63.0
경기도,안산시 단원구,중식음식점,360.0,360.0,351.0
경기도,안산시 단원구,채소가게,69.0,69.0,69.0
경기도,안산시 단원구,철물점,59.0,59.0,61.0
경기도,안산시 단원구,치과의원,134.0,132.0,127.0
경기도,안산시 단원구,침구ㆍ커튼가게,53.0,51.0,60.0
경기도,안산시 단원구,커피음료점,595.0,598.0,608.0
경기도,안산시 단원구,컴퓨터판매점,41.0,41.0,38.0
경기도,안산시 단원구,통신판매업,5318.0,5330.0,5457.0
경기도,안산시 단원구,패스트푸드점,266.0,268.0,271.0
경기도,안산시 단원구,펜션ㆍ게스트하우스,912.0,906.0,945.0
경기도,안산시 단원구,편의점,372.0,373.0,384.0
경기도,안산시 단원구,피부ㆍ비뇨기과의원,39.0,39.0,37.0
경기도,안산시 단원구,피부관리업,710.0,712.0,688.0
경기도,안산시 단원구,한방병원ㆍ한의원,100.0,98.0,98.0
경기도,안산시 단원구,한식음식점,2326.0,2323.0,2341.0
경기도,안산시 단원구,헬스클럽,88.0,88.0,88.0
경기도,안산시 단원구,호프주점,237.0,234.0,247.0
경기도,안산시 단원구,화장품가게,282.0,280.0,313.0
경기도,안산시 단원구,휴대폰가게,230.0,230.0,230.0
경기도,안산시 상록구,LPG 충전소,8.0,8.0,10.0
경기도,안산시 상록구,pc방,64.0,66.0,69.0
경기도,안산시 상록구,가구점,51.0,52.0,54.0
경기도,안산시 상록구,가전제품수리점,276.0,277.0,249.0
경기도,안산시 상록구,가전제품판매점,73.0,73.0,73.0
경기도,안산시 상록구,간이주점,58.0,60.0,64.0
경기도,안산시 상록구,간판광고물업,62.0,64.0,70.0
경기도,안산시 상록구,감정평가사,0.0,0.0,0.0
경기도,안산시 상록구,건강보조식품가게,70.0,70.0,67.0
경기도,안산시 상록구,건어물가게,19.0,19.0,19.0
경기도,안산시 상록구,건축사,31.0,31.0,31.0
경기도,안산시 상록구,결혼상담소,7.0,6.0,6.0
경기도,안산시 상록구,곡물가게,23.0,23.0,24.0
경기도,안산시 상록구,공인노무사,6.0,6.0,7.0
경기도,안산시 상록구,과일가게,65.0,67.0,63.0
경기도,안산시 상록구,교습소ㆍ공부방,278.0,280.0,276.0
경기도,안산시 상록구,교습학원,251.0,248.0,256.0
경기도,안산시 상록구,구내식당,81.0,81.0,90.0
경기도,안산시 상록구,기술ㆍ직업훈련학원,102.0,104.0,110.0
경기도,안산시 상록구,기술사,9.0,9.0,10.0
경기도,안산시 상록구,기타외국식음식점,143.0,143.0,139.0
경기도,안산시 상록구,기타음식점,85.0,88.0,99.0
경기도,안산시 상록구,기타일반의원,18.0,18.0,18.0
경기도,안산시 상록구,꽃가게,130.0,130.0,132.0
경기도,안산시 상록구,내과ㆍ소아과의원,55.0,55.0,52.0
경기도,안산시 상록구,노래방,250.0,253.0,263.0
경기도,안산시 상록구,담배ㆍ복권소매업,63.0,62.0,53.0
경기도,안산시 상록구,당구장,143.0,144.0,146.0
경기도,안산시 상록구,독서실,40.0,40.0,42.0
경기도,안산시 상록구,동물병원,14.0,14.0,13.0
경기도,안산시 상록구,목욕탕,20.0,20.0,20.0
경기도,안산시 상록구,문구점,43.0,44.0,47.0
경기도,안산시 상록구,미용실,716.0,717.0,717.0
경기도,안산시 상록구,법무사,6.0,6.0,6.0
경기도,안산시 상록구,변리사,0.0,0.0,0.0
경기도,안산시 상록구,변호사,0.0,0.0,0.0
경기도,안산시 상록구,부동산중개업,614.0,618.0,632.0
경기도,안산시 상록구,분식점,292.0,296.0,320.0
경기도,안산시 상록구,사진촬영업,82.0,84.0,93.0
경기도,안산시 상록구,산부인과의원,7.0,7.0,7.0
경기도,안산시 상록구,생선가게,33.0,32.0,25.0
경기도,안산시 상록구,서점,48.0,47.0,51.0
경기도,안산시 상록구,성형외과의원,0.0,0.0,0.0
경기도,안산시 상록구,세무사,17.0,17.0,16.0
경기도,안산시 상록구,세탁소,187.0,188.0,186.0
경기도,안산시 상록구,슈퍼마켓,182.0,185.0,196.0
경기도,안산시 상록구,스포츠교육기관,180.0,183.0,184.0
경기도,안산시 상록구,스포츠시설운영업,31.0,33.0,44.0
경기도,안산시 상록구,스포츠용품점,88.0,87.0,93.0
경기도,안산시 상록구,시계ㆍ귀금속점,21.0,21.0,24.0
경기도,안산시 상록구,식료품가게,208.0,211.0,211.0
경기도,안산시 상록구,신경정신과의원,4.0,4.0,4.0
경기도,안산시 상록구,신발가게,27.0,27.0,25.0
경기도,안산시 상록구,실내스크린골프점,41.0,41.0,40.0
경기도,안산시 상록구,실내장식가게,990.0,986.0,913.0
경기도,안산시 상록구,실외골프연습장,6.0,6.0,6.0
경기도,안산시 상록구,안경점,53.0,53.0,52.0
경기도,안산시 상록구,안과의원,6.0,6.0,6.0
경기도,안산시 상록구,애완용품점,82.0,82.0,77.0
경기도,안산시 상록구,약국,121.0,122.0,121.0
경기도,안산시 상록구,여관ㆍ모텔,45.0,45.0,44.0
경기도,안산시 상록구,여행사,26.0,26.0,22.0
경기도,안산시 상록구,예술학원,156.0,157.0,168.0
경기도,안산시 상록구,예식장,0.0,0.0,0.0
경기도,안산시 상록구,옷가게,401.0,400.0,430.0
경기도,안산시 상록구,의료용품가게,22.0,22.0,19.0
경기도,안산시 상록구,이륜자동차판매점,13.0,12.0,12.0
경기도,안산시 상록구,이발소,51.0,51.0,56.0
경기도,안산시 상록구,이비인후과의원,11.0,11.0,10.0
경기도,안산시 상록구,일반외과의원,23.0,23.0,23.0
경기도,안산시 상록구,일식음식점,74.0,73.0,76.0
경기도,안산시 상록구,자동차수리점,357.0,355.0,353.0
경기도,안산시 상록구,자전거판매점,15.0,15.0,15.0
경기도,안산시 상록구,장난감가게,19.0,20.0,18.0
경기도,안산시 상록구,정육점,151.0,153.0,159.0
경기도,안산시 상록구,제과점,130.0,128.0,121.0
경기도,안산시 상록구,종합병원,15.0,15.0,15.0
경기도,안산시 상록구,주유소,32.0,33.0,31.0
경기도,안산시 상록구,주차장운영업,17.0,17.0,18.0
경기도,안산시 상록구,중고차판매점,4.0,4.0,3.0
경기도,안산시 상록구,중식음식점,148.0,148.0,152.0
경기도,안산시 상록구,채소가게,66.0,60.0,61.0
경기도,안산시 상록구,철물점,49.0,50.0,52.0
경기도,안산시 상록구,치과의원,87.0,87.0,87.0
경기도,안산시 상록구,침구ㆍ커튼가게,60.0,61.0,59.0
경기도,안산시 상록구,커피음료점,355.0,353.0,371.0
경기도,안산시 상록구,컴퓨터판매점,27.0,27.0,30.0
경기도,안산시 상록구,통신판매업,4596.0,4617.0,4589.0
경기도,안산시 상록구,패스트푸드점,225.0,223.0,227.0
경기도,안산시 상록구,펜션ㆍ게스트하우스,16.0,15.0,16.0
경기도,안산시 상록구,편의점,316.0,317.0,313.0
경기도,안산시 상록구,피부ㆍ비뇨기과의원,6.0,6.0,8.0
경기도,안산시 상록구,피부관리업,288.0,287.0,269.0
경기도,안산시 상록구,한방병원ㆍ한의원,73.0,73.0,79.0
경기도,안산시 상록구,한식음식점,1784.0,1789.0,1835.0
경기도,안산시 상록구,헬스클럽,63.0,63.0,64.0
경기도,안산시 상록구,호프주점,108.0,110.0,120.0
경기도,안산시 상록구,화장품가게,204.0,211.0,224.0
경기도,안산시 상록구,휴대폰가게,134.0,131.0,132.0
경기도,안성시,LPG 충전소,14.0,14.0,14.0
경기도,안성시,pc방,21.0,22.0,20.0
경기도,안성시,가구점,36.0,37.0,33.0
경기도,안성시,가전제품수리점,90.0,90.0,91.0
경기도,안성시,가전제품판매점,38.0,38.0,38.0
경기도,안성시,간이주점,10.0,10.0,12.0
경기도,안성시,간판광고물업,35.0,36.0,36.0
경기도,안성시,감정평가사,0.0,0.0,0.0
경기도,안성시,건강보조식품가게,49.0,50.0,57.0
경기도,안성시,건어물가게,24.0,24.0,21.0
경기도,안성시,건축사,37.0,37.0,35.0
경기도,안성시,결혼상담소,8.0,7.0,3.0
경기도,안성시,곡물가게,28.0,29.0,30.0
경기도,안성시,공인노무사,0.0,0.0,0.0
경기도,안성시,공인회계사,4.0,4.0,4.0
경기도,안성시,과일가게,115.0,114.0,113.0
경기도,안성시,교습소ㆍ공부방,229.0,227.0,228.0
경기도,안성시,교습학원,180.0,180.0,176.0
경기도,안성시,구내식당,72.0,70.0,68.0
경기도,안성시,기술ㆍ직업훈련학원,76.0,77.0,64.0
경기도,안성시,기술사,4.0,4.0,4.0
경기도,안성시,기타외국식음식점,108.0,112.0,115.0
경기도,안성시,기타음식점,63.0,64.0,70.0
경기도,안성시,기타일반의원,11.0,11.0,11.0
경기도,안성시,꽃가게,116.0,115.0,118.0
경기도,안성시,내과ㆍ소아과의원,34.0,34.0,36.0
경기도,안성시,노래방,103.0,105.0,106.0
경기도,안성시,담배ㆍ복권소매업,33.0,33.0,32.0
경기도,안성시,당구장,69.0,69.0,72.0
경기도,안성시,독서실,9.0,9.0,9.0
경기도,안성시,동물병원,29.0,30.0,28.0
경기도,안성시,목욕탕,17.0,17.0,16.0
경기도,안성시,문구점,42.0,42.0,40.0
경기도,안성시,미용실,425.0,424.0,415.0
경기도,안성시,법무사,12.0,12.0,11.0
경기도,안성시,변호사,0.0,0.0,0.0
경기도,안성시,부동산중개업,576.0,573.0,574.0
경기도,안성시,분식점,127.0,126.0,151.0
경기도,안성시,사진촬영업,66.0,65.0,59.0
경기도,안성시,산부인과의원,4.0,4.0,4.0
경기도,안성시,생선가게,19.0,17.0,17.0
경기도,안성시,서점,30.0,30.0,32.0
경기도,안성시,세무사,14.0,14.0,14.0
경기도,안성시,세탁소,108.0,109.0,102.0
경기도,안성시,슈퍼마켓,154.0,157.0,155.0
경기도,안성시,스포츠교육기관,116.0,116.0,111.0
경기도,안성시,스포츠시설운영업,32.0,32.0,34.0
경기도,안성시,스포츠용품점,86.0,87.0,85.0
경기도,안성시,시계ㆍ귀금속점,24.0,26.0,24.0
경기도,안성시,식료품가게,198.0,200.0,207.0
경기도,안성시,신경정신과의원,5.0,5.0,5.0
경기도,안성시,신발가게,24.0,23.0,23.0
경기도,안성시,실내스크린골프점,41.0,41.0,38.0
경기도,안성시,실내장식가게,323.0,328.0,305.0
경기도,안성시,실외골프연습장,12.0,12.0,12.0
경기도,안성시,안경점,32.0,31.0,33.0
경기도,안성시,안과의원,4.0,4.0,4.0
경기도,안성시,애완용품점,57.0,59.0,58.0
경기도,안성시,약국,89.0,89.0,89.0
경기도,안성시,여관ㆍ모텔,86.0,84.0,85.0
경기도,안성시,여행사,42.0,42.0,39.0
경기도,안성시,예술학원,99.0,99.0,102.0
경기도,안성시,예식장,5.0,5.0,5.0
경기도,안성시,옷가게,234.0,236.0,237.0
경기도,안성시,의료용품가게,14.0,14.0,12.0
경기도,안성시,이륜자동차판매점,13.0,14.0,14.0
경기도,안성시,이발소,47.0,47.0,47.0
경기도,안성시,이비인후과의원,9.0,9.0,9.0
경기도,안성시,일반외과의원,12.0,13.0,11.0
경기도,안성시,일식음식점,70.0,72.0,68.0
경기도,안성시,자동차수리점,279.0,281.0,273.0
경기도,안성시,자전거판매점,10.0,11.0,11.0
경기도,안성시,장난감가게,18.0,18.0,12.0
경기도,안성시,정육점,89.0,89.0,90.0
경기도,안성시,제과점,76.0,78.0,70.0
경기도,안성시,종합병원,13.0,13.0,13.0
경기도,안성시,주유소,98.0,101.0,99.0
경기도,안성시,주차장운영업,31.0,31.0,33.0
경기도,안성시,중고차판매점,16.0,16.0,14.0
경기도,안성시,중식음식점,153.0,153.0,156.0
경기도,안성시,채소가게,65.0,64.0,60.0
경기도,안성시,철물점,45.0,46.0,42.0
경기도,안성시,치과의원,57.0,58.0,56.0
경기도,안성시,침구ㆍ커튼가게,42.0,42.0,43.0
경기도,안성시,커피음료점,365.0,369.0,391.0
경기도,안성시,컴퓨터판매점,23.0,23.0,22.0
경기도,안성시,통신판매업,2311.0,2282.0,1976.0
경기도,안성시,패스트푸드점,184.0,185.0,187.0
경기도,안성시,펜션ㆍ게스트하우스,43.0,40.0,35.0
경기도,안성시,편의점,320.0,323.0,324.0
경기도,안성시,피부ㆍ비뇨기과의원,9.0,9.0,8.0
경기도,안성시,피부관리업,186.0,185.0,181.0
경기도,안성시,한방병원ㆍ한의원,34.0,34.0,32.0
경기도,안성시,한식음식점,2071.0,2086.0,2063.0
경기도,안성시,헬스클럽,41.0,41.0,44.0
경기도,안성시,호프주점,53.0,53.0,57.0
경기도,안성시,화장품가게,103.0,102.0,103.0
경기도,안성시,휴대폰가게,57.0,54.0,57.0
경기도,안양시 동안구,LPG 충전소,0.0,0.0,0.0
경기도,안양시 동안구,pc방,38.0,38.0,40.0
경기도,안양시 동안구,가구점,57.0,56.0,54.0
경기도,안양시 동안구,가전제품수리점,134.0,132.0,125.0
경기도,안양시 동안구,가전제품판매점,43.0,44.0,44.0
경기도,안양시 동안구,간이주점,49.0,49.0,56.0
경기도,안양시 동안구,간판광고물업,62.0,62.0,62.0
경기도,안양시 동안구,감정평가사,47.0,46.0,44.0
경기도,안양시 동안구,건강보조식품가게,100.0,103.0,102.0
경기도,안양시 동안구,건어물가게,13.0,13.0,15.0
경기도,안양시 동안구,건축사,121.0,120.0,119.0
경기도,안양시 동안구,결혼상담소,5.0,4.0,0.0
경기도,안양시 동안구,곡물가게,20.0,20.0,19.0
경기도,안양시 동안구,공인노무사,19.0,19.0,16.0
경기도,안양시 동안구,공인회계사,26.0,26.0,25.0
경기도,안양시 동안구,과일가게,47.0,47.0,46.0
경기도,안양시 동안구,교습소ㆍ공부방,611.0,618.0,610.0
경기도,안양시 동안구,교습학원,707.0,704.0,688.0
경기도,안양시 동안구,구내식당,80.0,80.0,85.0
경기도,안양시 동안구,기술ㆍ직업훈련학원,162.0,162.0,157.0
경기도,안양시 동안구,기술사,36.0,36.0,33.0
경기도,안양시 동안구,기타외국식음식점,168.0,169.0,180.0
경기도,안양시 동안구,기타음식점,91.0,93.0,100.0
경기도,안양시 동안구,기타일반의원,32.0,32.0,32.0
경기도,안양시 동안구,꽃가게,139.0,137.0,125.0
경기도,안양시 동안구,내과ㆍ소아과의원,84.0,85.0,84.0
경기도,안양시 동안구,노래방,130.0,131.0,136.0
경기도,안양시 동안구,담배ㆍ복권소매업,47.0,47.0,44.0
경기도,안양시 동안구,당구장,96.0,96.0,90.0
경기도,안양시 동안구,독서실,33.0,34.0,34.0
경기도,안양시 동안구,동물병원,37.0,37.0,36.0
경기도,안양시 동안구,목욕탕,12.0,12.0,12.0
경기도,안양시 동안구,문구점,61.0,61.0,60.0
경기도,안양시 동안구,미용실,708.0,703.0,687.0
경기도,안양시 동안구,법무사,86.0,86.0,76.0
경기도,안양시 동안구,변리사,10.0,10.0,11.0
경기도,안양시 동안구,변호사,57.0,57.0,59.0
경기도,안양시 동안구,부동산중개업,1039.0,1042.0,1072.0
경기도,안양시 동안구,분식점,261.0,264.0,283.0
경기도,안양시 동안구,사진촬영업,123.0,124.0,120.0
경기도,안양시 동안구,산부인과의원,17.0,17.0,18.0
경기도,안양시 동안구,생선가게,36.0,35.0,31.0
경기도,안양시 동안구,서점,75.0,73.0,62.0
경기도,안양시 동안구,성형외과의원,12.0,12.0,12.0
경기도,안양시 동안구,세무사,209.0,207.0,198.0
경기도,안양시 동안구,세탁소,130.0,129.0,122.0
경기도,안양시 동안구,슈퍼마켓,156.0,155.0,152.0
경기도,안양시 동안구,스포츠교육기관,296.0,294.0,272.0
경기도,안양시 동안구,스포츠시설운영업,96.0,95.0,96.0
경기도,안양시 동안구,스포츠용품점,104.0,105.0,109.0
경기도,안양시 동안구,시계ㆍ귀금속점,47.0,47.0,44.0
경기도,안양시 동안구,식료품가게,153.0,156.0,156.0
경기도,안양시 동안구,신경정신과의원,21.0,21.0,21.0
경기도,안양시 동안구,신발가게,18.0,18.0,20.0
경기도,안양시 동안구,실내스크린골프점,70.0,68.0,68.0
경기도,안양시 동안구,실내장식가게,586.0,584.0,570.0
경기도,안양시 동안구,실외골프연습장,12.0,12.0,12.0
경기도,안양시 동안구,안경점,58.0,58.0,55.0
경기도,안양시 동안구,안과의원,14.0,14.0,14.0
경기도,안양시 동안구,애완용품점,47.0,49.0,56.0
경기도,안양시 동안구,약국,179.0,177.0,179.0
경기도,안양시 동안구,여관ㆍ모텔,36.0,36.0,34.0
경기도,안양시 동안구,여행사,78.0,78.0,75.0
경기도,안양시 동안구,예술학원,244.0,245.0,251.0
경기도,안양시 동안구,예식장,4.0,4.0,3.0
경기도,안양시 동안구,옷가게,318.0,320.0,348.0
경기도,안양시 동안구,의료용품가게,78.0,79.0,79.0
경기도,안양시 동안구,이륜자동차판매점,10.0,11.0,7.0
경기도,안양시 동안구,이발소,52.0,53.0,50.0
경기도,안양시 동안구,이비인후과의원,25.0,25.0,25.0
경기도,안양시 동안구,일반외과의원,48.0,48.0,46.0
경기도,안양시 동안구,일식음식점,171.0,174.0,168.0
경기도,안양시 동안구,자동차수리점,201.0,200.0,198.0
경기도,안양시 동안구,자전거판매점,15.0,15.0,16.0
경기도,안양시 동안구,장난감가게,28.0,27.0,22.0
경기도,안양시 동안구,정육점,101.0,101.0,102.0
경기도,안양시 동안구,제과점,172.0,174.0,164.0
경기도,안양시 동안구,종합병원,10.0,10.0,9.0
경기도,안양시 동안구,주유소,12.0,12.0,12.0
경기도,안양시 동안구,주차장운영업,74.0,76.0,69.0
경기도,안양시 동안구,중고차판매점,8.0,8.0,9.0
경기도,안양시 동안구,중식음식점,150.0,148.0,136.0
경기도,안양시 동안구,채소가게,54.0,54.0,50.0
경기도,안양시 동안구,철물점,42.0,42.0,42.0
경기도,안양시 동안구,치과의원,177.0,178.0,177.0
경기도,안양시 동안구,침구ㆍ커튼가게,27.0,28.0,28.0
경기도,안양시 동안구,커피음료점,513.0,507.0,516.0
경기도,안양시 동안구,컴퓨터판매점,55.0,55.0,52.0
경기도,안양시 동안구,통신판매업,5362.0,5373.0,5184.0
경기도,안양시 동안구,패스트푸드점,243.0,240.0,233.0
경기도,안양시 동안구,펜션ㆍ게스트하우스,5.0,4.0,3.0
경기도,안양시 동안구,편의점,259.0,255.0,257.0
경기도,안양시 동안구,피부ㆍ비뇨기과의원,54.0,54.0,51.0
경기도,안양시 동안구,피부관리업,545.0,541.0,508.0
경기도,안양시 동안구,한방병원ㆍ한의원,135.0,135.0,134.0
경기도,안양시 동안구,한식음식점,1699.0,1695.0,1697.0
경기도,안양시 동안구,헬스클럽,123.0,121.0,120.0
경기도,안양시 동안구,호프주점,127.0,127.0,142.0
경기도,안양시 동안구,화장품가게,241.0,243.0,250.0
경기도,안양시 동안구,휴대폰가게,95.0,96.0,95.0
경기도,안양시 만안구,pc방,34.0,36.0,41.0
경기도,안양시 만안구,가구점,22.0,22.0,21.0
경기도,안양시 만안구,가전제품수리점,127.0,128.0,117.0
경기도,안양시 만안구,가전제품판매점,39.0,38.0,39.0
경기도,안양시 만안구,간이주점,37.0,36.0,35.0
경기도,안양시 만안구,간판광고물업,53.0,53.0,54.0
경기도,안양시 만안구,감정평가사,7.0,6.0,6.0
경기도,안양시 만안구,건강보조식품가게,61.0,63.0,64.0
경기도,안양시 만안구,건어물가게,28.0,28.0,30.0
경기도,안양시 만안구,건축사,55.0,55.0,46.0
경기도,안양시 만안구,결혼상담소,4.0,3.0,4.0
경기도,안양시 만안구,곡물가게,18.0,17.0,18.0
경기도,안양시 만안구,공인노무사,10.0,10.0,9.0
경기도,안양시 만안구,공인회계사,0.0,0.0,0.0
경기도,안양시 만안구,과일가게,35.0,36.0,44.0
경기도,안양시 만안구,교습소ㆍ공부방,181.0,179.0,173.0
경기도,안양시 만안구,교습학원,195.0,194.0,180.0
경기도,안양시 만안구,구내식당,43.0,43.0,46.0
경기도,안양시 만안구,기술ㆍ직업훈련학원,87.0,86.0,85.0
경기도,안양시 만안구,기술사,3.0,3.0,3.0
경기도,안양시 만안구,기타외국식음식점,87.0,87.0,90.0
경기도,안양시 만안구,기타음식점,95.0,93.0,100.0
경기도,안양시 만안구,기타일반의원,18.0,18.0,17.0
경기도,안양시 만안구,꽃가게,89.0,89.0,88.0
경기도,안양시 만안구,내과ㆍ소아과의원,49.0,52.0,49.0
경기도,안양시 만안구,노래방,135.0,137.0,143.0
경기도,안양시 만안구,담배ㆍ복권소매업,37.0,37.0,41.0
경기도,안양시 만안구,당구장,92.0,90.0,91.0
경기도,안양시 만안구,독서실,20.0,20.0,19.0
경기도,안양시 만안구,동물병원,16.0,16.0,15.0
경기도,안양시 만안구,목욕탕,12.0,12.0,14.0
경기도,안양시 만안구,문구점,44.0,44.0,41.0
경기도,안양시 만안구,미용실,499.0,501.0,497.0
경기도,안양시 만안구,법무사,13.0,13.0,12.0
경기도,안양시 만안구,변호사,0.0,0.0,0.0
경기도,안양시 만안구,부동산중개업,536.0,541.0,557.0
경기도,안양시 만안구,분식점,211.0,212.0,221.0
경기도,안양시 만안구,사진촬영업,83.0,83.0,80.0
경기도,안양시 만안구,산부인과의원,6.0,6.0,6.0
경기도,안양시 만안구,생선가게,29.0,31.0,33.0
경기도,안양시 만안구,서점,40.0,41.0,41.0
경기도,안양시 만안구,성형외과의원,4.0,4.0,4.0
경기도,안양시 만안구,세무사,63.0,63.0,59.0
경기도,안양시 만안구,세탁소,103.0,103.0,103.0
경기도,안양시 만안구,슈퍼마켓,151.0,151.0,153.0
경기도,안양시 만안구,스포츠교육기관,140.0,139.0,134.0
경기도,안양시 만안구,스포츠시설운영업,31.0,32.0,30.0
경기도,안양시 만안구,스포츠용품점,34.0,33.0,33.0
경기도,안양시 만안구,시계ㆍ귀금속점,34.0,34.0,35.0
경기도,안양시 만안구,식료품가게,169.0,172.0,170.0
경기도,안양시 만안구,신경정신과의원,9.0,9.0,9.0
경기도,안양시 만안구,신발가게,37.0,37.0,36.0
경기도,안양시 만안구,실내스크린골프점,21.0,23.0,21.0
경기도,안양시 만안구,실내장식가게,491.0,490.0,460.0
경기도,안양시 만안구,실외골프연습장,5.0,5.0,5.0
경기도,안양시 만안구,안경점,44.0,43.0,44.0
경기도,안양시 만안구,안과의원,4.0,5.0,5.0
경기도,안양시 만안구,애완용품점,39.0,39.0,38.0
경기도,안양시 만안구,약국,110.0,111.0,107.0
경기도,안양시 만안구,여관ㆍ모텔,70.0,70.0,74.0
경기도,안양시 만안구,여행사,36.0,38.0,40.0
경기도,안양시 만안구,예술학원,146.0,149.0,145.0
경기도,안양시 만안구,예식장,0.0,0.0,0.0
경기도,안양시 만안구,옷가게,345.0,348.0,366.0
경기도,안양시 만안구,의료용품가게,34.0,35.0,36.0
경기도,안양시 만안구,이륜자동차판매점,7.0,7.0,7.0
경기도,안양시 만안구,이발소,47.0,47.0,48.0
경기도,안양시 만안구,이비인후과의원,11.0,11.0,11.0
경기도,안양시 만안구,일반외과의원,29.0,29.0,26.0
경기도,안양시 만안구,일식음식점,72.0,72.0,65.0
경기도,안양시 만안구,자동차수리점,149.0,149.0,147.0
경기도,안양시 만안구,자전거판매점,14.0,13.0,16.0
경기도,안양시 만안구,장난감가게,17.0,17.0,12.0
경기도,안양시 만안구,정육점,110.0,112.0,107.0
경기도,안양시 만안구,제과점,94.0,93.0,82.0
경기도,안양시 만안구,종합병원,11.0,11.0,11.0
경기도,안양시 만안구,주유소,15.0,15.0,12.0
경기도,안양시 만안구,주차장운영업,23.0,24.0,22.0
경기도,안양시 만안구,중고차판매점,4.0,4.0,3.0
경기도,안양시 만안구,중식음식점,120.0,119.0,116.0
경기도,안양시 만안구,채소가게,75.0,76.0,71.0
경기도,안양시 만안구,철물점,47.0,47.0,46.0
경기도,안양시 만안구,치과의원,97.0,98.0,97.0
경기도,안양시 만안구,침구ㆍ커튼가게,26.0,25.0,26.0
경기도,안양시 만안구,커피음료점,380.0,382.0,383.0
경기도,안양시 만안구,컴퓨터판매점,23.0,23.0,19.0
경기도,안양시 만안구,통신판매업,3366.0,3355.0,3377.0
경기도,안양시 만안구,패스트푸드점,169.0,167.0,154.0
경기도,안양시 만안구,펜션ㆍ게스트하우스,4.0,4.0,4.0
경기도,안양시 만안구,편의점,197.0,194.0,204.0
경기도,안양시 만안구,피부ㆍ비뇨기과의원,9.0,9.0,10.0
경기도,안양시 만안구,피부관리업,243.0,246.0,241.0
경기도,안양시 만안구,한방병원ㆍ한의원,64.0,64.0,63.0
경기도,안양시 만안구,한식음식점,1375.0,1388.0,1408.0
경기도,안양시 만안구,헬스클럽,34.0,35.0,37.0
경기도,안양시 만안구,호프주점,150.0,153.0,167.0
경기도,안양시 만안구,화장품가게,135.0,136.0,135.0
경기도,안양시 만안구,휴대폰가게,79.0,81.0,84.0
경기도,양주시,LPG 충전소,12.0,12.0,13.0
경기도,양주시,pc방,32.0,33.0,33.0
경기도,양주시,가구점,67.0,66.0,68.0
경기도,양주시,가전제품수리점,236.0,233.0,197.0
경기도,양주시,가전제품판매점,65.0,62.0,62.0
경기도,양주시,간이주점,20.0,18.0,17.0
경기도,양주시,간판광고물업,66.0,67.0,66.0
경기도,양주시,건강보조식품가게,61.0,63.0,62.0
경기도,양주시,건어물가게,13.0,14.0,14.0
경기도,양주시,건축사,61.0,60.0,60.0
경기도,양주시,결혼상담소,8.0,8.0,7.0
경기도,양주시,곡물가게,32.0,32.0,31.0
경기도,양주시,공인노무사,4.0,4.0,3.0
경기도,양주시,공인회계사,0.0,0.0,0.0
경기도,양주시,과일가게,51.0,52.0,46.0
경기도,양주시,교습소ㆍ공부방,401.0,399.0,382.0
경기도,양주시,교습학원,309.0,306.0,292.0
경기도,양주시,구내식당,51.0,52.0,64.0
경기도,양주시,기술ㆍ직업훈련학원,127.0,130.0,117.0
경기도,양주시,기술사,0.0,0.0,0.0
경기도,양주시,기타외국식음식점,136.0,134.0,131.0
경기도,양주시,기타음식점,71.0,71.0,78.0
경기도,양주시,기타일반의원,9.0,9.0,9.0
경기도,양주시,꽃가게,170.0,171.0,157.0
경기도,양주시,내과ㆍ소아과의원,52.0,52.0,51.0
경기도,양주시,노래방,66.0,66.0,72.0
경기도,양주시,담배ㆍ복권소매업,36.0,36.0,34.0
경기도,양주시,당구장,106.0,104.0,107.0
경기도,양주시,독서실,17.0,17.0,19.0
경기도,양주시,동물병원,22.0,22.0,22.0
경기도,양주시,목욕탕,14.0,14.0,13.0
경기도,양주시,문구점,55.0,57.0,55.0
경기도,양주시,미용실,534.0,536.0,522.0
경기도,양주시,법무사,9.0,9.0,9.0
경기도,양주시,변리사,0.0,0.0,0.0
경기도,양주시,변호사,5.0,5.0,5.0
경기도,양주시,부동산중개업,758.0,759.0,794.0
경기도,양주시,분식점,183.0,189.0,185.0
경기도,양주시,사진촬영업,105.0,109.0,110.0
경기도,양주시,산부인과의원,4.0,4.0,4.0
경기도,양주시,생선가게,26.0,27.0,23.0
경기도,양주시,서점,52.0,52.0,52.0
경기도,양주시,세무사,30.0,30.0,30.0
경기도,양주시,세탁소,107.0,108.0,97.0
경기도,양주시,슈퍼마켓,143.0,141.0,134.0
경기도,양주시,스포츠교육기관,237.0,239.0,224.0
경기도,양주시,스포츠시설운영업,35.0,36.0,35.0
경기도,양주시,스포츠용품점,115.0,114.0,109.0
경기도,양주시,시계ㆍ귀금속점,15.0,14.0,15.0
경기도,양주시,식료품가게,258.0,261.0,276.0
경기도,양주시,신경정신과의원,4.0,4.0,4.0
경기도,양주시,신발가게,17.0,15.0,13.0
경기도,양주시,실내스크린골프점,59.0,56.0,54.0
경기도,양주시,실내장식가게,624.0,621.0,595.0
경기도,양주시,실외골프연습장,11.0,11.0,10.0
경기도,양주시,안경점,34.0,33.0,33.0
경기도,양주시,안과의원,6.0,6.0,6.0
경기도,양주시,애완용품점,104.0,107.0,108.0
경기도,양주시,약국,104.0,103.0,101.0
경기도,양주시,여관ㆍ모텔,71.0,71.0,70.0
경기도,양주시,여행사,36.0,37.0,32.0
경기도,양주시,예술학원,156.0,156.0,148.0
경기도,양주시,예식장,0.0,0.0,0.0
경기도,양주시,옷가게,334.0,334.0,352.0
경기도,양주시,의료용품가게,30.0,31.0,31.0
경기도,양주시,이륜자동차판매점,18.0,18.0,18.0
경기도,양주시,이발소,40.0,40.0,39.0
경기도,양주시,이비인후과의원,13.0,13.0,13.0
경기도,양주시,일반외과의원,26.0,25.0,24.0
경기도,양주시,일식음식점,71.0,70.0,74.0
경기도,양주시,자동차수리점,369.0,371.0,352.0
경기도,양주시,자전거판매점,15.0,15.0,16.0
경기도,양주시,장난감가게,22.0,22.0,20.0
경기도,양주시,정육점,121.0,120.0,122.0
경기도,양주시,제과점,94.0,91.0,89.0
경기도,양주시,종합병원,12.0,12.0,14.0
경기도,양주시,주유소,75.0,74.0,76.0
경기도,양주시,주차장운영업,54.0,54.0,45.0
경기도,양주시,중고차판매점,26.0,26.0,22.0
경기도,양주시,중식음식점,150.0,148.0,139.0
경기도,양주시,채소가게,75.0,76.0,68.0
경기도,양주시,철물점,52.0,52.0,44.0
경기도,양주시,치과의원,67.0,67.0,63.0
경기도,양주시,침구ㆍ커튼가게,43.0,42.0,46.0
경기도,양주시,커피음료점,349.0,346.0,330.0
경기도,양주시,컴퓨터판매점,45.0,44.0,41.0
경기도,양주시,통신판매업,6667.0,6643.0,5694.0
경기도,양주시,패스트푸드점,282.0,282.0,271.0
경기도,양주시,펜션ㆍ게스트하우스,55.0,54.0,48.0
경기도,양주시,편의점,315.0,316.0,328.0
경기도,양주시,피부ㆍ비뇨기과의원,13.0,13.0,11.0
경기도,양주시,피부관리업,375.0,373.0,352.0
경기도,양주시,한방병원ㆍ한의원,40.0,40.0,39.0
경기도,양주시,한식음식점,2084.0,2099.0,2142.0
경기도,양주시,헬스클럽,53.0,52.0,49.0
경기도,양주시,호프주점,39.0,39.0,43.0
경기도,양주시,화장품가게,141.0,143.0,139.0
경기도,양주시,휴대폰가게,108.0,107.0,102.0
경기도,양평군,LPG 충전소,7.0,7.0,7.0
경기도,양평군,pc방,14.0,12.0,12.0
경기도,양평군,가구점,26.0,26.0,26.0
경기도,양평군,가전제품수리점,44.0,45.0,49.0
경기도,양평군,가전제품판매점,17.0,17.0,19.0
경기도,양평군,간이주점,6.0,6.0,7.0
경기도,양평군,간판광고물업,23.0,23.0,21.0
경기도,양평군,감정평가사,5.0,5.0,4.0
경기도,양평군,건강보조식품가게,33.0,31.0,33.0
경기도,양평군,건어물가게,6.0,6.0,7.0
경기도,양평군,건축사,54.0,53.0,52.0
경기도,양평군,결혼상담소,0.0,0.0,0.0
경기도,양평군,곡물가게,19.0,18.0,23.0
경기도,양평군,공인노무사,0.0,0.0,0.0
경기도,양평군,공인회계사,0.0,0.0,0.0
경기도,양평군,과일가게,18.0,19.0,15.0
경기도,양평군,교습소ㆍ공부방,140.0,141.0,126.0
경기도,양평군,교습학원,115.0,115.0,108.0
경기도,양평군,구내식당,26.0,26.0,26.0
경기도,양평군,기술ㆍ직업훈련학원,93.0,91.0,87.0
경기도,양평군,기술사,5.0,5.0,6.0
경기도,양평군,기타외국식음식점,70.0,69.0,72.0
경기도,양평군,기타음식점,68.0,71.0,77.0
경기도,양평군,기타일반의원,11.0,11.0,11.0
경기도,양평군,꽃가게,104.0,103.0,104.0
경기도,양평군,내과ㆍ소아과의원,18.0,18.0,18.0
경기도,양평군,노래방,31.0,31.0,31.0
경기도,양평군,담배ㆍ복권소매업,22.0,22.0,23.0
경기도,양평군,당구장,38.0,38.0,37.0
경기도,양평군,독서실,3.0,3.0,3.0
경기도,양평군,동물병원,15.0,15.0,14.0
경기도,양평군,목욕탕,10.0,10.0,10.0
경기도,양평군,문구점,23.0,23.0,22.0
경기도,양평군,미용실,208.0,207.0,203.0
경기도,양평군,법무사,17.0,17.0,18.0
경기도,양평군,변호사,4.0,4.0,5.0
경기도,양평군,부동산중개업,638.0,642.0,676.0
경기도,양평군,분식점,87.0,87.0,80.0
경기도,양평군,사진촬영업,60.0,59.0,52.0
경기도,양평군,산부인과의원,0.0,0.0,0.0
경기도,양평군,생선가게,18.0,18.0,17.0
경기도,양평군,서점,35.0,35.0,29.0
경기도,양평군,세무사,9.0,9.0,9.0
경기도,양평군,세탁소,40.0,40.0,40.0
경기도,양평군,슈퍼마켓,69.0,71.0,73.0
경기도,양평군,스포츠교육기관,91.0,91.0,85.0
경기도,양평군,스포츠시설운영업,15.0,14.0,14.0
경기도,양평군,스포츠용품점,47.0,47.0,50.0
경기도,양평군,시계ㆍ귀금속점,9.0,9.0,9.0
경기도,양평군,식료품가게,207.0,210.0,218.0
경기도,양평군,신경정신과의원,0.0,0.0,0.0
경기도,양평군,신발가게,9.0,9.0,9.0
경기도,양평군,실내스크린골프점,23.0,23.0,22.0
경기도,양평군,실내장식가게,287.0,284.0,275.0
경기도,양평군,실외골프연습장,5.0,5.0,5.0
경기도,양평군,안경점,15.0,15.0,15.0
경기도,양평군,안과의원,4.0,4.0,4.0
경기도,양평군,애완용품점,57.0,57.0,52.0
경기도,양평군,약국,50.0,50.0,50.0
경기도,양평군,여관ㆍ모텔,117.0,118.0,117.0
경기도,양평군,여행사,35.0,35.0,36.0
경기도,양평군,예술학원,61.0,60.0,60.0
경기도,양평군,예식장,0.0,0.0,0.0
경기도,양평군,옷가게,141.0,143.0,149.0
경기도,양평군,의료용품가게,10.0,11.0,9.0
경기도,양평군,이륜자동차판매점,9.0,9.0,9.0
경기도,양평군,이발소,37.0,37.0,37.0
경기도,양평군,이비인후과의원,0.0,0.0,0.0
경기도,양평군,일반외과의원,6.0,6.0,6.0
경기도,양평군,일식음식점,33.0,30.0,30.0
경기도,양평군,자동차수리점,97.0,96.0,93.0
경기도,양평군,자전거판매점,3.0,3.0,3.0
경기도,양평군,장난감가게,16.0,15.0,16.0
경기도,양평군,정육점,50.0,51.0,53.0
경기도,양평군,제과점,71.0,71.0,67.0
경기도,양평군,종합병원,9.0,9.0,9.0
경기도,양평군,주유소,64.0,65.0,65.0
경기도,양평군,주차장운영업,7.0,7.0,7.0
경기도,양평군,중고차판매점,5.0,6.0,6.0
경기도,양평군,중식음식점,57.0,56.0,55.0
경기도,양평군,채소가게,46.0,46.0,43.0
경기도,양평군,철물점,27.0,27.0,28.0
경기도,양평군,치과의원,32.0,32.0,31.0
경기도,양평군,침구ㆍ커튼가게,28.0,27.0,25.0
경기도,양평군,커피음료점,295.0,294.0,303.0
경기도,양평군,컴퓨터판매점,14.0,14.0,13.0
경기도,양평군,통신판매업,3033.0,3051.0,2520.0
경기도,양평군,패스트푸드점,104.0,105.0,97.0
경기도,양평군,펜션ㆍ게스트하우스,583.0,579.0,529.0
경기도,양평군,편의점,148.0,150.0,156.0
경기도,양평군,피부ㆍ비뇨기과의원,6.0,6.0,6.0
경기도,양평군,피부관리업,105.0,106.0,105.0
경기도,양평군,한방병원ㆍ한의원,34.0,35.0,34.0
경기도,양평군,한식음식점,1248.0,1255.0,1266.0
경기도,양평군,헬스클럽,15.0,15.0,16.0
경기도,양평군,호프주점,35.0,35.0,38.0
경기도,양평군,화장품가게,60.0,61.0,65.0
경기도,양평군,휴대폰가게,22.0,22.0,21.0
경기도,여주시,LPG 충전소,8.0,8.0,8.0
경기도,여주시,pc방,9.0,9.0,11.0
경기도,여주시,가구점,19.0,18.0,19.0
경기도,여주시,가전제품수리점,55.0,56.0,53.0
경기도,여주시,가전제품판매점,29.0,30.0,28.0
경기도,여주시,간이주점,22.0,22.0,27.0
경기도,여주시,간판광고물업,30.0,30.0,28.0
경기도,여주시,감정평가사,0.0,0.0,0.0
경기도,여주시,건강보조식품가게,27.0,27.0,26.0
경기도,여주시,건어물가게,11.0,11.0,10.0
경기도,여주시,건축사,23.0,23.0,24.0
경기도,여주시,결혼상담소,3.0,3.0,3.0
경기도,여주시,곡물가게,28.0,28.0,26.0
경기도,여주시,공인노무사,0.0,0.0,0.0
경기도,여주시,공인회계사,0.0,0.0,0.0
경기도,여주시,과일가게,23.0,22.0,20.0
경기도,여주시,교습소ㆍ공부방,107.0,108.0,100.0
경기도,여주시,교습학원,87.0,89.0,83.0
경기도,여주시,구내식당,37.0,37.0,37.0
경기도,여주시,기술ㆍ직업훈련학원,49.0,47.0,50.0
경기도,여주시,기술사,4.0,4.0,4.0
경기도,여주시,기타외국식음식점,43.0,43.0,42.0
경기도,여주시,기타음식점,73.0,73.0,79.0
경기도,여주시,기타일반의원,3.0,3.0,3.0
경기도,여주시,꽃가게,74.0,75.0,73.0
경기도,여주시,내과ㆍ소아과의원,20.0,20.0,20.0
경기도,여주시,노래방,73.0,73.0,77.0
경기도,여주시,담배ㆍ복권소매업,29.0,28.0,28.0
경기도,여주시,당구장,35.0,35.0,35.0
경기도,여주시,독서실,9.0,9.0,10.0
경기도,여주시,동물병원,12.0,12.0,12.0
경기도,여주시,목욕탕,11.0,11.0,11.0
경기도,여주시,문구점,28.0,27.0,29.0
경기도,여주시,미용실,252.0,251.0,246.0
경기도,여주시,법무사,19.0,19.0,18.0
경기도,여주시,변호사,21.0,22.0,22.0
경기도,여주시,부동산중개업,350.0,352.0,367.0
경기도,여주시,분식점,90.0,89.0,90.0
경기도,여주시,사진촬영업,29.0,30.0,27.0
경기도,여주시,산부인과의원,0.0,0.0,0.0
경기도,여주시,생선가게,21.0,21.0,20.0
경기도,여주시,서점,10.0,8.0,8.0
경기도,여주시,세무사,7.0,7.0,8.0
경기도,여주시,세탁소,55.0,55.0,57.0
경기도,여주시,슈퍼마켓,70.0,69.0,73.0
경기도,여주시,스포츠교육기관,57.0,56.0,54.0
경기도,여주시,스포츠시설운영업,16.0,16.0,16.0
경기도,여주시,스포츠용품점,75.0,78.0,78.0
경기도,여주시,시계ㆍ귀금속점,12.0,13.0,13.0
경기도,여주시,식료품가게,128.0,125.0,122.0
경기도,여주시,신경정신과의원,0.0,0.0,0.0
경기도,여주시,신발가게,16.0,15.0,14.0
경기도,여주시,실내스크린골프점,33.0,32.0,33.0
경기도,여주시,실내장식가게,169.0,171.0,163.0
경기도,여주시,실외골프연습장,6.0,7.0,5.0
경기도,여주시,안경점,15.0,15.0,15.0
경기도,여주시,안과의원,0.0,0.0,0.0
경기도,여주시,애완용품점,34.0,34.0,37.0
경기도,여주시,약국,51.0,51.0,47.0
경기도,여주시,여관ㆍ모텔,75.0,74.0,70.0
경기도,여주시,여행사,10.0,10.0,11.0
경기도,여주시,예술학원,41.0,42.0,47.0
경기도,여주시,예식장,5.0,5.0,4.0
경기도,여주시,옷가게,151.0,154.0,166.0
경기도,여주시,의료용품가게,14.0,15.0,13.0
경기도,여주시,이륜자동차판매점,6.0,7.0,7.0
경기도,여주시,이발소,31.0,31.0,31.0
경기도,여주시,이비인후과의원,3.0,3.0,3.0
경기도,여주시,일반외과의원,14.0,14.0,14.0
경기도,여주시,일식음식점,41.0,43.0,37.0
경기도,여주시,자동차수리점,155.0,155.0,156.0
경기도,여주시,자전거판매점,7.0,7.0,7.0
경기도,여주시,장난감가게,9.0,10.0,11.0
경기도,여주시,정육점,64.0,64.0,66.0
경기도,여주시,제과점,47.0,46.0,44.0
경기도,여주시,종합병원,10.0,10.0,10.0
경기도,여주시,주유소,75.0,74.0,75.0
경기도,여주시,주차장운영업,12.0,12.0,10.0
경기도,여주시,중고차판매점,8.0,8.0,7.0
경기도,여주시,중식음식점,85.0,87.0,86.0
경기도,여주시,채소가게,75.0,74.0,67.0
경기도,여주시,철물점,37.0,37.0,38.0
경기도,여주시,치과의원,33.0,34.0,33.0
경기도,여주시,침구ㆍ커튼가게,18.0,18.0,19.0
경기도,여주시,커피음료점,234.0,231.0,230.0
경기도,여주시,컴퓨터판매점,7.0,7.0,7.0
경기도,여주시,통신판매업,1144.0,1140.0,1046.0
경기도,여주시,패스트푸드점,138.0,134.0,135.0
경기도,여주시,펜션ㆍ게스트하우스,90.0,91.0,70.0
경기도,여주시,편의점,178.0,180.0,182.0
경기도,여주시,피부ㆍ비뇨기과의원,4.0,4.0,4.0
경기도,여주시,피부관리업,137.0,136.0,127.0
경기도,여주시,한방병원ㆍ한의원,28.0,28.0,28.0
경기도,여주시,한식음식점,1254.0,1243.0,1206.0
경기도,여주시,헬스클럽,20.0,20.0,18.0
경기도,여주시,호프주점,28.0,27.0,32.0
경기도,여주시,화장품가게,65.0,64.0,64.0
경기도,여주시,휴대폰가게,34.0,34.0,37.0
경기도,연천군,LPG 충전소,3.0,3.0,4.0
경기도,연천군,pc방,7.0,7.0,7.0
경기도,연천군,가구점,10.0,10.0,7.0
경기도,연천군,가전제품수리점,18.0,19.0,18.0
경기도,연천군,가전제품판매점,9.0,9.0,10.0
경기도,연천군,간판광고물업,13.0,13.0,14.0
경기도,연천군,건강보조식품가게,13.0,13.0,16.0
경기도,연천군,건어물가게,0.0,0.0,0.0
경기도,연천군,건축사,7.0,7.0,6.0
경기도,연천군,결혼상담소,3.0,3.0,0.0
경기도,연천군,곡물가게,13.0,12.0,11.0
경기도,연천군,과일가게,14.0,14.0,14.0
경기도,연천군,교습소ㆍ공부방,12.0,13.0,11.0
경기도,연천군,교습학원,19.0,19.0,20.0
경기도,연천군,구내식당,12.0,12.0,13.0
경기도,연천군,기술ㆍ직업훈련학원,18.0,18.0,18.0
경기도,연천군,기타외국식음식점,12.0,12.0,11.0
경기도,연천군,기타음식점,30.0,31.0,30.0
경기도,연천군,기타일반의원,0.0,0.0,0.0
경기도,연천군,꽃가게,22.0,22.0,21.0
경기도,연천군,내과ㆍ소아과의원,6.0,6.0,6.0
경기도,연천군,노래방,8.0,8.0,9.0
경기도,연천군,담배ㆍ복권소매업,13.0,13.0,13.0
경기도,연천군,당구장,16.0,16.0,17.0
경기도,연천군,독서실,0.0,0.0,0.0
경기도,연천군,동물병원,5.0,5.0,5.0
경기도,연천군,목욕탕,3.0,3.0,3.0
경기도,연천군,문구점,17.0,18.0,15.0
경기도,연천군,미용실,84.0,84.0,84.0
경기도,연천군,법무사,7.0,7.0,6.0
경기도,연천군,부동산중개업,116.0,115.0,119.0
경기도,연천군,분식점,58.0,59.0,65.0
경기도,연천군,사진촬영업,8.0,8.0,8.0
경기도,연천군,생선가게,4.0,4.0,4.0
경기도,연천군,서점,10.0,10.0,10.0
경기도,연천군,세무사,0.0,0.0,0.0
경기도,연천군,세탁소,15.0,15.0,14.0
경기도,연천군,슈퍼마켓,29.0,28.0,28.0
경기도,연천군,스포츠교육기관,18.0,18.0,19.0
경기도,연천군,스포츠시설운영업,4.0,4.0,4.0
경기도,연천군,스포츠용품점,13.0,13.0,14.0
경기도,연천군,시계ㆍ귀금속점,11.0,11.0,11.0
경기도,연천군,식료품가게,112.0,112.0,116.0
경기도,연천군,신경정신과의원,0.0,0.0,0.0
경기도,연천군,신발가게,5.0,5.0,5.0
경기도,연천군,실내스크린골프점,5.0,5.0,4.0
경기도,연천군,실내장식가게,59.0,58.0,56.0
경기도,연천군,실외골프연습장,0.0,0.0,0.0
경기도,연천군,안경점,6.0,6.0,6.0
경기도,연천군,안과의원,0.0,0.0,0.0
경기도,연천군,애완용품점,7.0,8.0,8.0
경기도,연천군,약국,22.0,22.0,21.0
경기도,연천군,여관ㆍ모텔,35.0,35.0,34.0
경기도,연천군,여행사,11.0,11.0,10.0
경기도,연천군,예술학원,10.0,11.0,11.0
경기도,연천군,옷가게,58.0,59.0,61.0
경기도,연천군,의료용품가게,0.0,0.0,0.0
경기도,연천군,이륜자동차판매점,0.0,0.0,0.0
경기도,연천군,이발소,24.0,24.0,21.0
경기도,연천군,이비인후과의원,0.0,0.0,0.0
경기도,연천군,일반외과의원,4.0,4.0,3.0
경기도,연천군,일식음식점,7.0,7.0,7.0
경기도,연천군,자동차수리점,67.0,67.0,64.0
경기도,연천군,자전거판매점,3.0,3.0,3.0
경기도,연천군,장난감가게,0.0,0.0,0.0
경기도,연천군,정육점,22.0,21.0,22.0
경기도,연천군,제과점,14.0,14.0,13.0
경기도,연천군,종합병원,0.0,0.0,0.0
경기도,연천군,주유소,18.0,18.0,19.0
경기도,연천군,주차장운영업,14.0,14.0,15.0
경기도,연천군,중고차판매점,4.0,4.0,4.0
경기도,연천군,중식음식점,25.0,25.0,25.0
경기도,연천군,채소가게,21.0,22.0,19.0
경기도,연천군,철물점,23.0,23.0,24.0
경기도,연천군,치과의원,13.0,13.0,12.0
경기도,연천군,침구ㆍ커튼가게,7.0,7.0,7.0
경기도,연천군,커피음료점,61.0,59.0,60.0
경기도,연천군,컴퓨터판매점,8.0,7.0,7.0
경기도,연천군,통신판매업,324.0,316.0,277.0
경기도,연천군,패스트푸드점,39.0,41.0,41.0
경기도,연천군,펜션ㆍ게스트하우스,72.0,68.0,63.0
경기도,연천군,편의점,60.0,62.0,68.0
경기도,연천군,피부ㆍ비뇨기과의원,0.0,0.0,0.0
경기도,연천군,피부관리업,21.0,21.0,17.0
경기도,연천군,한방병원ㆍ한의원,7.0,7.0,7.0
경기도,연천군,한식음식점,627.0,623.0,622.0
경기도,연천군,헬스클럽,11.0,10.0,8.0
경기도,연천군,호프주점,14.0,15.0,17.0
경기도,연천군,화장품가게,20.0,20.0,22.0
경기도,연천군,휴대폰가게,17.0,17.0,18.0
경기도,오산시,LPG 충전소,8.0,8.0,7.0
경기도,오산시,pc방,40.0,39.0,35.0
경기도,오산시,가구점,29.0,29.0,29.0
경기도,오산시,가전제품수리점,178.0,177.0,158.0
경기도,오산시,가전제품판매점,47.0,48.0,43.0
경기도,오산시,간이주점,34.0,34.0,37.0
경기도,오산시,간판광고물업,42.0,42.0,40.0
경기도,오산시,감정평가사,0.0,0.0,0.0
경기도,오산시,건강보조식품가게,50.0,50.0,44.0
경기도,오산시,건어물가게,9.0,9.0,11.0
경기도,오산시,건축사,22.0,22.0,20.0
경기도,오산시,결혼상담소,5.0,6.0,7.0
경기도,오산시,곡물가게,16.0,16.0,16.0
경기도,오산시,공인노무사,7.0,7.0,6.0
경기도,오산시,공인회계사,0.0,0.0,0.0
경기도,오산시,과일가게,31.0,33.0,34.0
경기도,오산시,교습소ㆍ공부방,305.0,307.0,282.0
경기도,오산시,교습학원,282.0,279.0,264.0
경기도,오산시,구내식당,62.0,62.0,68.0
경기도,오산시,기술ㆍ직업훈련학원,81.0,79.0,65.0
경기도,오산시,기술사,6.0,6.0,5.0
경기도,오산시,기타외국식음식점,74.0,75.0,76.0
경기도,오산시,기타음식점,52.0,56.0,60.0
경기도,오산시,기타일반의원,11.0,11.0,11.0
경기도,오산시,꽃가게,89.0,88.0,78.0
경기도,오산시,내과ㆍ소아과의원,46.0,47.0,45.0
경기도,오산시,노래방,133.0,136.0,134.0
경기도,오산시,담배ㆍ복권소매업,42.0,43.0,38.0
경기도,오산시,당구장,80.0,79.0,87.0
경기도,오산시,독서실,45.0,45.0,43.0
경기도,오산시,동물병원,18.0,18.0,16.0
경기도,오산시,목욕탕,7.0,7.0,6.0
경기도,오산시,문구점,47.0,47.0,49.0
경기도,오산시,미용실,497.0,494.0,483.0
경기도,오산시,법무사,14.0,14.0,13.0
경기도,오산시,변리사,0.0,0.0,0.0
경기도,오산시,변호사,3.0,4.0,3.0
경기도,오산시,부동산중개업,546.0,549.0,536.0
경기도,오산시,분식점,178.0,180.0,196.0
경기도,오산시,사진촬영업,57.0,60.0,64.0
경기도,오산시,산부인과의원,4.0,4.0,4.0
경기도,오산시,생선가게,29.0,29.0,27.0
경기도,오산시,서점,45.0,44.0,40.0
경기도,오산시,성형외과의원,3.0,3.0,3.0
경기도,오산시,세무사,27.0,27.0,27.0
경기도,오산시,세탁소,122.0,122.0,115.0
경기도,오산시,슈퍼마켓,129.0,129.0,131.0
경기도,오산시,스포츠교육기관,194.0,194.0,175.0
경기도,오산시,스포츠시설운영업,59.0,59.0,58.0
경기도,오산시,스포츠용품점,90.0,90.0,101.0
경기도,오산시,시계ㆍ귀금속점,30.0,30.0,33.0
경기도,오산시,식료품가게,137.0,136.0,136.0
경기도,오산시,신경정신과의원,6.0,6.0,5.0
경기도,오산시,신발가게,16.0,15.0,15.0
경기도,오산시,실내스크린골프점,67.0,70.0,73.0
경기도,오산시,실내장식가게,417.0,411.0,383.0
경기도,오산시,실외골프연습장,8.0,8.0,9.0
경기도,오산시,안경점,38.0,38.0,35.0
경기도,오산시,안과의원,7.0,7.0,6.0
경기도,오산시,애완용품점,57.0,57.0,50.0
경기도,오산시,약국,98.0,98.0,91.0
경기도,오산시,여관ㆍ모텔,68.0,68.0,68.0
경기도,오산시,여행사,33.0,35.0,32.0
경기도,오산시,예술학원,134.0,135.0,130.0
경기도,오산시,예식장,4.0,4.0,4.0
경기도,오산시,옷가게,261.0,263.0,275.0
경기도,오산시,의료용품가게,22.0,23.0,24.0
경기도,오산시,이륜자동차판매점,8.0,9.0,9.0
경기도,오산시,이발소,49.0,49.0,46.0
경기도,오산시,이비인후과의원,11.0,11.0,11.0
경기도,오산시,일반외과의원,25.0,25.0,21.0
경기도,오산시,일식음식점,78.0,79.0,73.0
경기도,오산시,자동차수리점,260.0,258.0,250.0
경기도,오산시,자전거판매점,6.0,6.0,6.0
경기도,오산시,장난감가게,24.0,22.0,14.0
경기도,오산시,정육점,82.0,84.0,92.0
경기도,오산시,제과점,92.0,95.0,96.0
경기도,오산시,종합병원,15.0,14.0,14.0
경기도,오산시,주유소,30.0,29.0,29.0
경기도,오산시,주차장운영업,40.0,40.0,42.0
경기도,오산시,중고차판매점,7.0,7.0,8.0
경기도,오산시,중식음식점,169.0,170.0,164.0
경기도,오산시,채소가게,34.0,34.0,33.0
경기도,오산시,철물점,35.0,35.0,29.0
경기도,오산시,치과의원,85.0,85.0,82.0
경기도,오산시,침구ㆍ커튼가게,29.0,28.0,28.0
경기도,오산시,커피음료점,374.0,374.0,373.0
경기도,오산시,컴퓨터판매점,16.0,16.0,17.0
경기도,오산시,통신판매업,3351.0,3279.0,3029.0
경기도,오산시,패스트푸드점,248.0,250.0,245.0
경기도,오산시,펜션ㆍ게스트하우스,9.0,9.0,6.0
경기도,오산시,편의점,285.0,283.0,280.0
경기도,오산시,피부ㆍ비뇨기과의원,11.0,11.0,10.0
경기도,오산시,피부관리업,304.0,306.0,297.0
경기도,오산시,한방병원ㆍ한의원,49.0,49.0,44.0
경기도,오산시,한식음식점,1508.0,1503.0,1521.0
경기도,오산시,헬스클럽,55.0,55.0,55.0
경기도,오산시,호프주점,71.0,73.0,73.0
경기도,오산시,화장품가게,142.0,140.0,154.0
경기도,오산시,휴대폰가게,111.0,112.0,108.0
경기도,용인시 기흥구,LPG 충전소,10.0,11.0,12.0
경기도,용인시 기흥구,pc방,35.0,35.0,36.0
경기도,용인시 기흥구,가구점,81.0,81.0,81.0
경기도,용인시 기흥구,가전제품수리점,163.0,160.0,144.0
경기도,용인시 기흥구,가전제품판매점,62.0,62.0,59.0
경기도,용인시 기흥구,간이주점,23.0,23.0,19.0
경기도,용인시 기흥구,간판광고물업,33.0,33.0,34.0
경기도,용인시 기흥구,감정평가사,11.0,11.0,13.0
경기도,용인시 기흥구,건강보조식품가게,110.0,109.0,114.0
경기도,용인시 기흥구,건어물가게,10.0,10.0,11.0
경기도,용인시 기흥구,건축사,116.0,116.0,115.0
경기도,용인시 기흥구,결혼상담소,20.0,19.0,15.0
경기도,용인시 기흥구,곡물가게,7.0,7.0,6.0
경기도,용인시 기흥구,공인노무사,7.0,7.0,7.0
경기도,용인시 기흥구,공인회계사,10.0,10.0,7.0
경기도,용인시 기흥구,과일가게,51.0,49.0,45.0
경기도,용인시 기흥구,교습소ㆍ공부방,669.0,666.0,644.0
경기도,용인시 기흥구,교습학원,733.0,730.0,723.0
경기도,용인시 기흥구,구내식당,78.0,80.0,83.0
경기도,용인시 기흥구,기술ㆍ직업훈련학원,212.0,211.0,200.0
경기도,용인시 기흥구,기술사,26.0,26.0,25.0
경기도,용인시 기흥구,기타외국식음식점,180.0,181.0,185.0
경기도,용인시 기흥구,기타음식점,101.0,102.0,115.0
경기도,용인시 기흥구,기타일반의원,15.0,15.0,16.0
경기도,용인시 기흥구,꽃가게,173.0,172.0,179.0
경기도,용인시 기흥구,내과ㆍ소아과의원,94.0,93.0,95.0
경기도,용인시 기흥구,노래방,109.0,108.0,112.0
경기도,용인시 기흥구,담배ㆍ복권소매업,44.0,45.0,42.0
경기도,용인시 기흥구,당구장,78.0,77.0,81.0
경기도,용인시 기흥구,독서실,55.0,54.0,56.0
경기도,용인시 기흥구,동물병원,44.0,44.0,45.0
경기도,용인시 기흥구,목욕탕,13.0,13.0,13.0
경기도,용인시 기흥구,문구점,75.0,76.0,83.0
경기도,용인시 기흥구,미용실,660.0,662.0,651.0
경기도,용인시 기흥구,법무사,30.0,30.0,30.0
경기도,용인시 기흥구,변리사,0.0,0.0,0.0
경기도,용인시 기흥구,변호사,11.0,11.0,10.0
경기도,용인시 기흥구,부동산중개업,1485.0,1491.0,1541.0
경기도,용인시 기흥구,분식점,332.0,338.0,352.0
경기도,용인시 기흥구,사진촬영업,178.0,178.0,188.0
경기도,용인시 기흥구,산부인과의원,10.0,10.0,11.0
경기도,용인시 기흥구,생선가게,16.0,16.0,19.0
경기도,용인시 기흥구,서점,106.0,106.0,110.0
경기도,용인시 기흥구,성형외과의원,3.0,3.0,0.0
경기도,용인시 기흥구,세무사,87.0,86.0,88.0
경기도,용인시 기흥구,세탁소,182.0,183.0,178.0
경기도,용인시 기흥구,슈퍼마켓,164.0,164.0,161.0
경기도,용인시 기흥구,스포츠교육기관,372.0,369.0,358.0
경기도,용인시 기흥구,스포츠시설운영업,103.0,102.0,105.0
경기도,용인시 기흥구,스포츠용품점,144.0,144.0,165.0
경기도,용인시 기흥구,시계ㆍ귀금속점,35.0,35.0,30.0
경기도,용인시 기흥구,식료품가게,181.0,179.0,177.0
경기도,용인시 기흥구,신경정신과의원,12.0,12.0,12.0
경기도,용인시 기흥구,신발가게,23.0,23.0,27.0
경기도,용인시 기흥구,실내스크린골프점,93.0,95.0,97.0
경기도,용인시 기흥구,실내장식가게,778.0,773.0,762.0
경기도,용인시 기흥구,실외골프연습장,21.0,21.0,21.0
경기도,용인시 기흥구,안경점,76.0,75.0,76.0
경기도,용인시 기흥구,안과의원,10.0,10.0,10.0
경기도,용인시 기흥구,애완용품점,97.0,96.0,89.0
경기도,용인시 기흥구,약국,177.0,175.0,171.0
경기도,용인시 기흥구,여관ㆍ모텔,15.0,15.0,16.0
경기도,용인시 기흥구,여행사,82.0,81.0,69.0
경기도,용인시 기흥구,예술학원,350.0,346.0,358.0
경기도,용인시 기흥구,예식장,4.0,4.0,4.0
경기도,용인시 기흥구,옷가게,445.0,448.0,465.0
경기도,용인시 기흥구,의료용품가게,50.0,49.0,49.0
경기도,용인시 기흥구,이륜자동차판매점,8.0,8.0,9.0
경기도,용인시 기흥구,이발소,61.0,60.0,55.0
경기도,용인시 기흥구,이비인후과의원,22.0,22.0,22.0
경기도,용인시 기흥구,일반외과의원,36.0,36.0,36.0
경기도,용인시 기흥구,일식음식점,120.0,124.0,123.0
경기도,용인시 기흥구,자동차수리점,421.0,424.0,427.0
경기도,용인시 기흥구,자전거판매점,10.0,10.0,10.0
경기도,용인시 기흥구,장난감가게,34.0,35.0,35.0
경기도,용인시 기흥구,정육점,112.0,111.0,115.0
경기도,용인시 기흥구,제과점,167.0,167.0,171.0
경기도,용인시 기흥구,종합병원,21.0,21.0,22.0
경기도,용인시 기흥구,주유소,71.0,71.0,69.0
경기도,용인시 기흥구,주차장운영업,63.0,65.0,65.0
경기도,용인시 기흥구,중고차판매점,60.0,60.0,59.0
경기도,용인시 기흥구,중식음식점,128.0,129.0,125.0
경기도,용인시 기흥구,채소가게,36.0,37.0,38.0
경기도,용인시 기흥구,철물점,22.0,24.0,27.0
경기도,용인시 기흥구,치과의원,148.0,148.0,147.0
경기도,용인시 기흥구,침구ㆍ커튼가게,38.0,36.0,43.0
경기도,용인시 기흥구,커피음료점,504.0,501.0,502.0
경기도,용인시 기흥구,컴퓨터판매점,57.0,57.0,61.0
경기도,용인시 기흥구,통신판매업,9320.0,9326.0,10519.0
경기도,용인시 기흥구,패스트푸드점,279.0,281.0,282.0
경기도,용인시 기흥구,펜션ㆍ게스트하우스,10.0,9.0,5.0
경기도,용인시 기흥구,편의점,338.0,345.0,365.0
경기도,용인시 기흥구,피부ㆍ비뇨기과의원,31.0,31.0,32.0
경기도,용인시 기흥구,피부관리업,391.0,391.0,365.0
경기도,용인시 기흥구,한방병원ㆍ한의원,96.0,96.0,97.0
경기도,용인시 기흥구,한식음식점,1709.0,1716.0,1752.0
경기도,용인시 기흥구,헬스클럽,122.0,122.0,111.0
경기도,용인시 기흥구,호프주점,62.0,61.0,68.0
경기도,용인시 기흥구,화장품가게,263.0,269.0,293.0
경기도,용인시 기흥구,휴대폰가게,113.0,114.0,114.0
경기도,용인시 수지구,pc방,26.0,27.0,27.0
경기도,용인시 수지구,가구점,29.0,28.0,32.0
경기도,용인시 수지구,가전제품수리점,81.0,79.0,70.0
경기도,용인시 수지구,가전제품판매점,28.0,29.0,27.0
경기도,용인시 수지구,간이주점,11.0,11.0,14.0
경기도,용인시 수지구,간판광고물업,17.0,16.0,19.0
경기도,용인시 수지구,감정평가사,19.0,19.0,15.0
경기도,용인시 수지구,건강보조식품가게,68.0,65.0,59.0
경기도,용인시 수지구,건어물가게,7.0,8.0,9.0
경기도,용인시 수지구,건축사,47.0,46.0,40.0
경기도,용인시 수지구,결혼상담소,5.0,5.0,4.0
경기도,용인시 수지구,곡물가게,5.0,5.0,6.0
경기도,용인시 수지구,공인노무사,6.0,6.0,3.0
경기도,용인시 수지구,공인회계사,8.0,8.0,6.0
경기도,용인시 수지구,과일가게,22.0,22.0,23.0
경기도,용인시 수지구,교습소ㆍ공부방,603.0,601.0,587.0
경기도,용인시 수지구,교습학원,761.0,760.0,744.0
경기도,용인시 수지구,구내식당,40.0,41.0,40.0
경기도,용인시 수지구,기술ㆍ직업훈련학원,165.0,160.0,152.0
경기도,용인시 수지구,기술사,14.0,14.0,14.0
경기도,용인시 수지구,기타외국식음식점,136.0,133.0,134.0
경기도,용인시 수지구,기타음식점,73.0,75.0,77.0
경기도,용인시 수지구,기타일반의원,19.0,19.0,18.0
경기도,용인시 수지구,꽃가게,133.0,135.0,132.0
경기도,용인시 수지구,내과ㆍ소아과의원,80.0,81.0,80.0
경기도,용인시 수지구,노래방,55.0,55.0,56.0
경기도,용인시 수지구,담배ㆍ복권소매업,18.0,18.0,16.0
경기도,용인시 수지구,당구장,66.0,66.0,70.0
경기도,용인시 수지구,독서실,54.0,55.0,63.0
경기도,용인시 수지구,동물병원,45.0,45.0,42.0
경기도,용인시 수지구,목욕탕,8.0,7.0,8.0
경기도,용인시 수지구,문구점,54.0,54.0,57.0
경기도,용인시 수지구,미용실,512.0,509.0,491.0
경기도,용인시 수지구,법무사,19.0,18.0,16.0
경기도,용인시 수지구,변리사,7.0,7.0,6.0
경기도,용인시 수지구,변호사,17.0,16.0,16.0
경기도,용인시 수지구,부동산중개업,1030.0,1025.0,1061.0
경기도,용인시 수지구,분식점,223.0,223.0,241.0
경기도,용인시 수지구,사진촬영업,143.0,146.0,143.0
경기도,용인시 수지구,산부인과의원,13.0,12.0,11.0
경기도,용인시 수지구,생선가게,20.0,19.0,19.0
경기도,용인시 수지구,서점,84.0,85.0,91.0
경기도,용인시 수지구,성형외과의원,0.0,0.0,0.0
경기도,용인시 수지구,세무사,49.0,49.0,46.0
경기도,용인시 수지구,세탁소,125.0,124.0,124.0
경기도,용인시 수지구,슈퍼마켓,103.0,102.0,103.0
경기도,용인시 수지구,스포츠교육기관,339.0,336.0,317.0
경기도,용인시 수지구,스포츠시설운영업,73.0,72.0,75.0
경기도,용인시 수지구,스포츠용품점,78.0,79.0,85.0
경기도,용인시 수지구,시계ㆍ귀금속점,28.0,26.0,32.0
경기도,용인시 수지구,식료품가게,91.0,88.0,88.0
경기도,용인시 수지구,신경정신과의원,13.0,14.0,14.0
경기도,용인시 수지구,신발가게,11.0,12.0,13.0
경기도,용인시 수지구,실내스크린골프점,78.0,77.0,78.0
경기도,용인시 수지구,실내장식가게,488.0,486.0,458.0
경기도,용인시 수지구,실외골프연습장,13.0,13.0,16.0
경기도,용인시 수지구,안경점,55.0,55.0,54.0
경기도,용인시 수지구,안과의원,14.0,14.0,11.0
경기도,용인시 수지구,애완용품점,69.0,68.0,78.0
경기도,용인시 수지구,약국,151.0,149.0,147.0
경기도,용인시 수지구,여관ㆍ모텔,8.0,8.0,8.0
경기도,용인시 수지구,여행사,37.0,36.0,36.0
경기도,용인시 수지구,예술학원,340.0,345.0,342.0
경기도,용인시 수지구,예식장,0.0,0.0,0.0
경기도,용인시 수지구,옷가게,314.0,318.0,333.0
경기도,용인시 수지구,의료용품가게,21.0,21.0,25.0
경기도,용인시 수지구,이륜자동차판매점,4.0,4.0,5.0
경기도,용인시 수지구,이발소,23.0,23.0,23.0
경기도,용인시 수지구,이비인후과의원,26.0,26.0,25.0
경기도,용인시 수지구,일반외과의원,39.0,38.0,35.0
경기도,용인시 수지구,일식음식점,89.0,88.0,93.0
경기도,용인시 수지구,자동차수리점,172.0,170.0,166.0
경기도,용인시 수지구,자전거판매점,15.0,14.0,14.0
경기도,용인시 수지구,장난감가게,28.0,27.0,22.0
경기도,용인시 수지구,정육점,59.0,59.0,69.0
경기도,용인시 수지구,제과점,151.0,153.0,142.0
경기도,용인시 수지구,종합병원,15.0,15.0,16.0
경기도,용인시 수지구,주유소,15.0,13.0,13.0
경기도,용인시 수지구,주차장운영업,41.0,41.0,44.0
경기도,용인시 수지구,중고차판매점,0.0,0.0,0.0
경기도,용인시 수지구,중식음식점,93.0,94.0,84.0
경기도,용인시 수지구,채소가게,21.0,22.0,27.0
경기도,용인시 수지구,철물점,16.0,16.0,17.0
경기도,용인시 수지구,치과의원,139.0,138.0,135.0
경기도,용인시 수지구,침구ㆍ커튼가게,41.0,41.0,40.0
경기도,용인시 수지구,커피음료점,355.0,353.0,366.0
경기도,용인시 수지구,컴퓨터판매점,32.0,32.0,35.0
경기도,용인시 수지구,통신판매업,8137.0,8087.0,6907.0
경기도,용인시 수지구,패스트푸드점,215.0,218.0,232.0
경기도,용인시 수지구,펜션ㆍ게스트하우스,21.0,21.0,17.0
경기도,용인시 수지구,편의점,219.0,221.0,218.0
경기도,용인시 수지구,피부ㆍ비뇨기과의원,35.0,35.0,33.0
경기도,용인시 수지구,피부관리업,300.0,303.0,287.0
경기도,용인시 수지구,한방병원ㆍ한의원,105.0,104.0,100.0
경기도,용인시 수지구,한식음식점,1111.0,1113.0,1113.0
경기도,용인시 수지구,헬스클럽,110.0,112.0,103.0
경기도,용인시 수지구,호프주점,42.0,43.0,45.0
경기도,용인시 수지구,화장품가게,179.0,180.0,197.0
경기도,용인시 수지구,휴대폰가게,58.0,56.0,65.0
경기도,용인시 처인구,LPG 충전소,17.0,18.0,17.0
경기도,용인시 처인구,pc방,50.0,49.0,40.0
경기도,용인시 처인구,가구점,49.0,51.0,54.0
경기도,용인시 처인구,가전제품수리점,166.0,169.0,143.0
경기도,용인시 처인구,가전제품판매점,50.0,49.0,51.0
경기도,용인시 처인구,간이주점,23.0,24.0,28.0
경기도,용인시 처인구,간판광고물업,94.0,95.0,90.0
경기도,용인시 처인구,감정평가사,7.0,7.0,6.0
경기도,용인시 처인구,건강보조식품가게,59.0,60.0,65.0
경기도,용인시 처인구,건어물가게,20.0,20.0,18.0
경기도,용인시 처인구,건축사,129.0,130.0,123.0
경기도,용인시 처인구,결혼상담소,4.0,4.0,3.0
경기도,용인시 처인구,곡물가게,32.0,32.0,33.0
경기도,용인시 처인구,공인노무사,0.0,0.0,0.0
경기도,용인시 처인구,공인회계사,0.0,0.0,0.0
경기도,용인시 처인구,과일가게,63.0,63.0,60.0
경기도,용인시 처인구,교습소ㆍ공부방,352.0,355.0,346.0
경기도,용인시 처인구,교습학원,295.0,294.0,286.0
경기도,용인시 처인구,구내식당,112.0,111.0,115.0
경기도,용인시 처인구,기술ㆍ직업훈련학원,114.0,115.0,110.0
경기도,용인시 처인구,기술사,13.0,12.0,13.0
경기도,용인시 처인구,기타외국식음식점,117.0,118.0,111.0
경기도,용인시 처인구,기타음식점,104.0,104.0,111.0
경기도,용인시 처인구,기타일반의원,16.0,16.0,14.0
경기도,용인시 처인구,꽃가게,211.0,208.0,215.0
경기도,용인시 처인구,내과ㆍ소아과의원,48.0,48.0,46.0
경기도,용인시 처인구,노래방,147.0,148.0,148.0
경기도,용인시 처인구,담배ㆍ복권소매업,46.0,46.0,43.0
경기도,용인시 처인구,당구장,118.0,117.0,124.0
경기도,용인시 처인구,독서실,29.0,30.0,28.0
경기도,용인시 처인구,동물병원,30.0,30.0,28.0
경기도,용인시 처인구,목욕탕,21.0,21.0,21.0
경기도,용인시 처인구,문구점,43.0,44.0,46.0
경기도,용인시 처인구,미용실,559.0,560.0,540.0
경기도,용인시 처인구,법무사,39.0,39.0,34.0
경기도,용인시 처인구,변호사,7.0,7.0,7.0
경기도,용인시 처인구,부동산중개업,1142.0,1150.0,1168.0
경기도,용인시 처인구,분식점,367.0,371.0,390.0
경기도,용인시 처인구,사진촬영업,106.0,105.0,86.0
경기도,용인시 처인구,산부인과의원,4.0,4.0,4.0
경기도,용인시 처인구,생선가게,26.0,26.0,29.0
경기도,용인시 처인구,서점,44.0,43.0,45.0
경기도,용인시 처인구,성형외과의원,0.0,0.0,0.0
경기도,용인시 처인구,세무사,51.0,48.0,48.0
경기도,용인시 처인구,세탁소,139.0,141.0,134.0
경기도,용인시 처인구,슈퍼마켓,195.0,192.0,193.0
경기도,용인시 처인구,스포츠교육기관,228.0,226.0,202.0
경기도,용인시 처인구,스포츠시설운영업,52.0,52.0,51.0
경기도,용인시 처인구,스포츠용품점,96.0,97.0,104.0
경기도,용인시 처인구,시계ㆍ귀금속점,23.0,23.0,23.0
경기도,용인시 처인구,식료품가게,240.0,241.0,241.0
경기도,용인시 처인구,신경정신과의원,8.0,8.0,8.0
경기도,용인시 처인구,신발가게,15.0,16.0,17.0
경기도,용인시 처인구,실내스크린골프점,77.0,78.0,74.0
경기도,용인시 처인구,실내장식가게,725.0,727.0,669.0
경기도,용인시 처인구,실외골프연습장,9.0,9.0,10.0
경기도,용인시 처인구,안경점,36.0,36.0,37.0
경기도,용인시 처인구,안과의원,6.0,6.0,6.0
경기도,용인시 처인구,애완용품점,83.0,83.0,84.0
경기도,용인시 처인구,약국,106.0,105.0,100.0
경기도,용인시 처인구,여관ㆍ모텔,71.0,71.0,71.0
경기도,용인시 처인구,여행사,36.0,36.0,35.0
경기도,용인시 처인구,예술학원,160.0,160.0,152.0
경기도,용인시 처인구,예식장,3.0,3.0,0.0
경기도,용인시 처인구,옷가게,323.0,324.0,344.0
경기도,용인시 처인구,의료용품가게,38.0,39.0,39.0
경기도,용인시 처인구,이륜자동차판매점,21.0,21.0,20.0
경기도,용인시 처인구,이발소,40.0,41.0,41.0
경기도,용인시 처인구,이비인후과의원,13.0,13.0,11.0
경기도,용인시 처인구,일반외과의원,16.0,16.0,16.0
경기도,용인시 처인구,일식음식점,77.0,76.0,81.0
경기도,용인시 처인구,자동차수리점,435.0,428.0,420.0
경기도,용인시 처인구,자전거판매점,14.0,14.0,14.0
경기도,용인시 처인구,장난감가게,21.0,21.0,19.0
경기도,용인시 처인구,정육점,114.0,115.0,117.0
경기도,용인시 처인구,제과점,126.0,125.0,115.0
경기도,용인시 처인구,종합병원,13.0,13.0,13.0
경기도,용인시 처인구,주유소,118.0,118.0,112.0
경기도,용인시 처인구,주차장운영업,38.0,36.0,28.0
경기도,용인시 처인구,중고차판매점,15.0,15.0,11.0
경기도,용인시 처인구,중식음식점,155.0,154.0,157.0
경기도,용인시 처인구,채소가게,84.0,84.0,82.0
경기도,용인시 처인구,철물점,54.0,56.0,56.0
경기도,용인시 처인구,치과의원,90.0,90.0,87.0
경기도,용인시 처인구,침구ㆍ커튼가게,53.0,51.0,51.0
경기도,용인시 처인구,커피음료점,510.0,504.0,509.0
경기도,용인시 처인구,컴퓨터판매점,30.0,30.0,28.0
경기도,용인시 처인구,통신판매업,5001.0,4921.0,4661.0
경기도,용인시 처인구,패스트푸드점,261.0,267.0,272.0
경기도,용인시 처인구,펜션ㆍ게스트하우스,119.0,120.0,119.0
경기도,용인시 처인구,편의점,437.0,438.0,449.0
경기도,용인시 처인구,피부ㆍ비뇨기과의원,14.0,14.0,14.0
경기도,용인시 처인구,피부관리업,266.0,263.0,255.0
경기도,용인시 처인구,한방병원ㆍ한의원,49.0,49.0,47.0
경기도,용인시 처인구,한식음식점,2251.0,2250.0,2179.0
경기도,용인시 처인구,헬스클럽,45.0,45.0,43.0
경기도,용인시 처인구,호프주점,93.0,93.0,103.0
경기도,용인시 처인구,화장품가게,126.0,129.0,146.0
경기도,용인시 처인구,휴대폰가게,63.0,63.0,65.0
경기도,의왕시,LPG 충전소,6.0,6.0,6.0
경기도,의왕시,pc방,14.0,14.0,14.0
경기도,의왕시,가구점,22.0,22.0,21.0
경기도,의왕시,가전제품수리점,70.0,69.0,69.0
경기도,의왕시,가전제품판매점,12.0,12.0,11.0
경기도,의왕시,간이주점,6.0,7.0,6.0
경기도,의왕시,간판광고물업,16.0,16.0,18.0
경기도,의왕시,감정평가사,9.0,9.0,9.0
경기도,의왕시,건강보조식품가게,27.0,28.0,33.0
경기도,의왕시,건어물가게,6.0,6.0,7.0
경기도,의왕시,건축사,25.0,25.0,23.0
경기도,의왕시,결혼상담소,4.0,4.0,3.0
경기도,의왕시,곡물가게,6.0,6.0,6.0
경기도,의왕시,공인노무사,0.0,0.0,0.0
경기도,의왕시,과일가게,24.0,24.0,21.0
경기도,의왕시,교습소ㆍ공부방,198.0,197.0,193.0
경기도,의왕시,교습학원,161.0,160.0,158.0
경기도,의왕시,구내식당,31.0,32.0,33.0
경기도,의왕시,기술ㆍ직업훈련학원,54.0,54.0,54.0
경기도,의왕시,기술사,3.0,3.0,3.0
경기도,의왕시,기타외국식음식점,63.0,64.0,64.0
경기도,의왕시,기타음식점,30.0,30.0,31.0
경기도,의왕시,기타일반의원,9.0,9.0,8.0
경기도,의왕시,꽃가게,93.0,94.0,90.0
경기도,의왕시,내과ㆍ소아과의원,31.0,32.0,31.0
경기도,의왕시,노래방,35.0,35.0,36.0
경기도,의왕시,담배ㆍ복권소매업,19.0,19.0,15.0
경기도,의왕시,당구장,45.0,45.0,46.0
경기도,의왕시,독서실,7.0,7.0,8.0
경기도,의왕시,동물병원,15.0,15.0,14.0
경기도,의왕시,목욕탕,4.0,4.0,4.0
경기도,의왕시,문구점,14.0,14.0,16.0
경기도,의왕시,미용실,225.0,223.0,220.0
경기도,의왕시,법무사,4.0,4.0,4.0
경기도,의왕시,변호사,3.0,3.0,3.0
경기도,의왕시,부동산중개업,384.0,381.0,367.0
경기도,의왕시,분식점,115.0,119.0,123.0
경기도,의왕시,사진촬영업,50.0,48.0,48.0
경기도,의왕시,산부인과의원,0.0,0.0,0.0
경기도,의왕시,생선가게,7.0,7.0,7.0
경기도,의왕시,서점,30.0,31.0,28.0
경기도,의왕시,세무사,12.0,12.0,12.0
경기도,의왕시,세탁소,52.0,52.0,50.0
경기도,의왕시,슈퍼마켓,57.0,57.0,57.0
경기도,의왕시,스포츠교육기관,103.0,102.0,89.0
경기도,의왕시,스포츠시설운영업,23.0,23.0,26.0
경기도,의왕시,스포츠용품점,37.0,37.0,41.0
경기도,의왕시,시계ㆍ귀금속점,7.0,7.0,9.0
경기도,의왕시,식료품가게,61.0,60.0,59.0
경기도,의왕시,신발가게,7.0,7.0,7.0
경기도,의왕시,실내스크린골프점,29.0,29.0,29.0
경기도,의왕시,실내장식가게,263.0,263.0,236.0
경기도,의왕시,실외골프연습장,3.0,3.0,3.0
경기도,의왕시,안경점,25.0,26.0,27.0
경기도,의왕시,안과의원,4.0,4.0,4.0
경기도,의왕시,애완용품점,19.0,19.0,19.0
경기도,의왕시,약국,50.0,50.0,46.0
경기도,의왕시,여관ㆍ모텔,6.0,6.0,6.0
경기도,의왕시,여행사,11.0,11.0,10.0
경기도,의왕시,예술학원,82.0,83.0,80.0
경기도,의왕시,옷가게,104.0,103.0,107.0
경기도,의왕시,의료용품가게,9.0,9.0,7.0
경기도,의왕시,이륜자동차판매점,0.0,0.0,0.0
경기도,의왕시,이발소,17.0,18.0,17.0
경기도,의왕시,이비인후과의원,11.0,11.0,10.0
경기도,의왕시,일반외과의원,12.0,12.0,11.0
경기도,의왕시,일식음식점,35.0,34.0,38.0
경기도,의왕시,자동차수리점,93.0,93.0,89.0
경기도,의왕시,자전거판매점,3.0,3.0,0.0
경기도,의왕시,장난감가게,9.0,9.0,9.0
경기도,의왕시,정육점,40.0,40.0,42.0
경기도,의왕시,제과점,59.0,58.0,55.0
경기도,의왕시,종합병원,9.0,9.0,8.0
경기도,의왕시,주유소,19.0,18.0,18.0
경기도,의왕시,주차장운영업,21.0,21.0,23.0
경기도,의왕시,중고차판매점,0.0,0.0,0.0
경기도,의왕시,중식음식점,43.0,42.0,44.0
경기도,의왕시,채소가게,31.0,32.0,26.0
경기도,의왕시,철물점,18.0,18.0,16.0
경기도,의왕시,치과의원,54.0,54.0,52.0
경기도,의왕시,침구ㆍ커튼가게,14.0,13.0,11.0
경기도,의왕시,커피음료점,214.0,209.0,224.0
경기도,의왕시,컴퓨터판매점,11.0,11.0,13.0
경기도,의왕시,통신판매업,2137.0,2111.0,1990.0
경기도,의왕시,패스트푸드점,82.0,80.0,84.0
경기도,의왕시,펜션ㆍ게스트하우스,0.0,0.0,0.0
경기도,의왕시,편의점,117.0,116.0,115.0
경기도,의왕시,피부ㆍ비뇨기과의원,4.0,4.0,4.0
경기도,의왕시,피부관리업,102.0,102.0,103.0
경기도,의왕시,한방병원ㆍ한의원,33.0,33.0,32.0
경기도,의왕시,한식음식점,645.0,644.0,625.0
경기도,의왕시,헬스클럽,37.0,36.0,34.0
경기도,의왕시,호프주점,17.0,18.0,20.0
경기도,의왕시,화장품가게,57.0,58.0,63.0
경기도,의왕시,휴대폰가게,30.0,31.0,29.0
경기도,의정부시,LPG 충전소,6.0,6.0,6.0
경기도,의정부시,pc방,62.0,62.0,62.0
경기도,의정부시,가구점,44.0,44.0,48.0
경기도,의정부시,가전제품수리점,395.0,394.0,356.0
경기도,의정부시,가전제품판매점,82.0,82.0,76.0
경기도,의정부시,간이주점,44.0,45.0,47.0
경기도,의정부시,간판광고물업,97.0,97.0,98.0
경기도,의정부시,감정평가사,31.0,30.0,34.0
경기도,의정부시,건강보조식품가게,106.0,106.0,104.0
경기도,의정부시,건어물가게,41.0,41.0,44.0
경기도,의정부시,건축사,57.0,58.0,58.0
경기도,의정부시,결혼상담소,13.0,13.0,11.0
경기도,의정부시,곡물가게,29.0,30.0,29.0
경기도,의정부시,공인노무사,18.0,18.0,18.0
경기도,의정부시,공인회계사,6.0,6.0,6.0
경기도,의정부시,과일가게,95.0,93.0,89.0
경기도,의정부시,교습소ㆍ공부방,566.0,567.0,545.0
경기도,의정부시,교습학원,540.0,540.0,526.0
경기도,의정부시,구내식당,46.0,47.0,50.0
경기도,의정부시,기술ㆍ직업훈련학원,194.0,192.0,193.0
경기도,의정부시,기술사,5.0,5.0,7.0
경기도,의정부시,기타외국식음식점,197.0,204.0,222.0
경기도,의정부시,기타음식점,141.0,143.0,162.0
경기도,의정부시,기타일반의원,17.0,17.0,19.0
경기도,의정부시,꽃가게,181.0,178.0,184.0
경기도,의정부시,내과ㆍ소아과의원,110.0,110.0,108.0
경기도,의정부시,노래방,221.0,221.0,229.0
경기도,의정부시,담배ㆍ복권소매업,81.0,81.0,81.0
경기도,의정부시,당구장,158.0,159.0,164.0
경기도,의정부시,독서실,33.0,34.0,40.0
경기도,의정부시,동물병원,33.0,33.0,34.0
경기도,의정부시,목욕탕,32.0,32.0,32.0
경기도,의정부시,문구점,79.0,77.0,85.0
경기도,의정부시,미용실,1115.0,1113.0,1111.0
경기도,의정부시,법무사,70.0,69.0,67.0
경기도,의정부시,변리사,0.0,0.0,0.0
경기도,의정부시,변호사,113.0,113.0,110.0
경기도,의정부시,부동산중개업,921.0,924.0,953.0
경기도,의정부시,분식점,290.0,295.0,288.0
경기도,의정부시,사진촬영업,179.0,176.0,156.0
경기도,의정부시,산부인과의원,10.0,10.0,11.0
경기도,의정부시,생선가게,61.0,62.0,58.0
경기도,의정부시,서점,106.0,103.0,86.0
경기도,의정부시,성형외과의원,10.0,10.0,10.0
경기도,의정부시,세무사,125.0,125.0,124.0
경기도,의정부시,세탁소,213.0,214.0,211.0
경기도,의정부시,슈퍼마켓,210.0,210.0,216.0
경기도,의정부시,스포츠교육기관,351.0,349.0,355.0
경기도,의정부시,스포츠시설운영업,90.0,90.0,100.0
경기도,의정부시,스포츠용품점,124.0,124.0,110.0
경기도,의정부시,시계ㆍ귀금속점,69.0,68.0,66.0
경기도,의정부시,식료품가게,285.0,287.0,302.0
경기도,의정부시,신경정신과의원,18.0,18.0,18.0
경기도,의정부시,신발가게,56.0,56.0,57.0
경기도,의정부시,실내스크린골프점,62.0,62.0,65.0
경기도,의정부시,실내장식가게,1048.0,1039.0,950.0
경기도,의정부시,실외골프연습장,8.0,8.0,10.0
경기도,의정부시,안경점,88.0,86.0,86.0
경기도,의정부시,안과의원,12.0,12.0,14.0
경기도,의정부시,애완용품점,167.0,170.0,155.0
경기도,의정부시,약국,221.0,216.0,209.0
경기도,의정부시,여관ㆍ모텔,89.0,91.0,89.0
경기도,의정부시,여행사,60.0,60.0,58.0
경기도,의정부시,예술학원,278.0,280.0,278.0
경기도,의정부시,예식장,3.0,3.0,0.0
경기도,의정부시,옷가게,802.0,811.0,835.0
경기도,의정부시,의료용품가게,54.0,54.0,55.0
경기도,의정부시,이륜자동차판매점,16.0,16.0,15.0
경기도,의정부시,이발소,87.0,87.0,87.0
경기도,의정부시,이비인후과의원,25.0,25.0,25.0
경기도,의정부시,일반외과의원,66.0,65.0,63.0
경기도,의정부시,일식음식점,173.0,175.0,164.0
경기도,의정부시,자동차수리점,336.0,336.0,330.0
경기도,의정부시,자전거판매점,34.0,34.0,35.0
경기도,의정부시,장난감가게,37.0,34.0,32.0
경기도,의정부시,정육점,188.0,183.0,190.0
경기도,의정부시,제과점,192.0,191.0,182.0
경기도,의정부시,종합병원,30.0,30.0,30.0
경기도,의정부시,주유소,34.0,33.0,35.0
경기도,의정부시,주차장운영업,71.0,71.0,75.0
경기도,의정부시,중고차판매점,19.0,19.0,23.0
경기도,의정부시,중식음식점,183.0,185.0,182.0
경기도,의정부시,채소가게,134.0,135.0,127.0
경기도,의정부시,철물점,75.0,74.0,66.0
경기도,의정부시,치과의원,177.0,174.0,172.0
경기도,의정부시,침구ㆍ커튼가게,65.0,66.0,69.0
경기도,의정부시,커피음료점,605.0,601.0,619.0
경기도,의정부시,컴퓨터판매점,59.0,58.0,61.0
경기도,의정부시,통신판매업,7490.0,7444.0,7067.0
경기도,의정부시,패스트푸드점,369.0,370.0,350.0
경기도,의정부시,펜션ㆍ게스트하우스,16.0,15.0,10.0
경기도,의정부시,편의점,425.0,430.0,436.0
경기도,의정부시,피부ㆍ비뇨기과의원,37.0,37.0,37.0
경기도,의정부시,피부관리업,688.0,688.0,662.0
경기도,의정부시,한방병원ㆍ한의원,107.0,107.0,109.0
경기도,의정부시,한식음식점,3071.0,3091.0,3136.0
경기도,의정부시,헬스클럽,127.0,127.0,124.0
경기도,의정부시,호프주점,131.0,130.0,137.0
경기도,의정부시,화장품가게,324.0,327.0,341.0
경기도,의정부시,휴대폰가게,271.0,273.0,263.0
경기도,이천시,LPG 충전소,10.0,10.0,10.0
경기도,이천시,pc방,32.0,32.0,34.0
경기도,이천시,가구점,30.0,29.0,31.0
경기도,이천시,가전제품수리점,86.0,86.0,83.0
경기도,이천시,가전제품판매점,35.0,37.0,40.0
경기도,이천시,간이주점,57.0,59.0,68.0
경기도,이천시,간판광고물업,41.0,42.0,37.0
경기도,이천시,감정평가사,0.0,0.0,0.0
경기도,이천시,건강보조식품가게,43.0,43.0,45.0
경기도,이천시,건어물가게,17.0,18.0,17.0
경기도,이천시,건축사,57.0,57.0,57.0
경기도,이천시,결혼상담소,7.0,6.0,6.0
경기도,이천시,곡물가게,43.0,45.0,42.0
경기도,이천시,공인노무사,0.0,0.0,0.0
경기도,이천시,공인회계사,5.0,5.0,4.0
경기도,이천시,과일가게,48.0,47.0,45.0
경기도,이천시,교습소ㆍ공부방,222.0,219.0,208.0
경기도,이천시,교습학원,281.0,284.0,276.0
경기도,이천시,구내식당,88.0,89.0,97.0
경기도,이천시,기술ㆍ직업훈련학원,98.0,96.0,95.0
경기도,이천시,기술사,0.0,0.0,0.0
경기도,이천시,기타외국식음식점,105.0,104.0,106.0
경기도,이천시,기타음식점,100.0,100.0,99.0
경기도,이천시,기타일반의원,9.0,9.0,9.0
경기도,이천시,꽃가게,133.0,133.0,140.0
경기도,이천시,내과ㆍ소아과의원,42.0,42.0,42.0
경기도,이천시,노래방,108.0,108.0,114.0
경기도,이천시,담배ㆍ복권소매업,54.0,54.0,54.0
경기도,이천시,당구장,83.0,83.0,83.0
경기도,이천시,독서실,22.0,22.0,24.0
경기도,이천시,동물병원,28.0,28.0,28.0
경기도,이천시,목욕탕,13.0,13.0,14.0
경기도,이천시,문구점,33.0,34.0,35.0
경기도,이천시,미용실,512.0,513.0,495.0
경기도,이천시,법무사,30.0,30.0,30.0
경기도,이천시,변호사,7.0,8.0,5.0
경기도,이천시,부동산중개업,661.0,667.0,681.0
경기도,이천시,분식점,267.0,268.0,269.0
경기도,이천시,사진촬영업,55.0,55.0,57.0
경기도,이천시,산부인과의원,6.0,6.0,6.0
경기도,이천시,생선가게,20.0,19.0,22.0
경기도,이천시,서점,23.0,23.0,20.0
경기도,이천시,성형외과의원,0.0,0.0,0.0
경기도,이천시,세무사,49.0,49.0,49.0
경기도,이천시,세탁소,110.0,110.0,114.0
경기도,이천시,슈퍼마켓,99.0,99.0,105.0
경기도,이천시,스포츠교육기관,179.0,178.0,171.0
경기도,이천시,스포츠시설운영업,33.0,33.0,34.0
경기도,이천시,스포츠용품점,80.0,79.0,83.0
경기도,이천시,시계ㆍ귀금속점,35.0,34.0,35.0
경기도,이천시,식료품가게,164.0,169.0,167.0
경기도,이천시,신경정신과의원,4.0,4.0,4.0
경기도,이천시,신발가게,18.0,18.0,18.0
경기도,이천시,실내스크린골프점,49.0,49.0,43.0
경기도,이천시,실내장식가게,278.0,273.0,255.0
경기도,이천시,실외골프연습장,9.0,9.0,10.0
경기도,이천시,안경점,34.0,35.0,35.0
경기도,이천시,안과의원,6.0,6.0,6.0
경기도,이천시,애완용품점,69.0,69.0,67.0
경기도,이천시,약국,108.0,107.0,103.0
경기도,이천시,여관ㆍ모텔,89.0,89.0,91.0
경기도,이천시,여행사,29.0,30.0,32.0
경기도,이천시,예술학원,132.0,134.0,141.0
경기도,이천시,예식장,3.0,3.0,3.0
경기도,이천시,옷가게,295.0,296.0,312.0
경기도,이천시,의료용품가게,30.0,30.0,29.0
경기도,이천시,이륜자동차판매점,10.0,10.0,11.0
경기도,이천시,이발소,53.0,54.0,55.0
경기도,이천시,이비인후과의원,7.0,7.0,6.0
경기도,이천시,일반외과의원,25.0,25.0,24.0
경기도,이천시,일식음식점,71.0,70.0,66.0
경기도,이천시,자동차수리점,270.0,269.0,265.0
경기도,이천시,자전거판매점,11.0,11.0,12.0
경기도,이천시,장난감가게,18.0,19.0,14.0
경기도,이천시,정육점,105.0,107.0,114.0
경기도,이천시,제과점,98.0,97.0,96.0
경기도,이천시,종합병원,15.0,15.0,16.0
경기도,이천시,주유소,85.0,85.0,84.0
경기도,이천시,주차장운영업,51.0,51.0,43.0
경기도,이천시,중고차판매점,30.0,28.0,27.0
경기도,이천시,중식음식점,156.0,160.0,152.0
경기도,이천시,채소가게,48.0,48.0,46.0
경기도,이천시,철물점,52.0,53.0,54.0
경기도,이천시,치과의원,62.0,62.0,61.0
경기도,이천시,침구ㆍ커튼가게,42.0,39.0,44.0
경기도,이천시,커피음료점,356.0,359.0,362.0
경기도,이천시,컴퓨터판매점,22.0,22.0,21.0
경기도,이천시,통신판매업,2469.0,2481.0,2167.0
경기도,이천시,패스트푸드점,197.0,195.0,178.0
경기도,이천시,펜션ㆍ게스트하우스,38.0,38.0,28.0
경기도,이천시,편의점,352.0,354.0,367.0
경기도,이천시,피부ㆍ비뇨기과의원,16.0,16.0,17.0
경기도,이천시,피부관리업,327.0,323.0,306.0
경기도,이천시,한방병원ㆍ한의원,50.0,50.0,52.0
경기도,이천시,한식음식점,2005.0,2010.0,1996.0
경기도,이천시,헬스클럽,57.0,57.0,57.0
경기도,이천시,호프주점,50.0,50.0,52.0
경기도,이천시,화장품가게,114.0,116.0,121.0
경기도,이천시,휴대폰가게,61.0,63.0,66.0
경기도,파주시,LPG 충전소,17.0,17.0,19.0
경기도,파주시,pc방,55.0,55.0,59.0
경기도,파주시,가구점,132.0,132.0,132.0
경기도,파주시,가전제품수리점,372.0,371.0,306.0
경기도,파주시,가전제품판매점,93.0,93.0,90.0
경기도,파주시,간이주점,55.0,55.0,53.0
경기도,파주시,간판광고물업,211.0,212.0,210.0
경기도,파주시,감정평가사,7.0,7.0,5.0
경기도,파주시,건강보조식품가게,94.0,95.0,97.0
경기도,파주시,건어물가게,16.0,17.0,15.0
경기도,파주시,건축사,112.0,112.0,110.0
경기도,파주시,결혼상담소,9.0,9.0,6.0
경기도,파주시,곡물가게,52.0,52.0,52.0
경기도,파주시,공인노무사,6.0,6.0,6.0
경기도,파주시,공인회계사,9.0,9.0,9.0
경기도,파주시,과일가게,59.0,58.0,59.0
경기도,파주시,교습소ㆍ공부방,862.0,861.0,775.0
경기도,파주시,교습학원,755.0,746.0,692.0
경기도,파주시,구내식당,87.0,85.0,89.0
경기도,파주시,기술ㆍ직업훈련학원,245.0,246.0,217.0
경기도,파주시,기술사,10.0,10.0,10.0
경기도,파주시,기타외국식음식점,267.0,261.0,242.0
경기도,파주시,기타음식점,138.0,138.0,130.0
경기도,파주시,기타일반의원,28.0,28.0,25.0
경기도,파주시,꽃가게,195.0,192.0,183.0
경기도,파주시,내과ㆍ소아과의원,95.0,95.0,90.0
경기도,파주시,노래방,213.0,215.0,216.0
경기도,파주시,담배ㆍ복권소매업,99.0,100.0,89.0
경기도,파주시,당구장,156.0,157.0,154.0
경기도,파주시,독서실,51.0,51.0,53.0
경기도,파주시,동물병원,54.0,55.0,51.0
경기도,파주시,목욕탕,24.0,24.0,25.0
경기도,파주시,문구점,103.0,103.0,107.0
경기도,파주시,미용실,896.0,894.0,851.0
경기도,파주시,법무사,34.0,34.0,32.0
경기도,파주시,변리사,3.0,3.0,4.0
경기도,파주시,변호사,12.0,12.0,11.0
경기도,파주시,부동산중개업,1509.0,1523.0,1538.0
경기도,파주시,분식점,389.0,390.0,401.0
경기도,파주시,사진촬영업,286.0,284.0,260.0
경기도,파주시,산부인과의원,9.0,9.0,9.0
경기도,파주시,생선가게,43.0,42.0,43.0
경기도,파주시,서점,128.0,130.0,122.0
경기도,파주시,성형외과의원,4.0,4.0,4.0
경기도,파주시,세무사,86.0,85.0,82.0
경기도,파주시,세탁소,243.0,244.0,239.0
경기도,파주시,슈퍼마켓,304.0,308.0,296.0
경기도,파주시,스포츠교육기관,391.0,385.0,331.0
경기도,파주시,스포츠시설운영업,79.0,80.0,78.0
경기도,파주시,스포츠용품점,139.0,141.0,148.0
경기도,파주시,시계ㆍ귀금속점,58.0,57.0,53.0
경기도,파주시,식료품가게,351.0,350.0,344.0
경기도,파주시,신경정신과의원,13.0,13.0,12.0
경기도,파주시,신발가게,32.0,32.0,37.0
경기도,파주시,실내스크린골프점,86.0,85.0,89.0
경기도,파주시,실내장식가게,1083.0,1079.0,984.0
경기도,파주시,실외골프연습장,12.0,12.0,12.0
경기도,파주시,안경점,67.0,67.0,69.0
경기도,파주시,안과의원,11.0,11.0,12.0
경기도,파주시,애완용품점,181.0,181.0,184.0
경기도,파주시,약국,173.0,175.0,167.0
경기도,파주시,여관ㆍ모텔,97.0,97.0,100.0
경기도,파주시,여행사,100.0,101.0,87.0
경기도,파주시,예술학원,339.0,340.0,338.0
경기도,파주시,예식장,5.0,5.0,5.0
경기도,파주시,옷가게,623.0,627.0,642.0
경기도,파주시,의료용품가게,45.0,45.0,38.0
경기도,파주시,이륜자동차판매점,24.0,24.0,26.0
경기도,파주시,이발소,89.0,91.0,94.0
경기도,파주시,이비인후과의원,23.0,23.0,21.0
경기도,파주시,일반외과의원,40.0,41.0,38.0
경기도,파주시,일식음식점,169.0,170.0,159.0
경기도,파주시,자동차수리점,558.0,559.0,542.0
경기도,파주시,자전거판매점,18.0,18.0,17.0
경기도,파주시,장난감가게,57.0,58.0,42.0
경기도,파주시,정육점,149.0,150.0,152.0
경기도,파주시,제과점,212.0,211.0,195.0
경기도,파주시,종합병원,34.0,34.0,35.0
경기도,파주시,주유소,112.0,110.0,113.0
경기도,파주시,주차장운영업,69.0,69.0,71.0
경기도,파주시,중고차판매점,26.0,27.0,31.0
경기도,파주시,중식음식점,246.0,249.0,251.0
경기도,파주시,채소가게,97.0,96.0,92.0
경기도,파주시,철물점,75.0,75.0,74.0
경기도,파주시,치과의원,151.0,152.0,149.0
경기도,파주시,침구ㆍ커튼가게,76.0,76.0,80.0
경기도,파주시,커피음료점,817.0,816.0,793.0
경기도,파주시,컴퓨터판매점,50.0,51.0,50.0
경기도,파주시,통신판매업,12801.0,12681.0,11255.0
경기도,파주시,패스트푸드점,486.0,488.0,492.0
경기도,파주시,펜션ㆍ게스트하우스,177.0,174.0,163.0
경기도,파주시,편의점,540.0,549.0,563.0
경기도,파주시,피부ㆍ비뇨기과의원,21.0,20.0,21.0
경기도,파주시,피부관리업,688.0,696.0,632.0
경기도,파주시,한방병원ㆍ한의원,94.0,95.0,95.0
경기도,파주시,한식음식점,3589.0,3589.0,3661.0
경기도,파주시,헬스클럽,106.0,108.0,99.0
경기도,파주시,호프주점,134.0,135.0,143.0
경기도,파주시,화장품가게,278.0,283.0,300.0
경기도,파주시,휴대폰가게,156.0,156.0,149.0
경기도,평택시,LPG 충전소,21.0,22.0,21.0
경기도,평택시,pc방,124.0,120.0,116.0
경기도,평택시,가구점,86.0,88.0,85.0
경기도,평택시,가전제품수리점,334.0,328.0,280.0
경기도,평택시,가전제품판매점,119.0,117.0,118.0
경기도,평택시,간이주점,49.0,50.0,50.0
경기도,평택시,간판광고물업,97.0,98.0,93.0
경기도,평택시,감정평가사,12.0,12.0,11.0
경기도,평택시,건강보조식품가게,145.0,147.0,142.0
경기도,평택시,건어물가게,42.0,43.0,46.0
경기도,평택시,건축사,168.0,166.0,165.0
경기도,평택시,결혼상담소,25.0,24.0,22.0
경기도,평택시,곡물가게,70.0,71.0,69.0
경기도,평택시,공인노무사,24.0,24.0,22.0
경기도,평택시,공인회계사,22.0,22.0,19.0
경기도,평택시,과일가게,102.0,101.0,91.0
경기도,평택시,교습소ㆍ공부방,820.0,817.0,769.0
경기도,평택시,교습학원,747.0,739.0,698.0
경기도,평택시,구내식당,191.0,191.0,210.0
경기도,평택시,기술ㆍ직업훈련학원,262.0,266.0,261.0
경기도,평택시,기술사,13.0,15.0,13.0
경기도,평택시,기타외국식음식점,445.0,444.0,419.0
경기도,평택시,기타음식점,188.0,191.0,214.0
경기도,평택시,기타일반의원,45.0,45.0,45.0
경기도,평택시,꽃가게,316.0,317.0,313.0
경기도,평택시,내과ㆍ소아과의원,114.0,114.0,117.0
경기도,평택시,노래방,268.0,268.0,275.0
경기도,평택시,담배ㆍ복권소매업,94.0,96.0,89.0
경기도,평택시,당구장,197.0,198.0,198.0
경기도,평택시,독서실,33.0,33.0,33.0
경기도,평택시,동물병원,54.0,54.0,52.0
경기도,평택시,목욕탕,30.0,30.0,30.0
경기도,평택시,문구점,119.0,120.0,134.0
경기도,평택시,미용실,1377.0,1369.0,1338.0
경기도,평택시,법무사,79.0,79.0,78.0
경기도,평택시,변리사,0.0,0.0,0.0
경기도,평택시,변호사,58.0,59.0,58.0
경기도,평택시,부동산중개업,2405.0,2411.0,2476.0
경기도,평택시,분식점,522.0,528.0,534.0
경기도,평택시,사진촬영업,173.0,176.0,176.0
경기도,평택시,산부인과의원,16.0,16.0,16.0
경기도,평택시,생선가게,91.0,90.0,92.0
경기도,평택시,서점,102.0,101.0,103.0
경기도,평택시,성형외과의원,6.0,6.0,6.0
경기도,평택시,세무사,134.0,135.0,135.0
경기도,평택시,세탁소,309.0,310.0,310.0
경기도,평택시,슈퍼마켓,439.0,438.0,438.0
경기도,평택시,스포츠교육기관,508.0,504.0,480.0
경기도,평택시,스포츠시설운영업,120.0,120.0,121.0
경기도,평택시,스포츠용품점,202.0,206.0,213.0
경기도,평택시,시계ㆍ귀금속점,86.0,86.0,81.0
경기도,평택시,식료품가게,472.0,470.0,485.0
경기도,평택시,신경정신과의원,11.0,11.0,11.0
경기도,평택시,신발가게,66.0,68.0,68.0
경기도,평택시,실내스크린골프점,105.0,105.0,104.0
경기도,평택시,실내장식가게,1079.0,1061.0,974.0
경기도,평택시,실외골프연습장,21.0,21.0,22.0
경기도,평택시,안경점,98.0,97.0,95.0
경기도,평택시,안과의원,17.0,17.0,17.0
경기도,평택시,애완용품점,214.0,217.0,214.0
경기도,평택시,약국,279.0,280.0,278.0
경기도,평택시,여관ㆍ모텔,139.0,140.0,143.0
경기도,평택시,여행사,79.0,81.0,87.0
경기도,평택시,예술학원,417.0,411.0,397.0
경기도,평택시,예식장,9.0,8.0,8.0
경기도,평택시,옷가게,903.0,908.0,955.0
경기도,평택시,의료용품가게,52.0,50.0,52.0
경기도,평택시,이륜자동차판매점,34.0,33.0,36.0
경기도,평택시,이발소,174.0,172.0,167.0
경기도,평택시,이비인후과의원,22.0,22.0,22.0
경기도,평택시,일반외과의원,54.0,53.0,49.0
경기도,평택시,일식음식점,255.0,253.0,241.0
경기도,평택시,자동차수리점,799.0,797.0,756.0
경기도,평택시,자전거판매점,28.0,28.0,28.0
경기도,평택시,장난감가게,74.0,72.0,53.0
경기도,평택시,정육점,216.0,213.0,213.0
경기도,평택시,제과점,243.0,244.0,225.0
경기도,평택시,종합병원,30.0,30.0,30.0
경기도,평택시,주유소,127.0,128.0,127.0
경기도,평택시,주차장운영업,116.0,114.0,102.0
경기도,평택시,중고차판매점,73.0,71.0,63.0
경기도,평택시,중식음식점,399.0,394.0,394.0
경기도,평택시,채소가게,154.0,152.0,141.0
경기도,평택시,철물점,124.0,126.0,132.0
경기도,평택시,치과의원,204.0,204.0,199.0
경기도,평택시,침구ㆍ커튼가게,104.0,104.0,108.0
경기도,평택시,커피음료점,1027.0,1038.0,1061.0
경기도,평택시,컴퓨터판매점,89.0,89.0,79.0
경기도,평택시,통신판매업,8313.0,8257.0,7804.0
경기도,평택시,패스트푸드점,604.0,602.0,596.0
경기도,평택시,펜션ㆍ게스트하우스,54.0,52.0,34.0
경기도,평택시,편의점,873.0,874.0,908.0
경기도,평택시,피부ㆍ비뇨기과의원,45.0,44.0,44.0
경기도,평택시,피부관리업,1014.0,1000.0,950.0
경기도,평택시,한방병원ㆍ한의원,127.0,128.0,121.0
경기도,평택시,한식음식점,5077.0,5093.0,5203.0
경기도,평택시,헬스클럽,158.0,160.0,155.0
경기도,평택시,호프주점,242.0,242.0,266.0
경기도,평택시,화장품가게,441.0,452.0,481.0
경기도,평택시,휴대폰가게,317.0,320.0,296.0
경기도,포천시,LPG 충전소,20.0,19.0,18.0
경기도,포천시,pc방,22.0,22.0,23.0
경기도,포천시,가구점,103.0,106.0,103.0
경기도,포천시,가전제품수리점,78.0,76.0,62.0
경기도,포천시,가전제품판매점,40.0,41.0,43.0
경기도,포천시,간이주점,9.0,9.0,10.0
경기도,포천시,간판광고물업,76.0,75.0,70.0
경기도,포천시,건강보조식품가게,47.0,47.0,46.0
경기도,포천시,건어물가게,7.0,7.0,7.0
경기도,포천시,건축사,50.0,50.0,50.0
경기도,포천시,결혼상담소,0.0,0.0,0.0
경기도,포천시,곡물가게,18.0,18.0,15.0
경기도,포천시,공인노무사,4.0,4.0,3.0
경기도,포천시,공인회계사,0.0,0.0,0.0
경기도,포천시,과일가게,54.0,54.0,48.0
경기도,포천시,교습소ㆍ공부방,60.0,60.0,58.0
경기도,포천시,교습학원,74.0,74.0,70.0
경기도,포천시,구내식당,29.0,29.0,30.0
경기도,포천시,기술ㆍ직업훈련학원,73.0,74.0,62.0
경기도,포천시,기술사,3.0,3.0,3.0
경기도,포천시,기타외국식음식점,93.0,95.0,99.0
경기도,포천시,기타음식점,61.0,61.0,61.0
경기도,포천시,기타일반의원,4.0,4.0,4.0
경기도,포천시,꽃가게,85.0,87.0,82.0
경기도,포천시,내과ㆍ소아과의원,28.0,28.0,28.0
경기도,포천시,노래방,72.0,72.0,80.0
경기도,포천시,담배ㆍ복권소매업,84.0,85.0,88.0
경기도,포천시,당구장,79.0,79.0,79.0
경기도,포천시,독서실,10.0,10.0,9.0
경기도,포천시,동물병원,19.0,20.0,21.0
경기도,포천시,목욕탕,12.0,12.0,10.0
경기도,포천시,문구점,42.0,42.0,37.0
경기도,포천시,미용실,298.0,297.0,291.0
경기도,포천시,법무사,17.0,17.0,18.0
경기도,포천시,변리사,0.0,0.0,0.0
경기도,포천시,변호사,4.0,4.0,4.0
경기도,포천시,부동산중개업,445.0,447.0,455.0
경기도,포천시,분식점,129.0,128.0,128.0
경기도,포천시,사진촬영업,48.0,49.0,47.0
경기도,포천시,산부인과의원,3.0,3.0,3.0
경기도,포천시,생선가게,18.0,18.0,21.0
경기도,포천시,서점,14.0,14.0,14.0
경기도,포천시,성형외과의원,0.0,0.0,0.0
경기도,포천시,세무사,22.0,22.0,22.0
경기도,포천시,세탁소,68.0,67.0,68.0
경기도,포천시,슈퍼마켓,198.0,199.0,178.0
경기도,포천시,스포츠교육기관,74.0,75.0,71.0
경기도,포천시,스포츠시설운영업,31.0,31.0,29.0
경기도,포천시,스포츠용품점,112.0,110.0,107.0
경기도,포천시,시계ㆍ귀금속점,17.0,17.0,15.0
경기도,포천시,식료품가게,289.0,287.0,292.0
경기도,포천시,신경정신과의원,3.0,3.0,3.0
경기도,포천시,신발가게,20.0,20.0,20.0
경기도,포천시,실내스크린골프점,52.0,51.0,47.0
경기도,포천시,실내장식가게,349.0,344.0,328.0
경기도,포천시,실외골프연습장,8.0,8.0,10.0
경기도,포천시,안경점,20.0,20.0,20.0
경기도,포천시,안과의원,4.0,4.0,4.0
경기도,포천시,애완용품점,60.0,61.0,62.0
경기도,포천시,약국,58.0,58.0,59.0
경기도,포천시,여관ㆍ모텔,118.0,119.0,127.0
경기도,포천시,여행사,32.0,31.0,29.0
경기도,포천시,예술학원,57.0,57.0,58.0
경기도,포천시,예식장,4.0,4.0,3.0
경기도,포천시,옷가게,219.0,218.0,228.0
경기도,포천시,의료용품가게,13.0,13.0,15.0
경기도,포천시,이륜자동차판매점,14.0,14.0,15.0
경기도,포천시,이발소,44.0,44.0,48.0
경기도,포천시,이비인후과의원,4.0,4.0,4.0
경기도,포천시,일반외과의원,16.0,16.0,15.0
경기도,포천시,일식음식점,36.0,35.0,34.0
경기도,포천시,자동차수리점,311.0,312.0,307.0
경기도,포천시,자전거판매점,6.0,6.0,4.0
경기도,포천시,장난감가게,16.0,16.0,14.0
경기도,포천시,정육점,75.0,75.0,70.0
경기도,포천시,제과점,57.0,56.0,55.0
경기도,포천시,종합병원,13.0,13.0,12.0
경기도,포천시,주유소,108.0,108.0,108.0
경기도,포천시,주차장운영업,19.0,19.0,20.0
경기도,포천시,중고차판매점,25.0,25.0,24.0
경기도,포천시,중식음식점,121.0,122.0,121.0
경기도,포천시,채소가게,73.0,72.0,67.0
경기도,포천시,철물점,69.0,68.0,63.0
경기도,포천시,치과의원,44.0,44.0,44.0
경기도,포천시,침구ㆍ커튼가게,33.0,33.0,39.0
경기도,포천시,커피음료점,332.0,329.0,321.0
경기도,포천시,컴퓨터판매점,19.0,18.0,19.0
경기도,포천시,통신판매업,2127.0,2130.0,1869.0
경기도,포천시,패스트푸드점,166.0,166.0,153.0
경기도,포천시,펜션ㆍ게스트하우스,207.0,206.0,181.0
경기도,포천시,편의점,276.0,275.0,278.0
경기도,포천시,피부ㆍ비뇨기과의원,3.0,3.0,3.0
경기도,포천시,피부관리업,142.0,142.0,137.0
경기도,포천시,한방병원ㆍ한의원,21.0,21.0,21.0
경기도,포천시,한식음식점,2047.0,2041.0,2057.0
경기도,포천시,헬스클럽,22.0,22.0,23.0
경기도,포천시,호프주점,62.0,63.0,74.0
경기도,포천시,화장품가게,80.0,81.0,83.0
경기도,포천시,휴대폰가게,55.0,56.0,57.0
경기도,하남시,LPG 충전소,4.0,4.0,3.0
경기도,하남시,pc방,29.0,31.0,31.0
경기도,하남시,가구점,54.0,54.0,55.0
경기도,하남시,가전제품수리점,178.0,176.0,174.0
경기도,하남시,가전제품판매점,71.0,71.0,68.0
경기도,하남시,간이주점,29.0,29.0,29.0
경기도,하남시,간판광고물업,145.0,146.0,146.0
경기도,하남시,감정평가사,17.0,17.0,15.0
경기도,하남시,건강보조식품가게,86.0,86.0,93.0
경기도,하남시,건어물가게,25.0,23.0,30.0
경기도,하남시,건축사,95.0,95.0,90.0
경기도,하남시,결혼상담소,17.0,16.0,12.0
경기도,하남시,곡물가게,15.0,15.0,19.0
경기도,하남시,공인노무사,11.0,11.0,11.0
경기도,하남시,공인회계사,12.0,12.0,11.0
경기도,하남시,과일가게,60.0,59.0,54.0
경기도,하남시,교습소ㆍ공부방,479.0,472.0,424.0
경기도,하남시,교습학원,572.0,574.0,565.0
경기도,하남시,구내식당,28.0,28.0,30.0
경기도,하남시,기술ㆍ직업훈련학원,172.0,170.0,155.0
경기도,하남시,기술사,38.0,38.0,37.0
경기도,하남시,기타외국식음식점,192.0,196.0,183.0
경기도,하남시,기타음식점,62.0,63.0,61.0
경기도,하남시,기타일반의원,26.0,27.0,23.0
경기도,하남시,꽃가게,167.0,166.0,161.0
경기도,하남시,내과ㆍ소아과의원,82.0,82.0,80.0
경기도,하남시,노래방,67.0,70.0,71.0
경기도,하남시,담배ㆍ복권소매업,44.0,44.0,40.0
경기도,하남시,당구장,86.0,84.0,83.0
경기도,하남시,독서실,17.0,18.0,19.0
경기도,하남시,동물병원,37.0,37.0,33.0
경기도,하남시,목욕탕,10.0,10.0,11.0
경기도,하남시,문구점,62.0,64.0,63.0
경기도,하남시,미용실,550.0,545.0,526.0
경기도,하남시,법무사,18.0,17.0,15.0
경기도,하남시,변리사,11.0,11.0,13.0
경기도,하남시,변호사,12.0,11.0,10.0
경기도,하남시,부동산중개업,1156.0,1158.0,1171.0
경기도,하남시,분식점,199.0,203.0,218.0
경기도,하남시,사진촬영업,264.0,259.0,236.0
경기도,하남시,산부인과의원,12.0,12.0,12.0
경기도,하남시,생선가게,38.0,38.0,43.0
경기도,하남시,서점,72.0,71.0,67.0
경기도,하남시,성형외과의원,3.0,3.0,3.0
경기도,하남시,세무사,92.0,91.0,84.0
경기도,하남시,세탁소,137.0,139.0,140.0
경기도,하남시,슈퍼마켓,140.0,140.0,143.0
경기도,하남시,스포츠교육기관,332.0,322.0,289.0
경기도,하남시,스포츠시설운영업,85.0,87.0,94.0
경기도,하남시,스포츠용품점,127.0,127.0,127.0
경기도,하남시,시계ㆍ귀금속점,31.0,30.0,25.0
경기도,하남시,식료품가게,208.0,213.0,217.0
경기도,하남시,신경정신과의원,15.0,15.0,15.0
경기도,하남시,신발가게,29.0,31.0,32.0
경기도,하남시,실내스크린골프점,104.0,104.0,104.0
경기도,하남시,실내장식가게,862.0,859.0,815.0
경기도,하남시,실외골프연습장,9.0,9.0,9.0
경기도,하남시,안경점,51.0,50.0,47.0
경기도,하남시,안과의원,11.0,11.0,11.0
경기도,하남시,애완용품점,116.0,116.0,126.0
경기도,하남시,약국,137.0,140.0,137.0
경기도,하남시,여관ㆍ모텔,16.0,16.0,17.0
경기도,하남시,여행사,47.0,48.0,52.0
경기도,하남시,예술학원,280.0,282.0,286.0
경기도,하남시,예식장,0.0,0.0,0.0
경기도,하남시,옷가게,397.0,394.0,404.0
경기도,하남시,의료용품가게,75.0,76.0,73.0
경기도,하남시,이륜자동차판매점,12.0,12.0,12.0
경기도,하남시,이발소,34.0,34.0,32.0
경기도,하남시,이비인후과의원,23.0,23.0,22.0
경기도,하남시,일반외과의원,36.0,36.0,35.0
경기도,하남시,일식음식점,141.0,146.0,157.0
경기도,하남시,자동차수리점,346.0,344.0,334.0
경기도,하남시,자전거판매점,14.0,14.0,18.0
경기도,하남시,장난감가게,24.0,22.0,17.0
경기도,하남시,정육점,90.0,90.0,100.0
경기도,하남시,제과점,151.0,149.0,156.0
경기도,하남시,종합병원,17.0,17.0,18.0
경기도,하남시,주유소,33.0,31.0,32.0
경기도,하남시,주차장운영업,112.0,112.0,110.0
경기도,하남시,중고차판매점,0.0,0.0,0.0
경기도,하남시,중식음식점,110.0,111.0,116.0
경기도,하남시,채소가게,83.0,86.0,77.0
경기도,하남시,철물점,36.0,35.0,37.0
경기도,하남시,치과의원,107.0,107.0,105.0
경기도,하남시,침구ㆍ커튼가게,40.0,41.0,44.0
경기도,하남시,커피음료점,424.0,428.0,457.0
경기도,하남시,컴퓨터판매점,59.0,56.0,53.0
경기도,하남시,통신판매업,6869.0,6823.0,6652.0
경기도,하남시,패스트푸드점,282.0,283.0,272.0
경기도,하남시,펜션ㆍ게스트하우스,3.0,3.0,0.0
경기도,하남시,편의점,266.0,270.0,288.0
경기도,하남시,피부ㆍ비뇨기과의원,39.0,39.0,38.0
경기도,하남시,피부관리업,499.0,496.0,480.0
경기도,하남시,한방병원ㆍ한의원,93.0,93.0,90.0
경기도,하남시,한식음식점,1578.0,1582.0,1626.0
경기도,하남시,헬스클럽,101.0,102.0,97.0
경기도,하남시,호프주점,63.0,65.0,67.0
경기도,하남시,화장품가게,215.0,216.0,232.0
경기도,하남시,휴대폰가게,87.0,87.0,82.0
경기도,화성시 동탄구,LPG 충전소,3.0,3.0,4.0
경기도,화성시 동탄구,pc방,38.0,41.0,36.0
경기도,화성시 동탄구,가구점,30.0,29.0,31.0
경기도,화성시 동탄구,가전제품수리점,155.0,157.0,132.0
경기도,화성시 동탄구,가전제품판매점,33.0,34.0,38.0
경기도,화성시 동탄구,간이주점,33.0,34.0,40.0
경기도,화성시 동탄구,간판광고물업,40.0,38.0,35.0
경기도,화성시 동탄구,감정평가사,17.0,18.0,14.0
경기도,화성시 동탄구,건강보조식품가게,82.0,82.0,80.0
경기도,화성시 동탄구,건어물가게,11.0,11.0,11.0
경기도,화성시 동탄구,건축사,95.0,95.0,84.0
경기도,화성시 동탄구,결혼상담소,6.0,7.0,4.0
경기도,화성시 동탄구,곡물가게,13.0,13.0,12.0
경기도,화성시 동탄구,공인노무사,24.0,24.0,21.0
경기도,화성시 동탄구,공인회계사,11.0,11.0,11.0
경기도,화성시 동탄구,과일가게,42.0,43.0,37.0
경기도,화성시 동탄구,교습소ㆍ공부방,1009.0,1007.0,881.0
경기도,화성시 동탄구,교습학원,1173.0,1169.0,1075.0
경기도,화성시 동탄구,구내식당,55.0,55.0,50.0
경기도,화성시 동탄구,기술ㆍ직업훈련학원,229.0,232.0,229.0
경기도,화성시 동탄구,기술사,30.0,30.0,22.0
경기도,화성시 동탄구,기타외국식음식점,254.0,256.0,239.0
경기도,화성시 동탄구,기타음식점,85.0,87.0,87.0
경기도,화성시 동탄구,기타일반의원,5.0,5.0,5.0
경기도,화성시 동탄구,꽃가게,168.0,167.0,170.0
경기도,화성시 동탄구,내과ㆍ소아과의원,73.0,73.0,72.0
경기도,화성시 동탄구,노래방,79.0,79.0,82.0
경기도,화성시 동탄구,담배ㆍ복권소매업,32.0,31.0,20.0
경기도,화성시 동탄구,당구장,82.0,81.0,73.0
경기도,화성시 동탄구,독서실,20.0,19.0,22.0
경기도,화성시 동탄구,동물병원,40.0,38.0,32.0
경기도,화성시 동탄구,목욕탕,12.0,12.0,10.0
경기도,화성시 동탄구,문구점,82.0,83.0,88.0
경기도,화성시 동탄구,미용실,722.0,724.0,646.0
경기도,화성시 동탄구,법무사,33.0,32.0,29.0
경기도,화성시 동탄구,변리사,13.0,13.0,13.0
경기도,화성시 동탄구,변호사,16.0,15.0,13.0
경기도,화성시 동탄구,부동산중개업,1550.0,1563.0,1524.0
경기도,화성시 동탄구,분식점,253.0,255.0,277.0
경기도,화성시 동탄구,사진촬영업,189.0,192.0,178.0
경기도,화성시 동탄구,산부인과의원,12.0,12.0,12.0
경기도,화성시 동탄구,생선가게,21.0,22.0,19.0
경기도,화성시 동탄구,서점,118.0,117.0,94.0
경기도,화성시 동탄구,성형외과의원,11.0,10.0,10.0
경기도,화성시 동탄구,세무사,150.0,145.0,138.0
경기도,화성시 동탄구,세탁소,134.0,138.0,126.0
경기도,화성시 동탄구,슈퍼마켓,153.0,154.0,153.0
경기도,화성시 동탄구,스포츠교육기관,448.0,444.0,412.0
경기도,화성시 동탄구,스포츠시설운영업,133.0,133.0,125.0
경기도,화성시 동탄구,스포츠용품점,156.0,159.0,164.0
경기도,화성시 동탄구,시계ㆍ귀금속점,31.0,32.0,30.0
경기도,화성시 동탄구,식료품가게,147.0,147.0,138.0
경기도,화성시 동탄구,신경정신과의원,17.0,17.0,16.0
경기도,화성시 동탄구,신발가게,11.0,11.0,12.0
경기도,화성시 동탄구,실내스크린골프점,77.0,78.0,74.0
경기도,화성시 동탄구,실내장식가게,696.0,687.0,586.0
경기도,화성시 동탄구,실외골프연습장,8.0,8.0,10.0
경기도,화성시 동탄구,안경점,68.0,69.0,67.0
경기도,화성시 동탄구,안과의원,12.0,12.0,12.0
경기도,화성시 동탄구,애완용품점,132.0,133.0,138.0
경기도,화성시 동탄구,약국,141.0,140.0,117.0
경기도,화성시 동탄구,여관ㆍ모텔,22.0,22.0,16.0
경기도,화성시 동탄구,여행사,72.0,71.0,59.0
경기도,화성시 동탄구,예술학원,431.0,434.0,389.0
경기도,화성시 동탄구,예식장,0.0,0.0,0.0
경기도,화성시 동탄구,옷가게,427.0,427.0,447.0
경기도,화성시 동탄구,의료용품가게,41.0,41.0,33.0
경기도,화성시 동탄구,이륜자동차판매점,7.0,7.0,8.0
경기도,화성시 동탄구,이발소,42.0,42.0,39.0
경기도,화성시 동탄구,이비인후과의원,27.0,27.0,26.0
경기도,화성시 동탄구,일반외과의원,42.0,42.0,39.0
경기도,화성시 동탄구,일식음식점,243.0,241.0,225.0
경기도,화성시 동탄구,자동차수리점,297.0,289.0,262.0
경기도,화성시 동탄구,자전거판매점,15.0,15.0,16.0
경기도,화성시 동탄구,장난감가게,29.0,28.0,29.0
경기도,화성시 동탄구,정육점,69.0,69.0,71.0
경기도,화성시 동탄구,제과점,216.0,215.0,198.0
경기도,화성시 동탄구,종합병원,7.0,7.0,3.0
경기도,화성시 동탄구,주유소,13.0,13.0,12.0
경기도,화성시 동탄구,주차장운영업,108.0,106.0,93.0
경기도,화성시 동탄구,중고차판매점,10.0,10.0,6.0
경기도,화성시 동탄구,중식음식점,183.0,179.0,170.0
경기도,화성시 동탄구,채소가게,22.0,23.0,16.0
경기도,화성시 동탄구,철물점,17.0,17.0,14.0
경기도,화성시 동탄구,치과의원,120.0,120.0,111.0
경기도,화성시 동탄구,침구ㆍ커튼가게,46.0,45.0,37.0
경기도,화성시 동탄구,커피음료점,662.0,661.0,646.0
경기도,화성시 동탄구,컴퓨터판매점,54.0,53.0,50.0
경기도,화성시 동탄구,통신판매업,9623.0,9551.0,8637.0
경기도,화성시 동탄구,패스트푸드점,404.0,403.0,391.0
경기도,화성시 동탄구,펜션ㆍ게스트하우스,8.0,7.0,4.0
경기도,화성시 동탄구,편의점,344.0,353.0,325.0
경기도,화성시 동탄구,피부ㆍ비뇨기과의원,53.0,53.0,51.0
경기도,화성시 동탄구,피부관리업,724.0,720.0,680.0
경기도,화성시 동탄구,한방병원ㆍ한의원,91.0,90.0,86.0
경기도,화성시 동탄구,한식음식점,1910.0,1928.0,1852.0
경기도,화성시 동탄구,헬스클럽,134.0,136.0,123.0
경기도,화성시 동탄구,호프주점,76.0,80.0,82.0
경기도,화성시 동탄구,화장품가게,200.0,206.0,213.0
경기도,화성시 동탄구,휴대폰가게,120.0,124.0,113.0
경기도,화성시 만세구,LPG 충전소,13.0,13.0,12.0
경기도,화성시 만세구,pc방,42.0,44.0,44.0
경기도,화성시 만세구,가구점,19.0,20.0,21.0
경기도,화성시 만세구,가전제품수리점,117.0,116.0,105.0
경기도,화성시 만세구,가전제품판매점,47.0,48.0,52.0
경기도,화성시 만세구,간이주점,28.0,28.0,31.0
경기도,화성시 만세구,간판광고물업,68.0,66.0,62.0
경기도,화성시 만세구,감정평가사,0.0,0.0,0.0
경기도,화성시 만세구,건강보조식품가게,40.0,40.0,47.0
경기도,화성시 만세구,건어물가게,30.0,29.0,33.0
경기도,화성시 만세구,건축사,90.0,89.0,89.0
경기도,화성시 만세구,결혼상담소,4.0,4.0,4.0
경기도,화성시 만세구,곡물가게,31.0,30.0,35.0
경기도,화성시 만세구,공인노무사,3.0,3.0,3.0
경기도,화성시 만세구,공인회계사,7.0,7.0,7.0
경기도,화성시 만세구,과일가게,103.0,103.0,99.0
경기도,화성시 만세구,교습소ㆍ공부방,258.0,256.0,258.0
경기도,화성시 만세구,교습학원,295.0,295.0,284.0
경기도,화성시 만세구,구내식당,161.0,164.0,166.0
경기도,화성시 만세구,기술ㆍ직업훈련학원,72.0,74.0,67.0
경기도,화성시 만세구,기술사,3.0,3.0,4.0
경기도,화성시 만세구,기타외국식음식점,144.0,145.0,152.0
경기도,화성시 만세구,기타음식점,63.0,62.0,64.0
경기도,화성시 만세구,기타일반의원,14.0,14.0,13.0
경기도,화성시 만세구,꽃가게,125.0,124.0,122.0
경기도,화성시 만세구,내과ㆍ소아과의원,44.0,44.0,46.0
경기도,화성시 만세구,노래방,133.0,136.0,143.0
경기도,화성시 만세구,담배ㆍ복권소매업,42.0,43.0,36.0
경기도,화성시 만세구,당구장,125.0,124.0,118.0
경기도,화성시 만세구,독서실,34.0,34.0,35.0
경기도,화성시 만세구,동물병원,29.0,29.0,26.0
경기도,화성시 만세구,목욕탕,11.0,11.0,11.0
경기도,화성시 만세구,문구점,31.0,32.0,33.0
경기도,화성시 만세구,미용실,452.0,450.0,443.0
경기도,화성시 만세구,법무사,19.0,19.0,20.0
경기도,화성시 만세구,변리사,0.0,0.0,0.0
경기도,화성시 만세구,변호사,3.0,3.0,3.0
경기도,화성시 만세구,부동산중개업,1106.0,1117.0,1184.0
경기도,화성시 만세구,분식점,269.0,269.0,272.0
경기도,화성시 만세구,사진촬영업,51.0,50.0,50.0
경기도,화성시 만세구,산부인과의원,5.0,5.0,5.0
경기도,화성시 만세구,생선가게,143.0,139.0,148.0
경기도,화성시 만세구,서점,20.0,20.0,16.0
경기도,화성시 만세구,성형외과의원,0.0,0.0,0.0
경기도,화성시 만세구,세무사,63.0,61.0,61.0
경기도,화성시 만세구,세탁소,93.0,93.0,92.0
경기도,화성시 만세구,슈퍼마켓,240.0,238.0,237.0
경기도,화성시 만세구,스포츠교육기관,189.0,189.0,177.0
경기도,화성시 만세구,스포츠시설운영업,67.0,65.0,64.0
경기도,화성시 만세구,스포츠용품점,100.0,100.0,103.0
경기도,화성시 만세구,시계ㆍ귀금속점,23.0,23.0,22.0
경기도,화성시 만세구,식료품가게,258.0,260.0,262.0
경기도,화성시 만세구,신경정신과의원,4.0,4.0,4.0
경기도,화성시 만세구,신발가게,14.0,14.0,16.0
경기도,화성시 만세구,실내스크린골프점,85.0,85.0,85.0
경기도,화성시 만세구,실내장식가게,453.0,461.0,431.0
경기도,화성시 만세구,실외골프연습장,17.0,17.0,17.0
경기도,화성시 만세구,안경점,31.0,31.0,25.0
경기도,화성시 만세구,안과의원,6.0,6.0,5.0
경기도,화성시 만세구,애완용품점,89.0,89.0,83.0
경기도,화성시 만세구,약국,103.0,101.0,100.0
경기도,화성시 만세구,여관ㆍ모텔,84.0,85.0,88.0
경기도,화성시 만세구,여행사,38.0,37.0,34.0
경기도,화성시 만세구,예술학원,115.0,115.0,117.0
경기도,화성시 만세구,예식장,0.0,0.0,0.0
경기도,화성시 만세구,옷가게,209.0,209.0,212.0
경기도,화성시 만세구,의료용품가게,22.0,22.0,20.0
경기도,화성시 만세구,이륜자동차판매점,11.0,11.0,10.0
경기도,화성시 만세구,이발소,36.0,36.0,38.0
경기도,화성시 만세구,이비인후과의원,9.0,9.0,9.0
경기도,화성시 만세구,일반외과의원,19.0,19.0,19.0
경기도,화성시 만세구,일식음식점,86.0,90.0,89.0
경기도,화성시 만세구,자동차수리점,436.0,435.0,425.0
경기도,화성시 만세구,자전거판매점,9.0,9.0,9.0
경기도,화성시 만세구,장난감가게,20.0,19.0,16.0
경기도,화성시 만세구,정육점,103.0,104.0,102.0
경기도,화성시 만세구,제과점,86.0,83.0,78.0
경기도,화성시 만세구,종합병원,17.0,17.0,18.0
경기도,화성시 만세구,주유소,132.0,131.0,136.0
경기도,화성시 만세구,주차장운영업,58.0,57.0,56.0
경기도,화성시 만세구,중고차판매점,51.0,50.0,47.0
경기도,화성시 만세구,중식음식점,175.0,175.0,189.0
경기도,화성시 만세구,채소가게,80.0,80.0,68.0
경기도,화성시 만세구,철물점,65.0,65.0,66.0
경기도,화성시 만세구,치과의원,78.0,78.0,77.0
경기도,화성시 만세구,침구ㆍ커튼가게,39.0,39.0,35.0
경기도,화성시 만세구,커피음료점,477.0,479.0,503.0
경기도,화성시 만세구,컴퓨터판매점,22.0,23.0,22.0
경기도,화성시 만세구,통신판매업,3224.0,3210.0,3011.0
경기도,화성시 만세구,패스트푸드점,240.0,243.0,247.0
경기도,화성시 만세구,펜션ㆍ게스트하우스,140.0,138.0,125.0
경기도,화성시 만세구,편의점,483.0,482.0,498.0
경기도,화성시 만세구,피부ㆍ비뇨기과의원,10.0,10.0,8.0
경기도,화성시 만세구,피부관리업,334.0,335.0,312.0
경기도,화성시 만세구,한방병원ㆍ한의원,51.0,50.0,50.0
경기도,화성시 만세구,한식음식점,2595.0,2589.0,2591.0
경기도,화성시 만세구,헬스클럽,52.0,54.0,51.0
경기도,화성시 만세구,호프주점,70.0,69.0,79.0
경기도,화성시 만세구,화장품가게,125.0,127.0,139.0
경기도,화성시 만세구,휴대폰가게,73.0,73.0,65.0
경기도,화성시 병점구,pc방,22.0,22.0,22.0
경기도,화성시 병점구,가구점,18.0,17.0,16.0
경기도,화성시 병점구,가전제품수리점,127.0,124.0,109.0
경기도,화성시 병점구,가전제품판매점,22.0,21.0,26.0
경기도,화성시 병점구,간이주점,20.0,19.0,22.0
경기도,화성시 병점구,간판광고물업,38.0,37.0,35.0
경기도,화성시 병점구,감정평가사,3.0,3.0,0.0
경기도,화성시 병점구,건강보조식품가게,28.0,27.0,24.0
경기도,화성시 병점구,건어물가게,8.0,8.0,7.0
경기도,화성시 병점구,건축사,70.0,72.0,74.0
경기도,화성시 병점구,결혼상담소,4.0,3.0,0.0
경기도,화성시 병점구,곡물가게,4.0,4.0,3.0
경기도,화성시 병점구,공인노무사,0.0,0.0,0.0
경기도,화성시 병점구,공인회계사,0.0,0.0,0.0
경기도,화성시 병점구,과일가게,16.0,16.0,15.0
경기도,화성시 병점구,교습소ㆍ공부방,245.0,248.0,201.0
경기도,화성시 병점구,교습학원,224.0,225.0,201.0
경기도,화성시 병점구,구내식당,16.0,16.0,18.0
경기도,화성시 병점구,기술ㆍ직업훈련학원,64.0,63.0,63.0
경기도,화성시 병점구,기술사,3.0,3.0,0.0
경기도,화성시 병점구,기타외국식음식점,40.0,40.0,33.0
경기도,화성시 병점구,기타음식점,37.0,38.0,39.0
경기도,화성시 병점구,기타일반의원,8.0,8.0,7.0
경기도,화성시 병점구,꽃가게,78.0,76.0,79.0
경기도,화성시 병점구,내과ㆍ소아과의원,30.0,30.0,32.0
경기도,화성시 병점구,노래방,79.0,81.0,79.0
경기도,화성시 병점구,담배ㆍ복권소매업,10.0,10.0,11.0
경기도,화성시 병점구,당구장,54.0,54.0,49.0
경기도,화성시 병점구,독서실,12.0,12.0,13.0
경기도,화성시 병점구,동물병원,10.0,10.0,8.0
경기도,화성시 병점구,목욕탕,5.0,5.0,5.0
경기도,화성시 병점구,문구점,19.0,19.0,21.0
경기도,화성시 병점구,미용실,322.0,319.0,302.0
경기도,화성시 병점구,법무사,17.0,17.0,14.0
경기도,화성시 병점구,변호사,3.0,3.0,3.0
경기도,화성시 병점구,부동산중개업,445.0,445.0,413.0
경기도,화성시 병점구,분식점,96.0,99.0,100.0
경기도,화성시 병점구,사진촬영업,42.0,39.0,33.0
경기도,화성시 병점구,산부인과의원,3.0,3.0,3.0
경기도,화성시 병점구,생선가게,10.0,10.0,8.0
경기도,화성시 병점구,서점,23.0,24.0,20.0
경기도,화성시 병점구,세무사,32.0,32.0,29.0
경기도,화성시 병점구,세탁소,71.0,71.0,67.0
경기도,화성시 병점구,슈퍼마켓,71.0,71.0,69.0
경기도,화성시 병점구,스포츠교육기관,127.0,126.0,112.0
경기도,화성시 병점구,스포츠시설운영업,50.0,52.0,49.0
경기도,화성시 병점구,스포츠용품점,43.0,42.0,41.0
경기도,화성시 병점구,시계ㆍ귀금속점,14.0,13.0,13.0
경기도,화성시 병점구,식료품가게,63.0,62.0,63.0
경기도,화성시 병점구,신경정신과의원,0.0,0.0,0.0
경기도,화성시 병점구,신발가게,4.0,4.0,4.0
경기도,화성시 병점구,실내스크린골프점,43.0,44.0,40.0
경기도,화성시 병점구,실내장식가게,307.0,305.0,251.0
경기도,화성시 병점구,실외골프연습장,7.0,7.0,3.0
경기도,화성시 병점구,안경점,26.0,25.0,26.0
경기도,화성시 병점구,안과의원,4.0,4.0,4.0
경기도,화성시 병점구,애완용품점,43.0,39.0,35.0
경기도,화성시 병점구,약국,58.0,57.0,55.0
경기도,화성시 병점구,여관ㆍ모텔,5.0,5.0,5.0
경기도,화성시 병점구,여행사,23.0,24.0,14.0
경기도,화성시 병점구,예술학원,93.0,92.0,94.0
경기도,화성시 병점구,옷가게,114.0,116.0,120.0
경기도,화성시 병점구,의료용품가게,14.0,14.0,12.0
경기도,화성시 병점구,이륜자동차판매점,5.0,5.0,5.0
경기도,화성시 병점구,이발소,16.0,16.0,13.0
경기도,화성시 병점구,이비인후과의원,7.0,7.0,7.0
경기도,화성시 병점구,일반외과의원,15.0,16.0,15.0
경기도,화성시 병점구,일식음식점,40.0,42.0,36.0
경기도,화성시 병점구,자동차수리점,177.0,173.0,142.0
경기도,화성시 병점구,자전거판매점,0.0,0.0,0.0
경기도,화성시 병점구,장난감가게,16.0,16.0,10.0
경기도,화성시 병점구,정육점,41.0,41.0,39.0
경기도,화성시 병점구,제과점,46.0,47.0,44.0
경기도,화성시 병점구,종합병원,6.0,6.0,7.0
경기도,화성시 병점구,주유소,17.0,17.0,15.0
경기도,화성시 병점구,주차장운영업,21.0,22.0,18.0
경기도,화성시 병점구,중고차판매점,6.0,7.0,0.0
경기도,화성시 병점구,중식음식점,61.0,60.0,54.0
경기도,화성시 병점구,채소가게,16.0,15.0,19.0
경기도,화성시 병점구,철물점,16.0,16.0,15.0
경기도,화성시 병점구,치과의원,40.0,40.0,40.0
경기도,화성시 병점구,침구ㆍ커튼가게,18.0,18.0,20.0
경기도,화성시 병점구,커피음료점,192.0,193.0,188.0
경기도,화성시 병점구,컴퓨터판매점,18.0,18.0,16.0
경기도,화성시 병점구,통신판매업,3236.0,3157.0,2281.0
경기도,화성시 병점구,패스트푸드점,126.0,127.0,117.0
경기도,화성시 병점구,펜션ㆍ게스트하우스,96.0,96.0,92.0
경기도,화성시 병점구,편의점,133.0,136.0,132.0
경기도,화성시 병점구,피부ㆍ비뇨기과의원,8.0,8.0,8.0
경기도,화성시 병점구,피부관리업,253.0,250.0,215.0
경기도,화성시 병점구,한방병원ㆍ한의원,33.0,33.0,32.0
경기도,화성시 병점구,한식음식점,825.0,817.0,784.0
경기도,화성시 병점구,헬스클럽,45.0,44.0,41.0
경기도,화성시 병점구,호프주점,39.0,41.0,46.0
경기도,화성시 병점구,화장품가게,88.0,88.0,95.0
경기도,화성시 병점구,휴대폰가게,57.0,57.0,44.0
경기도,화성시 효행구,LPG 충전소,10.0,9.0,9.0
경기도,화성시 효행구,pc방,14.0,15.0,16.0
경기도,화성시 효행구,가구점,49.0,49.0,48.0
경기도,화성시 효행구,가전제품수리점,124.0,125.0,107.0
경기도,화성시 효행구,가전제품판매점,34.0,35.0,37.0
경기도,화성시 효행구,간이주점,12.0,12.0,10.0
경기도,화성시 효행구,간판광고물업,51.0,48.0,51.0
경기도,화성시 효행구,감정평가사,3.0,0.0,0.0
경기도,화성시 효행구,건강보조식품가게,22.0,22.0,19.0
경기도,화성시 효행구,건어물가게,6.0,6.0,7.0
경기도,화성시 효행구,건축사,31.0,30.0,27.0
경기도,화성시 효행구,결혼상담소,3.0,3.0,0.0
경기도,화성시 효행구,곡물가게,0.0,0.0,0.0
경기도,화성시 효행구,공인노무사,0.0,0.0,0.0
경기도,화성시 효행구,공인회계사,0.0,0.0,0.0
경기도,화성시 효행구,과일가게,24.0,25.0,25.0
경기도,화성시 효행구,교습소ㆍ공부방,205.0,205.0,202.0
경기도,화성시 효행구,교습학원,197.0,197.0,183.0
경기도,화성시 효행구,구내식당,45.0,45.0,47.0
경기도,화성시 효행구,기술ㆍ직업훈련학원,49.0,47.0,45.0
경기도,화성시 효행구,기술사,3.0,3.0,4.0
경기도,화성시 효행구,기타외국식음식점,42.0,44.0,41.0
경기도,화성시 효행구,기타음식점,46.0,44.0,39.0
경기도,화성시 효행구,기타일반의원,5.0,5.0,5.0
경기도,화성시 효행구,꽃가게,83.0,82.0,75.0
경기도,화성시 효행구,내과ㆍ소아과의원,29.0,28.0,25.0
경기도,화성시 효행구,노래방,62.0,63.0,64.0
경기도,화성시 효행구,담배ㆍ복권소매업,20.0,20.0,21.0
경기도,화성시 효행구,당구장,48.0,45.0,54.0
경기도,화성시 효행구,독서실,7.0,7.0,9.0
경기도,화성시 효행구,동물병원,10.0,10.0,10.0
경기도,화성시 효행구,목욕탕,4.0,4.0,4.0
경기도,화성시 효행구,문구점,28.0,28.0,25.0
경기도,화성시 효행구,미용실,235.0,234.0,218.0
경기도,화성시 효행구,법무사,5.0,5.0,6.0
경기도,화성시 효행구,부동산중개업,499.0,494.0,505.0
경기도,화성시 효행구,분식점,110.0,109.0,111.0
경기도,화성시 효행구,사진촬영업,42.0,42.0,37.0
경기도,화성시 효행구,산부인과의원,4.0,4.0,4.0
경기도,화성시 효행구,생선가게,14.0,14.0,12.0
경기도,화성시 효행구,서점,27.0,26.0,24.0
경기도,화성시 효행구,세무사,50.0,49.0,47.0
경기도,화성시 효행구,세탁소,81.0,80.0,74.0
경기도,화성시 효행구,슈퍼마켓,79.0,80.0,95.0
경기도,화성시 효행구,스포츠교육기관,113.0,116.0,109.0
경기도,화성시 효행구,스포츠시설운영업,25.0,25.0,25.0
경기도,화성시 효행구,스포츠용품점,47.0,49.0,52.0
경기도,화성시 효행구,시계ㆍ귀금속점,13.0,12.0,11.0
경기도,화성시 효행구,식료품가게,94.0,93.0,94.0
경기도,화성시 효행구,신경정신과의원,3.0,3.0,3.0
경기도,화성시 효행구,신발가게,7.0,7.0,8.0
경기도,화성시 효행구,실내스크린골프점,32.0,32.0,31.0
경기도,화성시 효행구,실내장식가게,353.0,351.0,332.0
경기도,화성시 효행구,실외골프연습장,4.0,5.0,5.0
경기도,화성시 효행구,안경점,21.0,21.0,18.0
경기도,화성시 효행구,안과의원,3.0,3.0,3.0
경기도,화성시 효행구,애완용품점,45.0,48.0,43.0
경기도,화성시 효행구,약국,53.0,52.0,49.0
경기도,화성시 효행구,여관ㆍ모텔,18.0,18.0,21.0
경기도,화성시 효행구,여행사,12.0,12.0,12.0
경기도,화성시 효행구,예술학원,81.0,82.0,73.0
경기도,화성시 효행구,예식장,0.0,0.0,0.0
경기도,화성시 효행구,옷가게,121.0,121.0,117.0
경기도,화성시 효행구,의료용품가게,9.0,9.0,7.0
경기도,화성시 효행구,이륜자동차판매점,7.0,7.0,5.0
경기도,화성시 효행구,이발소,20.0,19.0,18.0
경기도,화성시 효행구,이비인후과의원,6.0,6.0,6.0
경기도,화성시 효행구,일반외과의원,12.0,12.0,11.0
경기도,화성시 효행구,일식음식점,30.0,30.0,31.0
경기도,화성시 효행구,자동차수리점,201.0,198.0,180.0
경기도,화성시 효행구,자전거판매점,4.0,4.0,3.0
경기도,화성시 효행구,장난감가게,22.0,22.0,18.0
경기도,화성시 효행구,정육점,71.0,72.0,67.0
경기도,화성시 효행구,제과점,52.0,52.0,50.0
경기도,화성시 효행구,종합병원,0.0,0.0,0.0
경기도,화성시 효행구,주유소,64.0,65.0,60.0
경기도,화성시 효행구,주차장운영업,17.0,17.0,14.0
경기도,화성시 효행구,중고차판매점,9.0,8.0,6.0
경기도,화성시 효행구,중식음식점,67.0,65.0,63.0
경기도,화성시 효행구,채소가게,32.0,32.0,29.0
경기도,화성시 효행구,철물점,25.0,25.0,25.0
경기도,화성시 효행구,치과의원,39.0,38.0,34.0
경기도,화성시 효행구,침구ㆍ커튼가게,22.0,22.0,20.0
경기도,화성시 효행구,커피음료점,194.0,198.0,203.0
경기도,화성시 효행구,컴퓨터판매점,18.0,19.0,17.0
경기도,화성시 효행구,통신판매업,2049.0,2047.0,1925.0
경기도,화성시 효행구,패스트푸드점,141.0,140.0,135.0
경기도,화성시 효행구,펜션ㆍ게스트하우스,0.0,0.0,0.0
경기도,화성시 효행구,편의점,198.0,201.0,202.0
경기도,화성시 효행구,피부ㆍ비뇨기과의원,7.0,7.0,6.0
경기도,화성시 효행구,피부관리업,161.0,160.0,148.0
경기도,화성시 효행구,한방병원ㆍ한의원,26.0,26.0,23.0
경기도,화성시 효행구,한식음식점,897.0,895.0,887.0
경기도,화성시 효행구,헬스클럽,30.0,29.0,27.0
경기도,화성시 효행구,호프주점,28.0,28.0,28.0
경기도,화성시 효행구,화장품가게,46.0,46.0,40.0
경기도,화성시 효행구,휴대폰가게,40.0,40.0,43.0
경상남도,거제시,LPG 충전소,9.0,9.0,9.0
경상남도,거제시,pc방,22.0,22.0,21.0
경상남도,거제시,가구점,32.0,32.0,29.0
경상남도,거제시,가전제품수리점,76.0,77.0,74.0
경상남도,거제시,가전제품판매점,39.0,40.0,38.0
경상남도,거제시,간이주점,9.0,9.0,14.0
경상남도,거제시,간판광고물업,34.0,34.0,37.0
경상남도,거제시,감정평가사,0.0,0.0,0.0
경상남도,거제시,건강보조식품가게,42.0,42.0,45.0
경상남도,거제시,건어물가게,57.0,56.0,54.0
경상남도,거제시,건축사,25.0,25.0,27.0
경상남도,거제시,결혼상담소,6.0,6.0,5.0
경상남도,거제시,곡물가게,9.0,9.0,9.0
경상남도,거제시,공인노무사,4.0,4.0,4.0
경상남도,거제시,공인회계사,7.0,7.0,6.0
경상남도,거제시,과일가게,57.0,58.0,56.0
경상남도,거제시,교습소ㆍ공부방,378.0,379.0,350.0
경상남도,거제시,교습학원,288.0,285.0,280.0
경상남도,거제시,구내식당,50.0,50.0,52.0
경상남도,거제시,기술ㆍ직업훈련학원,116.0,115.0,105.0
경상남도,거제시,기술사,5.0,5.0,7.0
경상남도,거제시,기타외국식음식점,89.0,87.0,83.0
경상남도,거제시,기타음식점,91.0,89.0,82.0
경상남도,거제시,기타일반의원,9.0,9.0,9.0
경상남도,거제시,꽃가게,131.0,130.0,138.0
경상남도,거제시,내과ㆍ소아과의원,42.0,42.0,44.0
경상남도,거제시,노래방,115.0,115.0,117.0
경상남도,거제시,담배ㆍ복권소매업,43.0,43.0,40.0
경상남도,거제시,당구장,102.0,102.0,100.0
경상남도,거제시,독서실,15.0,15.0,18.0
경상남도,거제시,동물병원,12.0,12.0,12.0
경상남도,거제시,목욕탕,30.0,30.0,30.0
경상남도,거제시,문구점,37.0,37.0,40.0
경상남도,거제시,미용실,569.0,570.0,564.0
경상남도,거제시,법무사,20.0,20.0,21.0
경상남도,거제시,변호사,8.0,8.0,8.0
경상남도,거제시,부동산중개업,350.0,352.0,376.0
경상남도,거제시,분식점,173.0,172.0,182.0
경상남도,거제시,사진촬영업,52.0,53.0,48.0
경상남도,거제시,산부인과의원,7.0,7.0,7.0
경상남도,거제시,생선가게,123.0,122.0,115.0
경상남도,거제시,서점,40.0,40.0,42.0
경상남도,거제시,성형외과의원,3.0,3.0,3.0
경상남도,거제시,세무사,30.0,30.0,29.0
경상남도,거제시,세탁소,101.0,103.0,102.0
경상남도,거제시,슈퍼마켓,112.0,113.0,122.0
경상남도,거제시,스포츠교육기관,176.0,178.0,167.0
경상남도,거제시,스포츠시설운영업,48.0,47.0,50.0
경상남도,거제시,스포츠용품점,140.0,139.0,146.0
경상남도,거제시,시계ㆍ귀금속점,26.0,26.0,23.0
경상남도,거제시,식료품가게,274.0,274.0,277.0
경상남도,거제시,신경정신과의원,3.0,3.0,3.0
경상남도,거제시,신발가게,16.0,17.0,17.0
경상남도,거제시,실내스크린골프점,29.0,29.0,24.0
경상남도,거제시,실내장식가게,325.0,319.0,316.0
경상남도,거제시,실외골프연습장,10.0,10.0,10.0
경상남도,거제시,안경점,37.0,37.0,38.0
경상남도,거제시,안과의원,4.0,4.0,4.0
경상남도,거제시,애완용품점,49.0,48.0,48.0
경상남도,거제시,약국,80.0,81.0,78.0
경상남도,거제시,여관ㆍ모텔,165.0,165.0,165.0
경상남도,거제시,여행사,53.0,54.0,56.0
경상남도,거제시,예술학원,140.0,140.0,155.0
경상남도,거제시,예식장,0.0,0.0,0.0
경상남도,거제시,옷가게,302.0,310.0,328.0
경상남도,거제시,의료용품가게,17.0,15.0,17.0
경상남도,거제시,이륜자동차판매점,15.0,15.0,14.0
경상남도,거제시,이발소,55.0,55.0,55.0
경상남도,거제시,이비인후과의원,7.0,7.0,7.0
경상남도,거제시,일반외과의원,15.0,15.0,15.0
경상남도,거제시,일식음식점,77.0,77.0,86.0
경상남도,거제시,자동차수리점,166.0,167.0,166.0
경상남도,거제시,자전거판매점,13.0,13.0,14.0
경상남도,거제시,장난감가게,11.0,11.0,11.0
경상남도,거제시,정육점,81.0,81.0,82.0
경상남도,거제시,제과점,119.0,121.0,110.0
경상남도,거제시,종합병원,12.0,12.0,11.0
경상남도,거제시,주유소,48.0,48.0,48.0
경상남도,거제시,주차장운영업,95.0,95.0,92.0
경상남도,거제시,중고차판매점,6.0,6.0,7.0
경상남도,거제시,중식음식점,95.0,94.0,92.0
경상남도,거제시,채소가게,72.0,72.0,69.0
경상남도,거제시,철물점,27.0,27.0,28.0
경상남도,거제시,치과의원,59.0,60.0,58.0
경상남도,거제시,침구ㆍ커튼가게,38.0,37.0,40.0
경상남도,거제시,커피음료점,351.0,350.0,347.0
경상남도,거제시,컴퓨터판매점,19.0,20.0,19.0
경상남도,거제시,통신판매업,1638.0,1612.0,1564.0
경상남도,거제시,패스트푸드점,270.0,273.0,275.0
경상남도,거제시,펜션ㆍ게스트하우스,691.0,683.0,662.0
경상남도,거제시,편의점,306.0,303.0,310.0
경상남도,거제시,피부ㆍ비뇨기과의원,13.0,13.0,11.0
경상남도,거제시,피부관리업,358.0,359.0,333.0
경상남도,거제시,한방병원ㆍ한의원,42.0,42.0,42.0
경상남도,거제시,한식음식점,2954.0,2960.0,3018.0
경상남도,거제시,헬스클럽,36.0,36.0,39.0
경상남도,거제시,호프주점,52.0,52.0,58.0
경상남도,거제시,화장품가게,147.0,143.0,149.0
경상남도,거제시,휴대폰가게,93.0,93.0,98.0
경상남도,거창군,LPG 충전소,0.0,0.0,0.0
경상남도,거창군,pc방,7.0,7.0,7.0
경상남도,거창군,가구점,7.0,7.0,9.0
경상남도,거창군,가전제품수리점,12.0,12.0,12.0
경상남도,거창군,가전제품판매점,22.0,22.0,23.0
경상남도,거창군,간이주점,8.0,8.0,9.0
경상남도,거창군,간판광고물업,12.0,12.0,12.0
경상남도,거창군,감정평가사,0.0,0.0,0.0
경상남도,거창군,건강보조식품가게,24.0,24.0,26.0
경상남도,거창군,건어물가게,11.0,11.0,11.0
경상남도,거창군,건축사,12.0,12.0,10.0
경상남도,거창군,결혼상담소,0.0,0.0,0.0
경상남도,거창군,곡물가게,22.0,23.0,27.0
경상남도,거창군,과일가게,43.0,43.0,43.0
경상남도,거창군,교습소ㆍ공부방,84.0,84.0,81.0
경상남도,거창군,교습학원,66.0,66.0,66.0
경상남도,거창군,구내식당,14.0,15.0,17.0
경상남도,거창군,기술ㆍ직업훈련학원,27.0,27.0,28.0
경상남도,거창군,기술사,0.0,0.0,0.0
경상남도,거창군,기타외국식음식점,29.0,30.0,32.0
경상남도,거창군,기타음식점,29.0,29.0,29.0
경상남도,거창군,기타일반의원,0.0,0.0,0.0
경상남도,거창군,꽃가게,51.0,51.0,52.0
경상남도,거창군,내과ㆍ소아과의원,11.0,11.0,13.0
경상남도,거창군,노래방,16.0,15.0,15.0
경상남도,거창군,담배ㆍ복권소매업,30.0,31.0,33.0
경상남도,거창군,당구장,16.0,16.0,17.0
경상남도,거창군,독서실,7.0,7.0,8.0
경상남도,거창군,동물병원,13.0,13.0,13.0
경상남도,거창군,목욕탕,17.0,17.0,18.0
경상남도,거창군,문구점,8.0,7.0,6.0
경상남도,거창군,미용실,159.0,158.0,157.0
경상남도,거창군,법무사,13.0,13.0,14.0
경상남도,거창군,변호사,8.0,8.0,8.0
경상남도,거창군,부동산중개업,55.0,54.0,57.0
경상남도,거창군,분식점,45.0,47.0,52.0
경상남도,거창군,사진촬영업,9.0,9.0,8.0
경상남도,거창군,산부인과의원,0.0,0.0,0.0
경상남도,거창군,생선가게,16.0,16.0,14.0
경상남도,거창군,서점,12.0,12.0,12.0
경상남도,거창군,세무사,9.0,9.0,9.0
경상남도,거창군,세탁소,43.0,43.0,42.0
경상남도,거창군,슈퍼마켓,31.0,31.0,35.0
경상남도,거창군,스포츠교육기관,35.0,35.0,34.0
경상남도,거창군,스포츠시설운영업,10.0,10.0,11.0
경상남도,거창군,스포츠용품점,39.0,38.0,37.0
경상남도,거창군,시계ㆍ귀금속점,14.0,14.0,15.0
경상남도,거창군,식료품가게,85.0,83.0,90.0
경상남도,거창군,신경정신과의원,0.0,0.0,0.0
경상남도,거창군,신발가게,10.0,10.0,9.0
경상남도,거창군,실내스크린골프점,10.0,10.0,8.0
경상남도,거창군,실내장식가게,64.0,63.0,59.0
경상남도,거창군,실외골프연습장,5.0,5.0,5.0
경상남도,거창군,안경점,10.0,11.0,10.0
경상남도,거창군,안과의원,0.0,0.0,0.0
경상남도,거창군,애완용품점,11.0,11.0,12.0
경상남도,거창군,약국,33.0,33.0,33.0
경상남도,거창군,여관ㆍ모텔,63.0,64.0,63.0
경상남도,거창군,여행사,7.0,6.0,6.0
경상남도,거창군,예술학원,36.0,38.0,34.0
경상남도,거창군,예식장,0.0,0.0,0.0
경상남도,거창군,옷가게,109.0,108.0,114.0
경상남도,거창군,의료용품가게,10.0,10.0,11.0
경상남도,거창군,이륜자동차판매점,8.0,8.0,8.0
경상남도,거창군,이발소,34.0,34.0,35.0
경상남도,거창군,이비인후과의원,0.0,0.0,0.0
경상남도,거창군,일반외과의원,8.0,8.0,8.0
경상남도,거창군,일식음식점,25.0,25.0,25.0
경상남도,거창군,자동차수리점,54.0,54.0,54.0
경상남도,거창군,자전거판매점,6.0,6.0,6.0
경상남도,거창군,장난감가게,3.0,0.0,3.0
경상남도,거창군,정육점,30.0,30.0,24.0
경상남도,거창군,제과점,33.0,32.0,32.0
경상남도,거창군,종합병원,6.0,6.0,7.0
경상남도,거창군,주유소,31.0,28.0,29.0
경상남도,거창군,주차장운영업,5.0,5.0,5.0
경상남도,거창군,중고차판매점,3.0,3.0,3.0
경상남도,거창군,중식음식점,49.0,50.0,52.0
경상남도,거창군,채소가게,35.0,37.0,34.0
경상남도,거창군,철물점,14.0,14.0,16.0
경상남도,거창군,치과의원,18.0,18.0,18.0
경상남도,거창군,침구ㆍ커튼가게,16.0,16.0,16.0
경상남도,거창군,커피음료점,116.0,113.0,111.0
경상남도,거창군,컴퓨터판매점,9.0,9.0,10.0
경상남도,거창군,통신판매업,324.0,317.0,304.0
경상남도,거창군,패스트푸드점,72.0,73.0,77.0
경상남도,거창군,펜션ㆍ게스트하우스,79.0,77.0,74.0
경상남도,거창군,편의점,56.0,58.0,58.0
경상남도,거창군,피부ㆍ비뇨기과의원,0.0,0.0,0.0
경상남도,거창군,피부관리업,63.0,64.0,59.0
경상남도,거창군,한방병원ㆍ한의원,14.0,14.0,16.0
경상남도,거창군,한식음식점,704.0,706.0,705.0
경상남도,거창군,헬스클럽,12.0,12.0,9.0
경상남도,거창군,호프주점,17.0,18.0,12.0
경상남도,거창군,화장품가게,47.0,48.0,44.0
경상남도,거창군,휴대폰가게,22.0,22.0,22.0
경상남도,고성군,LPG 충전소,4.0,4.0,4.0
경상남도,고성군,pc방,3.0,3.0,3.0
경상남도,고성군,가구점,5.0,5.0,4.0
경상남도,고성군,가전제품수리점,20.0,20.0,18.0
경상남도,고성군,가전제품판매점,12.0,10.0,10.0
경상남도,고성군,간이주점,5.0,5.0,6.0
경상남도,고성군,간판광고물업,8.0,8.0,7.0
경상남도,고성군,감정평가사,0.0,0.0,0.0
경상남도,고성군,건강보조식품가게,10.0,10.0,11.0
경상남도,고성군,건어물가게,17.0,17.0,17.0
경상남도,고성군,건축사,14.0,14.0,14.0
경상남도,고성군,결혼상담소,0.0,0.0,0.0
경상남도,고성군,곡물가게,12.0,12.0,11.0
경상남도,고성군,과일가게,15.0,15.0,15.0
경상남도,고성군,교습소ㆍ공부방,20.0,21.0,22.0
경상남도,고성군,교습학원,47.0,47.0,49.0
경상남도,고성군,구내식당,15.0,16.0,17.0
경상남도,고성군,기술ㆍ직업훈련학원,13.0,14.0,15.0
경상남도,고성군,기술사,0.0,0.0,0.0
경상남도,고성군,기타외국식음식점,21.0,21.0,22.0
경상남도,고성군,기타음식점,25.0,25.0,22.0
경상남도,고성군,기타일반의원,6.0,6.0,6.0
경상남도,고성군,꽃가게,43.0,42.0,47.0
경상남도,고성군,내과ㆍ소아과의원,7.0,7.0,7.0
경상남도,고성군,노래방,12.0,12.0,13.0
경상남도,고성군,담배ㆍ복권소매업,11.0,12.0,14.0
경상남도,고성군,당구장,11.0,12.0,12.0
경상남도,고성군,독서실,0.0,0.0,0.0
경상남도,고성군,동물병원,8.0,8.0,9.0
경상남도,고성군,목욕탕,16.0,16.0,16.0
경상남도,고성군,문구점,11.0,11.0,10.0
경상남도,고성군,미용실,88.0,90.0,93.0
경상남도,고성군,법무사,7.0,7.0,7.0
경상남도,고성군,변호사,0.0,0.0,0.0
경상남도,고성군,부동산중개업,58.0,59.0,64.0
경상남도,고성군,분식점,50.0,49.0,49.0
경상남도,고성군,사진촬영업,5.0,5.0,5.0
경상남도,고성군,생선가게,44.0,44.0,45.0
경상남도,고성군,서점,4.0,4.0,5.0
경상남도,고성군,세무사,4.0,4.0,4.0
경상남도,고성군,세탁소,12.0,12.0,10.0
경상남도,고성군,슈퍼마켓,33.0,33.0,32.0
경상남도,고성군,스포츠교육기관,19.0,19.0,17.0
경상남도,고성군,스포츠시설운영업,6.0,6.0,6.0
경상남도,고성군,스포츠용품점,24.0,24.0,24.0
경상남도,고성군,시계ㆍ귀금속점,10.0,10.0,10.0
경상남도,고성군,식료품가게,80.0,81.0,82.0
경상남도,고성군,신발가게,4.0,4.0,3.0
경상남도,고성군,실내스크린골프점,5.0,5.0,4.0
경상남도,고성군,실내장식가게,54.0,54.0,45.0
경상남도,고성군,실외골프연습장,3.0,3.0,3.0
경상남도,고성군,안경점,5.0,5.0,5.0
경상남도,고성군,안과의원,0.0,0.0,0.0
경상남도,고성군,애완용품점,8.0,8.0,8.0
경상남도,고성군,약국,17.0,17.0,17.0
경상남도,고성군,여관ㆍ모텔,65.0,64.0,67.0
경상남도,고성군,여행사,4.0,4.0,4.0
경상남도,고성군,예술학원,20.0,20.0,21.0
경상남도,고성군,예식장,0.0,0.0,0.0
경상남도,고성군,옷가게,72.0,71.0,65.0
경상남도,고성군,의료용품가게,7.0,7.0,6.0
경상남도,고성군,이륜자동차판매점,6.0,6.0,6.0
경상남도,고성군,이발소,12.0,12.0,11.0
경상남도,고성군,이비인후과의원,0.0,0.0,0.0
경상남도,고성군,일반외과의원,0.0,0.0,0.0
경상남도,고성군,일식음식점,13.0,13.0,13.0
경상남도,고성군,자동차수리점,54.0,54.0,55.0
경상남도,고성군,자전거판매점,0.0,0.0,0.0
경상남도,고성군,장난감가게,5.0,5.0,5.0
경상남도,고성군,정육점,31.0,31.0,32.0
경상남도,고성군,제과점,16.0,16.0,15.0
경상남도,고성군,종합병원,6.0,6.0,6.0
경상남도,고성군,주유소,29.0,29.0,31.0
경상남도,고성군,주차장운영업,9.0,9.0,9.0
경상남도,고성군,중고차판매점,7.0,7.0,7.0
경상남도,고성군,중식음식점,31.0,31.0,32.0
경상남도,고성군,채소가게,28.0,28.0,27.0
경상남도,고성군,철물점,19.0,19.0,19.0
경상남도,고성군,치과의원,11.0,11.0,11.0
경상남도,고성군,침구ㆍ커튼가게,11.0,11.0,12.0
경상남도,고성군,커피음료점,102.0,101.0,95.0
경상남도,고성군,컴퓨터판매점,5.0,5.0,5.0
경상남도,고성군,통신판매업,199.0,198.0,182.0
경상남도,고성군,패스트푸드점,33.0,33.0,36.0
경상남도,고성군,펜션ㆍ게스트하우스,74.0,72.0,66.0
경상남도,고성군,편의점,59.0,59.0,56.0
경상남도,고성군,피부ㆍ비뇨기과의원,0.0,0.0,0.0
경상남도,고성군,피부관리업,33.0,33.0,32.0
경상남도,고성군,한방병원ㆍ한의원,8.0,8.0,9.0
경상남도,고성군,한식음식점,636.0,639.0,647.0
경상남도,고성군,헬스클럽,3.0,3.0,3.0
경상남도,고성군,호프주점,23.0,22.0,21.0
경상남도,고성군,화장품가게,26.0,27.0,27.0
경상남도,고성군,휴대폰가게,12.0,12.0,14.0
경상남도,김해시,LPG 충전소,25.0,24.0,24.0
경상남도,김해시,pc방,80.0,82.0,86.0
경상남도,김해시,가구점,115.0,115.0,121.0
경상남도,김해시,가전제품수리점,235.0,235.0,210.0
경상남도,김해시,가전제품판매점,99.0,100.0,98.0
경상남도,김해시,간이주점,66.0,66.0,80.0
경상남도,김해시,간판광고물업,113.0,113.0,115.0
경상남도,김해시,감정평가사,13.0,12.0,12.0
경상남도,김해시,건강보조식품가게,128.0,128.0,135.0
경상남도,김해시,건어물가게,37.0,36.0,36.0
경상남도,김해시,건축사,128.0,128.0,129.0
경상남도,김해시,결혼상담소,21.0,20.0,16.0
경상남도,김해시,곡물가게,35.0,35.0,34.0
경상남도,김해시,공인노무사,5.0,5.0,5.0
경상남도,김해시,공인회계사,20.0,20.0,18.0
경상남도,김해시,과일가게,168.0,167.0,156.0
경상남도,김해시,교습소ㆍ공부방,880.0,886.0,802.0
경상남도,김해시,교습학원,849.0,846.0,849.0
경상남도,김해시,구내식당,233.0,236.0,243.0
경상남도,김해시,기술ㆍ직업훈련학원,222.0,221.0,220.0
경상남도,김해시,기술사,19.0,19.0,16.0
경상남도,김해시,기타외국식음식점,294.0,289.0,299.0
경상남도,김해시,기타음식점,252.0,255.0,286.0
경상남도,김해시,기타일반의원,20.0,20.0,19.0
경상남도,김해시,꽃가게,282.0,284.0,290.0
경상남도,김해시,내과ㆍ소아과의원,100.0,100.0,99.0
경상남도,김해시,노래방,165.0,168.0,181.0
경상남도,김해시,담배ㆍ복권소매업,110.0,112.0,108.0
경상남도,김해시,당구장,151.0,151.0,158.0
경상남도,김해시,독서실,28.0,28.0,30.0
경상남도,김해시,동물병원,49.0,48.0,46.0
경상남도,김해시,목욕탕,71.0,72.0,73.0
경상남도,김해시,문구점,102.0,102.0,99.0
경상남도,김해시,미용실,1353.0,1354.0,1341.0
경상남도,김해시,법무사,53.0,53.0,53.0
경상남도,김해시,변리사,4.0,3.0,4.0
경상남도,김해시,변호사,12.0,12.0,13.0
경상남도,김해시,부동산중개업,1277.0,1287.0,1340.0
경상남도,김해시,분식점,479.0,484.0,516.0
경상남도,김해시,사진촬영업,130.0,127.0,124.0
경상남도,김해시,산부인과의원,12.0,12.0,12.0
경상남도,김해시,생선가게,72.0,71.0,72.0
경상남도,김해시,서점,93.0,93.0,92.0
경상남도,김해시,성형외과의원,9.0,9.0,7.0
경상남도,김해시,세무사,108.0,106.0,105.0
경상남도,김해시,세탁소,220.0,224.0,233.0
경상남도,김해시,슈퍼마켓,286.0,286.0,295.0
경상남도,김해시,스포츠교육기관,442.0,437.0,423.0
경상남도,김해시,스포츠시설운영업,106.0,107.0,118.0
경상남도,김해시,스포츠용품점,154.0,155.0,171.0
경상남도,김해시,시계ㆍ귀금속점,92.0,91.0,90.0
경상남도,김해시,식료품가게,478.0,481.0,481.0
경상남도,김해시,신경정신과의원,12.0,12.0,11.0
경상남도,김해시,신발가게,50.0,50.0,49.0
경상남도,김해시,실내스크린골프점,142.0,142.0,143.0
경상남도,김해시,실내장식가게,858.0,863.0,821.0
경상남도,김해시,실외골프연습장,25.0,25.0,25.0
경상남도,김해시,안경점,98.0,99.0,98.0
경상남도,김해시,안과의원,15.0,15.0,15.0
경상남도,김해시,애완용품점,143.0,143.0,130.0
경상남도,김해시,약국,198.0,196.0,193.0
경상남도,김해시,여관ㆍ모텔,191.0,193.0,199.0
경상남도,김해시,여행사,89.0,91.0,90.0
경상남도,김해시,예술학원,374.0,374.0,379.0
경상남도,김해시,예식장,5.0,6.0,6.0
경상남도,김해시,옷가게,737.0,741.0,764.0
경상남도,김해시,의료용품가게,66.0,68.0,69.0
경상남도,김해시,이륜자동차판매점,40.0,40.0,35.0
경상남도,김해시,이발소,113.0,113.0,110.0
경상남도,김해시,이비인후과의원,25.0,25.0,26.0
경상남도,김해시,일반외과의원,42.0,42.0,39.0
경상남도,김해시,일식음식점,167.0,166.0,162.0
경상남도,김해시,자동차수리점,659.0,653.0,656.0
경상남도,김해시,자전거판매점,29.0,29.0,32.0
경상남도,김해시,장난감가게,28.0,29.0,28.0
경상남도,김해시,정육점,209.0,207.0,200.0
경상남도,김해시,제과점,231.0,229.0,223.0
경상남도,김해시,종합병원,60.0,60.0,62.0
경상남도,김해시,주유소,154.0,155.0,156.0
경상남도,김해시,주차장운영업,247.0,251.0,249.0
경상남도,김해시,중고차판매점,73.0,72.0,75.0
경상남도,김해시,중식음식점,255.0,256.0,254.0
경상남도,김해시,채소가게,144.0,141.0,140.0
경상남도,김해시,철물점,116.0,115.0,108.0
경상남도,김해시,치과의원,154.0,155.0,148.0
경상남도,김해시,침구ㆍ커튼가게,77.0,78.0,80.0
경상남도,김해시,커피음료점,911.0,906.0,913.0
경상남도,김해시,컴퓨터판매점,65.0,66.0,71.0
경상남도,김해시,통신판매업,5808.0,5659.0,5326.0
경상남도,김해시,패스트푸드점,573.0,572.0,576.0
경상남도,김해시,펜션ㆍ게스트하우스,31.0,31.0,24.0
경상남도,김해시,편의점,540.0,547.0,564.0
경상남도,김해시,피부ㆍ비뇨기과의원,32.0,32.0,31.0
경상남도,김해시,피부관리업,963.0,965.0,942.0
경상남도,김해시,한방병원ㆍ한의원,118.0,118.0,113.0
경상남도,김해시,한식음식점,4565.0,4584.0,4634.0
경상남도,김해시,헬스클럽,122.0,123.0,120.0
경상남도,김해시,호프주점,129.0,129.0,133.0
경상남도,김해시,화장품가게,384.0,389.0,395.0
경상남도,김해시,휴대폰가게,262.0,258.0,240.0
경상남도,남해군,LPG 충전소,3.0,3.0,4.0
경상남도,남해군,pc방,0.0,0.0,0.0
경상남도,남해군,가구점,6.0,6.0,6.0
경상남도,남해군,가전제품수리점,8.0,9.0,7.0
경상남도,남해군,가전제품판매점,17.0,17.0,16.0
경상남도,남해군,간이주점,0.0,0.0,0.0
경상남도,남해군,간판광고물업,9.0,9.0,9.0
경상남도,남해군,건강보조식품가게,20.0,20.0,22.0
경상남도,남해군,건어물가게,62.0,62.0,61.0
경상남도,남해군,건축사,8.0,8.0,8.0
경상남도,남해군,결혼상담소,0.0,0.0,0.0
경상남도,남해군,곡물가게,4.0,4.0,5.0
경상남도,남해군,과일가게,11.0,11.0,10.0
경상남도,남해군,교습소ㆍ공부방,25.0,25.0,24.0
경상남도,남해군,교습학원,19.0,19.0,23.0
경상남도,남해군,구내식당,0.0,0.0,0.0
경상남도,남해군,기술ㆍ직업훈련학원,14.0,14.0,13.0
경상남도,남해군,기술사,0.0,0.0,0.0
경상남도,남해군,기타외국식음식점,24.0,24.0,25.0
경상남도,남해군,기타음식점,42.0,42.0,41.0
경상남도,남해군,기타일반의원,0.0,0.0,0.0
경상남도,남해군,꽃가게,23.0,23.0,21.0
경상남도,남해군,내과ㆍ소아과의원,10.0,10.0,10.0
경상남도,남해군,노래방,15.0,15.0,14.0
경상남도,남해군,담배ㆍ복권소매업,18.0,18.0,18.0
경상남도,남해군,당구장,15.0,15.0,14.0
경상남도,남해군,독서실,0.0,0.0,0.0
경상남도,남해군,동물병원,7.0,7.0,5.0
경상남도,남해군,목욕탕,15.0,15.0,16.0
경상남도,남해군,문구점,4.0,4.0,4.0
경상남도,남해군,미용실,85.0,86.0,83.0
경상남도,남해군,법무사,6.0,6.0,6.0
경상남도,남해군,부동산중개업,56.0,56.0,62.0
경상남도,남해군,분식점,48.0,46.0,48.0
경상남도,남해군,사진촬영업,8.0,8.0,7.0
경상남도,남해군,산부인과의원,0.0,0.0,0.0
경상남도,남해군,생선가게,73.0,74.0,72.0
경상남도,남해군,서점,6.0,6.0,6.0
경상남도,남해군,세무사,0.0,0.0,0.0
경상남도,남해군,세탁소,19.0,19.0,18.0
경상남도,남해군,슈퍼마켓,27.0,26.0,26.0
경상남도,남해군,스포츠교육기관,14.0,14.0,12.0
경상남도,남해군,스포츠시설운영업,3.0,3.0,5.0
경상남도,남해군,스포츠용품점,31.0,31.0,33.0
경상남도,남해군,시계ㆍ귀금속점,7.0,7.0,7.0
경상남도,남해군,식료품가게,115.0,114.0,117.0
경상남도,남해군,신발가게,6.0,6.0,6.0
경상남도,남해군,실내스크린골프점,4.0,4.0,4.0
경상남도,남해군,실내장식가게,31.0,31.0,29.0
경상남도,남해군,실외골프연습장,0.0,0.0,0.0
경상남도,남해군,안경점,4.0,4.0,4.0
경상남도,남해군,안과의원,0.0,0.0,0.0
경상남도,남해군,애완용품점,0.0,0.0,0.0
경상남도,남해군,약국,19.0,19.0,19.0
경상남도,남해군,여관ㆍ모텔,67.0,70.0,74.0
경상남도,남해군,여행사,16.0,16.0,13.0
경상남도,남해군,예술학원,14.0,14.0,15.0
경상남도,남해군,예식장,0.0,0.0,0.0
경상남도,남해군,옷가게,37.0,39.0,41.0
경상남도,남해군,의료용품가게,6.0,6.0,6.0
경상남도,남해군,이륜자동차판매점,7.0,7.0,6.0
경상남도,남해군,이발소,18.0,18.0,18.0
경상남도,남해군,일반외과의원,4.0,4.0,4.0
경상남도,남해군,일식음식점,11.0,10.0,11.0
경상남도,남해군,자동차수리점,30.0,30.0,30.0
경상남도,남해군,자전거판매점,3.0,3.0,0.0
경상남도,남해군,장난감가게,5.0,5.0,6.0
경상남도,남해군,정육점,13.0,13.0,12.0
경상남도,남해군,제과점,25.0,25.0,23.0
경상남도,남해군,종합병원,0.0,0.0,0.0
경상남도,남해군,주유소,17.0,17.0,18.0
경상남도,남해군,주차장운영업,6.0,6.0,6.0
경상남도,남해군,중고차판매점,0.0,0.0,0.0
경상남도,남해군,중식음식점,29.0,29.0,29.0
경상남도,남해군,채소가게,35.0,35.0,37.0
경상남도,남해군,철물점,13.0,14.0,15.0
경상남도,남해군,치과의원,10.0,10.0,10.0
경상남도,남해군,침구ㆍ커튼가게,9.0,9.0,9.0
경상남도,남해군,커피음료점,114.0,114.0,116.0
경상남도,남해군,컴퓨터판매점,3.0,3.0,4.0
경상남도,남해군,통신판매업,222.0,219.0,202.0
경상남도,남해군,패스트푸드점,59.0,59.0,61.0
경상남도,남해군,펜션ㆍ게스트하우스,607.0,612.0,584.0
경상남도,남해군,편의점,60.0,60.0,61.0
경상남도,남해군,피부ㆍ비뇨기과의원,0.0,0.0,0.0
경상남도,남해군,피부관리업,26.0,26.0,25.0
경상남도,남해군,한방병원ㆍ한의원,10.0,10.0,10.0
경상남도,남해군,한식음식점,651.0,655.0,637.0
경상남도,남해군,헬스클럽,6.0,5.0,5.0
경상남도,남해군,호프주점,3.0,3.0,0.0
경상남도,남해군,화장품가게,17.0,18.0,19.0
경상남도,남해군,휴대폰가게,4.0,4.0,4.0
경상남도,밀양시,LPG 충전소,7.0,7.0,9.0
경상남도,밀양시,pc방,7.0,7.0,6.0
경상남도,밀양시,가구점,12.0,12.0,12.0
경상남도,밀양시,가전제품수리점,26.0,26.0,26.0
경상남도,밀양시,가전제품판매점,25.0,27.0,27.0
경상남도,밀양시,간이주점,0.0,0.0,0.0
경상남도,밀양시,간판광고물업,19.0,19.0,18.0
경상남도,밀양시,건강보조식품가게,24.0,24.0,24.0
경상남도,밀양시,건어물가게,6.0,6.0,7.0
경상남도,밀양시,건축사,37.0,37.0,36.0
경상남도,밀양시,결혼상담소,0.0,0.0,0.0
경상남도,밀양시,곡물가게,10.0,10.0,12.0
경상남도,밀양시,공인노무사,0.0,0.0,0.0
경상남도,밀양시,과일가게,195.0,194.0,214.0
경상남도,밀양시,교습소ㆍ공부방,102.0,103.0,111.0
경상남도,밀양시,교습학원,76.0,76.0,80.0
경상남도,밀양시,구내식당,21.0,21.0,25.0
경상남도,밀양시,기술ㆍ직업훈련학원,32.0,31.0,31.0
경상남도,밀양시,기술사,3.0,3.0,3.0
경상남도,밀양시,기타외국식음식점,46.0,46.0,50.0
경상남도,밀양시,기타음식점,57.0,58.0,63.0
경상남도,밀양시,기타일반의원,0.0,0.0,0.0
경상남도,밀양시,꽃가게,63.0,63.0,58.0
경상남도,밀양시,내과ㆍ소아과의원,20.0,20.0,20.0
경상남도,밀양시,노래방,31.0,31.0,32.0
경상남도,밀양시,담배ㆍ복권소매업,37.0,37.0,37.0
경상남도,밀양시,당구장,26.0,27.0,27.0
경상남도,밀양시,독서실,6.0,6.0,6.0
경상남도,밀양시,동물병원,12.0,12.0,12.0
경상남도,밀양시,목욕탕,23.0,23.0,23.0
경상남도,밀양시,문구점,10.0,10.0,8.0
경상남도,밀양시,미용실,241.0,240.0,235.0
경상남도,밀양시,법무사,17.0,17.0,19.0
경상남도,밀양시,변호사,7.0,7.0,7.0
경상남도,밀양시,부동산중개업,213.0,216.0,228.0
경상남도,밀양시,분식점,76.0,79.0,84.0
경상남도,밀양시,사진촬영업,21.0,21.0,21.0
경상남도,밀양시,산부인과의원,0.0,0.0,0.0
경상남도,밀양시,생선가게,11.0,11.0,11.0
경상남도,밀양시,서점,7.0,7.0,7.0
경상남도,밀양시,세무사,9.0,9.0,9.0
경상남도,밀양시,세탁소,40.0,40.0,40.0
경상남도,밀양시,슈퍼마켓,65.0,65.0,68.0
경상남도,밀양시,스포츠교육기관,49.0,48.0,42.0
경상남도,밀양시,스포츠시설운영업,9.0,8.0,7.0
경상남도,밀양시,스포츠용품점,33.0,33.0,30.0
경상남도,밀양시,시계ㆍ귀금속점,17.0,17.0,16.0
경상남도,밀양시,식료품가게,150.0,147.0,146.0
경상남도,밀양시,신경정신과의원,3.0,3.0,3.0
경상남도,밀양시,신발가게,15.0,15.0,14.0
경상남도,밀양시,실내스크린골프점,16.0,16.0,16.0
경상남도,밀양시,실내장식가게,79.0,80.0,73.0
경상남도,밀양시,실외골프연습장,4.0,4.0,4.0
경상남도,밀양시,안경점,16.0,16.0,17.0
경상남도,밀양시,안과의원,5.0,5.0,5.0
경상남도,밀양시,애완용품점,10.0,10.0,14.0
경상남도,밀양시,약국,46.0,47.0,45.0
경상남도,밀양시,여관ㆍ모텔,62.0,63.0,62.0
경상남도,밀양시,여행사,14.0,14.0,14.0
경상남도,밀양시,예술학원,43.0,43.0,44.0
경상남도,밀양시,예식장,0.0,0.0,0.0
경상남도,밀양시,옷가게,118.0,119.0,126.0
경상남도,밀양시,의료용품가게,21.0,21.0,20.0
경상남도,밀양시,이륜자동차판매점,12.0,12.0,12.0
경상남도,밀양시,이발소,32.0,33.0,36.0
경상남도,밀양시,이비인후과의원,3.0,3.0,3.0
경상남도,밀양시,일반외과의원,9.0,9.0,9.0
경상남도,밀양시,일식음식점,12.0,13.0,12.0
경상남도,밀양시,자동차수리점,109.0,110.0,113.0
경상남도,밀양시,자전거판매점,6.0,6.0,5.0
경상남도,밀양시,장난감가게,4.0,4.0,4.0
경상남도,밀양시,정육점,55.0,55.0,54.0
경상남도,밀양시,제과점,40.0,39.0,37.0
경상남도,밀양시,종합병원,14.0,14.0,14.0
경상남도,밀양시,주유소,59.0,59.0,57.0
경상남도,밀양시,주차장운영업,33.0,34.0,29.0
경상남도,밀양시,중고차판매점,11.0,12.0,10.0
경상남도,밀양시,중식음식점,72.0,71.0,71.0
경상남도,밀양시,채소가게,55.0,57.0,58.0
경상남도,밀양시,철물점,26.0,26.0,28.0
경상남도,밀양시,치과의원,25.0,25.0,25.0
경상남도,밀양시,침구ㆍ커튼가게,19.0,19.0,21.0
경상남도,밀양시,커피음료점,272.0,276.0,285.0
경상남도,밀양시,컴퓨터판매점,9.0,9.0,9.0
경상남도,밀양시,통신판매업,699.0,691.0,677.0
경상남도,밀양시,패스트푸드점,106.0,108.0,110.0
경상남도,밀양시,펜션ㆍ게스트하우스,237.0,234.0,200.0
경상남도,밀양시,편의점,97.0,98.0,104.0
경상남도,밀양시,피부ㆍ비뇨기과의원,4.0,4.0,4.0
경상남도,밀양시,피부관리업,102.0,102.0,103.0
경상남도,밀양시,한방병원ㆍ한의원,28.0,28.0,28.0
경상남도,밀양시,한식음식점,1252.0,1254.0,1286.0
경상남도,밀양시,헬스클럽,14.0,14.0,15.0
경상남도,밀양시,호프주점,5.0,5.0,5.0
경상남도,밀양시,화장품가게,62.0,60.0,59.0
경상남도,밀양시,휴대폰가게,23.0,23.0,23.0
경상남도,사천시,LPG 충전소,10.0,10.0,10.0
경상남도,사천시,pc방,10.0,10.0,10.0
경상남도,사천시,가구점,19.0,20.0,20.0
경상남도,사천시,가전제품수리점,31.0,31.0,29.0
경상남도,사천시,가전제품판매점,30.0,30.0,27.0
경상남도,사천시,간이주점,27.0,27.0,31.0
경상남도,사천시,간판광고물업,35.0,35.0,32.0
경상남도,사천시,감정평가사,4.0,4.0,4.0
경상남도,사천시,건강보조식품가게,32.0,31.0,32.0
경상남도,사천시,건어물가게,122.0,123.0,121.0
경상남도,사천시,건축사,21.0,21.0,23.0
경상남도,사천시,결혼상담소,4.0,4.0,3.0
경상남도,사천시,곡물가게,16.0,16.0,18.0
경상남도,사천시,공인노무사,0.0,0.0,0.0
경상남도,사천시,과일가게,34.0,34.0,34.0
경상남도,사천시,교습소ㆍ공부방,113.0,111.0,105.0
경상남도,사천시,교습학원,138.0,138.0,141.0
경상남도,사천시,구내식당,46.0,45.0,44.0
경상남도,사천시,기술ㆍ직업훈련학원,43.0,41.0,36.0
경상남도,사천시,기술사,4.0,4.0,4.0
경상남도,사천시,기타외국식음식점,26.0,27.0,29.0
경상남도,사천시,기타음식점,42.0,41.0,35.0
경상남도,사천시,기타일반의원,6.0,6.0,6.0
경상남도,사천시,꽃가게,93.0,94.0,95.0
경상남도,사천시,내과ㆍ소아과의원,23.0,23.0,23.0
경상남도,사천시,노래방,37.0,37.0,37.0
경상남도,사천시,담배ㆍ복권소매업,39.0,39.0,43.0
경상남도,사천시,당구장,29.0,29.0,31.0
경상남도,사천시,독서실,8.0,8.0,9.0
경상남도,사천시,동물병원,15.0,15.0,15.0
경상남도,사천시,목욕탕,34.0,34.0,34.0
경상남도,사천시,문구점,28.0,27.0,24.0
경상남도,사천시,미용실,298.0,297.0,298.0
경상남도,사천시,법무사,14.0,14.0,14.0
경상남도,사천시,변호사,3.0,3.0,3.0
경상남도,사천시,부동산중개업,195.0,195.0,198.0
경상남도,사천시,분식점,114.0,114.0,133.0
경상남도,사천시,사진촬영업,17.0,17.0,16.0
경상남도,사천시,산부인과의원,3.0,3.0,3.0
경상남도,사천시,생선가게,294.0,297.0,284.0
경상남도,사천시,서점,13.0,12.0,8.0
경상남도,사천시,세무사,9.0,9.0,8.0
경상남도,사천시,세탁소,61.0,61.0,64.0
경상남도,사천시,슈퍼마켓,39.0,39.0,39.0
경상남도,사천시,스포츠교육기관,61.0,61.0,64.0
경상남도,사천시,스포츠시설운영업,17.0,17.0,19.0
경상남도,사천시,스포츠용품점,55.0,56.0,61.0
경상남도,사천시,시계ㆍ귀금속점,16.0,16.0,15.0
경상남도,사천시,식료품가게,160.0,160.0,170.0
경상남도,사천시,신경정신과의원,0.0,0.0,0.0
경상남도,사천시,신발가게,11.0,11.0,12.0
경상남도,사천시,실내스크린골프점,14.0,14.0,14.0
경상남도,사천시,실내장식가게,137.0,143.0,133.0
경상남도,사천시,실외골프연습장,8.0,8.0,7.0
경상남도,사천시,안경점,18.0,18.0,18.0
경상남도,사천시,안과의원,3.0,3.0,3.0
경상남도,사천시,애완용품점,31.0,31.0,33.0
경상남도,사천시,약국,48.0,48.0,49.0
경상남도,사천시,여관ㆍ모텔,116.0,115.0,117.0
경상남도,사천시,여행사,19.0,19.0,19.0
경상남도,사천시,예술학원,79.0,79.0,80.0
경상남도,사천시,예식장,0.0,0.0,0.0
경상남도,사천시,옷가게,189.0,189.0,186.0
경상남도,사천시,의료용품가게,21.0,21.0,20.0
경상남도,사천시,이륜자동차판매점,7.0,7.0,7.0
경상남도,사천시,이발소,51.0,51.0,51.0
경상남도,사천시,이비인후과의원,3.0,3.0,3.0
경상남도,사천시,일반외과의원,9.0,9.0,9.0
경상남도,사천시,일식음식점,28.0,28.0,25.0
경상남도,사천시,자동차수리점,119.0,122.0,121.0
경상남도,사천시,자전거판매점,7.0,7.0,7.0
경상남도,사천시,장난감가게,7.0,6.0,5.0
경상남도,사천시,정육점,36.0,35.0,36.0
경상남도,사천시,제과점,51.0,51.0,52.0
경상남도,사천시,종합병원,10.0,10.0,11.0
경상남도,사천시,주유소,52.0,51.0,54.0
경상남도,사천시,주차장운영업,26.0,26.0,22.0
경상남도,사천시,중고차판매점,30.0,30.0,29.0
경상남도,사천시,중식음식점,70.0,72.0,73.0
경상남도,사천시,채소가게,61.0,61.0,54.0
경상남도,사천시,철물점,31.0,31.0,35.0
경상남도,사천시,치과의원,34.0,34.0,34.0
경상남도,사천시,침구ㆍ커튼가게,31.0,30.0,30.0
경상남도,사천시,커피음료점,230.0,233.0,225.0
경상남도,사천시,컴퓨터판매점,9.0,9.0,9.0
경상남도,사천시,통신판매업,691.0,677.0,645.0
경상남도,사천시,패스트푸드점,110.0,112.0,117.0
경상남도,사천시,펜션ㆍ게스트하우스,93.0,92.0,91.0
경상남도,사천시,편의점,123.0,125.0,128.0
경상남도,사천시,피부ㆍ비뇨기과의원,3.0,3.0,3.0
경상남도,사천시,피부관리업,143.0,142.0,132.0
경상남도,사천시,한방병원ㆍ한의원,28.0,28.0,26.0
경상남도,사천시,한식음식점,1498.0,1490.0,1487.0
경상남도,사천시,헬스클럽,23.0,23.0,23.0
경상남도,사천시,호프주점,10.0,10.0,13.0
경상남도,사천시,화장품가게,82.0,83.0,80.0
경상남도,사천시,휴대폰가게,47.0,47.0,49.0
경상남도,산청군,pc방,0.0,0.0,0.0
경상남도,산청군,가구점,3.0,3.0,3.0
경상남도,산청군,가전제품수리점,0.0,0.0,0.0
경상남도,산청군,가전제품판매점,10.0,11.0,10.0
경상남도,산청군,간이주점,9.0,9.0,11.0
경상남도,산청군,간판광고물업,9.0,9.0,9.0
경상남도,산청군,건강보조식품가게,29.0,29.0,30.0
경상남도,산청군,건어물가게,4.0,4.0,5.0
경상남도,산청군,건축사,12.0,12.0,12.0
경상남도,산청군,곡물가게,9.0,9.0,11.0
경상남도,산청군,과일가게,170.0,169.0,163.0
경상남도,산청군,교습소ㆍ공부방,13.0,13.0,13.0
경상남도,산청군,교습학원,16.0,16.0,17.0
경상남도,산청군,구내식당,9.0,9.0,12.0
경상남도,산청군,기술ㆍ직업훈련학원,14.0,14.0,11.0
경상남도,산청군,기술사,0.0,0.0,0.0
경상남도,산청군,기타외국식음식점,9.0,9.0,8.0
경상남도,산청군,기타음식점,18.0,18.0,18.0
경상남도,산청군,기타일반의원,4.0,4.0,4.0
경상남도,산청군,꽃가게,30.0,30.0,28.0
경상남도,산청군,내과ㆍ소아과의원,7.0,7.0,7.0
경상남도,산청군,노래방,6.0,6.0,7.0
경상남도,산청군,담배ㆍ복권소매업,23.0,25.0,27.0
경상남도,산청군,당구장,14.0,14.0,14.0
경상남도,산청군,동물병원,9.0,9.0,9.0
경상남도,산청군,목욕탕,12.0,12.0,12.0
경상남도,산청군,문구점,5.0,5.0,5.0
경상남도,산청군,미용실,37.0,38.0,34.0
경상남도,산청군,법무사,6.0,6.0,6.0
경상남도,산청군,부동산중개업,38.0,38.0,41.0
경상남도,산청군,분식점,39.0,40.0,44.0
경상남도,산청군,사진촬영업,3.0,3.0,3.0
경상남도,산청군,생선가게,4.0,4.0,4.0
경상남도,산청군,서점,3.0,3.0,0.0
경상남도,산청군,세탁소,9.0,9.0,8.0
경상남도,산청군,슈퍼마켓,21.0,21.0,21.0
경상남도,산청군,스포츠교육기관,11.0,11.0,13.0
경상남도,산청군,스포츠시설운영업,0.0,0.0,0.0
경상남도,산청군,스포츠용품점,7.0,7.0,6.0
경상남도,산청군,시계ㆍ귀금속점,0.0,0.0,0.0
경상남도,산청군,식료품가게,86.0,85.0,84.0
경상남도,산청군,신발가게,3.0,3.0,3.0
경상남도,산청군,실내스크린골프점,5.0,5.0,7.0
경상남도,산청군,실내장식가게,44.0,44.0,37.0
경상남도,산청군,실외골프연습장,0.0,0.0,0.0
경상남도,산청군,안경점,4.0,4.0,3.0
경상남도,산청군,안과의원,0.0,0.0,0.0
경상남도,산청군,애완용품점,4.0,4.0,4.0
경상남도,산청군,약국,15.0,15.0,14.0
경상남도,산청군,여관ㆍ모텔,40.0,40.0,40.0
경상남도,산청군,여행사,8.0,8.0,7.0
경상남도,산청군,예술학원,9.0,8.0,8.0
경상남도,산청군,예식장,0.0,0.0,0.0
경상남도,산청군,옷가게,19.0,19.0,21.0
경상남도,산청군,의료용품가게,0.0,0.0,0.0
경상남도,산청군,이륜자동차판매점,4.0,4.0,4.0
경상남도,산청군,이발소,10.0,10.0,9.0
경상남도,산청군,일반외과의원,0.0,0.0,0.0
경상남도,산청군,일식음식점,8.0,8.0,8.0
경상남도,산청군,자동차수리점,21.0,21.0,19.0
경상남도,산청군,자전거판매점,0.0,0.0,0.0
경상남도,산청군,장난감가게,0.0,0.0,0.0
경상남도,산청군,정육점,22.0,22.0,24.0
경상남도,산청군,제과점,12.0,13.0,13.0
경상남도,산청군,종합병원,0.0,0.0,0.0
경상남도,산청군,주유소,29.0,30.0,29.0
경상남도,산청군,주차장운영업,4.0,4.0,4.0
경상남도,산청군,중고차판매점,0.0,0.0,0.0
경상남도,산청군,중식음식점,22.0,22.0,21.0
경상남도,산청군,채소가게,76.0,76.0,80.0
경상남도,산청군,철물점,5.0,5.0,5.0
경상남도,산청군,치과의원,6.0,6.0,6.0
경상남도,산청군,침구ㆍ커튼가게,5.0,5.0,5.0
경상남도,산청군,커피음료점,89.0,89.0,82.0
경상남도,산청군,컴퓨터판매점,0.0,0.0,0.0
경상남도,산청군,통신판매업,184.0,186.0,183.0
경상남도,산청군,패스트푸드점,27.0,26.0,29.0
경상남도,산청군,펜션ㆍ게스트하우스,176.0,174.0,164.0
경상남도,산청군,편의점,18.0,18.0,20.0
경상남도,산청군,피부ㆍ비뇨기과의원,0.0,0.0,0.0
경상남도,산청군,피부관리업,16.0,16.0,17.0
경상남도,산청군,한방병원ㆍ한의원,12.0,12.0,15.0
경상남도,산청군,한식음식점,454.0,457.0,454.0
경상남도,산청군,헬스클럽,0.0,0.0,0.0
경상남도,산청군,호프주점,0.0,0.0,0.0
경상남도,산청군,화장품가게,9.0,9.0,11.0
경상남도,산청군,휴대폰가게,8.0,8.0,7.0
경상남도,양산시,LPG 충전소,15.0,15.0,14.0
경상남도,양산시,pc방,36.0,36.0,45.0
경상남도,양산시,가구점,62.0,61.0,65.0
경상남도,양산시,가전제품수리점,223.0,226.0,198.0
경상남도,양산시,가전제품판매점,69.0,68.0,66.0
경상남도,양산시,간이주점,84.0,86.0,96.0
경상남도,양산시,간판광고물업,68.0,68.0,73.0
경상남도,양산시,감정평가사,9.0,8.0,7.0
경상남도,양산시,건강보조식품가게,79.0,80.0,84.0
경상남도,양산시,건어물가게,26.0,26.0,29.0
경상남도,양산시,건축사,63.0,63.0,61.0
경상남도,양산시,결혼상담소,7.0,8.0,6.0
경상남도,양산시,곡물가게,25.0,26.0,28.0
경상남도,양산시,공인노무사,12.0,13.0,11.0
경상남도,양산시,공인회계사,4.0,4.0,4.0
경상남도,양산시,과일가게,46.0,46.0,38.0
경상남도,양산시,교습소ㆍ공부방,457.0,458.0,418.0
경상남도,양산시,교습학원,514.0,514.0,502.0
경상남도,양산시,구내식당,129.0,129.0,137.0
경상남도,양산시,기술ㆍ직업훈련학원,155.0,154.0,154.0
경상남도,양산시,기술사,5.0,5.0,5.0
경상남도,양산시,기타외국식음식점,182.0,180.0,173.0
경상남도,양산시,기타음식점,160.0,160.0,160.0
경상남도,양산시,기타일반의원,21.0,21.0,21.0
경상남도,양산시,꽃가게,147.0,145.0,145.0
경상남도,양산시,내과ㆍ소아과의원,84.0,86.0,81.0
경상남도,양산시,노래방,113.0,113.0,115.0
경상남도,양산시,담배ㆍ복권소매업,67.0,67.0,63.0
경상남도,양산시,당구장,105.0,104.0,101.0
경상남도,양산시,독서실,22.0,22.0,24.0
경상남도,양산시,동물병원,26.0,27.0,25.0
경상남도,양산시,목욕탕,47.0,47.0,47.0
경상남도,양산시,문구점,49.0,49.0,47.0
경상남도,양산시,미용실,884.0,882.0,876.0
경상남도,양산시,법무사,20.0,20.0,21.0
경상남도,양산시,변리사,0.0,0.0,0.0
경상남도,양산시,변호사,4.0,4.0,3.0
경상남도,양산시,부동산중개업,836.0,850.0,880.0
경상남도,양산시,분식점,379.0,380.0,393.0
경상남도,양산시,사진촬영업,82.0,83.0,79.0
경상남도,양산시,산부인과의원,10.0,10.0,10.0
경상남도,양산시,생선가게,40.0,40.0,43.0
경상남도,양산시,서점,63.0,62.0,62.0
경상남도,양산시,성형외과의원,3.0,3.0,3.0
경상남도,양산시,세무사,38.0,39.0,36.0
경상남도,양산시,세탁소,147.0,147.0,145.0
경상남도,양산시,슈퍼마켓,199.0,196.0,194.0
경상남도,양산시,스포츠교육기관,293.0,294.0,289.0
경상남도,양산시,스포츠시설운영업,61.0,61.0,66.0
경상남도,양산시,스포츠용품점,125.0,126.0,135.0
경상남도,양산시,시계ㆍ귀금속점,40.0,39.0,39.0
경상남도,양산시,식료품가게,250.0,251.0,276.0
경상남도,양산시,신경정신과의원,10.0,10.0,9.0
경상남도,양산시,신발가게,19.0,19.0,20.0
경상남도,양산시,실내스크린골프점,69.0,69.0,67.0
경상남도,양산시,실내장식가게,657.0,656.0,592.0
경상남도,양산시,실외골프연습장,13.0,13.0,13.0
경상남도,양산시,안경점,57.0,57.0,58.0
경상남도,양산시,안과의원,10.0,10.0,10.0
경상남도,양산시,애완용품점,103.0,104.0,103.0
경상남도,양산시,약국,153.0,153.0,156.0
경상남도,양산시,여관ㆍ모텔,118.0,119.0,127.0
경상남도,양산시,여행사,43.0,42.0,42.0
경상남도,양산시,예술학원,218.0,219.0,213.0
경상남도,양산시,예식장,3.0,3.0,3.0
경상남도,양산시,옷가게,441.0,445.0,464.0
경상남도,양산시,의료용품가게,59.0,59.0,60.0
경상남도,양산시,이륜자동차판매점,27.0,27.0,27.0
경상남도,양산시,이발소,66.0,66.0,69.0
경상남도,양산시,이비인후과의원,20.0,19.0,19.0
경상남도,양산시,일반외과의원,30.0,30.0,30.0
경상남도,양산시,일식음식점,101.0,103.0,95.0
경상남도,양산시,자동차수리점,455.0,454.0,448.0
경상남도,양산시,자전거판매점,17.0,17.0,16.0
경상남도,양산시,장난감가게,23.0,22.0,21.0
경상남도,양산시,정육점,157.0,156.0,152.0
경상남도,양산시,제과점,172.0,174.0,164.0
경상남도,양산시,종합병원,29.0,29.0,28.0
경상남도,양산시,주유소,73.0,74.0,73.0
경상남도,양산시,주차장운영업,91.0,91.0,89.0
경상남도,양산시,중고차판매점,23.0,24.0,25.0
경상남도,양산시,중식음식점,192.0,190.0,198.0
경상남도,양산시,채소가게,68.0,67.0,61.0
경상남도,양산시,철물점,46.0,45.0,44.0
경상남도,양산시,치과의원,98.0,99.0,96.0
경상남도,양산시,침구ㆍ커튼가게,55.0,54.0,57.0
경상남도,양산시,커피음료점,655.0,653.0,687.0
경상남도,양산시,컴퓨터판매점,38.0,38.0,37.0
경상남도,양산시,통신판매업,3993.0,3957.0,3902.0
경상남도,양산시,패스트푸드점,403.0,400.0,414.0
경상남도,양산시,펜션ㆍ게스트하우스,86.0,85.0,83.0
경상남도,양산시,편의점,350.0,348.0,350.0
경상남도,양산시,피부ㆍ비뇨기과의원,18.0,18.0,19.0
경상남도,양산시,피부관리업,596.0,596.0,567.0
경상남도,양산시,한방병원ㆍ한의원,92.0,92.0,91.0
경상남도,양산시,한식음식점,2933.0,2942.0,2961.0
경상남도,양산시,헬스클럽,80.0,78.0,88.0
경상남도,양산시,호프주점,75.0,75.0,83.0
경상남도,양산시,화장품가게,225.0,225.0,231.0
경상남도,양산시,휴대폰가게,130.0,129.0,131.0
경상남도,의령군,LPG 충전소,0.0,0.0,0.0
경상남도,의령군,pc방,0.0,0.0,0.0
경상남도,의령군,가구점,0.0,0.0,0.0
경상남도,의령군,가전제품수리점,4.0,4.0,3.0
경상남도,의령군,가전제품판매점,6.0,6.0,6.0
경상남도,의령군,간이주점,0.0,0.0,0.0
경상남도,의령군,간판광고물업,0.0,0.0,0.0
경상남도,의령군,건강보조식품가게,8.0,8.0,8.0
경상남도,의령군,건어물가게,0.0,0.0,0.0
경상남도,의령군,건축사,4.0,4.0,5.0
경상남도,의령군,곡물가게,4.0,4.0,0.0
경상남도,의령군,과일가게,9.0,9.0,8.0
경상남도,의령군,교습소ㆍ공부방,9.0,9.0,10.0
경상남도,의령군,교습학원,9.0,9.0,8.0
경상남도,의령군,구내식당,16.0,16.0,17.0
경상남도,의령군,기술ㆍ직업훈련학원,4.0,4.0,4.0
경상남도,의령군,기술사,0.0,0.0,0.0
경상남도,의령군,기타외국식음식점,8.0,7.0,7.0
경상남도,의령군,기타음식점,9.0,9.0,11.0
경상남도,의령군,기타일반의원,0.0,0.0,0.0
경상남도,의령군,꽃가게,15.0,15.0,14.0
경상남도,의령군,내과ㆍ소아과의원,5.0,5.0,5.0
경상남도,의령군,노래방,3.0,3.0,3.0
경상남도,의령군,담배ㆍ복권소매업,16.0,16.0,18.0
경상남도,의령군,당구장,3.0,3.0,4.0
경상남도,의령군,독서실,0.0,0.0,0.0
경상남도,의령군,동물병원,5.0,5.0,5.0
경상남도,의령군,목욕탕,9.0,9.0,10.0
경상남도,의령군,문구점,7.0,7.0,8.0
경상남도,의령군,미용실,28.0,28.0,29.0
경상남도,의령군,법무사,6.0,6.0,6.0
경상남도,의령군,부동산중개업,26.0,26.0,25.0
경상남도,의령군,분식점,9.0,10.0,12.0
경상남도,의령군,사진촬영업,3.0,3.0,3.0
경상남도,의령군,생선가게,0.0,0.0,0.0
경상남도,의령군,서점,0.0,0.0,0.0
경상남도,의령군,세탁소,6.0,6.0,7.0
경상남도,의령군,슈퍼마켓,10.0,10.0,12.0
경상남도,의령군,스포츠교육기관,6.0,6.0,6.0
경상남도,의령군,스포츠시설운영업,0.0,0.0,0.0
경상남도,의령군,스포츠용품점,6.0,6.0,6.0
경상남도,의령군,시계ㆍ귀금속점,3.0,3.0,3.0
경상남도,의령군,식료품가게,34.0,34.0,39.0
경상남도,의령군,신발가게,0.0,0.0,0.0
경상남도,의령군,실내스크린골프점,4.0,4.0,3.0
경상남도,의령군,실내장식가게,24.0,23.0,18.0
경상남도,의령군,실외골프연습장,3.0,3.0,3.0
경상남도,의령군,안경점,0.0,0.0,0.0
경상남도,의령군,애완용품점,4.0,4.0,5.0
경상남도,의령군,약국,10.0,10.0,11.0
경상남도,의령군,여관ㆍ모텔,20.0,20.0,20.0
경상남도,의령군,여행사,4.0,4.0,5.0
경상남도,의령군,예술학원,5.0,5.0,5.0
경상남도,의령군,옷가게,16.0,16.0,16.0
경상남도,의령군,의료용품가게,3.0,3.0,3.0
경상남도,의령군,이륜자동차판매점,0.0,0.0,0.0
경상남도,의령군,이발소,4.0,4.0,4.0
경상남도,의령군,일반외과의원,3.0,3.0,3.0
경상남도,의령군,일식음식점,0.0,0.0,0.0
경상남도,의령군,자동차수리점,16.0,16.0,16.0
경상남도,의령군,정육점,15.0,15.0,12.0
경상남도,의령군,제과점,7.0,7.0,7.0
경상남도,의령군,종합병원,3.0,3.0,3.0
경상남도,의령군,주유소,15.0,15.0,15.0
경상남도,의령군,주차장운영업,0.0,0.0,0.0
경상남도,의령군,중식음식점,15.0,15.0,14.0
경상남도,의령군,채소가게,14.0,14.0,12.0
경상남도,의령군,철물점,5.0,5.0,5.0
경상남도,의령군,치과의원,6.0,6.0,6.0
경상남도,의령군,침구ㆍ커튼가게,7.0,7.0,7.0
경상남도,의령군,커피음료점,73.0,72.0,67.0
경상남도,의령군,컴퓨터판매점,0.0,0.0,0.0
경상남도,의령군,통신판매업,80.0,79.0,80.0
경상남도,의령군,패스트푸드점,16.0,16.0,18.0
경상남도,의령군,펜션ㆍ게스트하우스,10.0,9.0,7.0
경상남도,의령군,편의점,17.0,16.0,16.0
경상남도,의령군,피부관리업,12.0,12.0,12.0
경상남도,의령군,한방병원ㆍ한의원,6.0,6.0,6.0
경상남도,의령군,한식음식점,291.0,295.0,290.0
경상남도,의령군,헬스클럽,0.0,0.0,0.0
경상남도,의령군,호프주점,3.0,3.0,3.0
경상남도,의령군,화장품가게,8.0,8.0,9.0
경상남도,의령군,휴대폰가게,7.0,7.0,6.0
경상남도,진주시,LPG 충전소,14.0,14.0,14.0
경상남도,진주시,pc방,49.0,49.0,60.0
경상남도,진주시,가구점,48.0,48.0,50.0
경상남도,진주시,가전제품수리점,174.0,173.0,151.0
경상남도,진주시,가전제품판매점,114.0,115.0,110.0
경상남도,진주시,간이주점,148.0,150.0,168.0
경상남도,진주시,간판광고물업,91.0,91.0,89.0
경상남도,진주시,감정평가사,10.0,10.0,10.0
경상남도,진주시,건강보조식품가게,118.0,119.0,135.0
경상남도,진주시,건어물가게,45.0,45.0,39.0
경상남도,진주시,건축사,96.0,96.0,91.0
경상남도,진주시,결혼상담소,15.0,15.0,12.0
경상남도,진주시,곡물가게,14.0,14.0,21.0
경상남도,진주시,공인노무사,8.0,7.0,5.0
경상남도,진주시,공인회계사,15.0,15.0,15.0
경상남도,진주시,과일가게,98.0,100.0,92.0
경상남도,진주시,교습소ㆍ공부방,389.0,392.0,397.0
경상남도,진주시,교습학원,651.0,650.0,649.0
경상남도,진주시,구내식당,108.0,107.0,112.0
경상남도,진주시,기술ㆍ직업훈련학원,166.0,165.0,169.0
경상남도,진주시,기술사,20.0,20.0,20.0
경상남도,진주시,기타외국식음식점,205.0,209.0,198.0
경상남도,진주시,기타음식점,168.0,172.0,181.0
경상남도,진주시,기타일반의원,30.0,29.0,30.0
경상남도,진주시,꽃가게,286.0,284.0,279.0
경상남도,진주시,내과ㆍ소아과의원,82.0,82.0,84.0
경상남도,진주시,노래방,196.0,198.0,207.0
경상남도,진주시,담배ㆍ복권소매업,113.0,112.0,113.0
경상남도,진주시,당구장,103.0,101.0,97.0
경상남도,진주시,독서실,43.0,43.0,47.0
경상남도,진주시,동물병원,29.0,29.0,30.0
경상남도,진주시,목욕탕,82.0,81.0,84.0
경상남도,진주시,문구점,92.0,94.0,91.0
경상남도,진주시,미용실,957.0,957.0,967.0
경상남도,진주시,법무사,50.0,50.0,51.0
경상남도,진주시,변리사,0.0,0.0,0.0
경상남도,진주시,변호사,43.0,43.0,39.0
경상남도,진주시,부동산중개업,821.0,819.0,839.0
경상남도,진주시,분식점,408.0,410.0,429.0
경상남도,진주시,사진촬영업,113.0,112.0,109.0
경상남도,진주시,산부인과의원,9.0,9.0,9.0
경상남도,진주시,생선가게,79.0,78.0,67.0
경상남도,진주시,서점,73.0,72.0,71.0
경상남도,진주시,성형외과의원,5.0,5.0,5.0
경상남도,진주시,세무사,52.0,52.0,52.0
경상남도,진주시,세탁소,181.0,182.0,178.0
경상남도,진주시,슈퍼마켓,172.0,171.0,172.0
경상남도,진주시,스포츠교육기관,294.0,294.0,277.0
경상남도,진주시,스포츠시설운영업,67.0,68.0,67.0
경상남도,진주시,스포츠용품점,142.0,146.0,154.0
경상남도,진주시,시계ㆍ귀금속점,86.0,85.0,83.0
경상남도,진주시,식료품가게,381.0,384.0,384.0
경상남도,진주시,신경정신과의원,14.0,14.0,14.0
경상남도,진주시,신발가게,46.0,46.0,44.0
경상남도,진주시,실내스크린골프점,65.0,64.0,59.0
경상남도,진주시,실내장식가게,521.0,526.0,508.0
경상남도,진주시,실외골프연습장,13.0,14.0,14.0
경상남도,진주시,안경점,69.0,69.0,68.0
경상남도,진주시,안과의원,14.0,14.0,13.0
경상남도,진주시,애완용품점,64.0,63.0,58.0
경상남도,진주시,약국,176.0,175.0,177.0
경상남도,진주시,여관ㆍ모텔,232.0,232.0,240.0
경상남도,진주시,여행사,83.0,86.0,87.0
경상남도,진주시,예술학원,336.0,335.0,346.0
경상남도,진주시,예식장,6.0,6.0,7.0
경상남도,진주시,옷가게,624.0,628.0,660.0
경상남도,진주시,의료용품가게,63.0,64.0,63.0
경상남도,진주시,이륜자동차판매점,23.0,24.0,23.0
경상남도,진주시,이발소,72.0,72.0,73.0
경상남도,진주시,이비인후과의원,14.0,14.0,14.0
경상남도,진주시,일반외과의원,29.0,29.0,29.0
경상남도,진주시,일식음식점,163.0,165.0,171.0
경상남도,진주시,자동차수리점,364.0,360.0,348.0
경상남도,진주시,자전거판매점,30.0,30.0,32.0
경상남도,진주시,장난감가게,19.0,18.0,19.0
경상남도,진주시,정육점,139.0,139.0,133.0
경상남도,진주시,제과점,224.0,226.0,213.0
경상남도,진주시,종합병원,25.0,25.0,23.0
경상남도,진주시,주유소,91.0,90.0,93.0
경상남도,진주시,주차장운영업,133.0,128.0,140.0
경상남도,진주시,중고차판매점,42.0,42.0,42.0
경상남도,진주시,중식음식점,209.0,211.0,213.0
경상남도,진주시,채소가게,145.0,143.0,129.0
경상남도,진주시,철물점,55.0,56.0,51.0
경상남도,진주시,치과의원,121.0,121.0,124.0
경상남도,진주시,침구ㆍ커튼가게,102.0,102.0,103.0
경상남도,진주시,커피음료점,774.0,780.0,788.0
경상남도,진주시,컴퓨터판매점,32.0,32.0,30.0
경상남도,진주시,통신판매업,2377.0,2366.0,2256.0
경상남도,진주시,패스트푸드점,349.0,352.0,385.0
경상남도,진주시,펜션ㆍ게스트하우스,33.0,33.0,25.0
경상남도,진주시,편의점,306.0,308.0,322.0
경상남도,진주시,피부ㆍ비뇨기과의원,21.0,21.0,22.0
경상남도,진주시,피부관리업,527.0,530.0,514.0
경상남도,진주시,한방병원ㆍ한의원,100.0,100.0,100.0
경상남도,진주시,한식음식점,3274.0,3287.0,3387.0
경상남도,진주시,헬스클럽,94.0,92.0,92.0
경상남도,진주시,호프주점,79.0,77.0,92.0
경상남도,진주시,화장품가게,261.0,266.0,289.0
경상남도,진주시,휴대폰가게,173.0,174.0,167.0
경상남도,창녕군,LPG 충전소,4.0,4.0,0.0
경상남도,창녕군,pc방,6.0,6.0,7.0
경상남도,창녕군,가구점,7.0,7.0,8.0
경상남도,창녕군,가전제품수리점,11.0,11.0,10.0
경상남도,창녕군,가전제품판매점,14.0,14.0,16.0
경상남도,창녕군,간이주점,0.0,0.0,0.0
경상남도,창녕군,간판광고물업,12.0,12.0,12.0
경상남도,창녕군,감정평가사,0.0,0.0,0.0
경상남도,창녕군,건강보조식품가게,24.0,24.0,27.0
경상남도,창녕군,건어물가게,3.0,3.0,5.0
경상남도,창녕군,건축사,9.0,9.0,9.0
경상남도,창녕군,결혼상담소,3.0,3.0,3.0
경상남도,창녕군,곡물가게,9.0,9.0,7.0
경상남도,창녕군,과일가게,13.0,13.0,13.0
경상남도,창녕군,교습소ㆍ공부방,42.0,43.0,39.0
경상남도,창녕군,교습학원,42.0,41.0,42.0
경상남도,창녕군,구내식당,26.0,26.0,29.0
경상남도,창녕군,기술ㆍ직업훈련학원,17.0,17.0,15.0
경상남도,창녕군,기타외국식음식점,27.0,27.0,29.0
경상남도,창녕군,기타음식점,32.0,31.0,35.0
경상남도,창녕군,기타일반의원,4.0,4.0,3.0
경상남도,창녕군,꽃가게,28.0,27.0,29.0
경상남도,창녕군,내과ㆍ소아과의원,12.0,12.0,12.0
경상남도,창녕군,노래방,14.0,15.0,16.0
경상남도,창녕군,담배ㆍ복권소매업,22.0,22.0,24.0
경상남도,창녕군,당구장,11.0,11.0,10.0
경상남도,창녕군,독서실,0.0,0.0,0.0
경상남도,창녕군,동물병원,12.0,12.0,12.0
경상남도,창녕군,목욕탕,15.0,15.0,15.0
경상남도,창녕군,문구점,13.0,13.0,11.0
경상남도,창녕군,미용실,130.0,130.0,129.0
경상남도,창녕군,법무사,11.0,11.0,11.0
경상남도,창녕군,변호사,0.0,0.0,0.0
경상남도,창녕군,부동산중개업,111.0,113.0,114.0
경상남도,창녕군,분식점,68.0,70.0,73.0
경상남도,창녕군,사진촬영업,11.0,11.0,10.0
경상남도,창녕군,산부인과의원,0.0,0.0,0.0
경상남도,창녕군,생선가게,8.0,8.0,5.0
경상남도,창녕군,서점,0.0,0.0,0.0
경상남도,창녕군,세무사,0.0,0.0,0.0
경상남도,창녕군,세탁소,17.0,17.0,19.0
경상남도,창녕군,슈퍼마켓,35.0,36.0,39.0
경상남도,창녕군,스포츠교육기관,25.0,26.0,23.0
경상남도,창녕군,스포츠시설운영업,3.0,4.0,4.0
경상남도,창녕군,스포츠용품점,16.0,16.0,18.0
경상남도,창녕군,시계ㆍ귀금속점,8.0,7.0,7.0
경상남도,창녕군,식료품가게,85.0,87.0,92.0
경상남도,창녕군,신발가게,11.0,11.0,11.0
경상남도,창녕군,실내스크린골프점,12.0,12.0,12.0
경상남도,창녕군,실내장식가게,57.0,57.0,55.0
경상남도,창녕군,실외골프연습장,3.0,3.0,3.0
경상남도,창녕군,안경점,13.0,13.0,12.0
경상남도,창녕군,안과의원,0.0,0.0,0.0
경상남도,창녕군,애완용품점,9.0,9.0,8.0
경상남도,창녕군,약국,28.0,28.0,30.0
경상남도,창녕군,여관ㆍ모텔,51.0,52.0,53.0
경상남도,창녕군,여행사,7.0,7.0,9.0
경상남도,창녕군,예술학원,12.0,12.0,16.0
경상남도,창녕군,예식장,0.0,0.0,0.0
경상남도,창녕군,옷가게,68.0,66.0,63.0
경상남도,창녕군,의료용품가게,17.0,17.0,15.0
경상남도,창녕군,이륜자동차판매점,10.0,10.0,9.0
경상남도,창녕군,이발소,19.0,19.0,19.0
경상남도,창녕군,이비인후과의원,0.0,0.0,0.0
경상남도,창녕군,일반외과의원,7.0,7.0,7.0
경상남도,창녕군,일식음식점,5.0,5.0,5.0
경상남도,창녕군,자동차수리점,73.0,74.0,77.0
경상남도,창녕군,자전거판매점,4.0,4.0,4.0
경상남도,창녕군,장난감가게,0.0,0.0,0.0
경상남도,창녕군,정육점,35.0,35.0,35.0
경상남도,창녕군,제과점,18.0,18.0,18.0
경상남도,창녕군,종합병원,12.0,12.0,12.0
경상남도,창녕군,주유소,52.0,54.0,52.0
경상남도,창녕군,주차장운영업,0.0,0.0,0.0
경상남도,창녕군,중고차판매점,0.0,0.0,0.0
경상남도,창녕군,중식음식점,47.0,48.0,51.0
경상남도,창녕군,채소가게,46.0,47.0,49.0
경상남도,창녕군,철물점,10.0,10.0,9.0
경상남도,창녕군,치과의원,14.0,14.0,13.0
경상남도,창녕군,침구ㆍ커튼가게,12.0,12.0,11.0
경상남도,창녕군,커피음료점,157.0,157.0,151.0
경상남도,창녕군,컴퓨터판매점,5.0,5.0,6.0
경상남도,창녕군,통신판매업,284.0,284.0,274.0
경상남도,창녕군,패스트푸드점,69.0,70.0,67.0
경상남도,창녕군,펜션ㆍ게스트하우스,41.0,40.0,36.0
경상남도,창녕군,편의점,58.0,60.0,56.0
경상남도,창녕군,피부ㆍ비뇨기과의원,0.0,0.0,0.0
경상남도,창녕군,피부관리업,28.0,28.0,31.0
경상남도,창녕군,한방병원ㆍ한의원,10.0,10.0,10.0
경상남도,창녕군,한식음식점,743.0,741.0,748.0
경상남도,창녕군,헬스클럽,3.0,3.0,3.0
경상남도,창녕군,호프주점,19.0,19.0,20.0
경상남도,창녕군,화장품가게,38.0,38.0,38.0
경상남도,창녕군,휴대폰가게,23.0,24.0,26.0
경상남도,창원시 마산합포구,LPG 충전소,10.0,10.0,10.0
경상남도,창원시 마산합포구,pc방,23.0,23.0,26.0
경상남도,창원시 마산합포구,가구점,34.0,34.0,34.0
경상남도,창원시 마산합포구,가전제품수리점,69.0,68.0,57.0
경상남도,창원시 마산합포구,가전제품판매점,43.0,43.0,45.0
경상남도,창원시 마산합포구,간이주점,24.0,24.0,22.0
경상남도,창원시 마산합포구,간판광고물업,44.0,44.0,44.0
경상남도,창원시 마산합포구,감정평가사,6.0,6.0,6.0
경상남도,창원시 마산합포구,건강보조식품가게,59.0,59.0,62.0
경상남도,창원시 마산합포구,건어물가게,62.0,62.0,64.0
경상남도,창원시 마산합포구,건축사,22.0,22.0,21.0
경상남도,창원시 마산합포구,결혼상담소,5.0,6.0,6.0
경상남도,창원시 마산합포구,곡물가게,16.0,16.0,15.0
경상남도,창원시 마산합포구,공인노무사,0.0,0.0,0.0
경상남도,창원시 마산합포구,공인회계사,3.0,3.0,0.0
경상남도,창원시 마산합포구,과일가게,59.0,57.0,55.0
경상남도,창원시 마산합포구,교습소ㆍ공부방,256.0,253.0,238.0
경상남도,창원시 마산합포구,교습학원,238.0,236.0,234.0
경상남도,창원시 마산합포구,구내식당,70.0,71.0,74.0
경상남도,창원시 마산합포구,기술ㆍ직업훈련학원,71.0,69.0,72.0
경상남도,창원시 마산합포구,기타외국식음식점,82.0,82.0,79.0
경상남도,창원시 마산합포구,기타음식점,65.0,66.0,70.0
경상남도,창원시 마산합포구,기타일반의원,6.0,6.0,5.0
경상남도,창원시 마산합포구,꽃가게,121.0,119.0,118.0
경상남도,창원시 마산합포구,내과ㆍ소아과의원,34.0,34.0,34.0
경상남도,창원시 마산합포구,노래방,41.0,41.0,43.0
경상남도,창원시 마산합포구,담배ㆍ복권소매업,71.0,71.0,71.0
경상남도,창원시 마산합포구,당구장,47.0,47.0,43.0
경상남도,창원시 마산합포구,독서실,11.0,11.0,12.0
경상남도,창원시 마산합포구,동물병원,13.0,13.0,12.0
경상남도,창원시 마산합포구,목욕탕,62.0,62.0,64.0
경상남도,창원시 마산합포구,문구점,44.0,43.0,41.0
경상남도,창원시 마산합포구,미용실,472.0,476.0,480.0
경상남도,창원시 마산합포구,법무사,30.0,29.0,28.0
경상남도,창원시 마산합포구,변호사,14.0,14.0,13.0
경상남도,창원시 마산합포구,부동산중개업,339.0,342.0,349.0
경상남도,창원시 마산합포구,분식점,240.0,242.0,244.0
경상남도,창원시 마산합포구,사진촬영업,50.0,48.0,43.0
경상남도,창원시 마산합포구,산부인과의원,6.0,6.0,6.0
경상남도,창원시 마산합포구,생선가게,114.0,115.0,107.0
경상남도,창원시 마산합포구,서점,30.0,32.0,33.0
경상남도,창원시 마산합포구,세무사,42.0,42.0,40.0
경상남도,창원시 마산합포구,세탁소,72.0,72.0,68.0
경상남도,창원시 마산합포구,슈퍼마켓,102.0,103.0,106.0
경상남도,창원시 마산합포구,스포츠교육기관,132.0,132.0,121.0
경상남도,창원시 마산합포구,스포츠시설운영업,27.0,27.0,24.0
경상남도,창원시 마산합포구,스포츠용품점,64.0,66.0,65.0
경상남도,창원시 마산합포구,시계ㆍ귀금속점,44.0,44.0,47.0
경상남도,창원시 마산합포구,식료품가게,186.0,185.0,193.0
경상남도,창원시 마산합포구,신경정신과의원,6.0,6.0,6.0
경상남도,창원시 마산합포구,신발가게,29.0,29.0,31.0
경상남도,창원시 마산합포구,실내스크린골프점,32.0,32.0,34.0
경상남도,창원시 마산합포구,실내장식가게,288.0,287.0,271.0
경상남도,창원시 마산합포구,실외골프연습장,12.0,12.0,13.0
경상남도,창원시 마산합포구,안경점,46.0,46.0,45.0
경상남도,창원시 마산합포구,안과의원,5.0,5.0,5.0
경상남도,창원시 마산합포구,애완용품점,46.0,45.0,42.0
경상남도,창원시 마산합포구,약국,77.0,77.0,75.0
경상남도,창원시 마산합포구,여관ㆍ모텔,126.0,126.0,128.0
경상남도,창원시 마산합포구,여행사,41.0,40.0,39.0
경상남도,창원시 마산합포구,예술학원,117.0,117.0,114.0
경상남도,창원시 마산합포구,예식장,3.0,3.0,3.0
경상남도,창원시 마산합포구,옷가게,469.0,470.0,486.0
경상남도,창원시 마산합포구,의료용품가게,23.0,22.0,20.0
경상남도,창원시 마산합포구,이륜자동차판매점,16.0,16.0,17.0
경상남도,창원시 마산합포구,이발소,44.0,44.0,46.0
경상남도,창원시 마산합포구,이비인후과의원,7.0,7.0,7.0
경상남도,창원시 마산합포구,일반외과의원,21.0,21.0,22.0
경상남도,창원시 마산합포구,일식음식점,58.0,56.0,54.0
경상남도,창원시 마산합포구,자동차수리점,170.0,170.0,170.0
경상남도,창원시 마산합포구,자전거판매점,6.0,6.0,6.0
경상남도,창원시 마산합포구,장난감가게,10.0,10.0,11.0
경상남도,창원시 마산합포구,정육점,101.0,100.0,100.0
경상남도,창원시 마산합포구,제과점,84.0,85.0,80.0
경상남도,창원시 마산합포구,종합병원,25.0,25.0,24.0
경상남도,창원시 마산합포구,주유소,30.0,30.0,32.0
경상남도,창원시 마산합포구,주차장운영업,72.0,69.0,73.0
경상남도,창원시 마산합포구,중고차판매점,12.0,13.0,10.0
경상남도,창원시 마산합포구,중식음식점,97.0,95.0,102.0
경상남도,창원시 마산합포구,채소가게,58.0,58.0,51.0
경상남도,창원시 마산합포구,철물점,30.0,30.0,30.0
경상남도,창원시 마산합포구,치과의원,62.0,62.0,63.0
경상남도,창원시 마산합포구,침구ㆍ커튼가게,45.0,46.0,47.0
경상남도,창원시 마산합포구,커피음료점,351.0,352.0,347.0
경상남도,창원시 마산합포구,컴퓨터판매점,25.0,25.0,26.0
경상남도,창원시 마산합포구,통신판매업,1282.0,1280.0,1244.0
경상남도,창원시 마산합포구,패스트푸드점,168.0,167.0,175.0
경상남도,창원시 마산합포구,펜션ㆍ게스트하우스,53.0,51.0,46.0
경상남도,창원시 마산합포구,편의점,171.0,174.0,179.0
경상남도,창원시 마산합포구,피부ㆍ비뇨기과의원,13.0,13.0,12.0
경상남도,창원시 마산합포구,피부관리업,257.0,256.0,251.0
경상남도,창원시 마산합포구,한방병원ㆍ한의원,50.0,50.0,49.0
경상남도,창원시 마산합포구,한식음식점,2061.0,2068.0,2097.0
경상남도,창원시 마산합포구,헬스클럽,36.0,35.0,34.0
경상남도,창원시 마산합포구,호프주점,47.0,48.0,58.0
경상남도,창원시 마산합포구,화장품가게,137.0,138.0,154.0
경상남도,창원시 마산합포구,휴대폰가게,78.0,78.0,75.0
경상남도,창원시 마산회원구,LPG 충전소,6.0,6.0,5.0
경상남도,창원시 마산회원구,pc방,24.0,24.0,24.0
경상남도,창원시 마산회원구,가구점,10.0,10.0,8.0
경상남도,창원시 마산회원구,가전제품수리점,87.0,87.0,89.0
경상남도,창원시 마산회원구,가전제품판매점,37.0,38.0,37.0
경상남도,창원시 마산회원구,간이주점,19.0,19.0,21.0
경상남도,창원시 마산회원구,간판광고물업,50.0,50.0,46.0
경상남도,창원시 마산회원구,감정평가사,0.0,0.0,0.0
경상남도,창원시 마산회원구,건강보조식품가게,57.0,57.0,55.0
경상남도,창원시 마산회원구,건어물가게,11.0,11.0,10.0
경상남도,창원시 마산회원구,건축사,11.0,10.0,10.0
경상남도,창원시 마산회원구,결혼상담소,4.0,4.0,8.0
경상남도,창원시 마산회원구,곡물가게,11.0,11.0,14.0
경상남도,창원시 마산회원구,공인노무사,0.0,0.0,0.0
경상남도,창원시 마산회원구,공인회계사,3.0,3.0,3.0
경상남도,창원시 마산회원구,과일가게,48.0,46.0,42.0
경상남도,창원시 마산회원구,교습소ㆍ공부방,184.0,181.0,178.0
경상남도,창원시 마산회원구,교습학원,246.0,248.0,246.0
경상남도,창원시 마산회원구,구내식당,67.0,68.0,73.0
경상남도,창원시 마산회원구,기술ㆍ직업훈련학원,75.0,77.0,84.0
경상남도,창원시 마산회원구,기술사,3.0,3.0,4.0
경상남도,창원시 마산회원구,기타외국식음식점,63.0,62.0,63.0
경상남도,창원시 마산회원구,기타음식점,46.0,49.0,57.0
경상남도,창원시 마산회원구,기타일반의원,10.0,9.0,9.0
경상남도,창원시 마산회원구,꽃가게,99.0,100.0,99.0
경상남도,창원시 마산회원구,내과ㆍ소아과의원,44.0,44.0,44.0
경상남도,창원시 마산회원구,노래방,58.0,58.0,58.0
경상남도,창원시 마산회원구,담배ㆍ복권소매업,62.0,61.0,64.0
경상남도,창원시 마산회원구,당구장,42.0,42.0,41.0
경상남도,창원시 마산회원구,독서실,12.0,12.0,13.0
경상남도,창원시 마산회원구,동물병원,15.0,15.0,16.0
경상남도,창원시 마산회원구,목욕탕,45.0,45.0,45.0
경상남도,창원시 마산회원구,문구점,35.0,37.0,40.0
경상남도,창원시 마산회원구,미용실,507.0,507.0,504.0
경상남도,창원시 마산회원구,법무사,4.0,4.0,5.0
경상남도,창원시 마산회원구,변호사,0.0,0.0,0.0
경상남도,창원시 마산회원구,부동산중개업,278.0,277.0,303.0
경상남도,창원시 마산회원구,분식점,159.0,162.0,158.0
경상남도,창원시 마산회원구,사진촬영업,46.0,44.0,45.0
경상남도,창원시 마산회원구,산부인과의원,9.0,9.0,9.0
경상남도,창원시 마산회원구,생선가게,25.0,25.0,21.0
경상남도,창원시 마산회원구,서점,36.0,36.0,36.0
경상남도,창원시 마산회원구,성형외과의원,4.0,4.0,4.0
경상남도,창원시 마산회원구,세무사,16.0,16.0,16.0
경상남도,창원시 마산회원구,세탁소,64.0,64.0,66.0
경상남도,창원시 마산회원구,슈퍼마켓,102.0,102.0,110.0
경상남도,창원시 마산회원구,스포츠교육기관,138.0,137.0,142.0
경상남도,창원시 마산회원구,스포츠시설운영업,15.0,15.0,19.0
경상남도,창원시 마산회원구,스포츠용품점,66.0,66.0,71.0
경상남도,창원시 마산회원구,시계ㆍ귀금속점,36.0,36.0,37.0
경상남도,창원시 마산회원구,식료품가게,141.0,143.0,153.0
경상남도,창원시 마산회원구,신경정신과의원,9.0,9.0,9.0
경상남도,창원시 마산회원구,신발가게,19.0,19.0,20.0
경상남도,창원시 마산회원구,실내스크린골프점,28.0,26.0,28.0
경상남도,창원시 마산회원구,실내장식가게,239.0,235.0,232.0
경상남도,창원시 마산회원구,실외골프연습장,4.0,4.0,4.0
경상남도,창원시 마산회원구,안경점,43.0,43.0,43.0
경상남도,창원시 마산회원구,안과의원,6.0,6.0,6.0
경상남도,창원시 마산회원구,애완용품점,27.0,26.0,28.0
경상남도,창원시 마산회원구,약국,87.0,87.0,88.0
경상남도,창원시 마산회원구,여관ㆍ모텔,117.0,117.0,118.0
경상남도,창원시 마산회원구,여행사,46.0,47.0,43.0
경상남도,창원시 마산회원구,예술학원,110.0,110.0,119.0
경상남도,창원시 마산회원구,예식장,4.0,4.0,4.0
경상남도,창원시 마산회원구,옷가게,261.0,262.0,276.0
경상남도,창원시 마산회원구,의료용품가게,21.0,20.0,21.0
경상남도,창원시 마산회원구,이륜자동차판매점,15.0,15.0,15.0
경상남도,창원시 마산회원구,이발소,44.0,44.0,44.0
경상남도,창원시 마산회원구,이비인후과의원,8.0,8.0,8.0
경상남도,창원시 마산회원구,일반외과의원,18.0,18.0,18.0
경상남도,창원시 마산회원구,일식음식점,41.0,40.0,46.0
경상남도,창원시 마산회원구,자동차수리점,236.0,237.0,232.0
경상남도,창원시 마산회원구,자전거판매점,6.0,6.0,6.0
경상남도,창원시 마산회원구,장난감가게,14.0,13.0,12.0
경상남도,창원시 마산회원구,정육점,84.0,86.0,92.0
경상남도,창원시 마산회원구,제과점,68.0,67.0,67.0
경상남도,창원시 마산회원구,종합병원,20.0,20.0,20.0
경상남도,창원시 마산회원구,주유소,41.0,41.0,41.0
경상남도,창원시 마산회원구,주차장운영업,63.0,63.0,61.0
경상남도,창원시 마산회원구,중고차판매점,63.0,62.0,66.0
경상남도,창원시 마산회원구,중식음식점,88.0,88.0,88.0
경상남도,창원시 마산회원구,채소가게,41.0,40.0,41.0
경상남도,창원시 마산회원구,철물점,30.0,30.0,30.0
경상남도,창원시 마산회원구,치과의원,63.0,63.0,62.0
경상남도,창원시 마산회원구,침구ㆍ커튼가게,32.0,32.0,32.0
경상남도,창원시 마산회원구,커피음료점,281.0,282.0,296.0
경상남도,창원시 마산회원구,컴퓨터판매점,18.0,18.0,16.0
경상남도,창원시 마산회원구,통신판매업,1208.0,1192.0,1133.0
경상남도,창원시 마산회원구,패스트푸드점,156.0,156.0,162.0
경상남도,창원시 마산회원구,펜션ㆍ게스트하우스,3.0,3.0,0.0
경상남도,창원시 마산회원구,편의점,143.0,146.0,152.0
경상남도,창원시 마산회원구,피부ㆍ비뇨기과의원,16.0,16.0,16.0
경상남도,창원시 마산회원구,피부관리업,317.0,318.0,304.0
경상남도,창원시 마산회원구,한방병원ㆍ한의원,45.0,45.0,43.0
경상남도,창원시 마산회원구,한식음식점,1468.0,1473.0,1536.0
경상남도,창원시 마산회원구,헬스클럽,40.0,40.0,44.0
경상남도,창원시 마산회원구,호프주점,70.0,69.0,76.0
경상남도,창원시 마산회원구,화장품가게,147.0,147.0,156.0
경상남도,창원시 마산회원구,휴대폰가게,69.0,70.0,70.0
경상남도,창원시 성산구,LPG 충전소,3.0,3.0,3.0
경상남도,창원시 성산구,pc방,34.0,36.0,35.0
경상남도,창원시 성산구,가구점,17.0,17.0,19.0
경상남도,창원시 성산구,가전제품수리점,86.0,83.0,84.0
경상남도,창원시 성산구,가전제품판매점,43.0,43.0,40.0
경상남도,창원시 성산구,간이주점,18.0,19.0,18.0
경상남도,창원시 성산구,간판광고물업,52.0,51.0,53.0
경상남도,창원시 성산구,감정평가사,19.0,20.0,19.0
경상남도,창원시 성산구,건강보조식품가게,61.0,62.0,69.0
경상남도,창원시 성산구,건어물가게,14.0,14.0,15.0
경상남도,창원시 성산구,건축사,44.0,43.0,41.0
경상남도,창원시 성산구,결혼상담소,23.0,23.0,19.0
경상남도,창원시 성산구,곡물가게,10.0,10.0,8.0
경상남도,창원시 성산구,공인노무사,25.0,25.0,23.0
경상남도,창원시 성산구,공인회계사,22.0,22.0,23.0
경상남도,창원시 성산구,과일가게,44.0,45.0,41.0
경상남도,창원시 성산구,교습소ㆍ공부방,416.0,418.0,389.0
경상남도,창원시 성산구,교습학원,440.0,441.0,435.0
경상남도,창원시 성산구,구내식당,176.0,175.0,171.0
경상남도,창원시 성산구,기술ㆍ직업훈련학원,168.0,168.0,171.0
경상남도,창원시 성산구,기술사,14.0,13.0,14.0
경상남도,창원시 성산구,기타외국식음식점,148.0,154.0,164.0
경상남도,창원시 성산구,기타음식점,74.0,76.0,76.0
경상남도,창원시 성산구,기타일반의원,13.0,13.0,15.0
경상남도,창원시 성산구,꽃가게,158.0,155.0,154.0
경상남도,창원시 성산구,내과ㆍ소아과의원,50.0,50.0,48.0
경상남도,창원시 성산구,노래방,74.0,73.0,81.0
경상남도,창원시 성산구,담배ㆍ복권소매업,40.0,40.0,38.0
경상남도,창원시 성산구,당구장,71.0,71.0,73.0
경상남도,창원시 성산구,독서실,24.0,23.0,24.0
경상남도,창원시 성산구,동물병원,22.0,22.0,23.0
경상남도,창원시 성산구,목욕탕,24.0,24.0,24.0
경상남도,창원시 성산구,문구점,52.0,52.0,53.0
경상남도,창원시 성산구,미용실,670.0,669.0,659.0
경상남도,창원시 성산구,법무사,89.0,89.0,85.0
경상남도,창원시 성산구,변리사,5.0,5.0,4.0
경상남도,창원시 성산구,변호사,160.0,159.0,153.0
경상남도,창원시 성산구,부동산중개업,678.0,683.0,694.0
경상남도,창원시 성산구,분식점,284.0,284.0,296.0
경상남도,창원시 성산구,사진촬영업,79.0,79.0,77.0
경상남도,창원시 성산구,산부인과의원,8.0,7.0,7.0
경상남도,창원시 성산구,생선가게,25.0,25.0,27.0
경상남도,창원시 성산구,서점,63.0,63.0,66.0
경상남도,창원시 성산구,성형외과의원,14.0,15.0,16.0
경상남도,창원시 성산구,세무사,93.0,93.0,90.0
경상남도,창원시 성산구,세탁소,111.0,115.0,114.0
경상남도,창원시 성산구,슈퍼마켓,111.0,112.0,113.0
경상남도,창원시 성산구,스포츠교육기관,222.0,221.0,215.0
경상남도,창원시 성산구,스포츠시설운영업,55.0,54.0,56.0
경상남도,창원시 성산구,스포츠용품점,80.0,79.0,83.0
경상남도,창원시 성산구,시계ㆍ귀금속점,72.0,74.0,68.0
경상남도,창원시 성산구,식료품가게,139.0,139.0,142.0
경상남도,창원시 성산구,신경정신과의원,12.0,12.0,12.0
경상남도,창원시 성산구,신발가게,17.0,17.0,17.0
경상남도,창원시 성산구,실내스크린골프점,55.0,54.0,56.0
경상남도,창원시 성산구,실내장식가게,331.0,327.0,320.0
경상남도,창원시 성산구,실외골프연습장,12.0,12.0,12.0
경상남도,창원시 성산구,안경점,55.0,55.0,57.0
경상남도,창원시 성산구,안과의원,10.0,10.0,10.0
경상남도,창원시 성산구,애완용품점,41.0,41.0,43.0
경상남도,창원시 성산구,약국,95.0,95.0,95.0
경상남도,창원시 성산구,여관ㆍ모텔,151.0,152.0,151.0
경상남도,창원시 성산구,여행사,96.0,98.0,99.0
경상남도,창원시 성산구,예술학원,245.0,244.0,250.0
경상남도,창원시 성산구,예식장,0.0,0.0,0.0
경상남도,창원시 성산구,옷가게,433.0,430.0,449.0
경상남도,창원시 성산구,의료용품가게,26.0,26.0,28.0
경상남도,창원시 성산구,이륜자동차판매점,13.0,13.0,13.0
경상남도,창원시 성산구,이발소,61.0,61.0,60.0
경상남도,창원시 성산구,이비인후과의원,15.0,14.0,14.0
경상남도,창원시 성산구,일반외과의원,19.0,19.0,17.0
경상남도,창원시 성산구,일식음식점,134.0,131.0,126.0
경상남도,창원시 성산구,자동차수리점,171.0,170.0,166.0
경상남도,창원시 성산구,자전거판매점,23.0,22.0,22.0
경상남도,창원시 성산구,장난감가게,9.0,9.0,10.0
경상남도,창원시 성산구,정육점,87.0,86.0,87.0
경상남도,창원시 성산구,제과점,136.0,135.0,125.0
경상남도,창원시 성산구,종합병원,13.0,13.0,14.0
경상남도,창원시 성산구,주유소,25.0,24.0,25.0
경상남도,창원시 성산구,주차장운영업,64.0,62.0,57.0
경상남도,창원시 성산구,중고차판매점,30.0,30.0,26.0
경상남도,창원시 성산구,중식음식점,116.0,116.0,117.0
경상남도,창원시 성산구,채소가게,35.0,35.0,36.0
경상남도,창원시 성산구,철물점,31.0,31.0,31.0
경상남도,창원시 성산구,치과의원,116.0,117.0,114.0
경상남도,창원시 성산구,침구ㆍ커튼가게,45.0,43.0,42.0
경상남도,창원시 성산구,커피음료점,498.0,495.0,504.0
경상남도,창원시 성산구,컴퓨터판매점,23.0,23.0,23.0
경상남도,창원시 성산구,통신판매업,1981.0,1965.0,1918.0
경상남도,창원시 성산구,패스트푸드점,235.0,236.0,242.0
경상남도,창원시 성산구,펜션ㆍ게스트하우스,8.0,9.0,8.0
경상남도,창원시 성산구,편의점,238.0,239.0,239.0
경상남도,창원시 성산구,피부ㆍ비뇨기과의원,34.0,34.0,32.0
경상남도,창원시 성산구,피부관리업,556.0,550.0,539.0
경상남도,창원시 성산구,한방병원ㆍ한의원,90.0,90.0,92.0
경상남도,창원시 성산구,한식음식점,1975.0,1979.0,2028.0
경상남도,창원시 성산구,헬스클럽,90.0,89.0,89.0
경상남도,창원시 성산구,호프주점,61.0,64.0,76.0
경상남도,창원시 성산구,화장품가게,242.0,243.0,254.0
경상남도,창원시 성산구,휴대폰가게,99.0,99.0,90.0
경상남도,창원시 의창구,LPG 충전소,11.0,11.0,11.0
경상남도,창원시 의창구,pc방,29.0,30.0,31.0
경상남도,창원시 의창구,가구점,43.0,43.0,40.0
경상남도,창원시 의창구,가전제품수리점,137.0,136.0,124.0
경상남도,창원시 의창구,가전제품판매점,70.0,70.0,73.0
경상남도,창원시 의창구,간이주점,17.0,17.0,17.0
경상남도,창원시 의창구,간판광고물업,65.0,65.0,67.0
경상남도,창원시 의창구,감정평가사,12.0,13.0,12.0
경상남도,창원시 의창구,건강보조식품가게,90.0,91.0,94.0
경상남도,창원시 의창구,건어물가게,23.0,22.0,21.0
경상남도,창원시 의창구,건축사,48.0,48.0,48.0
경상남도,창원시 의창구,결혼상담소,10.0,10.0,12.0
경상남도,창원시 의창구,곡물가게,15.0,15.0,15.0
경상남도,창원시 의창구,공인노무사,5.0,5.0,6.0
경상남도,창원시 의창구,공인회계사,4.0,4.0,3.0
경상남도,창원시 의창구,과일가게,77.0,78.0,80.0
경상남도,창원시 의창구,교습소ㆍ공부방,300.0,298.0,287.0
경상남도,창원시 의창구,교습학원,303.0,307.0,299.0
경상남도,창원시 의창구,구내식당,96.0,100.0,102.0
경상남도,창원시 의창구,기술ㆍ직업훈련학원,91.0,92.0,94.0
경상남도,창원시 의창구,기술사,14.0,14.0,11.0
경상남도,창원시 의창구,기타외국식음식점,85.0,82.0,88.0
경상남도,창원시 의창구,기타음식점,82.0,82.0,85.0
경상남도,창원시 의창구,기타일반의원,8.0,8.0,8.0
경상남도,창원시 의창구,꽃가게,203.0,201.0,204.0
경상남도,창원시 의창구,내과ㆍ소아과의원,50.0,50.0,49.0
경상남도,창원시 의창구,노래방,120.0,123.0,134.0
경상남도,창원시 의창구,담배ㆍ복권소매업,56.0,57.0,54.0
경상남도,창원시 의창구,당구장,67.0,67.0,68.0
경상남도,창원시 의창구,독서실,13.0,13.0,14.0
경상남도,창원시 의창구,동물병원,13.0,13.0,12.0
경상남도,창원시 의창구,목욕탕,34.0,34.0,35.0
경상남도,창원시 의창구,문구점,38.0,37.0,32.0
경상남도,창원시 의창구,미용실,546.0,542.0,539.0
경상남도,창원시 의창구,법무사,10.0,9.0,8.0
경상남도,창원시 의창구,변리사,3.0,3.0,3.0
경상남도,창원시 의창구,변호사,9.0,9.0,6.0
경상남도,창원시 의창구,부동산중개업,487.0,488.0,485.0
경상남도,창원시 의창구,분식점,222.0,225.0,229.0
경상남도,창원시 의창구,사진촬영업,73.0,73.0,71.0
경상남도,창원시 의창구,산부인과의원,6.0,6.0,6.0
경상남도,창원시 의창구,생선가게,31.0,31.0,33.0
경상남도,창원시 의창구,서점,47.0,46.0,43.0
경상남도,창원시 의창구,성형외과의원,0.0,0.0,0.0
경상남도,창원시 의창구,세무사,53.0,53.0,49.0
경상남도,창원시 의창구,세탁소,115.0,116.0,116.0
경상남도,창원시 의창구,슈퍼마켓,111.0,115.0,118.0
경상남도,창원시 의창구,스포츠교육기관,160.0,161.0,154.0
경상남도,창원시 의창구,스포츠시설운영업,31.0,31.0,37.0
경상남도,창원시 의창구,스포츠용품점,60.0,58.0,52.0
경상남도,창원시 의창구,시계ㆍ귀금속점,29.0,29.0,29.0
경상남도,창원시 의창구,식료품가게,153.0,155.0,165.0
경상남도,창원시 의창구,신경정신과의원,6.0,6.0,6.0
경상남도,창원시 의창구,신발가게,13.0,14.0,16.0
경상남도,창원시 의창구,실내스크린골프점,55.0,56.0,55.0
경상남도,창원시 의창구,실내장식가게,442.0,447.0,441.0
경상남도,창원시 의창구,실외골프연습장,6.0,6.0,5.0
경상남도,창원시 의창구,안경점,42.0,42.0,43.0
경상남도,창원시 의창구,안과의원,4.0,4.0,3.0
경상남도,창원시 의창구,애완용품점,54.0,54.0,54.0
경상남도,창원시 의창구,약국,106.0,105.0,102.0
경상남도,창원시 의창구,여관ㆍ모텔,102.0,102.0,109.0
경상남도,창원시 의창구,여행사,45.0,45.0,48.0
경상남도,창원시 의창구,예술학원,143.0,145.0,142.0
경상남도,창원시 의창구,예식장,4.0,5.0,5.0
경상남도,창원시 의창구,옷가게,276.0,281.0,292.0
경상남도,창원시 의창구,의료용품가게,34.0,33.0,29.0
경상남도,창원시 의창구,이륜자동차판매점,14.0,14.0,17.0
경상남도,창원시 의창구,이발소,49.0,48.0,50.0
경상남도,창원시 의창구,이비인후과의원,9.0,9.0,9.0
경상남도,창원시 의창구,일반외과의원,16.0,16.0,16.0
경상남도,창원시 의창구,일식음식점,57.0,60.0,57.0
경상남도,창원시 의창구,자동차수리점,321.0,315.0,315.0
경상남도,창원시 의창구,자전거판매점,12.0,12.0,12.0
경상남도,창원시 의창구,장난감가게,9.0,9.0,10.0
경상남도,창원시 의창구,정육점,139.0,138.0,131.0
경상남도,창원시 의창구,제과점,106.0,105.0,91.0
경상남도,창원시 의창구,종합병원,25.0,26.0,25.0
경상남도,창원시 의창구,주유소,38.0,39.0,40.0
경상남도,창원시 의창구,주차장운영업,42.0,40.0,39.0
경상남도,창원시 의창구,중고차판매점,52.0,52.0,50.0
경상남도,창원시 의창구,중식음식점,104.0,106.0,103.0
경상남도,창원시 의창구,채소가게,63.0,62.0,61.0
경상남도,창원시 의창구,철물점,46.0,46.0,44.0
경상남도,창원시 의창구,치과의원,64.0,64.0,62.0
경상남도,창원시 의창구,침구ㆍ커튼가게,21.0,21.0,23.0
경상남도,창원시 의창구,커피음료점,374.0,376.0,384.0
경상남도,창원시 의창구,컴퓨터판매점,26.0,26.0,26.0
경상남도,창원시 의창구,통신판매업,1674.0,1662.0,1638.0
경상남도,창원시 의창구,패스트푸드점,183.0,182.0,189.0
경상남도,창원시 의창구,펜션ㆍ게스트하우스,9.0,8.0,7.0
경상남도,창원시 의창구,편의점,207.0,205.0,214.0
경상남도,창원시 의창구,피부ㆍ비뇨기과의원,11.0,11.0,11.0
경상남도,창원시 의창구,피부관리업,377.0,376.0,377.0
경상남도,창원시 의창구,한방병원ㆍ한의원,59.0,59.0,59.0
경상남도,창원시 의창구,한식음식점,1873.0,1868.0,1907.0
경상남도,창원시 의창구,헬스클럽,50.0,50.0,48.0
경상남도,창원시 의창구,호프주점,44.0,44.0,48.0
경상남도,창원시 의창구,화장품가게,147.0,148.0,152.0
경상남도,창원시 의창구,휴대폰가게,92.0,88.0,87.0
경상남도,창원시 진해구,LPG 충전소,6.0,6.0,6.0
경상남도,창원시 진해구,pc방,27.0,27.0,30.0
경상남도,창원시 진해구,가구점,16.0,16.0,16.0
경상남도,창원시 진해구,가전제품수리점,77.0,77.0,76.0
경상남도,창원시 진해구,가전제품판매점,18.0,18.0,17.0
경상남도,창원시 진해구,간이주점,14.0,14.0,16.0
경상남도,창원시 진해구,간판광고물업,23.0,23.0,25.0
경상남도,창원시 진해구,감정평가사,0.0,0.0,0.0
경상남도,창원시 진해구,건강보조식품가게,35.0,35.0,38.0
경상남도,창원시 진해구,건어물가게,21.0,21.0,28.0
경상남도,창원시 진해구,건축사,13.0,13.0,12.0
경상남도,창원시 진해구,결혼상담소,3.0,3.0,0.0
경상남도,창원시 진해구,곡물가게,8.0,8.0,8.0
경상남도,창원시 진해구,공인회계사,0.0,0.0,0.0
경상남도,창원시 진해구,과일가게,29.0,29.0,28.0
경상남도,창원시 진해구,교습소ㆍ공부방,282.0,279.0,254.0
경상남도,창원시 진해구,교습학원,277.0,277.0,278.0
경상남도,창원시 진해구,구내식당,33.0,33.0,35.0
경상남도,창원시 진해구,기술ㆍ직업훈련학원,72.0,71.0,70.0
경상남도,창원시 진해구,기술사,0.0,0.0,0.0
경상남도,창원시 진해구,기타외국식음식점,75.0,74.0,66.0
경상남도,창원시 진해구,기타음식점,87.0,88.0,106.0
경상남도,창원시 진해구,기타일반의원,8.0,8.0,8.0
경상남도,창원시 진해구,꽃가게,101.0,100.0,99.0
경상남도,창원시 진해구,내과ㆍ소아과의원,39.0,39.0,39.0
경상남도,창원시 진해구,노래방,61.0,61.0,66.0
경상남도,창원시 진해구,담배ㆍ복권소매업,43.0,43.0,50.0
경상남도,창원시 진해구,당구장,62.0,64.0,65.0
경상남도,창원시 진해구,독서실,6.0,6.0,7.0
경상남도,창원시 진해구,동물병원,13.0,13.0,13.0
경상남도,창원시 진해구,목욕탕,37.0,37.0,37.0
경상남도,창원시 진해구,문구점,29.0,31.0,35.0
경상남도,창원시 진해구,미용실,451.0,450.0,455.0
경상남도,창원시 진해구,법무사,10.0,10.0,10.0
경상남도,창원시 진해구,변호사,3.0,3.0,3.0
경상남도,창원시 진해구,부동산중개업,306.0,308.0,319.0
경상남도,창원시 진해구,분식점,162.0,165.0,183.0
경상남도,창원시 진해구,사진촬영업,35.0,35.0,35.0
경상남도,창원시 진해구,산부인과의원,3.0,3.0,3.0
경상남도,창원시 진해구,생선가게,80.0,81.0,84.0
경상남도,창원시 진해구,서점,25.0,25.0,26.0
경상남도,창원시 진해구,성형외과의원,0.0,0.0,0.0
경상남도,창원시 진해구,세무사,5.0,5.0,5.0
경상남도,창원시 진해구,세탁소,73.0,72.0,71.0
경상남도,창원시 진해구,슈퍼마켓,89.0,91.0,85.0
경상남도,창원시 진해구,스포츠교육기관,157.0,159.0,158.0
경상남도,창원시 진해구,스포츠시설운영업,21.0,21.0,24.0
경상남도,창원시 진해구,스포츠용품점,70.0,71.0,75.0
경상남도,창원시 진해구,시계ㆍ귀금속점,22.0,22.0,26.0
경상남도,창원시 진해구,식료품가게,140.0,142.0,144.0
경상남도,창원시 진해구,신경정신과의원,4.0,4.0,4.0
경상남도,창원시 진해구,신발가게,11.0,11.0,11.0
경상남도,창원시 진해구,실내스크린골프점,44.0,42.0,42.0
경상남도,창원시 진해구,실내장식가게,187.0,187.0,176.0
경상남도,창원시 진해구,실외골프연습장,12.0,13.0,13.0
경상남도,창원시 진해구,안경점,40.0,40.0,40.0
경상남도,창원시 진해구,안과의원,5.0,5.0,5.0
경상남도,창원시 진해구,애완용품점,38.0,38.0,39.0
경상남도,창원시 진해구,약국,72.0,72.0,72.0
경상남도,창원시 진해구,여관ㆍ모텔,79.0,80.0,84.0
경상남도,창원시 진해구,여행사,12.0,12.0,12.0
경상남도,창원시 진해구,예술학원,124.0,126.0,133.0
경상남도,창원시 진해구,예식장,0.0,0.0,0.0
경상남도,창원시 진해구,옷가게,243.0,245.0,263.0
경상남도,창원시 진해구,의료용품가게,17.0,18.0,19.0
경상남도,창원시 진해구,이륜자동차판매점,6.0,6.0,6.0
경상남도,창원시 진해구,이발소,43.0,43.0,46.0
경상남도,창원시 진해구,이비인후과의원,11.0,11.0,11.0
경상남도,창원시 진해구,일반외과의원,11.0,11.0,10.0
경상남도,창원시 진해구,일식음식점,51.0,50.0,49.0
경상남도,창원시 진해구,자동차수리점,185.0,185.0,182.0
경상남도,창원시 진해구,자전거판매점,12.0,12.0,12.0
경상남도,창원시 진해구,장난감가게,11.0,11.0,11.0
경상남도,창원시 진해구,정육점,73.0,73.0,69.0
경상남도,창원시 진해구,제과점,79.0,79.0,72.0
경상남도,창원시 진해구,종합병원,11.0,11.0,11.0
경상남도,창원시 진해구,주유소,25.0,25.0,25.0
경상남도,창원시 진해구,주차장운영업,29.0,29.0,30.0
경상남도,창원시 진해구,중고차판매점,6.0,6.0,7.0
경상남도,창원시 진해구,중식음식점,96.0,97.0,100.0
경상남도,창원시 진해구,채소가게,29.0,28.0,30.0
경상남도,창원시 진해구,철물점,28.0,27.0,28.0
경상남도,창원시 진해구,치과의원,53.0,53.0,51.0
경상남도,창원시 진해구,침구ㆍ커튼가게,29.0,27.0,25.0
경상남도,창원시 진해구,커피음료점,337.0,340.0,345.0
경상남도,창원시 진해구,컴퓨터판매점,16.0,16.0,18.0
경상남도,창원시 진해구,통신판매업,1297.0,1288.0,1230.0
경상남도,창원시 진해구,패스트푸드점,207.0,209.0,210.0
경상남도,창원시 진해구,펜션ㆍ게스트하우스,7.0,7.0,4.0
경상남도,창원시 진해구,편의점,207.0,211.0,205.0
경상남도,창원시 진해구,피부ㆍ비뇨기과의원,12.0,12.0,13.0
경상남도,창원시 진해구,피부관리업,289.0,290.0,285.0
경상남도,창원시 진해구,한방병원ㆍ한의원,37.0,38.0,41.0
경상남도,창원시 진해구,한식음식점,1917.0,1929.0,2035.0
경상남도,창원시 진해구,헬스클럽,37.0,37.0,38.0
경상남도,창원시 진해구,호프주점,58.0,58.0,54.0
경상남도,창원시 진해구,화장품가게,120.0,121.0,130.0
경상남도,창원시 진해구,휴대폰가게,68.0,71.0,72.0
경상남도,통영시,LPG 충전소,6.0,6.0,7.0
경상남도,통영시,pc방,12.0,12.0,14.0
경상남도,통영시,가구점,18.0,18.0,21.0
경상남도,통영시,가전제품수리점,80.0,79.0,77.0
경상남도,통영시,가전제품판매점,38.0,36.0,36.0
경상남도,통영시,간이주점,38.0,39.0,45.0
경상남도,통영시,간판광고물업,24.0,25.0,24.0
경상남도,통영시,감정평가사,3.0,3.0,3.0
경상남도,통영시,건강보조식품가게,33.0,33.0,34.0
경상남도,통영시,건어물가게,132.0,133.0,134.0
경상남도,통영시,건축사,27.0,27.0,27.0
경상남도,통영시,결혼상담소,4.0,4.0,5.0
경상남도,통영시,곡물가게,9.0,10.0,9.0
경상남도,통영시,공인노무사,0.0,0.0,0.0
경상남도,통영시,공인회계사,0.0,0.0,0.0
경상남도,통영시,과일가게,30.0,29.0,30.0
경상남도,통영시,교습소ㆍ공부방,145.0,144.0,134.0
경상남도,통영시,교습학원,149.0,149.0,155.0
경상남도,통영시,구내식당,26.0,26.0,27.0
경상남도,통영시,기술ㆍ직업훈련학원,62.0,62.0,61.0
경상남도,통영시,기술사,6.0,6.0,6.0
경상남도,통영시,기타외국식음식점,55.0,55.0,62.0
경상남도,통영시,기타음식점,46.0,46.0,46.0
경상남도,통영시,기타일반의원,4.0,4.0,4.0
경상남도,통영시,꽃가게,70.0,70.0,70.0
경상남도,통영시,내과ㆍ소아과의원,33.0,33.0,32.0
경상남도,통영시,노래방,38.0,38.0,41.0
경상남도,통영시,담배ㆍ복권소매업,46.0,46.0,47.0
경상남도,통영시,당구장,47.0,49.0,49.0
경상남도,통영시,독서실,5.0,5.0,4.0
경상남도,통영시,동물병원,13.0,13.0,12.0
경상남도,통영시,목욕탕,30.0,29.0,33.0
경상남도,통영시,문구점,26.0,26.0,25.0
경상남도,통영시,미용실,337.0,336.0,329.0
경상남도,통영시,법무사,19.0,19.0,19.0
경상남도,통영시,변호사,27.0,27.0,28.0
경상남도,통영시,부동산중개업,148.0,148.0,152.0
경상남도,통영시,분식점,210.0,208.0,221.0
경상남도,통영시,사진촬영업,35.0,36.0,35.0
경상남도,통영시,산부인과의원,0.0,0.0,0.0
경상남도,통영시,생선가게,191.0,187.0,196.0
경상남도,통영시,서점,16.0,15.0,16.0
경상남도,통영시,성형외과의원,0.0,0.0,0.0
경상남도,통영시,세무사,18.0,18.0,18.0
경상남도,통영시,세탁소,54.0,55.0,56.0
경상남도,통영시,슈퍼마켓,66.0,67.0,71.0
경상남도,통영시,스포츠교육기관,87.0,88.0,83.0
경상남도,통영시,스포츠시설운영업,19.0,19.0,20.0
경상남도,통영시,스포츠용품점,88.0,88.0,92.0
경상남도,통영시,시계ㆍ귀금속점,30.0,30.0,30.0
경상남도,통영시,식료품가게,202.0,202.0,208.0
경상남도,통영시,신경정신과의원,5.0,5.0,5.0
경상남도,통영시,신발가게,22.0,22.0,21.0
경상남도,통영시,실내스크린골프점,25.0,26.0,27.0
경상남도,통영시,실내장식가게,124.0,125.0,122.0
경상남도,통영시,실외골프연습장,3.0,3.0,0.0
경상남도,통영시,안경점,20.0,20.0,22.0
경상남도,통영시,안과의원,4.0,4.0,4.0
경상남도,통영시,애완용품점,9.0,8.0,9.0
경상남도,통영시,약국,63.0,62.0,61.0
경상남도,통영시,여관ㆍ모텔,141.0,145.0,148.0
경상남도,통영시,여행사,39.0,39.0,36.0
경상남도,통영시,예술학원,83.0,83.0,86.0
경상남도,통영시,예식장,3.0,3.0,3.0
경상남도,통영시,옷가게,245.0,246.0,260.0
경상남도,통영시,의료용품가게,14.0,14.0,14.0
경상남도,통영시,이륜자동차판매점,3.0,3.0,3.0
경상남도,통영시,이발소,47.0,47.0,48.0
경상남도,통영시,이비인후과의원,3.0,3.0,3.0
경상남도,통영시,일반외과의원,8.0,8.0,10.0
경상남도,통영시,일식음식점,33.0,32.0,38.0
경상남도,통영시,자동차수리점,116.0,116.0,122.0
경상남도,통영시,자전거판매점,9.0,9.0,9.0
경상남도,통영시,장난감가게,15.0,14.0,11.0
경상남도,통영시,정육점,36.0,37.0,39.0
경상남도,통영시,제과점,84.0,82.0,85.0
경상남도,통영시,종합병원,9.0,9.0,9.0
경상남도,통영시,주유소,24.0,25.0,25.0
경상남도,통영시,주차장운영업,27.0,27.0,25.0
경상남도,통영시,중고차판매점,4.0,4.0,0.0
경상남도,통영시,중식음식점,74.0,75.0,71.0
경상남도,통영시,채소가게,35.0,35.0,33.0
경상남도,통영시,철물점,24.0,24.0,24.0
경상남도,통영시,치과의원,33.0,33.0,35.0
경상남도,통영시,침구ㆍ커튼가게,42.0,42.0,45.0
경상남도,통영시,커피음료점,249.0,248.0,249.0
경상남도,통영시,컴퓨터판매점,9.0,9.0,9.0
경상남도,통영시,통신판매업,762.0,763.0,718.0
경상남도,통영시,패스트푸드점,139.0,139.0,155.0
경상남도,통영시,펜션ㆍ게스트하우스,490.0,496.0,453.0
경상남도,통영시,편의점,143.0,144.0,154.0
경상남도,통영시,피부ㆍ비뇨기과의원,8.0,8.0,8.0
경상남도,통영시,피부관리업,173.0,171.0,161.0
경상남도,통영시,한방병원ㆍ한의원,27.0,27.0,25.0
경상남도,통영시,한식음식점,1450.0,1457.0,1451.0
경상남도,통영시,헬스클럽,21.0,21.0,22.0
경상남도,통영시,호프주점,121.0,122.0,135.0
경상남도,통영시,화장품가게,83.0,82.0,85.0
경상남도,통영시,휴대폰가게,48.0,48.0,45.0
경상남도,하동군,LPG 충전소,4.0,4.0,4.0
경상남도,하동군,pc방,0.0,0.0,0.0
경상남도,하동군,가구점,7.0,7.0,7.0
경상남도,하동군,가전제품수리점,11.0,11.0,12.0
경상남도,하동군,가전제품판매점,9.0,9.0,9.0
경상남도,하동군,간이주점,5.0,5.0,5.0
경상남도,하동군,간판광고물업,7.0,7.0,7.0
경상남도,하동군,건강보조식품가게,22.0,20.0,21.0
경상남도,하동군,건어물가게,26.0,26.0,26.0
경상남도,하동군,건축사,8.0,8.0,7.0
경상남도,하동군,결혼상담소,0.0,0.0,0.0
경상남도,하동군,곡물가게,15.0,15.0,16.0
경상남도,하동군,공인회계사,0.0,0.0,0.0
경상남도,하동군,과일가게,118.0,120.0,122.0
경상남도,하동군,교습소ㆍ공부방,21.0,20.0,18.0
경상남도,하동군,교습학원,24.0,24.0,26.0
경상남도,하동군,구내식당,12.0,12.0,14.0
경상남도,하동군,기술ㆍ직업훈련학원,23.0,23.0,22.0
경상남도,하동군,기술사,0.0,0.0,0.0
경상남도,하동군,기타외국식음식점,13.0,13.0,12.0
경상남도,하동군,기타음식점,21.0,21.0,19.0
경상남도,하동군,기타일반의원,4.0,4.0,3.0
경상남도,하동군,꽃가게,44.0,44.0,47.0
경상남도,하동군,내과ㆍ소아과의원,11.0,11.0,12.0
경상남도,하동군,노래방,9.0,9.0,9.0
경상남도,하동군,담배ㆍ복권소매업,20.0,20.0,20.0
경상남도,하동군,당구장,7.0,7.0,9.0
경상남도,하동군,동물병원,7.0,7.0,7.0
경상남도,하동군,목욕탕,17.0,18.0,18.0
경상남도,하동군,문구점,8.0,8.0,8.0
경상남도,하동군,미용실,79.0,78.0,82.0
경상남도,하동군,법무사,9.0,9.0,9.0
경상남도,하동군,부동산중개업,51.0,54.0,56.0
경상남도,하동군,분식점,60.0,58.0,56.0
경상남도,하동군,사진촬영업,7.0,7.0,6.0
경상남도,하동군,산부인과의원,0.0,0.0,0.0
경상남도,하동군,생선가게,35.0,34.0,38.0
경상남도,하동군,서점,11.0,9.0,11.0
경상남도,하동군,세무사,0.0,0.0,0.0
경상남도,하동군,세탁소,14.0,14.0,13.0
경상남도,하동군,슈퍼마켓,23.0,24.0,25.0
경상남도,하동군,스포츠교육기관,16.0,16.0,18.0
경상남도,하동군,스포츠시설운영업,3.0,3.0,5.0
경상남도,하동군,스포츠용품점,23.0,23.0,21.0
경상남도,하동군,시계ㆍ귀금속점,5.0,5.0,6.0
경상남도,하동군,식료품가게,104.0,107.0,111.0
경상남도,하동군,신발가게,7.0,7.0,7.0
경상남도,하동군,실내스크린골프점,6.0,6.0,6.0
경상남도,하동군,실내장식가게,32.0,32.0,30.0
경상남도,하동군,실외골프연습장,0.0,0.0,0.0
경상남도,하동군,안경점,4.0,4.0,4.0
경상남도,하동군,안과의원,0.0,0.0,0.0
경상남도,하동군,애완용품점,0.0,0.0,0.0
경상남도,하동군,약국,14.0,15.0,15.0
경상남도,하동군,여관ㆍ모텔,46.0,46.0,46.0
경상남도,하동군,여행사,9.0,9.0,8.0
경상남도,하동군,예술학원,13.0,13.0,14.0
경상남도,하동군,옷가게,61.0,62.0,66.0
경상남도,하동군,의료용품가게,9.0,9.0,7.0
경상남도,하동군,이륜자동차판매점,6.0,6.0,6.0
경상남도,하동군,이발소,12.0,12.0,14.0
경상남도,하동군,일반외과의원,0.0,0.0,0.0
경상남도,하동군,일식음식점,13.0,13.0,14.0
경상남도,하동군,자동차수리점,50.0,52.0,51.0
경상남도,하동군,자전거판매점,0.0,0.0,0.0
경상남도,하동군,장난감가게,0.0,0.0,0.0
경상남도,하동군,정육점,10.0,11.0,13.0
경상남도,하동군,제과점,27.0,27.0,26.0
경상남도,하동군,종합병원,4.0,4.0,4.0
경상남도,하동군,주유소,28.0,28.0,28.0
경상남도,하동군,주차장운영업,4.0,4.0,4.0
경상남도,하동군,중고차판매점,0.0,0.0,0.0
경상남도,하동군,중식음식점,24.0,25.0,23.0
경상남도,하동군,채소가게,120.0,120.0,128.0
경상남도,하동군,철물점,19.0,19.0,21.0
경상남도,하동군,치과의원,11.0,11.0,11.0
경상남도,하동군,침구ㆍ커튼가게,14.0,14.0,14.0
경상남도,하동군,커피음료점,126.0,126.0,127.0
경상남도,하동군,통신판매업,206.0,205.0,198.0
경상남도,하동군,패스트푸드점,51.0,51.0,52.0
경상남도,하동군,펜션ㆍ게스트하우스,240.0,241.0,225.0
경상남도,하동군,편의점,37.0,38.0,37.0
경상남도,하동군,피부관리업,24.0,23.0,23.0
경상남도,하동군,한방병원ㆍ한의원,9.0,9.0,9.0
경상남도,하동군,한식음식점,609.0,613.0,616.0
경상남도,하동군,헬스클럽,0.0,0.0,0.0
경상남도,하동군,호프주점,11.0,11.0,13.0
경상남도,하동군,화장품가게,21.0,20.0,18.0
경상남도,하동군,휴대폰가게,18.0,18.0,17.0
경상남도,함안군,LPG 충전소,14.0,14.0,14.0
경상남도,함안군,pc방,4.0,4.0,4.0
경상남도,함안군,가구점,7.0,7.0,7.0
경상남도,함안군,가전제품수리점,26.0,26.0,21.0
경상남도,함안군,가전제품판매점,5.0,5.0,4.0
경상남도,함안군,간이주점,0.0,0.0,0.0
경상남도,함안군,간판광고물업,17.0,17.0,16.0
경상남도,함안군,건강보조식품가게,12.0,12.0,13.0
경상남도,함안군,건어물가게,4.0,3.0,3.0
경상남도,함안군,건축사,15.0,15.0,15.0
경상남도,함안군,곡물가게,9.0,9.0,7.0
경상남도,함안군,과일가게,36.0,37.0,37.0
경상남도,함안군,교습소ㆍ공부방,54.0,53.0,57.0
경상남도,함안군,교습학원,47.0,48.0,57.0
경상남도,함안군,구내식당,57.0,57.0,65.0
경상남도,함안군,기술ㆍ직업훈련학원,10.0,9.0,11.0
경상남도,함안군,기술사,0.0,0.0,0.0
경상남도,함안군,기타외국식음식점,20.0,20.0,20.0
경상남도,함안군,기타음식점,26.0,24.0,29.0
경상남도,함안군,기타일반의원,3.0,3.0,3.0
경상남도,함안군,꽃가게,27.0,27.0,29.0
경상남도,함안군,내과ㆍ소아과의원,13.0,14.0,13.0
경상남도,함안군,노래방,17.0,17.0,18.0
경상남도,함안군,담배ㆍ복권소매업,24.0,23.0,21.0
경상남도,함안군,당구장,9.0,9.0,10.0
경상남도,함안군,독서실,4.0,4.0,5.0
경상남도,함안군,동물병원,8.0,8.0,7.0
경상남도,함안군,목욕탕,12.0,12.0,12.0
경상남도,함안군,문구점,9.0,9.0,9.0
경상남도,함안군,미용실,99.0,99.0,107.0
경상남도,함안군,법무사,8.0,8.0,7.0
경상남도,함안군,부동산중개업,117.0,121.0,122.0
경상남도,함안군,분식점,57.0,60.0,59.0
경상남도,함안군,사진촬영업,8.0,8.0,5.0
경상남도,함안군,산부인과의원,0.0,0.0,0.0
경상남도,함안군,생선가게,3.0,3.0,3.0
경상남도,함안군,서점,7.0,7.0,7.0
경상남도,함안군,세무사,0.0,0.0,0.0
경상남도,함안군,세탁소,16.0,16.0,17.0
경상남도,함안군,슈퍼마켓,40.0,40.0,38.0
경상남도,함안군,스포츠교육기관,20.0,20.0,19.0
경상남도,함안군,스포츠시설운영업,4.0,4.0,4.0
경상남도,함안군,스포츠용품점,26.0,26.0,25.0
경상남도,함안군,시계ㆍ귀금속점,7.0,7.0,8.0
경상남도,함안군,식료품가게,85.0,86.0,86.0
경상남도,함안군,신발가게,6.0,6.0,5.0
경상남도,함안군,실내스크린골프점,15.0,16.0,16.0
경상남도,함안군,실내장식가게,62.0,61.0,57.0
경상남도,함안군,실외골프연습장,0.0,0.0,0.0
경상남도,함안군,안경점,9.0,9.0,8.0
경상남도,함안군,안과의원,0.0,0.0,0.0
경상남도,함안군,애완용품점,10.0,10.0,10.0
경상남도,함안군,약국,25.0,25.0,24.0
경상남도,함안군,여관ㆍ모텔,46.0,45.0,45.0
경상남도,함안군,여행사,10.0,10.0,9.0
경상남도,함안군,예술학원,29.0,29.0,31.0
경상남도,함안군,옷가게,38.0,37.0,43.0
경상남도,함안군,의료용품가게,7.0,7.0,8.0
경상남도,함안군,이륜자동차판매점,7.0,7.0,7.0
경상남도,함안군,이발소,14.0,14.0,14.0
경상남도,함안군,이비인후과의원,0.0,0.0,0.0
경상남도,함안군,일반외과의원,0.0,0.0,0.0
경상남도,함안군,일식음식점,6.0,6.0,5.0
경상남도,함안군,자동차수리점,95.0,94.0,92.0
경상남도,함안군,자전거판매점,4.0,4.0,4.0
경상남도,함안군,장난감가게,0.0,0.0,0.0
경상남도,함안군,정육점,24.0,25.0,21.0
경상남도,함안군,제과점,24.0,24.0,18.0
경상남도,함안군,종합병원,5.0,5.0,5.0
경상남도,함안군,주유소,57.0,56.0,54.0
경상남도,함안군,주차장운영업,4.0,4.0,4.0
경상남도,함안군,중고차판매점,3.0,3.0,4.0
경상남도,함안군,중식음식점,42.0,42.0,44.0
경상남도,함안군,채소가게,31.0,32.0,24.0
경상남도,함안군,철물점,11.0,11.0,11.0
경상남도,함안군,치과의원,15.0,15.0,15.0
경상남도,함안군,침구ㆍ커튼가게,11.0,11.0,11.0
경상남도,함안군,커피음료점,112.0,112.0,117.0
경상남도,함안군,컴퓨터판매점,9.0,9.0,7.0
경상남도,함안군,통신판매업,307.0,305.0,287.0
경상남도,함안군,패스트푸드점,63.0,64.0,60.0
경상남도,함안군,펜션ㆍ게스트하우스,18.0,18.0,14.0
경상남도,함안군,편의점,61.0,61.0,65.0
경상남도,함안군,피부관리업,42.0,41.0,37.0
경상남도,함안군,한방병원ㆍ한의원,12.0,12.0,11.0
경상남도,함안군,한식음식점,674.0,668.0,683.0
경상남도,함안군,헬스클럽,11.0,11.0,10.0
경상남도,함안군,호프주점,15.0,16.0,21.0
경상남도,함안군,화장품가게,23.0,24.0,24.0
경상남도,함안군,휴대폰가게,15.0,15.0,14.0
경상남도,함양군,LPG 충전소,3.0,3.0,3.0
경상남도,함양군,pc방,3.0,3.0,4.0
경상남도,함양군,가구점,6.0,6.0,6.0
경상남도,함양군,가전제품수리점,7.0,7.0,6.0
경상남도,함양군,가전제품판매점,8.0,8.0,7.0
경상남도,함양군,간이주점,3.0,3.0,3.0
경상남도,함양군,간판광고물업,14.0,14.0,14.0
경상남도,함양군,감정평가사,0.0,0.0,0.0
경상남도,함양군,건강보조식품가게,20.0,20.0,19.0
경상남도,함양군,건어물가게,4.0,4.0,4.0
경상남도,함양군,건축사,11.0,11.0,12.0
경상남도,함양군,결혼상담소,0.0,0.0,0.0
경상남도,함양군,곡물가게,9.0,9.0,8.0
경상남도,함양군,과일가게,35.0,35.0,34.0
경상남도,함양군,교습소ㆍ공부방,18.0,17.0,17.0
경상남도,함양군,교습학원,29.0,29.0,33.0
경상남도,함양군,구내식당,9.0,9.0,9.0
경상남도,함양군,기술ㆍ직업훈련학원,10.0,9.0,11.0
경상남도,함양군,기술사,3.0,3.0,3.0
경상남도,함양군,기타외국식음식점,13.0,13.0,15.0
경상남도,함양군,기타음식점,17.0,17.0,18.0
경상남도,함양군,기타일반의원,5.0,5.0,5.0
경상남도,함양군,꽃가게,31.0,32.0,31.0
경상남도,함양군,내과ㆍ소아과의원,7.0,7.0,7.0
경상남도,함양군,노래방,7.0,7.0,7.0
경상남도,함양군,담배ㆍ복권소매업,18.0,18.0,18.0
경상남도,함양군,당구장,12.0,12.0,12.0
경상남도,함양군,독서실,0.0,0.0,0.0
경상남도,함양군,동물병원,7.0,7.0,8.0
경상남도,함양군,목욕탕,10.0,10.0,10.0
경상남도,함양군,문구점,11.0,11.0,13.0
경상남도,함양군,미용실,59.0,59.0,55.0
경상남도,함양군,법무사,7.0,7.0,7.0
경상남도,함양군,변호사,0.0,0.0,0.0
경상남도,함양군,부동산중개업,31.0,32.0,35.0
경상남도,함양군,분식점,37.0,37.0,40.0
경상남도,함양군,사진촬영업,9.0,9.0,8.0
경상남도,함양군,생선가게,4.0,4.0,4.0
경상남도,함양군,서점,3.0,3.0,3.0
경상남도,함양군,세무사,0.0,0.0,0.0
경상남도,함양군,세탁소,17.0,16.0,17.0
경상남도,함양군,슈퍼마켓,25.0,25.0,31.0
경상남도,함양군,스포츠교육기관,21.0,21.0,20.0
경상남도,함양군,스포츠시설운영업,3.0,3.0,4.0
경상남도,함양군,스포츠용품점,11.0,11.0,13.0
경상남도,함양군,시계ㆍ귀금속점,6.0,6.0,6.0
경상남도,함양군,식료품가게,82.0,81.0,85.0
경상남도,함양군,신경정신과의원,0.0,0.0,0.0
경상남도,함양군,신발가게,3.0,3.0,3.0
경상남도,함양군,실내스크린골프점,4.0,4.0,4.0
경상남도,함양군,실내장식가게,47.0,47.0,41.0
경상남도,함양군,실외골프연습장,0.0,0.0,0.0
경상남도,함양군,안경점,7.0,7.0,6.0
경상남도,함양군,안과의원,0.0,0.0,0.0
경상남도,함양군,애완용품점,9.0,9.0,10.0
경상남도,함양군,약국,20.0,20.0,21.0
경상남도,함양군,여관ㆍ모텔,32.0,32.0,35.0
경상남도,함양군,여행사,7.0,7.0,6.0
경상남도,함양군,예술학원,21.0,21.0,21.0
경상남도,함양군,옷가게,52.0,50.0,52.0
경상남도,함양군,의료용품가게,3.0,4.0,4.0
경상남도,함양군,이륜자동차판매점,3.0,3.0,3.0
경상남도,함양군,이발소,13.0,12.0,13.0
경상남도,함양군,일반외과의원,5.0,5.0,5.0
경상남도,함양군,일식음식점,7.0,7.0,4.0
경상남도,함양군,자동차수리점,38.0,37.0,35.0
경상남도,함양군,자전거판매점,4.0,4.0,3.0
경상남도,함양군,장난감가게,0.0,0.0,0.0
경상남도,함양군,정육점,29.0,30.0,29.0
경상남도,함양군,제과점,11.0,10.0,11.0
경상남도,함양군,종합병원,0.0,0.0,0.0
경상남도,함양군,주유소,22.0,22.0,24.0
경상남도,함양군,중고차판매점,0.0,0.0,0.0
경상남도,함양군,중식음식점,28.0,28.0,26.0
경상남도,함양군,채소가게,43.0,42.0,39.0
경상남도,함양군,철물점,15.0,15.0,14.0
경상남도,함양군,치과의원,11.0,10.0,10.0
경상남도,함양군,침구ㆍ커튼가게,5.0,5.0,4.0
경상남도,함양군,커피음료점,79.0,78.0,72.0
경상남도,함양군,컴퓨터판매점,7.0,7.0,6.0
경상남도,함양군,통신판매업,175.0,175.0,170.0
경상남도,함양군,패스트푸드점,44.0,44.0,48.0
경상남도,함양군,펜션ㆍ게스트하우스,90.0,88.0,71.0
경상남도,함양군,편의점,29.0,30.0,30.0
경상남도,함양군,피부관리업,22.0,23.0,22.0
경상남도,함양군,한방병원ㆍ한의원,11.0,11.0,11.0
경상남도,함양군,한식음식점,469.0,468.0,474.0
경상남도,함양군,헬스클럽,3.0,0.0,0.0
경상남도,함양군,호프주점,5.0,5.0,6.0
경상남도,함양군,화장품가게,11.0,11.0,10.0
경상남도,함양군,휴대폰가게,10.0,10.0,9.0
경상남도,합천군,LPG 충전소,0.0,0.0,0.0
경상남도,합천군,pc방,0.0,0.0,0.0
경상남도,합천군,가구점,7.0,7.0,8.0
경상남도,합천군,가전제품수리점,8.0,7.0,5.0
경상남도,합천군,가전제품판매점,13.0,13.0,13.0
경상남도,합천군,간이주점,0.0,0.0,0.0
경상남도,합천군,간판광고물업,7.0,7.0,7.0
경상남도,합천군,감정평가사,0.0,0.0,0.0
경상남도,합천군,건강보조식품가게,12.0,12.0,14.0
경상남도,합천군,건어물가게,4.0,4.0,3.0
경상남도,합천군,건축사,8.0,8.0,8.0
경상남도,합천군,곡물가게,14.0,13.0,12.0
경상남도,합천군,공인회계사,0.0,0.0,0.0
경상남도,합천군,과일가게,9.0,9.0,10.0
경상남도,합천군,교습소ㆍ공부방,13.0,13.0,14.0
경상남도,합천군,교습학원,19.0,20.0,20.0
경상남도,합천군,구내식당,6.0,6.0,8.0
경상남도,합천군,기술ㆍ직업훈련학원,15.0,15.0,12.0
경상남도,합천군,기술사,4.0,4.0,4.0
경상남도,합천군,기타외국식음식점,10.0,10.0,13.0
경상남도,합천군,기타음식점,48.0,46.0,48.0
경상남도,합천군,꽃가게,21.0,21.0,22.0
경상남도,합천군,내과ㆍ소아과의원,12.0,13.0,13.0
경상남도,합천군,노래방,4.0,4.0,3.0
경상남도,합천군,담배ㆍ복권소매업,45.0,45.0,45.0
경상남도,합천군,당구장,9.0,9.0,9.0
경상남도,합천군,동물병원,15.0,14.0,13.0
경상남도,합천군,목욕탕,17.0,17.0,17.0
경상남도,합천군,문구점,4.0,4.0,4.0
경상남도,합천군,미용실,68.0,68.0,66.0
경상남도,합천군,법무사,8.0,8.0,8.0
경상남도,합천군,변호사,0.0,0.0,0.0
경상남도,합천군,부동산중개업,37.0,39.0,42.0
경상남도,합천군,분식점,27.0,27.0,25.0
경상남도,합천군,사진촬영업,7.0,7.0,7.0
경상남도,합천군,생선가게,3.0,3.0,3.0
경상남도,합천군,서점,5.0,5.0,5.0
경상남도,합천군,세무사,0.0,0.0,0.0
경상남도,합천군,세탁소,11.0,11.0,12.0
경상남도,합천군,슈퍼마켓,27.0,27.0,29.0
경상남도,합천군,스포츠교육기관,10.0,10.0,11.0
경상남도,합천군,스포츠시설운영업,0.0,0.0,0.0
경상남도,합천군,스포츠용품점,15.0,15.0,15.0
경상남도,합천군,시계ㆍ귀금속점,7.0,7.0,7.0
경상남도,합천군,식료품가게,66.0,68.0,69.0
경상남도,합천군,신발가게,4.0,4.0,3.0
경상남도,합천군,실내스크린골프점,5.0,5.0,5.0
경상남도,합천군,실내장식가게,31.0,30.0,28.0
경상남도,합천군,실외골프연습장,5.0,5.0,5.0
경상남도,합천군,안경점,4.0,4.0,3.0
경상남도,합천군,안과의원,0.0,0.0,0.0
경상남도,합천군,애완용품점,0.0,0.0,0.0
경상남도,합천군,약국,16.0,16.0,18.0
경상남도,합천군,여관ㆍ모텔,41.0,41.0,44.0
경상남도,합천군,여행사,10.0,10.0,10.0
경상남도,합천군,예술학원,11.0,11.0,11.0
경상남도,합천군,옷가게,33.0,33.0,33.0
경상남도,합천군,의료용품가게,7.0,7.0,7.0
경상남도,합천군,이륜자동차판매점,5.0,5.0,5.0
경상남도,합천군,이발소,12.0,12.0,12.0
경상남도,합천군,이비인후과의원,0.0,0.0,0.0
경상남도,합천군,일반외과의원,0.0,0.0,0.0
경상남도,합천군,일식음식점,6.0,6.0,5.0
경상남도,합천군,자동차수리점,29.0,29.0,29.0
경상남도,합천군,자전거판매점,0.0,0.0,0.0
경상남도,합천군,정육점,29.0,29.0,28.0
경상남도,합천군,제과점,7.0,7.0,8.0
경상남도,합천군,종합병원,4.0,4.0,4.0
경상남도,합천군,주유소,26.0,26.0,28.0
경상남도,합천군,주차장운영업,0.0,0.0,0.0
경상남도,합천군,중고차판매점,0.0,0.0,0.0
경상남도,합천군,중식음식점,28.0,28.0,27.0
경상남도,합천군,채소가게,30.0,30.0,29.0
경상남도,합천군,철물점,6.0,6.0,7.0
경상남도,합천군,치과의원,10.0,10.0,10.0
경상남도,합천군,침구ㆍ커튼가게,8.0,8.0,8.0
경상남도,합천군,커피음료점,76.0,75.0,76.0
경상남도,합천군,컴퓨터판매점,9.0,9.0,8.0
경상남도,합천군,통신판매업,133.0,132.0,127.0
경상남도,합천군,패스트푸드점,41.0,41.0,38.0
경상남도,합천군,펜션ㆍ게스트하우스,64.0,62.0,55.0
경상남도,합천군,편의점,24.0,23.0,21.0
경상남도,합천군,피부관리업,15.0,15.0,14.0
경상남도,합천군,한방병원ㆍ한의원,13.0,13.0,13.0
경상남도,합천군,한식음식점,447.0,447.0,459.0
경상남도,합천군,헬스클럽,0.0,0.0,0.0
경상남도,합천군,호프주점,5.0,5.0,6.0
경상남도,합천군,화장품가게,8.0,7.0,8.0
경상남도,합천군,휴대폰가게,7.0,7.0,7.0
경상북도,경산시,LPG 충전소,13.0,13.0,13.0
경상북도,경산시,pc방,51.0,51.0,57.0
경상북도,경산시,가구점,39.0,40.0,39.0
경상북도,경산시,가전제품수리점,105.0,105.0,97.0
경상북도,경산시,가전제품판매점,64.0,65.0,63.0
경상북도,경산시,간이주점,4.0,4.0,0.0
경상북도,경산시,간판광고물업,68.0,69.0,67.0
경상북도,경산시,감정평가사,5.0,5.0,3.0
경상북도,경산시,건강보조식품가게,40.0,41.0,46.0
경상북도,경산시,건어물가게,12.0,12.0,11.0
경상북도,경산시,건축사,71.0,72.0,72.0
경상북도,경산시,결혼상담소,6.0,6.0,3.0
경상북도,경산시,곡물가게,27.0,27.0,28.0
경상북도,경산시,공인노무사,0.0,0.0,0.0
경상북도,경산시,공인회계사,5.0,5.0,5.0
경상북도,경산시,과일가게,91.0,90.0,84.0
경상북도,경산시,교습소ㆍ공부방,349.0,347.0,337.0
경상북도,경산시,교습학원,334.0,334.0,337.0
경상북도,경산시,구내식당,65.0,66.0,64.0
경상북도,경산시,기술ㆍ직업훈련학원,134.0,133.0,134.0
경상북도,경산시,기술사,8.0,8.0,9.0
경상북도,경산시,기타외국식음식점,106.0,109.0,119.0
경상북도,경산시,기타음식점,71.0,73.0,70.0
경상북도,경산시,기타일반의원,8.0,8.0,9.0
경상북도,경산시,꽃가게,138.0,139.0,142.0
경상북도,경산시,내과ㆍ소아과의원,61.0,62.0,62.0
경상북도,경산시,노래방,99.0,100.0,103.0
경상북도,경산시,담배ㆍ복권소매업,59.0,60.0,63.0
경상북도,경산시,당구장,95.0,97.0,98.0
경상북도,경산시,독서실,31.0,31.0,34.0
경상북도,경산시,동물병원,30.0,30.0,29.0
경상북도,경산시,목욕탕,22.0,22.0,24.0
경상북도,경산시,문구점,43.0,43.0,50.0
경상북도,경산시,미용실,687.0,689.0,668.0
경상북도,경산시,법무사,22.0,22.0,22.0
경상북도,경산시,변리사,0.0,0.0,0.0
경상북도,경산시,변호사,6.0,6.0,7.0
경상북도,경산시,부동산중개업,607.0,609.0,637.0
경상북도,경산시,분식점,215.0,213.0,225.0
경상북도,경산시,사진촬영업,76.0,75.0,66.0
경상북도,경산시,산부인과의원,10.0,10.0,10.0
경상북도,경산시,생선가게,54.0,54.0,52.0
경상북도,경산시,서점,57.0,57.0,53.0
경상북도,경산시,성형외과의원,0.0,0.0,0.0
경상북도,경산시,세무사,22.0,22.0,22.0
경상북도,경산시,세탁소,142.0,143.0,148.0
경상북도,경산시,슈퍼마켓,138.0,137.0,140.0
경상북도,경산시,스포츠교육기관,168.0,168.0,166.0
경상북도,경산시,스포츠시설운영업,46.0,48.0,50.0
경상북도,경산시,스포츠용품점,114.0,116.0,121.0
경상북도,경산시,시계ㆍ귀금속점,28.0,28.0,27.0
경상북도,경산시,식료품가게,197.0,198.0,203.0
경상북도,경산시,신경정신과의원,11.0,11.0,11.0
경상북도,경산시,신발가게,18.0,18.0,20.0
경상북도,경산시,실내스크린골프점,61.0,62.0,57.0
경상북도,경산시,실내장식가게,417.0,415.0,397.0
경상북도,경산시,실외골프연습장,16.0,16.0,16.0
경상북도,경산시,안경점,51.0,51.0,51.0
경상북도,경산시,안과의원,7.0,7.0,7.0
경상북도,경산시,애완용품점,78.0,77.0,70.0
경상북도,경산시,약국,118.0,117.0,114.0
경상북도,경산시,여관ㆍ모텔,77.0,76.0,74.0
경상북도,경산시,여행사,27.0,28.0,25.0
경상북도,경산시,예술학원,165.0,164.0,162.0
경상북도,경산시,예식장,0.0,0.0,0.0
경상북도,경산시,옷가게,376.0,377.0,392.0
경상북도,경산시,의료용품가게,27.0,30.0,29.0
경상북도,경산시,이륜자동차판매점,18.0,18.0,19.0
경상북도,경산시,이발소,69.0,69.0,68.0
경상북도,경산시,이비인후과의원,18.0,18.0,19.0
경상북도,경산시,일반외과의원,30.0,30.0,31.0
경상북도,경산시,일식음식점,61.0,63.0,62.0
경상북도,경산시,자동차수리점,312.0,314.0,312.0
경상북도,경산시,자전거판매점,20.0,21.0,16.0
경상북도,경산시,장난감가게,15.0,15.0,13.0
경상북도,경산시,정육점,127.0,129.0,126.0
경상북도,경산시,제과점,134.0,136.0,135.0
경상북도,경산시,종합병원,19.0,19.0,19.0
경상북도,경산시,주유소,89.0,88.0,83.0
경상북도,경산시,주차장운영업,41.0,40.0,38.0
경상북도,경산시,중고차판매점,25.0,26.0,23.0
경상북도,경산시,중식음식점,121.0,123.0,126.0
경상북도,경산시,채소가게,66.0,66.0,62.0
경상북도,경산시,철물점,38.0,38.0,39.0
경상북도,경산시,치과의원,84.0,84.0,86.0
경상북도,경산시,침구ㆍ커튼가게,60.0,61.0,58.0
경상북도,경산시,커피음료점,521.0,519.0,534.0
경상북도,경산시,컴퓨터판매점,35.0,34.0,33.0
경상북도,경산시,통신판매업,3143.0,3132.0,3020.0
경상북도,경산시,패스트푸드점,268.0,267.0,260.0
경상북도,경산시,펜션ㆍ게스트하우스,23.0,23.0,17.0
경상북도,경산시,편의점,307.0,310.0,325.0
경상북도,경산시,피부ㆍ비뇨기과의원,14.0,14.0,13.0
경상북도,경산시,피부관리업,356.0,350.0,345.0
경상북도,경산시,한방병원ㆍ한의원,69.0,68.0,69.0
경상북도,경산시,한식음식점,2702.0,2718.0,2804.0
경상북도,경산시,헬스클럽,75.0,74.0,75.0
경상북도,경산시,호프주점,32.0,32.0,36.0
경상북도,경산시,화장품가게,175.0,178.0,184.0
경상북도,경산시,휴대폰가게,120.0,117.0,114.0
경상북도,경주시,LPG 충전소,20.0,21.0,17.0
경상북도,경주시,pc방,32.0,32.0,36.0
경상북도,경주시,가구점,47.0,47.0,48.0
경상북도,경주시,가전제품수리점,103.0,100.0,99.0
경상북도,경주시,가전제품판매점,63.0,63.0,62.0
경상북도,경주시,간이주점,55.0,54.0,57.0
경상북도,경주시,간판광고물업,63.0,63.0,64.0
경상북도,경주시,감정평가사,0.0,0.0,0.0
경상북도,경주시,건강보조식품가게,66.0,67.0,65.0
경상북도,경주시,건어물가게,78.0,80.0,69.0
경상북도,경주시,건축사,59.0,58.0,54.0
경상북도,경주시,결혼상담소,9.0,10.0,9.0
경상북도,경주시,곡물가게,34.0,34.0,38.0
경상북도,경주시,공인노무사,4.0,4.0,5.0
경상북도,경주시,공인회계사,0.0,0.0,0.0
경상북도,경주시,과일가게,57.0,55.0,53.0
경상북도,경주시,교습소ㆍ공부방,340.0,343.0,344.0
경상북도,경주시,교습학원,263.0,264.0,262.0
경상북도,경주시,구내식당,97.0,96.0,99.0
경상북도,경주시,기술ㆍ직업훈련학원,122.0,121.0,124.0
경상북도,경주시,기술사,5.0,5.0,3.0
경상북도,경주시,기타외국식음식점,177.0,177.0,190.0
경상북도,경주시,기타음식점,133.0,133.0,138.0
경상북도,경주시,기타일반의원,9.0,9.0,8.0
경상북도,경주시,꽃가게,202.0,203.0,201.0
경상북도,경주시,내과ㆍ소아과의원,61.0,61.0,61.0
경상북도,경주시,노래방,134.0,137.0,148.0
경상북도,경주시,담배ㆍ복권소매업,95.0,95.0,99.0
경상북도,경주시,당구장,80.0,80.0,77.0
경상북도,경주시,독서실,16.0,16.0,16.0
경상북도,경주시,동물병원,36.0,35.0,33.0
경상북도,경주시,목욕탕,52.0,53.0,53.0
경상북도,경주시,문구점,66.0,66.0,63.0
경상북도,경주시,미용실,654.0,651.0,642.0
경상북도,경주시,법무사,28.0,28.0,28.0
경상북도,경주시,변리사,0.0,0.0,0.0
경상북도,경주시,변호사,22.0,22.0,22.0
경상북도,경주시,부동산중개업,404.0,403.0,413.0
경상북도,경주시,분식점,369.0,372.0,393.0
경상북도,경주시,사진촬영업,99.0,99.0,97.0
경상북도,경주시,산부인과의원,4.0,4.0,4.0
경상북도,경주시,생선가게,107.0,108.0,111.0
경상북도,경주시,서점,56.0,56.0,55.0
경상북도,경주시,성형외과의원,3.0,3.0,3.0
경상북도,경주시,세무사,27.0,27.0,27.0
경상북도,경주시,세탁소,155.0,156.0,153.0
경상북도,경주시,슈퍼마켓,237.0,239.0,241.0
경상북도,경주시,스포츠교육기관,154.0,153.0,143.0
경상북도,경주시,스포츠시설운영업,31.0,31.0,31.0
경상북도,경주시,스포츠용품점,146.0,149.0,151.0
경상북도,경주시,시계ㆍ귀금속점,47.0,49.0,48.0
경상북도,경주시,식료품가게,368.0,363.0,376.0
경상북도,경주시,신경정신과의원,6.0,6.0,6.0
경상북도,경주시,신발가게,35.0,35.0,37.0
경상북도,경주시,실내스크린골프점,56.0,56.0,48.0
경상북도,경주시,실내장식가게,329.0,328.0,325.0
경상북도,경주시,실외골프연습장,22.0,22.0,21.0
경상북도,경주시,안경점,45.0,45.0,46.0
경상북도,경주시,안과의원,6.0,6.0,6.0
경상북도,경주시,애완용품점,47.0,48.0,40.0
경상북도,경주시,약국,122.0,123.0,120.0
경상북도,경주시,여관ㆍ모텔,207.0,206.0,211.0
경상북도,경주시,여행사,84.0,82.0,76.0
경상북도,경주시,예술학원,117.0,118.0,120.0
경상북도,경주시,예식장,5.0,5.0,5.0
경상북도,경주시,옷가게,477.0,477.0,477.0
경상북도,경주시,의료용품가게,22.0,22.0,20.0
경상북도,경주시,이륜자동차판매점,16.0,16.0,16.0
경상북도,경주시,이발소,60.0,60.0,63.0
경상북도,경주시,이비인후과의원,5.0,5.0,5.0
경상북도,경주시,일반외과의원,18.0,18.0,18.0
경상북도,경주시,일식음식점,81.0,80.0,75.0
경상북도,경주시,자동차수리점,311.0,310.0,303.0
경상북도,경주시,자전거판매점,18.0,18.0,17.0
경상북도,경주시,장난감가게,26.0,26.0,27.0
경상북도,경주시,정육점,162.0,157.0,156.0
경상북도,경주시,제과점,208.0,210.0,200.0
경상북도,경주시,종합병원,25.0,25.0,25.0
경상북도,경주시,주유소,141.0,137.0,138.0
경상북도,경주시,주차장운영업,43.0,43.0,40.0
경상북도,경주시,중고차판매점,35.0,35.0,36.0
경상북도,경주시,중식음식점,191.0,192.0,197.0
경상북도,경주시,채소가게,85.0,84.0,82.0
경상북도,경주시,철물점,63.0,62.0,60.0
경상북도,경주시,치과의원,61.0,61.0,61.0
경상북도,경주시,침구ㆍ커튼가게,64.0,63.0,66.0
경상북도,경주시,커피음료점,846.0,842.0,860.0
경상북도,경주시,컴퓨터판매점,30.0,30.0,30.0
경상북도,경주시,통신판매업,1585.0,1569.0,1486.0
경상북도,경주시,패스트푸드점,324.0,325.0,333.0
경상북도,경주시,펜션ㆍ게스트하우스,1726.0,1715.0,1543.0
경상북도,경주시,편의점,332.0,332.0,330.0
경상북도,경주시,피부ㆍ비뇨기과의원,13.0,12.0,12.0
경상북도,경주시,피부관리업,265.0,262.0,251.0
경상북도,경주시,한방병원ㆍ한의원,67.0,67.0,65.0
경상북도,경주시,한식음식점,3584.0,3583.0,3592.0
경상북도,경주시,헬스클럽,45.0,44.0,41.0
경상북도,경주시,호프주점,80.0,80.0,82.0
경상북도,경주시,화장품가게,201.0,202.0,204.0
경상북도,경주시,휴대폰가게,108.0,105.0,102.0
경상북도,고령군,pc방,3.0,3.0,0.0
경상북도,고령군,가구점,7.0,7.0,6.0
경상북도,고령군,가전제품수리점,9.0,9.0,9.0
경상북도,고령군,가전제품판매점,8.0,8.0,9.0
경상북도,고령군,간판광고물업,8.0,8.0,7.0
경상북도,고령군,건강보조식품가게,7.0,7.0,6.0
경상북도,고령군,건어물가게,9.0,9.0,8.0
경상북도,고령군,건축사,13.0,13.0,15.0
경상북도,고령군,곡물가게,10.0,10.0,10.0
경상북도,고령군,과일가게,32.0,32.0,31.0
경상북도,고령군,교습소ㆍ공부방,13.0,13.0,13.0
경상북도,고령군,교습학원,17.0,17.0,16.0
경상북도,고령군,구내식당,12.0,12.0,12.0
경상북도,고령군,기술ㆍ직업훈련학원,8.0,7.0,5.0
경상북도,고령군,기술사,0.0,0.0,0.0
경상북도,고령군,기타외국식음식점,13.0,13.0,13.0
경상북도,고령군,기타음식점,12.0,12.0,12.0
경상북도,고령군,꽃가게,23.0,23.0,25.0
경상북도,고령군,내과ㆍ소아과의원,6.0,6.0,6.0
경상북도,고령군,노래방,12.0,12.0,13.0
경상북도,고령군,담배ㆍ복권소매업,21.0,21.0,22.0
경상북도,고령군,당구장,4.0,4.0,4.0
경상북도,고령군,동물병원,7.0,7.0,6.0
경상북도,고령군,목욕탕,5.0,5.0,5.0
경상북도,고령군,문구점,7.0,7.0,7.0
경상북도,고령군,미용실,50.0,50.0,49.0
경상북도,고령군,법무사,4.0,4.0,5.0
경상북도,고령군,부동산중개업,45.0,41.0,42.0
경상북도,고령군,분식점,25.0,25.0,29.0
경상북도,고령군,사진촬영업,3.0,3.0,3.0
경상북도,고령군,생선가게,6.0,5.0,5.0
경상북도,고령군,서점,3.0,3.0,3.0
경상북도,고령군,세무사,0.0,0.0,0.0
경상북도,고령군,세탁소,11.0,11.0,10.0
경상북도,고령군,슈퍼마켓,31.0,32.0,34.0
경상북도,고령군,스포츠교육기관,12.0,12.0,12.0
경상북도,고령군,스포츠시설운영업,0.0,0.0,0.0
경상북도,고령군,스포츠용품점,7.0,7.0,10.0
경상북도,고령군,시계ㆍ귀금속점,4.0,4.0,4.0
경상북도,고령군,식료품가게,39.0,42.0,42.0
경상북도,고령군,신경정신과의원,0.0,0.0,0.0
경상북도,고령군,신발가게,6.0,6.0,5.0
경상북도,고령군,실내스크린골프점,3.0,3.0,3.0
경상북도,고령군,실내장식가게,46.0,47.0,46.0
경상북도,고령군,실외골프연습장,0.0,0.0,0.0
경상북도,고령군,안경점,5.0,5.0,5.0
경상북도,고령군,안과의원,0.0,0.0,0.0
경상북도,고령군,애완용품점,3.0,3.0,4.0
경상북도,고령군,약국,11.0,11.0,11.0
경상북도,고령군,여관ㆍ모텔,9.0,9.0,10.0
경상북도,고령군,여행사,5.0,5.0,4.0
경상북도,고령군,예술학원,3.0,4.0,5.0
경상북도,고령군,옷가게,21.0,21.0,22.0
경상북도,고령군,의료용품가게,0.0,0.0,0.0
경상북도,고령군,이륜자동차판매점,3.0,3.0,3.0
경상북도,고령군,이발소,6.0,6.0,7.0
경상북도,고령군,일반외과의원,4.0,4.0,4.0
경상북도,고령군,일식음식점,5.0,5.0,4.0
경상북도,고령군,자동차수리점,39.0,39.0,40.0
경상북도,고령군,자전거판매점,0.0,0.0,0.0
경상북도,고령군,장난감가게,0.0,0.0,0.0
경상북도,고령군,정육점,28.0,29.0,30.0
경상북도,고령군,제과점,10.0,9.0,9.0
경상북도,고령군,종합병원,3.0,3.0,0.0
경상북도,고령군,주유소,26.0,27.0,27.0
경상북도,고령군,주차장운영업,0.0,0.0,0.0
경상북도,고령군,중고차판매점,0.0,0.0,0.0
경상북도,고령군,중식음식점,20.0,22.0,23.0
경상북도,고령군,채소가게,40.0,40.0,42.0
경상북도,고령군,철물점,7.0,7.0,8.0
경상북도,고령군,치과의원,9.0,9.0,9.0
경상북도,고령군,침구ㆍ커튼가게,4.0,4.0,4.0
경상북도,고령군,커피음료점,56.0,57.0,55.0
경상북도,고령군,컴퓨터판매점,3.0,3.0,4.0
경상북도,고령군,통신판매업,244.0,243.0,225.0
경상북도,고령군,패스트푸드점,23.0,22.0,22.0
경상북도,고령군,펜션ㆍ게스트하우스,10.0,10.0,9.0
경상북도,고령군,편의점,33.0,33.0,35.0
경상북도,고령군,피부관리업,8.0,9.0,6.0
경상북도,고령군,한방병원ㆍ한의원,6.0,6.0,7.0
경상북도,고령군,한식음식점,366.0,366.0,366.0
경상북도,고령군,헬스클럽,0.0,0.0,0.0
경상북도,고령군,호프주점,4.0,4.0,5.0
경상북도,고령군,화장품가게,13.0,12.0,12.0
경상북도,고령군,휴대폰가게,9.0,9.0,9.0
경상북도,구미시,LPG 충전소,17.0,17.0,16.0
경상북도,구미시,pc방,88.0,87.0,106.0
경상북도,구미시,가구점,41.0,41.0,48.0
경상북도,구미시,가전제품수리점,138.0,139.0,143.0
경상북도,구미시,가전제품판매점,99.0,99.0,94.0
경상북도,구미시,간이주점,19.0,19.0,21.0
경상북도,구미시,간판광고물업,110.0,110.0,106.0
경상북도,구미시,감정평가사,0.0,0.0,0.0
경상북도,구미시,건강보조식품가게,94.0,93.0,94.0
경상북도,구미시,건어물가게,13.0,13.0,12.0
경상북도,구미시,건축사,69.0,69.0,71.0
경상북도,구미시,결혼상담소,8.0,8.0,8.0
경상북도,구미시,곡물가게,13.0,12.0,13.0
경상북도,구미시,공인노무사,8.0,8.0,9.0
경상북도,구미시,공인회계사,10.0,10.0,10.0
경상북도,구미시,과일가게,63.0,63.0,43.0
경상북도,구미시,교습소ㆍ공부방,548.0,550.0,515.0
경상북도,구미시,교습학원,747.0,746.0,727.0
경상북도,구미시,구내식당,219.0,218.0,224.0
경상북도,구미시,기술ㆍ직업훈련학원,226.0,224.0,213.0
경상북도,구미시,기술사,8.0,8.0,7.0
경상북도,구미시,기타외국식음식점,201.0,198.0,197.0
경상북도,구미시,기타음식점,132.0,135.0,131.0
경상북도,구미시,기타일반의원,17.0,17.0,17.0
경상북도,구미시,꽃가게,211.0,208.0,203.0
경상북도,구미시,내과ㆍ소아과의원,82.0,82.0,81.0
경상북도,구미시,노래방,252.0,255.0,262.0
경상북도,구미시,담배ㆍ복권소매업,83.0,84.0,88.0
경상북도,구미시,당구장,142.0,141.0,144.0
경상북도,구미시,독서실,28.0,28.0,31.0
경상북도,구미시,동물병원,44.0,44.0,46.0
경상북도,구미시,목욕탕,31.0,31.0,33.0
경상북도,구미시,문구점,104.0,105.0,110.0
경상북도,구미시,미용실,1238.0,1243.0,1229.0
경상북도,구미시,법무사,32.0,32.0,33.0
경상북도,구미시,변리사,0.0,0.0,0.0
경상북도,구미시,변호사,22.0,22.0,20.0
경상북도,구미시,부동산중개업,793.0,799.0,822.0
경상북도,구미시,분식점,394.0,395.0,393.0
경상북도,구미시,사진촬영업,118.0,117.0,116.0
경상북도,구미시,산부인과의원,15.0,15.0,16.0
경상북도,구미시,생선가게,42.0,41.0,44.0
경상북도,구미시,서점,94.0,93.0,79.0
경상북도,구미시,성형외과의원,3.0,3.0,3.0
경상북도,구미시,세무사,57.0,57.0,58.0
경상북도,구미시,세탁소,237.0,237.0,232.0
경상북도,구미시,슈퍼마켓,238.0,236.0,229.0
경상북도,구미시,스포츠교육기관,305.0,305.0,298.0
경상북도,구미시,스포츠시설운영업,68.0,69.0,73.0
경상북도,구미시,스포츠용품점,149.0,152.0,147.0
경상북도,구미시,시계ㆍ귀금속점,52.0,52.0,54.0
경상북도,구미시,식료품가게,263.0,263.0,275.0
경상북도,구미시,신경정신과의원,10.0,10.0,10.0
경상북도,구미시,신발가게,32.0,32.0,32.0
경상북도,구미시,실내스크린골프점,89.0,88.0,86.0
경상북도,구미시,실내장식가게,619.0,614.0,563.0
경상북도,구미시,실외골프연습장,20.0,20.0,20.0
경상북도,구미시,안경점,79.0,79.0,76.0
경상북도,구미시,안과의원,8.0,8.0,8.0
경상북도,구미시,애완용품점,109.0,106.0,105.0
경상북도,구미시,약국,182.0,183.0,169.0
경상북도,구미시,여관ㆍ모텔,220.0,220.0,225.0
경상북도,구미시,여행사,55.0,55.0,51.0
경상북도,구미시,예술학원,294.0,294.0,299.0
경상북도,구미시,예식장,9.0,9.0,9.0
경상북도,구미시,옷가게,600.0,600.0,625.0
경상북도,구미시,의료용품가게,40.0,40.0,39.0
경상북도,구미시,이륜자동차판매점,18.0,17.0,20.0
경상북도,구미시,이발소,109.0,109.0,105.0
경상북도,구미시,이비인후과의원,19.0,19.0,19.0
경상북도,구미시,일반외과의원,36.0,36.0,32.0
경상북도,구미시,일식음식점,141.0,137.0,129.0
경상북도,구미시,자동차수리점,531.0,531.0,527.0
경상북도,구미시,자전거판매점,21.0,21.0,21.0
경상북도,구미시,장난감가게,29.0,28.0,20.0
경상북도,구미시,정육점,194.0,195.0,199.0
경상북도,구미시,제과점,219.0,217.0,184.0
경상북도,구미시,종합병원,29.0,29.0,26.0
경상북도,구미시,주유소,99.0,98.0,101.0
경상북도,구미시,주차장운영업,51.0,51.0,49.0
경상북도,구미시,중고차판매점,57.0,58.0,58.0
경상북도,구미시,중식음식점,213.0,214.0,214.0
경상북도,구미시,채소가게,73.0,73.0,66.0
경상북도,구미시,철물점,46.0,46.0,49.0
경상북도,구미시,치과의원,110.0,110.0,110.0
경상북도,구미시,침구ㆍ커튼가게,76.0,78.0,80.0
경상북도,구미시,커피음료점,722.0,728.0,733.0
경상북도,구미시,컴퓨터판매점,47.0,47.0,50.0
경상북도,구미시,통신판매업,3659.0,3623.0,3471.0
경상북도,구미시,패스트푸드점,427.0,423.0,441.0
경상북도,구미시,펜션ㆍ게스트하우스,25.0,26.0,19.0
경상북도,구미시,편의점,479.0,478.0,461.0
경상북도,구미시,피부ㆍ비뇨기과의원,23.0,24.0,26.0
경상북도,구미시,피부관리업,648.0,650.0,611.0
경상북도,구미시,한방병원ㆍ한의원,94.0,95.0,96.0
경상북도,구미시,한식음식점,3944.0,3956.0,4028.0
경상북도,구미시,헬스클럽,120.0,116.0,115.0
경상북도,구미시,호프주점,104.0,105.0,117.0
경상북도,구미시,화장품가게,275.0,279.0,301.0
경상북도,구미시,휴대폰가게,168.0,163.0,166.0
경상북도,김천시,LPG 충전소,12.0,12.0,12.0
경상북도,김천시,pc방,11.0,11.0,12.0
경상북도,김천시,가구점,22.0,22.0,21.0
경상북도,김천시,가전제품수리점,34.0,34.0,32.0
경상북도,김천시,가전제품판매점,34.0,34.0,33.0
경상북도,김천시,간이주점,0.0,0.0,0.0
경상북도,김천시,간판광고물업,37.0,37.0,37.0
경상북도,김천시,건강보조식품가게,33.0,33.0,31.0
경상북도,김천시,건어물가게,10.0,10.0,10.0
경상북도,김천시,건축사,31.0,31.0,32.0
경상북도,김천시,결혼상담소,0.0,0.0,0.0
경상북도,김천시,곡물가게,16.0,16.0,14.0
경상북도,김천시,공인노무사,0.0,0.0,0.0
경상북도,김천시,공인회계사,0.0,0.0,0.0
경상북도,김천시,과일가게,50.0,50.0,46.0
경상북도,김천시,교습소ㆍ공부방,170.0,170.0,169.0
경상북도,김천시,교습학원,117.0,115.0,116.0
경상북도,김천시,구내식당,134.0,134.0,141.0
경상북도,김천시,기술ㆍ직업훈련학원,66.0,67.0,62.0
경상북도,김천시,기술사,4.0,4.0,3.0
경상북도,김천시,기타외국식음식점,24.0,24.0,25.0
경상북도,김천시,기타음식점,36.0,36.0,41.0
경상북도,김천시,기타일반의원,6.0,6.0,6.0
경상북도,김천시,꽃가게,67.0,65.0,62.0
경상북도,김천시,내과ㆍ소아과의원,23.0,23.0,23.0
경상북도,김천시,노래방,55.0,55.0,62.0
경상북도,김천시,담배ㆍ복권소매업,50.0,51.0,55.0
경상북도,김천시,당구장,47.0,48.0,45.0
경상북도,김천시,독서실,6.0,6.0,7.0
경상북도,김천시,동물병원,15.0,15.0,14.0
경상북도,김천시,목욕탕,9.0,9.0,10.0
경상북도,김천시,문구점,21.0,21.0,25.0
경상북도,김천시,미용실,347.0,346.0,345.0
경상북도,김천시,법무사,14.0,13.0,14.0
경상북도,김천시,변호사,13.0,13.0,13.0
경상북도,김천시,부동산중개업,208.0,210.0,215.0
경상북도,김천시,분식점,274.0,275.0,286.0
경상북도,김천시,사진촬영업,32.0,32.0,27.0
경상북도,김천시,산부인과의원,4.0,4.0,4.0
경상북도,김천시,생선가게,13.0,14.0,17.0
경상북도,김천시,서점,20.0,20.0,16.0
경상북도,김천시,성형외과의원,0.0,0.0,0.0
경상북도,김천시,세무사,9.0,9.0,8.0
경상북도,김천시,세탁소,63.0,63.0,61.0
경상북도,김천시,슈퍼마켓,77.0,75.0,77.0
경상북도,김천시,스포츠교육기관,79.0,79.0,80.0
경상북도,김천시,스포츠시설운영업,27.0,29.0,30.0
경상북도,김천시,스포츠용품점,63.0,62.0,68.0
경상북도,김천시,시계ㆍ귀금속점,23.0,22.0,23.0
경상북도,김천시,식료품가게,166.0,168.0,167.0
경상북도,김천시,신경정신과의원,3.0,3.0,3.0
경상북도,김천시,신발가게,15.0,15.0,17.0
경상북도,김천시,실내스크린골프점,19.0,20.0,19.0
경상북도,김천시,실내장식가게,123.0,121.0,111.0
경상북도,김천시,실외골프연습장,8.0,8.0,8.0
경상북도,김천시,안경점,22.0,22.0,22.0
경상북도,김천시,안과의원,3.0,3.0,3.0
경상북도,김천시,애완용품점,28.0,28.0,25.0
경상북도,김천시,약국,50.0,50.0,50.0
경상북도,김천시,여관ㆍ모텔,108.0,108.0,110.0
경상북도,김천시,여행사,15.0,15.0,13.0
경상북도,김천시,예술학원,73.0,74.0,75.0
경상북도,김천시,예식장,0.0,0.0,0.0
경상북도,김천시,옷가게,161.0,163.0,167.0
경상북도,김천시,의료용품가게,14.0,14.0,14.0
경상북도,김천시,이륜자동차판매점,13.0,13.0,14.0
경상북도,김천시,이발소,65.0,65.0,63.0
경상북도,김천시,이비인후과의원,4.0,4.0,4.0
경상북도,김천시,일반외과의원,7.0,7.0,7.0
경상북도,김천시,일식음식점,48.0,47.0,47.0
경상북도,김천시,자동차수리점,172.0,172.0,170.0
경상북도,김천시,자전거판매점,3.0,3.0,3.0
경상북도,김천시,장난감가게,4.0,4.0,5.0
경상북도,김천시,정육점,54.0,55.0,57.0
경상북도,김천시,제과점,65.0,64.0,62.0
경상북도,김천시,종합병원,8.0,9.0,9.0
경상북도,김천시,주유소,67.0,67.0,69.0
경상북도,김천시,주차장운영업,14.0,14.0,14.0
경상북도,김천시,중고차판매점,9.0,9.0,9.0
경상북도,김천시,중식음식점,103.0,103.0,100.0
경상북도,김천시,채소가게,34.0,34.0,33.0
경상북도,김천시,철물점,32.0,32.0,32.0
경상북도,김천시,치과의원,35.0,34.0,34.0
경상북도,김천시,침구ㆍ커튼가게,28.0,28.0,29.0
경상북도,김천시,커피음료점,231.0,232.0,239.0
경상북도,김천시,컴퓨터판매점,23.0,23.0,24.0
경상북도,김천시,통신판매업,1090.0,1082.0,1036.0
경상북도,김천시,패스트푸드점,119.0,118.0,120.0
경상북도,김천시,펜션ㆍ게스트하우스,39.0,39.0,37.0
경상북도,김천시,편의점,127.0,127.0,128.0
경상북도,김천시,피부ㆍ비뇨기과의원,5.0,5.0,5.0
경상북도,김천시,피부관리업,141.0,142.0,134.0
경상북도,김천시,한방병원ㆍ한의원,25.0,25.0,25.0
경상북도,김천시,한식음식점,1135.0,1140.0,1149.0
경상북도,김천시,헬스클럽,29.0,29.0,26.0
경상북도,김천시,호프주점,11.0,11.0,10.0
경상북도,김천시,화장품가게,64.0,63.0,69.0
경상북도,김천시,휴대폰가게,45.0,45.0,45.0
경상북도,문경시,LPG 충전소,4.0,4.0,4.0
경상북도,문경시,pc방,8.0,8.0,7.0
경상북도,문경시,가구점,12.0,12.0,13.0
경상북도,문경시,가전제품수리점,15.0,14.0,12.0
경상북도,문경시,가전제품판매점,27.0,27.0,29.0
경상북도,문경시,간이주점,0.0,0.0,0.0
경상북도,문경시,간판광고물업,23.0,23.0,25.0
경상북도,문경시,건강보조식품가게,34.0,34.0,35.0
경상북도,문경시,건어물가게,6.0,6.0,6.0
경상북도,문경시,건축사,19.0,19.0,19.0
경상북도,문경시,결혼상담소,0.0,0.0,0.0
경상북도,문경시,곡물가게,16.0,16.0,20.0
경상북도,문경시,공인노무사,3.0,3.0,3.0
경상북도,문경시,공인회계사,0.0,0.0,0.0
경상북도,문경시,과일가게,161.0,158.0,165.0
경상북도,문경시,교습소ㆍ공부방,49.0,48.0,50.0
경상북도,문경시,교습학원,51.0,51.0,55.0
경상북도,문경시,구내식당,25.0,25.0,27.0
경상북도,문경시,기술ㆍ직업훈련학원,35.0,34.0,33.0
경상북도,문경시,기술사,0.0,0.0,0.0
경상북도,문경시,기타외국식음식점,16.0,15.0,17.0
경상북도,문경시,기타음식점,29.0,29.0,26.0
경상북도,문경시,기타일반의원,4.0,4.0,3.0
경상북도,문경시,꽃가게,52.0,52.0,57.0
경상북도,문경시,내과ㆍ소아과의원,18.0,18.0,17.0
경상북도,문경시,노래방,20.0,20.0,21.0
경상북도,문경시,담배ㆍ복권소매업,62.0,62.0,64.0
경상북도,문경시,당구장,28.0,27.0,26.0
경상북도,문경시,독서실,0.0,0.0,0.0
경상북도,문경시,동물병원,7.0,7.0,7.0
경상북도,문경시,목욕탕,9.0,9.0,9.0
경상북도,문경시,문구점,22.0,22.0,25.0
경상북도,문경시,미용실,182.0,182.0,185.0
경상북도,문경시,법무사,7.0,7.0,7.0
경상북도,문경시,변호사,0.0,0.0,0.0
경상북도,문경시,부동산중개업,88.0,88.0,96.0
경상북도,문경시,분식점,49.0,48.0,59.0
경상북도,문경시,사진촬영업,18.0,18.0,14.0
경상북도,문경시,산부인과의원,3.0,3.0,3.0
경상북도,문경시,생선가게,13.0,14.0,11.0
경상북도,문경시,서점,9.0,9.0,9.0
경상북도,문경시,세무사,6.0,6.0,6.0
경상북도,문경시,세탁소,43.0,43.0,43.0
경상북도,문경시,슈퍼마켓,35.0,35.0,36.0
경상북도,문경시,스포츠교육기관,33.0,33.0,32.0
경상북도,문경시,스포츠시설운영업,12.0,12.0,10.0
경상북도,문경시,스포츠용품점,41.0,42.0,45.0
경상북도,문경시,시계ㆍ귀금속점,17.0,17.0,17.0
경상북도,문경시,식료품가게,128.0,128.0,126.0
경상북도,문경시,신경정신과의원,0.0,0.0,0.0
경상북도,문경시,신발가게,14.0,14.0,15.0
경상북도,문경시,실내스크린골프점,7.0,7.0,7.0
경상북도,문경시,실내장식가게,88.0,86.0,89.0
경상북도,문경시,실외골프연습장,0.0,0.0,0.0
경상북도,문경시,안경점,15.0,15.0,14.0
경상북도,문경시,안과의원,0.0,0.0,0.0
경상북도,문경시,애완용품점,15.0,14.0,14.0
경상북도,문경시,약국,44.0,43.0,41.0
경상북도,문경시,여관ㆍ모텔,71.0,69.0,68.0
경상북도,문경시,여행사,10.0,10.0,10.0
경상북도,문경시,예술학원,24.0,24.0,27.0
경상북도,문경시,예식장,3.0,3.0,0.0
경상북도,문경시,옷가게,117.0,118.0,118.0
경상북도,문경시,의료용품가게,11.0,11.0,8.0
경상북도,문경시,이륜자동차판매점,10.0,10.0,10.0
경상북도,문경시,이발소,40.0,42.0,44.0
경상북도,문경시,이비인후과의원,3.0,3.0,3.0
경상북도,문경시,일반외과의원,6.0,6.0,7.0
경상북도,문경시,일식음식점,8.0,8.0,7.0
경상북도,문경시,자동차수리점,75.0,75.0,73.0
경상북도,문경시,자전거판매점,6.0,6.0,7.0
경상북도,문경시,장난감가게,0.0,0.0,0.0
경상북도,문경시,정육점,57.0,56.0,57.0
경상북도,문경시,제과점,32.0,33.0,28.0
경상북도,문경시,종합병원,4.0,4.0,4.0
경상북도,문경시,주유소,34.0,34.0,36.0
경상북도,문경시,주차장운영업,6.0,5.0,6.0
경상북도,문경시,중고차판매점,5.0,5.0,5.0
경상북도,문경시,중식음식점,38.0,38.0,42.0
경상북도,문경시,채소가게,44.0,44.0,42.0
경상북도,문경시,철물점,15.0,15.0,15.0
경상북도,문경시,치과의원,24.0,24.0,23.0
경상북도,문경시,침구ㆍ커튼가게,26.0,25.0,27.0
경상북도,문경시,커피음료점,150.0,152.0,145.0
경상북도,문경시,컴퓨터판매점,6.0,6.0,8.0
경상북도,문경시,통신판매업,373.0,370.0,370.0
경상북도,문경시,패스트푸드점,58.0,59.0,56.0
경상북도,문경시,펜션ㆍ게스트하우스,127.0,130.0,117.0
경상북도,문경시,편의점,63.0,63.0,60.0
경상북도,문경시,피부ㆍ비뇨기과의원,4.0,4.0,4.0
경상북도,문경시,피부관리업,69.0,68.0,66.0
경상북도,문경시,한방병원ㆍ한의원,19.0,19.0,20.0
경상북도,문경시,한식음식점,1025.0,1031.0,1016.0
경상북도,문경시,헬스클럽,9.0,9.0,7.0
경상북도,문경시,호프주점,9.0,10.0,9.0
경상북도,문경시,화장품가게,39.0,39.0,43.0
경상북도,문경시,휴대폰가게,23.0,23.0,23.0
경상북도,봉화군,LPG 충전소,0.0,0.0,0.0
경상북도,봉화군,pc방,0.0,0.0,0.0
경상북도,봉화군,가구점,0.0,0.0,0.0
경상북도,봉화군,가전제품수리점,7.0,7.0,7.0
경상북도,봉화군,가전제품판매점,4.0,4.0,5.0
경상북도,봉화군,간이주점,0.0,0.0,0.0
경상북도,봉화군,간판광고물업,7.0,7.0,7.0
경상북도,봉화군,건강보조식품가게,9.0,9.0,9.0
경상북도,봉화군,건어물가게,3.0,3.0,3.0
경상북도,봉화군,건축사,7.0,7.0,7.0
경상북도,봉화군,곡물가게,11.0,11.0,10.0
경상북도,봉화군,과일가게,47.0,48.0,47.0
경상북도,봉화군,교습소ㆍ공부방,7.0,7.0,8.0
경상북도,봉화군,교습학원,9.0,9.0,9.0
경상북도,봉화군,구내식당,6.0,6.0,6.0
경상북도,봉화군,기술ㆍ직업훈련학원,0.0,0.0,0.0
경상북도,봉화군,기술사,0.0,0.0,0.0
경상북도,봉화군,기타외국식음식점,3.0,3.0,3.0
경상북도,봉화군,기타음식점,6.0,6.0,7.0
경상북도,봉화군,꽃가게,19.0,19.0,19.0
경상북도,봉화군,내과ㆍ소아과의원,7.0,7.0,7.0
경상북도,봉화군,노래방,7.0,7.0,7.0
경상북도,봉화군,담배ㆍ복권소매업,19.0,22.0,21.0
경상북도,봉화군,당구장,12.0,12.0,15.0
경상북도,봉화군,동물병원,5.0,5.0,5.0
경상북도,봉화군,목욕탕,6.0,6.0,6.0
경상북도,봉화군,문구점,3.0,3.0,3.0
경상북도,봉화군,미용실,48.0,48.0,48.0
경상북도,봉화군,법무사,3.0,3.0,3.0
경상북도,봉화군,부동산중개업,23.0,23.0,24.0
경상북도,봉화군,분식점,15.0,15.0,14.0
경상북도,봉화군,사진촬영업,5.0,5.0,6.0
경상북도,봉화군,생선가게,6.0,6.0,6.0
경상북도,봉화군,세탁소,14.0,14.0,13.0
경상북도,봉화군,슈퍼마켓,8.0,8.0,4.0
경상북도,봉화군,스포츠교육기관,5.0,5.0,5.0
경상북도,봉화군,스포츠시설운영업,3.0,3.0,3.0
경상북도,봉화군,스포츠용품점,6.0,6.0,4.0
경상북도,봉화군,시계ㆍ귀금속점,7.0,7.0,7.0
경상북도,봉화군,식료품가게,59.0,61.0,64.0
경상북도,봉화군,신발가게,0.0,0.0,0.0
경상북도,봉화군,실내스크린골프점,5.0,5.0,5.0
경상북도,봉화군,실내장식가게,19.0,19.0,17.0
경상북도,봉화군,실외골프연습장,0.0,0.0,0.0
경상북도,봉화군,안경점,0.0,0.0,0.0
경상북도,봉화군,안과의원,0.0,0.0,0.0
경상북도,봉화군,애완용품점,0.0,0.0,0.0
경상북도,봉화군,약국,14.0,14.0,14.0
경상북도,봉화군,여관ㆍ모텔,17.0,17.0,17.0
경상북도,봉화군,여행사,3.0,3.0,3.0
경상북도,봉화군,예술학원,8.0,8.0,8.0
경상북도,봉화군,옷가게,22.0,23.0,23.0
경상북도,봉화군,의료용품가게,4.0,4.0,4.0
경상북도,봉화군,이륜자동차판매점,4.0,4.0,4.0
경상북도,봉화군,이발소,17.0,17.0,18.0
경상북도,봉화군,일식음식점,0.0,0.0,0.0
경상북도,봉화군,자동차수리점,29.0,29.0,29.0
경상북도,봉화군,자전거판매점,0.0,0.0,0.0
경상북도,봉화군,장난감가게,0.0,0.0,0.0
경상북도,봉화군,정육점,24.0,24.0,23.0
경상북도,봉화군,제과점,9.0,9.0,10.0
경상북도,봉화군,종합병원,0.0,0.0,0.0
경상북도,봉화군,주유소,22.0,22.0,23.0
경상북도,봉화군,중식음식점,16.0,16.0,16.0
경상북도,봉화군,채소가게,60.0,60.0,59.0
경상북도,봉화군,철물점,13.0,13.0,13.0
경상북도,봉화군,치과의원,5.0,5.0,4.0
경상북도,봉화군,침구ㆍ커튼가게,6.0,6.0,6.0
경상북도,봉화군,커피음료점,77.0,77.0,77.0
경상북도,봉화군,컴퓨터판매점,0.0,0.0,0.0
경상북도,봉화군,통신판매업,156.0,158.0,157.0
경상북도,봉화군,패스트푸드점,24.0,25.0,24.0
경상북도,봉화군,펜션ㆍ게스트하우스,76.0,75.0,67.0
경상북도,봉화군,편의점,12.0,12.0,14.0
경상북도,봉화군,피부관리업,7.0,7.0,6.0
경상북도,봉화군,한방병원ㆍ한의원,4.0,4.0,4.0
경상북도,봉화군,한식음식점,371.0,373.0,380.0
경상북도,봉화군,헬스클럽,0.0,0.0,0.0
경상북도,봉화군,호프주점,10.0,10.0,9.0
경상북도,봉화군,화장품가게,7.0,7.0,7.0
경상북도,봉화군,휴대폰가게,6.0,6.0,5.0
경상북도,상주시,LPG 충전소,5.0,5.0,5.0
경상북도,상주시,pc방,5.0,5.0,6.0
경상북도,상주시,가구점,13.0,13.0,13.0
경상북도,상주시,가전제품수리점,29.0,28.0,27.0
경상북도,상주시,가전제품판매점,29.0,29.0,30.0
경상북도,상주시,간이주점,3.0,3.0,4.0
경상북도,상주시,간판광고물업,22.0,22.0,23.0
경상북도,상주시,감정평가사,0.0,0.0,0.0
경상북도,상주시,건강보조식품가게,30.0,30.0,28.0
경상북도,상주시,건어물가게,8.0,8.0,8.0
경상북도,상주시,건축사,19.0,19.0,20.0
경상북도,상주시,결혼상담소,4.0,4.0,4.0
경상북도,상주시,곡물가게,26.0,27.0,26.0
경상북도,상주시,공인노무사,0.0,0.0,0.0
경상북도,상주시,과일가게,167.0,168.0,166.0
경상북도,상주시,교습소ㆍ공부방,86.0,86.0,91.0
경상북도,상주시,교습학원,69.0,69.0,64.0
경상북도,상주시,구내식당,35.0,35.0,34.0
경상북도,상주시,기술ㆍ직업훈련학원,38.0,38.0,37.0
경상북도,상주시,기술사,0.0,0.0,0.0
경상북도,상주시,기타외국식음식점,18.0,18.0,15.0
경상북도,상주시,기타음식점,25.0,25.0,28.0
경상북도,상주시,기타일반의원,3.0,3.0,3.0
경상북도,상주시,꽃가게,72.0,72.0,71.0
경상북도,상주시,내과ㆍ소아과의원,18.0,18.0,17.0
경상북도,상주시,노래방,18.0,18.0,20.0
경상북도,상주시,담배ㆍ복권소매업,67.0,67.0,73.0
경상북도,상주시,당구장,17.0,17.0,18.0
경상북도,상주시,독서실,7.0,7.0,7.0
경상북도,상주시,동물병원,24.0,24.0,23.0
경상북도,상주시,목욕탕,9.0,9.0,9.0
경상북도,상주시,문구점,19.0,20.0,20.0
경상북도,상주시,미용실,215.0,213.0,212.0
경상북도,상주시,법무사,18.0,18.0,18.0
경상북도,상주시,변호사,11.0,11.0,10.0
경상북도,상주시,부동산중개업,91.0,92.0,94.0
경상북도,상주시,분식점,46.0,48.0,55.0
경상북도,상주시,사진촬영업,24.0,25.0,21.0
경상북도,상주시,산부인과의원,0.0,0.0,0.0
경상북도,상주시,생선가게,14.0,14.0,14.0
경상북도,상주시,서점,10.0,10.0,9.0
경상북도,상주시,세무사,8.0,8.0,8.0
경상북도,상주시,세탁소,53.0,55.0,52.0
경상북도,상주시,슈퍼마켓,45.0,45.0,39.0
경상북도,상주시,스포츠교육기관,47.0,48.0,44.0
경상북도,상주시,스포츠시설운영업,12.0,12.0,11.0
경상북도,상주시,스포츠용품점,45.0,45.0,45.0
경상북도,상주시,시계ㆍ귀금속점,16.0,16.0,15.0
경상북도,상주시,식료품가게,133.0,134.0,131.0
경상북도,상주시,신경정신과의원,0.0,0.0,0.0
경상북도,상주시,신발가게,10.0,10.0,9.0
경상북도,상주시,실내스크린골프점,14.0,14.0,14.0
경상북도,상주시,실내장식가게,80.0,79.0,78.0
경상북도,상주시,실외골프연습장,5.0,5.0,5.0
경상북도,상주시,안경점,13.0,13.0,13.0
경상북도,상주시,안과의원,3.0,3.0,3.0
경상북도,상주시,애완용품점,16.0,16.0,18.0
경상북도,상주시,약국,45.0,45.0,46.0
경상북도,상주시,여관ㆍ모텔,36.0,37.0,38.0
경상북도,상주시,여행사,20.0,20.0,21.0
경상북도,상주시,예술학원,42.0,42.0,42.0
경상북도,상주시,예식장,3.0,3.0,3.0
경상북도,상주시,옷가게,144.0,145.0,145.0
경상북도,상주시,의료용품가게,19.0,20.0,18.0
경상북도,상주시,이륜자동차판매점,13.0,13.0,14.0
경상북도,상주시,이발소,50.0,51.0,52.0
경상북도,상주시,이비인후과의원,0.0,0.0,0.0
경상북도,상주시,일반외과의원,11.0,11.0,11.0
경상북도,상주시,일식음식점,26.0,27.0,27.0
경상북도,상주시,자동차수리점,130.0,130.0,130.0
경상북도,상주시,자전거판매점,17.0,17.0,17.0
경상북도,상주시,장난감가게,5.0,5.0,5.0
경상북도,상주시,정육점,45.0,45.0,43.0
경상북도,상주시,제과점,31.0,31.0,29.0
경상북도,상주시,종합병원,8.0,8.0,8.0
경상북도,상주시,주유소,52.0,53.0,55.0
경상북도,상주시,주차장운영업,5.0,5.0,5.0
경상북도,상주시,중고차판매점,9.0,9.0,7.0
경상북도,상주시,중식음식점,64.0,63.0,67.0
경상북도,상주시,채소가게,48.0,48.0,51.0
경상북도,상주시,철물점,29.0,29.0,30.0
경상북도,상주시,치과의원,23.0,23.0,23.0
경상북도,상주시,침구ㆍ커튼가게,26.0,26.0,27.0
경상북도,상주시,커피음료점,243.0,234.0,236.0
경상북도,상주시,컴퓨터판매점,12.0,12.0,12.0
경상북도,상주시,통신판매업,491.0,493.0,491.0
경상북도,상주시,패스트푸드점,54.0,52.0,53.0
경상북도,상주시,펜션ㆍ게스트하우스,49.0,49.0,43.0
경상북도,상주시,편의점,63.0,63.0,62.0
경상북도,상주시,피부ㆍ비뇨기과의원,3.0,3.0,3.0
경상북도,상주시,피부관리업,67.0,67.0,63.0
경상북도,상주시,한방병원ㆍ한의원,26.0,26.0,25.0
경상북도,상주시,한식음식점,1057.0,1064.0,1055.0
경상북도,상주시,헬스클럽,16.0,16.0,15.0
경상북도,상주시,호프주점,14.0,14.0,15.0
경상북도,상주시,화장품가게,33.0,33.0,30.0
경상북도,상주시,휴대폰가게,25.0,25.0,27.0
경상북도,성주군,LPG 충전소,4.0,4.0,4.0
경상북도,성주군,pc방,0.0,0.0,0.0
경상북도,성주군,가구점,6.0,6.0,6.0
경상북도,성주군,가전제품수리점,14.0,14.0,14.0
경상북도,성주군,가전제품판매점,8.0,8.0,10.0
경상북도,성주군,간이주점,0.0,0.0,0.0
경상북도,성주군,간판광고물업,13.0,13.0,15.0
경상북도,성주군,감정평가사,0.0,0.0,0.0
경상북도,성주군,건강보조식품가게,10.0,9.0,7.0
경상북도,성주군,건어물가게,3.0,3.0,3.0
경상북도,성주군,건축사,16.0,16.0,14.0
경상북도,성주군,결혼상담소,0.0,0.0,0.0
경상북도,성주군,곡물가게,17.0,17.0,15.0
경상북도,성주군,과일가게,31.0,30.0,30.0
경상북도,성주군,교습소ㆍ공부방,15.0,15.0,13.0
경상북도,성주군,교습학원,15.0,15.0,18.0
경상북도,성주군,구내식당,13.0,13.0,15.0
경상북도,성주군,기술ㆍ직업훈련학원,5.0,5.0,6.0
경상북도,성주군,기술사,0.0,0.0,0.0
경상북도,성주군,기타외국식음식점,15.0,15.0,15.0
경상북도,성주군,기타음식점,16.0,16.0,17.0
경상북도,성주군,기타일반의원,0.0,0.0,0.0
경상북도,성주군,꽃가게,24.0,24.0,23.0
경상북도,성주군,내과ㆍ소아과의원,7.0,7.0,7.0
경상북도,성주군,노래방,16.0,16.0,18.0
경상북도,성주군,담배ㆍ복권소매업,23.0,23.0,23.0
경상북도,성주군,당구장,6.0,6.0,6.0
경상북도,성주군,동물병원,10.0,10.0,10.0
경상북도,성주군,목욕탕,12.0,12.0,10.0
경상북도,성주군,문구점,6.0,5.0,5.0
경상북도,성주군,미용실,64.0,64.0,62.0
경상북도,성주군,법무사,8.0,8.0,7.0
경상북도,성주군,부동산중개업,59.0,59.0,67.0
경상북도,성주군,분식점,31.0,31.0,33.0
경상북도,성주군,사진촬영업,4.0,4.0,4.0
경상북도,성주군,생선가게,6.0,6.0,5.0
경상북도,성주군,서점,0.0,0.0,0.0
경상북도,성주군,세무사,0.0,0.0,0.0
경상북도,성주군,세탁소,11.0,11.0,12.0
경상북도,성주군,슈퍼마켓,18.0,17.0,18.0
경상북도,성주군,스포츠교육기관,20.0,20.0,18.0
경상북도,성주군,스포츠시설운영업,0.0,0.0,0.0
경상북도,성주군,스포츠용품점,12.0,12.0,16.0
경상북도,성주군,시계ㆍ귀금속점,4.0,4.0,3.0
경상북도,성주군,식료품가게,83.0,83.0,75.0
경상북도,성주군,신발가게,0.0,0.0,0.0
경상북도,성주군,실내스크린골프점,6.0,6.0,6.0
경상북도,성주군,실내장식가게,36.0,36.0,31.0
경상북도,성주군,실외골프연습장,0.0,0.0,0.0
경상북도,성주군,안경점,4.0,4.0,4.0
경상북도,성주군,안과의원,0.0,0.0,0.0
경상북도,성주군,애완용품점,4.0,4.0,4.0
경상북도,성주군,약국,16.0,16.0,16.0
경상북도,성주군,여관ㆍ모텔,29.0,29.0,33.0
경상북도,성주군,여행사,13.0,13.0,15.0
경상북도,성주군,예술학원,6.0,6.0,6.0
경상북도,성주군,옷가게,41.0,41.0,43.0
경상북도,성주군,의료용품가게,5.0,5.0,3.0
경상북도,성주군,이륜자동차판매점,10.0,10.0,10.0
경상북도,성주군,이발소,12.0,12.0,11.0
경상북도,성주군,일반외과의원,5.0,5.0,5.0
경상북도,성주군,일식음식점,8.0,8.0,9.0
경상북도,성주군,자동차수리점,35.0,36.0,37.0
경상북도,성주군,자전거판매점,4.0,4.0,4.0
경상북도,성주군,장난감가게,0.0,0.0,0.0
경상북도,성주군,정육점,19.0,19.0,22.0
경상북도,성주군,제과점,13.0,13.0,13.0
경상북도,성주군,종합병원,9.0,9.0,8.0
경상북도,성주군,주유소,31.0,31.0,31.0
경상북도,성주군,주차장운영업,0.0,0.0,0.0
경상북도,성주군,중고차판매점,0.0,0.0,0.0
경상북도,성주군,중식음식점,43.0,42.0,41.0
경상북도,성주군,채소가게,24.0,22.0,19.0
경상북도,성주군,철물점,9.0,8.0,7.0
경상북도,성주군,치과의원,10.0,10.0,10.0
경상북도,성주군,침구ㆍ커튼가게,5.0,5.0,5.0
경상북도,성주군,커피음료점,170.0,169.0,162.0
경상북도,성주군,컴퓨터판매점,5.0,5.0,5.0
경상북도,성주군,통신판매업,330.0,331.0,336.0
경상북도,성주군,패스트푸드점,41.0,41.0,37.0
경상북도,성주군,펜션ㆍ게스트하우스,71.0,71.0,66.0
경상북도,성주군,편의점,38.0,38.0,40.0
경상북도,성주군,피부관리업,22.0,22.0,22.0
경상북도,성주군,한방병원ㆍ한의원,10.0,10.0,10.0
경상북도,성주군,한식음식점,501.0,509.0,508.0
경상북도,성주군,헬스클럽,6.0,6.0,5.0
경상북도,성주군,호프주점,0.0,0.0,0.0
경상북도,성주군,화장품가게,15.0,15.0,17.0
경상북도,성주군,휴대폰가게,21.0,22.0,21.0
경상북도,안동시,LPG 충전소,8.0,8.0,10.0
경상북도,안동시,pc방,26.0,26.0,29.0
경상북도,안동시,가구점,40.0,41.0,42.0
경상북도,안동시,가전제품수리점,68.0,68.0,65.0
경상북도,안동시,가전제품판매점,55.0,56.0,56.0
경상북도,안동시,간이주점,15.0,15.0,15.0
경상북도,안동시,간판광고물업,61.0,61.0,58.0
경상북도,안동시,감정평가사,0.0,0.0,0.0
경상북도,안동시,건강보조식품가게,56.0,59.0,58.0
경상북도,안동시,건어물가게,19.0,19.0,18.0
경상북도,안동시,건축사,45.0,45.0,43.0
경상북도,안동시,결혼상담소,3.0,3.0,6.0
경상북도,안동시,곡물가게,40.0,39.0,38.0
경상북도,안동시,공인노무사,0.0,0.0,0.0
경상북도,안동시,공인회계사,0.0,0.0,0.0
경상북도,안동시,과일가게,81.0,79.0,82.0
경상북도,안동시,교습소ㆍ공부방,174.0,175.0,181.0
경상북도,안동시,교습학원,197.0,196.0,196.0
경상북도,안동시,구내식당,30.0,30.0,29.0
경상북도,안동시,기술ㆍ직업훈련학원,108.0,109.0,106.0
경상북도,안동시,기술사,11.0,11.0,10.0
경상북도,안동시,기타외국식음식점,71.0,71.0,67.0
경상북도,안동시,기타음식점,81.0,84.0,89.0
경상북도,안동시,기타일반의원,11.0,11.0,11.0
경상북도,안동시,꽃가게,130.0,128.0,128.0
경상북도,안동시,내과ㆍ소아과의원,28.0,28.0,28.0
경상북도,안동시,노래방,65.0,66.0,69.0
경상북도,안동시,담배ㆍ복권소매업,64.0,64.0,69.0
경상북도,안동시,당구장,45.0,45.0,44.0
경상북도,안동시,독서실,18.0,18.0,22.0
경상북도,안동시,동물병원,12.0,12.0,12.0
경상북도,안동시,목욕탕,14.0,14.0,16.0
경상북도,안동시,문구점,26.0,26.0,28.0
경상북도,안동시,미용실,406.0,407.0,402.0
경상북도,안동시,법무사,16.0,16.0,17.0
경상북도,안동시,변호사,16.0,16.0,16.0
경상북도,안동시,부동산중개업,172.0,171.0,183.0
경상북도,안동시,분식점,119.0,120.0,123.0
경상북도,안동시,사진촬영업,61.0,60.0,58.0
경상북도,안동시,산부인과의원,5.0,5.0,5.0
경상북도,안동시,생선가게,35.0,34.0,36.0
경상북도,안동시,서점,40.0,40.0,38.0
경상북도,안동시,성형외과의원,0.0,0.0,0.0
경상북도,안동시,세무사,20.0,20.0,19.0
경상북도,안동시,세탁소,109.0,110.0,109.0
경상북도,안동시,슈퍼마켓,95.0,96.0,97.0
경상북도,안동시,스포츠교육기관,111.0,112.0,113.0
경상북도,안동시,스포츠시설운영업,19.0,19.0,21.0
경상북도,안동시,스포츠용품점,112.0,112.0,118.0
경상북도,안동시,시계ㆍ귀금속점,30.0,31.0,29.0
경상북도,안동시,식료품가게,212.0,213.0,218.0
경상북도,안동시,신경정신과의원,4.0,4.0,4.0
경상북도,안동시,신발가게,16.0,16.0,19.0
경상북도,안동시,실내스크린골프점,38.0,38.0,32.0
경상북도,안동시,실내장식가게,247.0,248.0,238.0
경상북도,안동시,실외골프연습장,12.0,12.0,14.0
경상북도,안동시,안경점,32.0,32.0,29.0
경상북도,안동시,안과의원,5.0,5.0,5.0
경상북도,안동시,애완용품점,31.0,31.0,33.0
경상북도,안동시,약국,65.0,65.0,69.0
경상북도,안동시,여관ㆍ모텔,132.0,133.0,137.0
경상북도,안동시,여행사,51.0,51.0,51.0
경상북도,안동시,예술학원,92.0,93.0,92.0
경상북도,안동시,예식장,5.0,5.0,6.0
경상북도,안동시,옷가게,321.0,320.0,315.0
경상북도,안동시,의료용품가게,36.0,36.0,39.0
경상북도,안동시,이륜자동차판매점,3.0,3.0,5.0
경상북도,안동시,이발소,63.0,63.0,64.0
경상북도,안동시,이비인후과의원,3.0,3.0,3.0
경상북도,안동시,일반외과의원,17.0,17.0,17.0
경상북도,안동시,일식음식점,54.0,53.0,58.0
경상북도,안동시,자동차수리점,202.0,203.0,199.0
경상북도,안동시,자전거판매점,10.0,10.0,11.0
경상북도,안동시,장난감가게,3.0,4.0,3.0
경상북도,안동시,정육점,129.0,130.0,127.0
경상북도,안동시,제과점,92.0,91.0,85.0
경상북도,안동시,종합병원,14.0,14.0,15.0
경상북도,안동시,주유소,53.0,54.0,56.0
경상북도,안동시,주차장운영업,20.0,21.0,21.0
경상북도,안동시,중고차판매점,23.0,23.0,24.0
경상북도,안동시,중식음식점,120.0,119.0,125.0
경상북도,안동시,채소가게,102.0,104.0,91.0
경상북도,안동시,철물점,33.0,31.0,32.0
경상북도,안동시,치과의원,45.0,45.0,45.0
경상북도,안동시,침구ㆍ커튼가게,43.0,43.0,47.0
경상북도,안동시,커피음료점,366.0,371.0,378.0
경상북도,안동시,컴퓨터판매점,15.0,15.0,15.0
경상북도,안동시,통신판매업,970.0,969.0,933.0
경상북도,안동시,패스트푸드점,174.0,173.0,182.0
경상북도,안동시,펜션ㆍ게스트하우스,181.0,181.0,158.0
경상북도,안동시,편의점,140.0,137.0,139.0
경상북도,안동시,피부ㆍ비뇨기과의원,7.0,7.0,6.0
경상북도,안동시,피부관리업,178.0,178.0,172.0
경상북도,안동시,한방병원ㆍ한의원,45.0,45.0,46.0
경상북도,안동시,한식음식점,1759.0,1764.0,1813.0
경상북도,안동시,헬스클럽,41.0,41.0,40.0
경상북도,안동시,호프주점,67.0,65.0,64.0
경상북도,안동시,화장품가게,125.0,129.0,128.0
경상북도,안동시,휴대폰가게,73.0,72.0,71.0
경상북도,영덕군,LPG 충전소,4.0,4.0,4.0
경상북도,영덕군,pc방,0.0,0.0,0.0
경상북도,영덕군,가구점,3.0,3.0,3.0
경상북도,영덕군,가전제품수리점,18.0,17.0,15.0
경상북도,영덕군,가전제품판매점,11.0,11.0,11.0
경상북도,영덕군,간이주점,0.0,0.0,0.0
경상북도,영덕군,간판광고물업,15.0,15.0,15.0
경상북도,영덕군,감정평가사,0.0,0.0,0.0
경상북도,영덕군,건강보조식품가게,4.0,4.0,5.0
경상북도,영덕군,건어물가게,137.0,139.0,142.0
경상북도,영덕군,건축사,5.0,5.0,4.0
경상북도,영덕군,곡물가게,11.0,11.0,11.0
경상북도,영덕군,과일가게,54.0,54.0,55.0
경상북도,영덕군,교습소ㆍ공부방,20.0,20.0,22.0
경상북도,영덕군,교습학원,15.0,15.0,17.0
경상북도,영덕군,구내식당,11.0,12.0,12.0
경상북도,영덕군,기술ㆍ직업훈련학원,13.0,13.0,10.0
경상북도,영덕군,기술사,0.0,0.0,0.0
경상북도,영덕군,기타외국식음식점,11.0,11.0,13.0
경상북도,영덕군,기타음식점,18.0,19.0,17.0
경상북도,영덕군,기타일반의원,3.0,3.0,0.0
경상북도,영덕군,꽃가게,22.0,22.0,23.0
경상북도,영덕군,내과ㆍ소아과의원,11.0,11.0,11.0
경상북도,영덕군,노래방,16.0,16.0,17.0
경상북도,영덕군,담배ㆍ복권소매업,34.0,34.0,36.0
경상북도,영덕군,당구장,9.0,9.0,7.0
경상북도,영덕군,독서실,0.0,0.0,0.0
경상북도,영덕군,동물병원,0.0,0.0,0.0
경상북도,영덕군,목욕탕,17.0,17.0,17.0
경상북도,영덕군,문구점,4.0,4.0,3.0
경상북도,영덕군,미용실,81.0,81.0,78.0
경상북도,영덕군,법무사,6.0,6.0,6.0
경상북도,영덕군,변호사,4.0,4.0,4.0
경상북도,영덕군,부동산중개업,40.0,40.0,39.0
경상북도,영덕군,분식점,27.0,29.0,32.0
경상북도,영덕군,사진촬영업,6.0,6.0,6.0
경상북도,영덕군,생선가게,154.0,155.0,145.0
경상북도,영덕군,서점,5.0,5.0,5.0
경상북도,영덕군,세무사,0.0,0.0,0.0
경상북도,영덕군,세탁소,25.0,25.0,26.0
경상북도,영덕군,슈퍼마켓,51.0,50.0,47.0
경상북도,영덕군,스포츠교육기관,11.0,11.0,11.0
경상북도,영덕군,스포츠시설운영업,0.0,0.0,0.0
경상북도,영덕군,스포츠용품점,28.0,29.0,29.0
경상북도,영덕군,시계ㆍ귀금속점,8.0,8.0,8.0
경상북도,영덕군,식료품가게,85.0,84.0,87.0
경상북도,영덕군,신발가게,6.0,6.0,6.0
경상북도,영덕군,실내스크린골프점,8.0,8.0,8.0
경상북도,영덕군,실내장식가게,35.0,34.0,32.0
경상북도,영덕군,실외골프연습장,4.0,4.0,4.0
경상북도,영덕군,안경점,5.0,5.0,5.0
경상북도,영덕군,애완용품점,9.0,9.0,8.0
경상북도,영덕군,약국,23.0,22.0,23.0
경상북도,영덕군,여관ㆍ모텔,55.0,55.0,57.0
경상북도,영덕군,여행사,9.0,9.0,9.0
경상북도,영덕군,예술학원,12.0,12.0,12.0
경상북도,영덕군,옷가게,43.0,43.0,44.0
경상북도,영덕군,의료용품가게,0.0,0.0,0.0
경상북도,영덕군,이륜자동차판매점,6.0,6.0,6.0
경상북도,영덕군,이발소,20.0,20.0,20.0
경상북도,영덕군,일반외과의원,4.0,4.0,4.0
경상북도,영덕군,일식음식점,5.0,5.0,7.0
경상북도,영덕군,자동차수리점,45.0,47.0,43.0
경상북도,영덕군,자전거판매점,4.0,4.0,4.0
경상북도,영덕군,장난감가게,4.0,4.0,4.0
경상북도,영덕군,정육점,31.0,32.0,35.0
경상북도,영덕군,제과점,15.0,15.0,16.0
경상북도,영덕군,종합병원,0.0,0.0,0.0
경상북도,영덕군,주유소,21.0,21.0,24.0
경상북도,영덕군,중고차판매점,0.0,0.0,0.0
경상북도,영덕군,중식음식점,34.0,34.0,34.0
경상북도,영덕군,채소가게,46.0,46.0,47.0
경상북도,영덕군,철물점,9.0,9.0,9.0
경상북도,영덕군,치과의원,10.0,10.0,9.0
경상북도,영덕군,침구ㆍ커튼가게,12.0,12.0,11.0
경상북도,영덕군,커피음료점,136.0,136.0,136.0
경상북도,영덕군,컴퓨터판매점,4.0,4.0,4.0
경상북도,영덕군,통신판매업,167.0,162.0,152.0
경상북도,영덕군,패스트푸드점,33.0,33.0,32.0
경상북도,영덕군,펜션ㆍ게스트하우스,236.0,236.0,229.0
경상북도,영덕군,편의점,33.0,36.0,41.0
경상북도,영덕군,피부ㆍ비뇨기과의원,0.0,0.0,0.0
경상북도,영덕군,피부관리업,23.0,23.0,18.0
경상북도,영덕군,한방병원ㆍ한의원,7.0,7.0,8.0
경상북도,영덕군,한식음식점,655.0,663.0,660.0
경상북도,영덕군,헬스클럽,5.0,5.0,4.0
경상북도,영덕군,호프주점,17.0,17.0,19.0
경상북도,영덕군,화장품가게,31.0,31.0,31.0
경상북도,영덕군,휴대폰가게,15.0,15.0,18.0
경상북도,영양군,LPG 충전소,0.0,0.0,0.0
경상북도,영양군,pc방,3.0,3.0,3.0
경상북도,영양군,가구점,0.0,0.0,0.0
경상북도,영양군,가전제품수리점,3.0,3.0,3.0
경상북도,영양군,가전제품판매점,4.0,4.0,4.0
경상북도,영양군,간판광고물업,7.0,7.0,6.0
경상북도,영양군,건강보조식품가게,8.0,8.0,8.0
경상북도,영양군,건어물가게,0.0,0.0,0.0
경상북도,영양군,건축사,4.0,4.0,4.0
경상북도,영양군,결혼상담소,0.0,0.0,0.0
경상북도,영양군,곡물가게,7.0,7.0,7.0
경상북도,영양군,과일가게,23.0,23.0,24.0
경상북도,영양군,교습소ㆍ공부방,10.0,10.0,9.0
경상북도,영양군,교습학원,8.0,8.0,8.0
경상북도,영양군,구내식당,5.0,5.0,6.0
경상북도,영양군,기술ㆍ직업훈련학원,5.0,5.0,5.0
경상북도,영양군,기술사,0.0,0.0,0.0
경상북도,영양군,기타외국식음식점,0.0,0.0,0.0
경상북도,영양군,기타음식점,6.0,6.0,6.0
경상북도,영양군,기타일반의원,0.0,0.0,0.0
경상북도,영양군,꽃가게,12.0,11.0,12.0
경상북도,영양군,노래방,0.0,0.0,0.0
경상북도,영양군,담배ㆍ복권소매업,6.0,6.0,9.0
경상북도,영양군,당구장,4.0,4.0,4.0
경상북도,영양군,동물병원,0.0,0.0,0.0
경상북도,영양군,목욕탕,4.0,4.0,5.0
경상북도,영양군,문구점,4.0,4.0,4.0
경상북도,영양군,미용실,24.0,24.0,23.0
경상북도,영양군,법무사,0.0,0.0,0.0
경상북도,영양군,부동산중개업,0.0,0.0,0.0
경상북도,영양군,분식점,11.0,11.0,10.0
경상북도,영양군,사진촬영업,5.0,5.0,5.0
경상북도,영양군,생선가게,5.0,5.0,5.0
경상북도,영양군,서점,0.0,0.0,0.0
경상북도,영양군,세탁소,7.0,8.0,8.0
경상북도,영양군,슈퍼마켓,9.0,9.0,7.0
경상북도,영양군,스포츠교육기관,5.0,5.0,5.0
경상북도,영양군,스포츠용품점,7.0,7.0,6.0
경상북도,영양군,시계ㆍ귀금속점,0.0,0.0,0.0
경상북도,영양군,식료품가게,36.0,36.0,37.0
경상북도,영양군,신발가게,3.0,3.0,3.0
경상북도,영양군,실내스크린골프점,5.0,5.0,5.0
경상북도,영양군,실내장식가게,5.0,6.0,11.0
경상북도,영양군,실외골프연습장,0.0,0.0,0.0
경상북도,영양군,안경점,0.0,0.0,0.0
경상북도,영양군,애완용품점,0.0,0.0,0.0
경상북도,영양군,약국,4.0,4.0,4.0
경상북도,영양군,여관ㆍ모텔,8.0,8.0,8.0
경상북도,영양군,여행사,4.0,4.0,3.0
경상북도,영양군,옷가게,11.0,11.0,8.0
경상북도,영양군,의료용품가게,0.0,0.0,0.0
경상북도,영양군,이륜자동차판매점,0.0,0.0,0.0
경상북도,영양군,이발소,7.0,7.0,7.0
경상북도,영양군,일식음식점,0.0,0.0,0.0
경상북도,영양군,자동차수리점,16.0,16.0,16.0
경상북도,영양군,자전거판매점,0.0,0.0,0.0
경상북도,영양군,장난감가게,0.0,0.0,0.0
경상북도,영양군,정육점,13.0,13.0,11.0
경상북도,영양군,제과점,6.0,6.0,6.0
경상북도,영양군,종합병원,0.0,0.0,0.0
경상북도,영양군,주유소,9.0,9.0,9.0
경상북도,영양군,중고차판매점,0.0,0.0,0.0
경상북도,영양군,중식음식점,11.0,11.0,12.0
경상북도,영양군,채소가게,77.0,75.0,73.0
경상북도,영양군,철물점,7.0,6.0,6.0
경상북도,영양군,치과의원,3.0,3.0,3.0
경상북도,영양군,침구ㆍ커튼가게,5.0,5.0,4.0
경상북도,영양군,커피음료점,45.0,45.0,49.0
경상북도,영양군,통신판매업,82.0,78.0,77.0
경상북도,영양군,패스트푸드점,11.0,11.0,10.0
경상북도,영양군,펜션ㆍ게스트하우스,11.0,11.0,9.0
경상북도,영양군,편의점,5.0,5.0,4.0
경상북도,영양군,피부관리업,4.0,4.0,4.0
경상북도,영양군,한방병원ㆍ한의원,0.0,0.0,0.0
경상북도,영양군,한식음식점,163.0,162.0,163.0
경상북도,영양군,호프주점,6.0,6.0,6.0
경상북도,영양군,화장품가게,6.0,6.0,6.0
경상북도,영양군,휴대폰가게,0.0,0.0,0.0
경상북도,영주시,LPG 충전소,6.0,6.0,6.0
경상북도,영주시,pc방,10.0,11.0,14.0
경상북도,영주시,가구점,24.0,24.0,24.0
경상북도,영주시,가전제품수리점,26.0,26.0,23.0
경상북도,영주시,가전제품판매점,39.0,39.0,38.0
경상북도,영주시,간이주점,11.0,10.0,8.0
경상북도,영주시,간판광고물업,39.0,39.0,39.0
경상북도,영주시,감정평가사,0.0,0.0,0.0
경상북도,영주시,건강보조식품가게,267.0,267.0,276.0
경상북도,영주시,건어물가게,15.0,15.0,16.0
경상북도,영주시,건축사,19.0,18.0,17.0
경상북도,영주시,결혼상담소,6.0,6.0,7.0
경상북도,영주시,곡물가게,44.0,44.0,47.0
경상북도,영주시,과일가게,136.0,137.0,139.0
경상북도,영주시,교습소ㆍ공부방,81.0,78.0,79.0
경상북도,영주시,교습학원,119.0,119.0,119.0
경상북도,영주시,구내식당,28.0,28.0,28.0
경상북도,영주시,기술ㆍ직업훈련학원,51.0,51.0,50.0
경상북도,영주시,기술사,0.0,0.0,0.0
경상북도,영주시,기타외국식음식점,32.0,33.0,34.0
경상북도,영주시,기타음식점,36.0,36.0,39.0
경상북도,영주시,기타일반의원,5.0,5.0,5.0
경상북도,영주시,꽃가게,73.0,74.0,77.0
경상북도,영주시,내과ㆍ소아과의원,20.0,20.0,20.0
경상북도,영주시,노래방,26.0,27.0,30.0
경상북도,영주시,담배ㆍ복권소매업,53.0,53.0,54.0
경상북도,영주시,당구장,41.0,40.0,36.0
경상북도,영주시,독서실,10.0,10.0,10.0
경상북도,영주시,동물병원,16.0,16.0,15.0
경상북도,영주시,목욕탕,14.0,14.0,14.0
경상북도,영주시,문구점,16.0,16.0,17.0
경상북도,영주시,미용실,331.0,332.0,333.0
경상북도,영주시,법무사,8.0,8.0,8.0
경상북도,영주시,변호사,0.0,0.0,0.0
경상북도,영주시,부동산중개업,123.0,124.0,128.0
경상북도,영주시,분식점,95.0,96.0,97.0
경상북도,영주시,사진촬영업,30.0,30.0,30.0
경상북도,영주시,산부인과의원,3.0,3.0,3.0
경상북도,영주시,생선가게,23.0,23.0,21.0
경상북도,영주시,서점,19.0,19.0,18.0
경상북도,영주시,세무사,16.0,16.0,16.0
경상북도,영주시,세탁소,78.0,79.0,79.0
경상북도,영주시,슈퍼마켓,50.0,52.0,51.0
경상북도,영주시,스포츠교육기관,51.0,51.0,51.0
경상북도,영주시,스포츠시설운영업,26.0,27.0,26.0
경상북도,영주시,스포츠용품점,68.0,67.0,65.0
경상북도,영주시,시계ㆍ귀금속점,21.0,21.0,21.0
경상북도,영주시,식료품가게,163.0,165.0,175.0
경상북도,영주시,신경정신과의원,0.0,0.0,0.0
경상북도,영주시,신발가게,20.0,20.0,21.0
경상북도,영주시,실내스크린골프점,13.0,13.0,12.0
경상북도,영주시,실내장식가게,75.0,77.0,74.0
경상북도,영주시,실외골프연습장,5.0,5.0,4.0
경상북도,영주시,안경점,24.0,24.0,24.0
경상북도,영주시,안과의원,4.0,4.0,4.0
경상북도,영주시,애완용품점,21.0,22.0,24.0
경상북도,영주시,약국,37.0,37.0,39.0
경상북도,영주시,여관ㆍ모텔,74.0,74.0,75.0
경상북도,영주시,여행사,21.0,21.0,20.0
경상북도,영주시,예술학원,50.0,50.0,55.0
경상북도,영주시,예식장,3.0,3.0,3.0
경상북도,영주시,옷가게,231.0,231.0,240.0
경상북도,영주시,의료용품가게,25.0,25.0,25.0
경상북도,영주시,이륜자동차판매점,10.0,10.0,10.0
경상북도,영주시,이발소,58.0,58.0,62.0
경상북도,영주시,이비인후과의원,4.0,4.0,4.0
경상북도,영주시,일반외과의원,6.0,6.0,7.0
경상북도,영주시,일식음식점,21.0,21.0,19.0
경상북도,영주시,자동차수리점,147.0,146.0,150.0
경상북도,영주시,자전거판매점,8.0,8.0,8.0
경상북도,영주시,장난감가게,3.0,3.0,3.0
경상북도,영주시,정육점,83.0,85.0,85.0
경상북도,영주시,제과점,46.0,46.0,46.0
경상북도,영주시,종합병원,10.0,10.0,10.0
경상북도,영주시,주유소,44.0,44.0,45.0
경상북도,영주시,주차장운영업,20.0,21.0,19.0
경상북도,영주시,중고차판매점,10.0,11.0,11.0
경상북도,영주시,중식음식점,73.0,73.0,73.0
경상북도,영주시,채소가게,84.0,84.0,84.0
경상북도,영주시,철물점,39.0,39.0,39.0
경상북도,영주시,치과의원,30.0,30.0,30.0
경상북도,영주시,침구ㆍ커튼가게,47.0,47.0,46.0
경상북도,영주시,커피음료점,195.0,196.0,189.0
경상북도,영주시,컴퓨터판매점,10.0,10.0,9.0
경상북도,영주시,통신판매업,648.0,633.0,650.0
경상북도,영주시,패스트푸드점,91.0,92.0,101.0
경상북도,영주시,펜션ㆍ게스트하우스,79.0,79.0,71.0
경상북도,영주시,편의점,80.0,80.0,81.0
경상북도,영주시,피부ㆍ비뇨기과의원,5.0,5.0,5.0
경상북도,영주시,피부관리업,124.0,121.0,122.0
경상북도,영주시,한방병원ㆍ한의원,28.0,28.0,28.0
경상북도,영주시,한식음식점,1233.0,1230.0,1251.0
경상북도,영주시,헬스클럽,14.0,14.0,16.0
경상북도,영주시,호프주점,34.0,34.0,35.0
경상북도,영주시,화장품가게,78.0,80.0,90.0
경상북도,영주시,휴대폰가게,34.0,35.0,34.0
경상북도,영천시,LPG 충전소,10.0,10.0,10.0
경상북도,영천시,pc방,11.0,11.0,13.0
경상북도,영천시,가구점,14.0,14.0,12.0
경상북도,영천시,가전제품수리점,26.0,26.0,24.0
경상북도,영천시,가전제품판매점,23.0,23.0,24.0
경상북도,영천시,간이주점,0.0,0.0,0.0
경상북도,영천시,간판광고물업,30.0,30.0,28.0
경상북도,영천시,건강보조식품가게,30.0,30.0,33.0
경상북도,영천시,건어물가게,15.0,14.0,14.0
경상북도,영천시,건축사,23.0,23.0,22.0
경상북도,영천시,결혼상담소,0.0,0.0,0.0
경상북도,영천시,곡물가게,14.0,14.0,14.0
경상북도,영천시,과일가게,43.0,43.0,40.0
경상북도,영천시,교습소ㆍ공부방,72.0,72.0,67.0
경상북도,영천시,교습학원,62.0,62.0,67.0
경상북도,영천시,구내식당,54.0,54.0,54.0
경상북도,영천시,기술ㆍ직업훈련학원,50.0,50.0,45.0
경상북도,영천시,기술사,3.0,3.0,4.0
경상북도,영천시,기타외국식음식점,25.0,24.0,22.0
경상북도,영천시,기타음식점,23.0,24.0,25.0
경상북도,영천시,기타일반의원,3.0,3.0,3.0
경상북도,영천시,꽃가게,45.0,45.0,43.0
경상북도,영천시,내과ㆍ소아과의원,22.0,22.0,21.0
경상북도,영천시,노래방,40.0,41.0,42.0
경상북도,영천시,담배ㆍ복권소매업,27.0,27.0,28.0
경상북도,영천시,당구장,22.0,21.0,18.0
경상북도,영천시,독서실,3.0,3.0,3.0
경상북도,영천시,동물병원,20.0,20.0,20.0
경상북도,영천시,목욕탕,12.0,12.0,11.0
경상북도,영천시,문구점,15.0,15.0,12.0
경상북도,영천시,미용실,218.0,219.0,212.0
경상북도,영천시,법무사,11.0,11.0,11.0
경상북도,영천시,변호사,0.0,0.0,0.0
경상북도,영천시,부동산중개업,154.0,153.0,155.0
경상북도,영천시,분식점,73.0,73.0,73.0
경상북도,영천시,사진촬영업,13.0,12.0,12.0
경상북도,영천시,산부인과의원,0.0,0.0,0.0
경상북도,영천시,생선가게,27.0,27.0,24.0
경상북도,영천시,서점,14.0,14.0,14.0
경상북도,영천시,세무사,8.0,8.0,8.0
경상북도,영천시,세탁소,48.0,48.0,47.0
경상북도,영천시,슈퍼마켓,73.0,73.0,75.0
경상북도,영천시,스포츠교육기관,53.0,52.0,53.0
경상북도,영천시,스포츠시설운영업,16.0,17.0,16.0
경상북도,영천시,스포츠용품점,37.0,37.0,31.0
경상북도,영천시,시계ㆍ귀금속점,11.0,11.0,10.0
경상북도,영천시,식료품가게,127.0,127.0,124.0
경상북도,영천시,신경정신과의원,0.0,0.0,0.0
경상북도,영천시,신발가게,17.0,17.0,16.0
경상북도,영천시,실내스크린골프점,8.0,8.0,11.0
경상북도,영천시,실내장식가게,103.0,104.0,95.0
경상북도,영천시,실외골프연습장,10.0,10.0,10.0
경상북도,영천시,안경점,15.0,16.0,16.0
경상북도,영천시,안과의원,4.0,4.0,4.0
경상북도,영천시,애완용품점,19.0,19.0,21.0
경상북도,영천시,약국,45.0,45.0,44.0
경상북도,영천시,여관ㆍ모텔,84.0,82.0,82.0
경상북도,영천시,여행사,13.0,14.0,14.0
경상북도,영천시,예술학원,46.0,46.0,45.0
경상북도,영천시,예식장,3.0,3.0,3.0
경상북도,영천시,옷가게,150.0,152.0,153.0
경상북도,영천시,의료용품가게,11.0,11.0,10.0
경상북도,영천시,이륜자동차판매점,12.0,12.0,12.0
경상북도,영천시,이발소,27.0,27.0,25.0
경상북도,영천시,이비인후과의원,4.0,4.0,4.0
경상북도,영천시,일반외과의원,18.0,18.0,18.0
경상북도,영천시,일식음식점,9.0,9.0,10.0
경상북도,영천시,자동차수리점,134.0,134.0,136.0
경상북도,영천시,자전거판매점,4.0,4.0,3.0
경상북도,영천시,장난감가게,4.0,4.0,4.0
경상북도,영천시,정육점,54.0,53.0,49.0
경상북도,영천시,제과점,32.0,33.0,34.0
경상북도,영천시,종합병원,8.0,8.0,9.0
경상북도,영천시,주유소,87.0,86.0,86.0
경상북도,영천시,주차장운영업,7.0,7.0,8.0
경상북도,영천시,중고차판매점,23.0,23.0,27.0
경상북도,영천시,중식음식점,69.0,70.0,72.0
경상북도,영천시,채소가게,37.0,37.0,42.0
경상북도,영천시,철물점,21.0,21.0,20.0
경상북도,영천시,치과의원,21.0,21.0,23.0
경상북도,영천시,침구ㆍ커튼가게,23.0,23.0,25.0
경상북도,영천시,커피음료점,204.0,206.0,207.0
경상북도,영천시,컴퓨터판매점,5.0,5.0,5.0
경상북도,영천시,통신판매업,755.0,749.0,693.0
경상북도,영천시,패스트푸드점,53.0,55.0,58.0
경상북도,영천시,펜션ㆍ게스트하우스,34.0,34.0,27.0
경상북도,영천시,편의점,95.0,95.0,92.0
경상북도,영천시,피부ㆍ비뇨기과의원,4.0,4.0,4.0
경상북도,영천시,피부관리업,84.0,83.0,77.0
경상북도,영천시,한방병원ㆍ한의원,33.0,34.0,34.0
경상북도,영천시,한식음식점,1090.0,1097.0,1116.0
경상북도,영천시,헬스클럽,14.0,15.0,14.0
경상북도,영천시,호프주점,19.0,19.0,25.0
경상북도,영천시,화장품가게,49.0,48.0,55.0
경상북도,영천시,휴대폰가게,35.0,35.0,34.0
경상북도,예천군,LPG 충전소,5.0,5.0,4.0
경상북도,예천군,pc방,5.0,5.0,5.0
경상북도,예천군,가구점,4.0,4.0,5.0
경상북도,예천군,가전제품수리점,15.0,15.0,14.0
경상북도,예천군,가전제품판매점,19.0,19.0,18.0
경상북도,예천군,간이주점,0.0,0.0,0.0
경상북도,예천군,간판광고물업,9.0,9.0,9.0
경상북도,예천군,건강보조식품가게,14.0,14.0,15.0
경상북도,예천군,건어물가게,5.0,5.0,4.0
경상북도,예천군,건축사,10.0,10.0,9.0
경상북도,예천군,결혼상담소,3.0,3.0,3.0
경상북도,예천군,곡물가게,17.0,17.0,19.0
경상북도,예천군,과일가게,41.0,42.0,38.0
경상북도,예천군,교습소ㆍ공부방,92.0,91.0,82.0
경상북도,예천군,교습학원,58.0,59.0,60.0
경상북도,예천군,구내식당,9.0,9.0,10.0
경상북도,예천군,기술ㆍ직업훈련학원,25.0,25.0,29.0
경상북도,예천군,기술사,0.0,0.0,0.0
경상북도,예천군,기타외국식음식점,5.0,5.0,6.0
경상북도,예천군,기타음식점,3.0,4.0,8.0
경상북도,예천군,기타일반의원,0.0,0.0,0.0
경상북도,예천군,꽃가게,31.0,31.0,33.0
경상북도,예천군,내과ㆍ소아과의원,13.0,13.0,14.0
경상북도,예천군,노래방,15.0,15.0,14.0
경상북도,예천군,담배ㆍ복권소매업,42.0,42.0,44.0
경상북도,예천군,당구장,12.0,12.0,13.0
경상북도,예천군,독서실,0.0,0.0,0.0
경상북도,예천군,동물병원,12.0,12.0,12.0
경상북도,예천군,목욕탕,4.0,5.0,4.0
경상북도,예천군,문구점,8.0,8.0,10.0
경상북도,예천군,미용실,93.0,93.0,97.0
경상북도,예천군,법무사,8.0,8.0,8.0
경상북도,예천군,부동산중개업,70.0,69.0,70.0
경상북도,예천군,분식점,32.0,33.0,38.0
경상북도,예천군,사진촬영업,16.0,15.0,13.0
경상북도,예천군,생선가게,8.0,8.0,7.0
경상북도,예천군,서점,11.0,12.0,10.0
경상북도,예천군,성형외과의원,0.0,0.0,0.0
경상북도,예천군,세무사,3.0,3.0,3.0
경상북도,예천군,세탁소,18.0,18.0,17.0
경상북도,예천군,슈퍼마켓,21.0,21.0,19.0
경상북도,예천군,스포츠교육기관,31.0,32.0,31.0
경상북도,예천군,스포츠시설운영업,9.0,9.0,9.0
경상북도,예천군,스포츠용품점,16.0,16.0,16.0
경상북도,예천군,시계ㆍ귀금속점,6.0,6.0,6.0
경상북도,예천군,식료품가게,67.0,66.0,72.0
경상북도,예천군,신발가게,5.0,5.0,5.0
경상북도,예천군,실내스크린골프점,4.0,4.0,4.0
경상북도,예천군,실내장식가게,27.0,28.0,20.0
경상북도,예천군,실외골프연습장,4.0,4.0,4.0
경상북도,예천군,안경점,5.0,5.0,5.0
경상북도,예천군,안과의원,0.0,0.0,0.0
경상북도,예천군,애완용품점,5.0,5.0,4.0
경상북도,예천군,약국,18.0,19.0,16.0
경상북도,예천군,여관ㆍ모텔,33.0,33.0,35.0
경상북도,예천군,여행사,6.0,6.0,5.0
경상북도,예천군,예술학원,36.0,37.0,39.0
경상북도,예천군,예식장,0.0,0.0,0.0
경상북도,예천군,옷가게,48.0,50.0,49.0
경상북도,예천군,의료용품가게,3.0,3.0,0.0
경상북도,예천군,이륜자동차판매점,0.0,0.0,0.0
경상북도,예천군,이발소,27.0,27.0,30.0
경상북도,예천군,이비인후과의원,0.0,0.0,0.0
경상북도,예천군,일반외과의원,3.0,3.0,0.0
경상북도,예천군,일식음식점,12.0,11.0,12.0
경상북도,예천군,자동차수리점,48.0,49.0,48.0
경상북도,예천군,자전거판매점,0.0,0.0,0.0
경상북도,예천군,장난감가게,3.0,0.0,0.0
경상북도,예천군,정육점,58.0,57.0,54.0
경상북도,예천군,제과점,19.0,18.0,20.0
경상북도,예천군,종합병원,5.0,4.0,4.0
경상북도,예천군,주유소,32.0,32.0,31.0
경상북도,예천군,중식음식점,29.0,29.0,35.0
경상북도,예천군,채소가게,31.0,31.0,29.0
경상북도,예천군,철물점,7.0,7.0,7.0
경상북도,예천군,치과의원,12.0,12.0,11.0
경상북도,예천군,침구ㆍ커튼가게,7.0,7.0,8.0
경상북도,예천군,커피음료점,117.0,118.0,120.0
경상북도,예천군,컴퓨터판매점,4.0,4.0,5.0
경상북도,예천군,통신판매업,339.0,340.0,332.0
경상북도,예천군,패스트푸드점,70.0,70.0,71.0
경상북도,예천군,펜션ㆍ게스트하우스,41.0,40.0,32.0
경상북도,예천군,편의점,30.0,30.0,27.0
경상북도,예천군,피부관리업,35.0,35.0,36.0
경상북도,예천군,한방병원ㆍ한의원,15.0,15.0,14.0
경상북도,예천군,한식음식점,558.0,558.0,555.0
경상북도,예천군,헬스클럽,11.0,11.0,12.0
경상북도,예천군,호프주점,10.0,10.0,10.0
경상북도,예천군,화장품가게,20.0,18.0,17.0
경상북도,예천군,휴대폰가게,15.0,15.0,15.0
경상북도,울릉군,pc방,0.0,0.0,0.0
경상북도,울릉군,가구점,0.0,0.0,0.0
경상북도,울릉군,가전제품수리점,7.0,7.0,5.0
경상북도,울릉군,가전제품판매점,6.0,6.0,6.0
경상북도,울릉군,간판광고물업,3.0,3.0,3.0
경상북도,울릉군,건강보조식품가게,4.0,4.0,4.0
경상북도,울릉군,건어물가게,35.0,35.0,35.0
경상북도,울릉군,건축사,3.0,3.0,0.0
경상북도,울릉군,곡물가게,0.0,0.0,0.0
경상북도,울릉군,과일가게,4.0,4.0,3.0
경상북도,울릉군,교습소ㆍ공부방,0.0,0.0,0.0
경상북도,울릉군,교습학원,0.0,0.0,0.0
경상북도,울릉군,구내식당,5.0,5.0,5.0
경상북도,울릉군,기술ㆍ직업훈련학원,0.0,0.0,0.0
경상북도,울릉군,기타외국식음식점,6.0,6.0,7.0
경상북도,울릉군,기타음식점,5.0,5.0,7.0
경상북도,울릉군,꽃가게,5.0,5.0,5.0
경상북도,울릉군,담배ㆍ복권소매업,11.0,11.0,12.0
경상북도,울릉군,당구장,5.0,5.0,4.0
경상북도,울릉군,동물병원,0.0,0.0,0.0
경상북도,울릉군,목욕탕,3.0,3.0,3.0
경상북도,울릉군,문구점,4.0,4.0,3.0
경상북도,울릉군,미용실,18.0,18.0,18.0
경상북도,울릉군,법무사,0.0,0.0,0.0
경상북도,울릉군,변호사,0.0,0.0,0.0
경상북도,울릉군,부동산중개업,8.0,8.0,6.0
경상북도,울릉군,분식점,20.0,21.0,19.0
경상북도,울릉군,사진촬영업,0.0,0.0,0.0
경상북도,울릉군,생선가게,20.0,20.0,21.0
경상북도,울릉군,서점,0.0,0.0,0.0
경상북도,울릉군,세무사,0.0,0.0,0.0
경상북도,울릉군,세탁소,0.0,0.0,0.0
경상북도,울릉군,슈퍼마켓,6.0,6.0,5.0
경상북도,울릉군,스포츠교육기관,0.0,0.0,0.0
경상북도,울릉군,스포츠시설운영업,0.0,0.0,0.0
경상북도,울릉군,스포츠용품점,8.0,8.0,8.0
경상북도,울릉군,시계ㆍ귀금속점,0.0,0.0,0.0
경상북도,울릉군,식료품가게,42.0,40.0,43.0
경상북도,울릉군,실내스크린골프점,3.0,3.0,0.0
경상북도,울릉군,실내장식가게,16.0,16.0,16.0
경상북도,울릉군,안경점,0.0,0.0,0.0
경상북도,울릉군,약국,0.0,0.0,0.0
경상북도,울릉군,여관ㆍ모텔,51.0,51.0,53.0
경상북도,울릉군,여행사,45.0,44.0,41.0
경상북도,울릉군,예술학원,0.0,0.0,0.0
경상북도,울릉군,옷가게,7.0,7.0,7.0
경상북도,울릉군,이륜자동차판매점,0.0,0.0,0.0
경상북도,울릉군,이발소,3.0,3.0,3.0
경상북도,울릉군,일식음식점,0.0,0.0,0.0
경상북도,울릉군,자동차수리점,11.0,11.0,11.0
경상북도,울릉군,장난감가게,0.0,0.0,0.0
경상북도,울릉군,정육점,15.0,14.0,16.0
경상북도,울릉군,제과점,3.0,3.0,4.0
경상북도,울릉군,주유소,0.0,0.0,0.0
경상북도,울릉군,주차장운영업,0.0,0.0,0.0
경상북도,울릉군,중식음식점,7.0,7.0,7.0
경상북도,울릉군,채소가게,24.0,25.0,25.0
경상북도,울릉군,치과의원,0.0,0.0,0.0
경상북도,울릉군,침구ㆍ커튼가게,4.0,4.0,4.0
경상북도,울릉군,커피음료점,24.0,24.0,27.0
경상북도,울릉군,통신판매업,46.0,44.0,34.0
경상북도,울릉군,패스트푸드점,13.0,13.0,13.0
경상북도,울릉군,펜션ㆍ게스트하우스,147.0,147.0,138.0
경상북도,울릉군,편의점,13.0,13.0,13.0
경상북도,울릉군,피부관리업,3.0,3.0,3.0
경상북도,울릉군,한방병원ㆍ한의원,0.0,0.0,0.0
경상북도,울릉군,한식음식점,208.0,208.0,207.0
경상북도,울릉군,호프주점,5.0,5.0,7.0
경상북도,울릉군,화장품가게,4.0,4.0,4.0
경상북도,울릉군,휴대폰가게,0.0,0.0,0.0
경상북도,울진군,LPG 충전소,5.0,5.0,5.0
경상북도,울진군,pc방,5.0,6.0,6.0
경상북도,울진군,가구점,15.0,15.0,14.0
경상북도,울진군,가전제품수리점,11.0,11.0,11.0
경상북도,울진군,가전제품판매점,18.0,18.0,16.0
경상북도,울진군,간이주점,0.0,0.0,0.0
경상북도,울진군,간판광고물업,14.0,14.0,14.0
경상북도,울진군,건강보조식품가게,13.0,13.0,12.0
경상북도,울진군,건어물가게,62.0,66.0,68.0
경상북도,울진군,건축사,9.0,9.0,7.0
경상북도,울진군,결혼상담소,0.0,0.0,0.0
경상북도,울진군,곡물가게,7.0,7.0,8.0
경상북도,울진군,과일가게,14.0,14.0,15.0
경상북도,울진군,교습소ㆍ공부방,54.0,54.0,54.0
경상북도,울진군,교습학원,40.0,41.0,39.0
경상북도,울진군,구내식당,5.0,5.0,7.0
경상북도,울진군,기술ㆍ직업훈련학원,14.0,16.0,17.0
경상북도,울진군,기술사,0.0,0.0,0.0
경상북도,울진군,기타외국식음식점,11.0,11.0,13.0
경상북도,울진군,기타음식점,18.0,18.0,19.0
경상북도,울진군,기타일반의원,0.0,0.0,0.0
경상북도,울진군,꽃가게,31.0,31.0,30.0
경상북도,울진군,내과ㆍ소아과의원,8.0,8.0,8.0
경상북도,울진군,노래방,24.0,24.0,24.0
경상북도,울진군,담배ㆍ복권소매업,43.0,43.0,45.0
경상북도,울진군,당구장,18.0,18.0,18.0
경상북도,울진군,독서실,3.0,3.0,3.0
경상북도,울진군,동물병원,4.0,4.0,4.0
경상북도,울진군,목욕탕,10.0,10.0,10.0
경상북도,울진군,문구점,10.0,10.0,10.0
경상북도,울진군,미용실,112.0,112.0,108.0
경상북도,울진군,법무사,6.0,6.0,6.0
경상북도,울진군,변호사,0.0,0.0,0.0
경상북도,울진군,부동산중개업,31.0,31.0,29.0
경상북도,울진군,분식점,44.0,44.0,47.0
경상북도,울진군,사진촬영업,8.0,8.0,9.0
경상북도,울진군,산부인과의원,0.0,0.0,0.0
경상북도,울진군,생선가게,186.0,185.0,178.0
경상북도,울진군,서점,7.0,7.0,8.0
경상북도,울진군,세무사,0.0,0.0,0.0
경상북도,울진군,세탁소,25.0,25.0,24.0
경상북도,울진군,슈퍼마켓,32.0,31.0,30.0
경상북도,울진군,스포츠교육기관,30.0,31.0,31.0
경상북도,울진군,스포츠시설운영업,6.0,6.0,6.0
경상북도,울진군,스포츠용품점,43.0,43.0,45.0
경상북도,울진군,시계ㆍ귀금속점,7.0,7.0,7.0
경상북도,울진군,식료품가게,90.0,91.0,104.0
경상북도,울진군,신경정신과의원,0.0,0.0,0.0
경상북도,울진군,신발가게,4.0,5.0,6.0
경상북도,울진군,실내스크린골프점,13.0,13.0,13.0
경상북도,울진군,실내장식가게,44.0,45.0,39.0
경상북도,울진군,실외골프연습장,3.0,3.0,3.0
경상북도,울진군,안경점,7.0,7.0,7.0
경상북도,울진군,안과의원,0.0,0.0,0.0
경상북도,울진군,애완용품점,8.0,8.0,8.0
경상북도,울진군,약국,20.0,20.0,20.0
경상북도,울진군,여관ㆍ모텔,95.0,95.0,97.0
경상북도,울진군,여행사,7.0,7.0,7.0
경상북도,울진군,예술학원,19.0,19.0,19.0
경상북도,울진군,옷가게,59.0,59.0,62.0
경상북도,울진군,의료용품가게,6.0,6.0,6.0
경상북도,울진군,이륜자동차판매점,0.0,0.0,0.0
경상북도,울진군,이발소,28.0,28.0,26.0
경상북도,울진군,일반외과의원,0.0,0.0,0.0
경상북도,울진군,일식음식점,14.0,14.0,16.0
경상북도,울진군,자동차수리점,69.0,68.0,66.0
경상북도,울진군,자전거판매점,3.0,3.0,3.0
경상북도,울진군,장난감가게,5.0,5.0,4.0
경상북도,울진군,정육점,36.0,37.0,36.0
경상북도,울진군,제과점,23.0,24.0,27.0
경상북도,울진군,종합병원,0.0,0.0,0.0
경상북도,울진군,주유소,25.0,25.0,26.0
경상북도,울진군,주차장운영업,0.0,0.0,0.0
경상북도,울진군,중고차판매점,0.0,0.0,0.0
경상북도,울진군,중식음식점,38.0,40.0,42.0
경상북도,울진군,채소가게,42.0,42.0,42.0
경상북도,울진군,철물점,18.0,18.0,12.0
경상북도,울진군,치과의원,11.0,11.0,10.0
경상북도,울진군,침구ㆍ커튼가게,14.0,14.0,16.0
경상북도,울진군,커피음료점,150.0,152.0,157.0
경상북도,울진군,컴퓨터판매점,8.0,8.0,9.0
경상북도,울진군,통신판매업,229.0,234.0,233.0
경상북도,울진군,패스트푸드점,66.0,66.0,71.0
경상북도,울진군,펜션ㆍ게스트하우스,153.0,152.0,136.0
경상북도,울진군,편의점,54.0,53.0,51.0
경상북도,울진군,피부관리업,36.0,36.0,36.0
경상북도,울진군,한방병원ㆍ한의원,9.0,9.0,10.0
경상북도,울진군,한식음식점,777.0,773.0,760.0
경상북도,울진군,헬스클럽,8.0,8.0,7.0
경상북도,울진군,호프주점,25.0,25.0,22.0
경상북도,울진군,화장품가게,21.0,20.0,20.0
경상북도,울진군,휴대폰가게,18.0,18.0,18.0
경상북도,의성군,LPG 충전소,4.0,4.0,4.0
경상북도,의성군,pc방,0.0,0.0,0.0
경상북도,의성군,가구점,4.0,4.0,4.0
경상북도,의성군,가전제품수리점,17.0,16.0,17.0
경상북도,의성군,가전제품판매점,16.0,16.0,17.0
경상북도,의성군,간이주점,3.0,3.0,3.0
경상북도,의성군,간판광고물업,16.0,16.0,15.0
경상북도,의성군,건강보조식품가게,15.0,15.0,13.0
경상북도,의성군,건어물가게,12.0,12.0,14.0
경상북도,의성군,건축사,10.0,9.0,9.0
경상북도,의성군,결혼상담소,0.0,0.0,0.0
경상북도,의성군,곡물가게,22.0,22.0,22.0
경상북도,의성군,공인회계사,0.0,0.0,0.0
경상북도,의성군,과일가게,53.0,52.0,53.0
경상북도,의성군,교습소ㆍ공부방,18.0,18.0,17.0
경상북도,의성군,교습학원,11.0,11.0,13.0
경상북도,의성군,구내식당,15.0,15.0,15.0
경상북도,의성군,기술ㆍ직업훈련학원,20.0,20.0,25.0
경상북도,의성군,기술사,0.0,0.0,0.0
경상북도,의성군,기타외국식음식점,9.0,8.0,9.0
경상북도,의성군,기타음식점,14.0,14.0,11.0
경상북도,의성군,기타일반의원,0.0,0.0,0.0
경상북도,의성군,꽃가게,27.0,27.0,31.0
경상북도,의성군,내과ㆍ소아과의원,7.0,7.0,7.0
경상북도,의성군,노래방,10.0,10.0,11.0
경상북도,의성군,담배ㆍ복권소매업,47.0,47.0,46.0
경상북도,의성군,당구장,10.0,10.0,10.0
경상북도,의성군,동물병원,11.0,11.0,12.0
경상북도,의성군,목욕탕,6.0,6.0,6.0
경상북도,의성군,문구점,3.0,3.0,3.0
경상북도,의성군,미용실,95.0,95.0,97.0
경상북도,의성군,법무사,9.0,9.0,9.0
경상북도,의성군,변호사,0.0,0.0,0.0
경상북도,의성군,부동산중개업,38.0,38.0,40.0
경상북도,의성군,분식점,38.0,38.0,39.0
경상북도,의성군,사진촬영업,8.0,8.0,8.0
경상북도,의성군,생선가게,10.0,10.0,9.0
경상북도,의성군,서점,0.0,0.0,0.0
경상북도,의성군,세무사,0.0,0.0,0.0
경상북도,의성군,세탁소,20.0,20.0,20.0
경상북도,의성군,슈퍼마켓,19.0,19.0,16.0
경상북도,의성군,스포츠교육기관,12.0,12.0,13.0
경상북도,의성군,스포츠시설운영업,0.0,0.0,0.0
경상북도,의성군,스포츠용품점,16.0,16.0,15.0
경상북도,의성군,시계ㆍ귀금속점,8.0,8.0,8.0
경상북도,의성군,식료품가게,77.0,78.0,82.0
경상북도,의성군,신발가게,10.0,10.0,9.0
경상북도,의성군,실내스크린골프점,5.0,6.0,6.0
경상북도,의성군,실내장식가게,29.0,29.0,28.0
경상북도,의성군,실외골프연습장,0.0,0.0,0.0
경상북도,의성군,안경점,6.0,6.0,6.0
경상북도,의성군,안과의원,0.0,0.0,0.0
경상북도,의성군,애완용품점,3.0,3.0,4.0
경상북도,의성군,약국,20.0,20.0,20.0
경상북도,의성군,여관ㆍ모텔,25.0,25.0,26.0
경상북도,의성군,여행사,14.0,14.0,14.0
경상북도,의성군,예술학원,9.0,9.0,12.0
경상북도,의성군,예식장,0.0,0.0,0.0
경상북도,의성군,옷가게,42.0,42.0,43.0
경상북도,의성군,의료용품가게,5.0,5.0,4.0
경상북도,의성군,이륜자동차판매점,9.0,9.0,10.0
경상북도,의성군,이발소,26.0,27.0,27.0
경상북도,의성군,일반외과의원,9.0,9.0,8.0
경상북도,의성군,일식음식점,7.0,7.0,9.0
경상북도,의성군,자동차수리점,57.0,57.0,60.0
경상북도,의성군,자전거판매점,3.0,3.0,3.0
경상북도,의성군,정육점,37.0,37.0,37.0
경상북도,의성군,제과점,16.0,16.0,17.0
경상북도,의성군,종합병원,10.0,10.0,10.0
경상북도,의성군,주유소,34.0,35.0,33.0
경상북도,의성군,주차장운영업,0.0,0.0,0.0
경상북도,의성군,중고차판매점,3.0,3.0,3.0
경상북도,의성군,중식음식점,33.0,34.0,31.0
경상북도,의성군,채소가게,67.0,65.0,68.0
경상북도,의성군,철물점,15.0,15.0,16.0
경상북도,의성군,치과의원,9.0,9.0,9.0
경상북도,의성군,침구ㆍ커튼가게,12.0,12.0,12.0
경상북도,의성군,커피음료점,138.0,136.0,136.0
경상북도,의성군,컴퓨터판매점,8.0,8.0,8.0
경상북도,의성군,통신판매업,254.0,254.0,262.0
경상북도,의성군,패스트푸드점,42.0,42.0,44.0
경상북도,의성군,펜션ㆍ게스트하우스,13.0,13.0,11.0
경상북도,의성군,편의점,25.0,27.0,27.0
경상북도,의성군,피부관리업,11.0,11.0,11.0
경상북도,의성군,한방병원ㆍ한의원,8.0,8.0,8.0
경상북도,의성군,한식음식점,428.0,432.0,436.0
경상북도,의성군,헬스클럽,0.0,0.0,0.0
경상북도,의성군,호프주점,4.0,3.0,5.0
경상북도,의성군,화장품가게,13.0,13.0,15.0
경상북도,의성군,휴대폰가게,13.0,14.0,13.0
경상북도,청도군,LPG 충전소,0.0,0.0,0.0
경상북도,청도군,pc방,0.0,0.0,0.0
경상북도,청도군,가구점,0.0,0.0,0.0
경상북도,청도군,가전제품수리점,13.0,12.0,11.0
경상북도,청도군,가전제품판매점,8.0,8.0,9.0
경상북도,청도군,간이주점,0.0,0.0,0.0
경상북도,청도군,간판광고물업,8.0,8.0,8.0
경상북도,청도군,감정평가사,0.0,0.0,0.0
경상북도,청도군,건강보조식품가게,5.0,7.0,8.0
경상북도,청도군,건어물가게,3.0,3.0,3.0
경상북도,청도군,건축사,9.0,9.0,8.0
경상북도,청도군,결혼상담소,0.0,0.0,0.0
경상북도,청도군,곡물가게,6.0,6.0,5.0
경상북도,청도군,과일가게,65.0,64.0,56.0
경상북도,청도군,교습소ㆍ공부방,16.0,16.0,15.0
경상북도,청도군,교습학원,17.0,17.0,20.0
경상북도,청도군,구내식당,12.0,12.0,13.0
경상북도,청도군,기술ㆍ직업훈련학원,15.0,15.0,12.0
경상북도,청도군,기술사,0.0,0.0,0.0
경상북도,청도군,기타외국식음식점,13.0,12.0,12.0
경상북도,청도군,기타음식점,28.0,26.0,29.0
경상북도,청도군,기타일반의원,0.0,0.0,0.0
경상북도,청도군,꽃가게,42.0,41.0,39.0
경상북도,청도군,내과ㆍ소아과의원,13.0,13.0,13.0
경상북도,청도군,노래방,9.0,9.0,9.0
경상북도,청도군,담배ㆍ복권소매업,24.0,25.0,28.0
경상북도,청도군,당구장,9.0,9.0,10.0
경상북도,청도군,독서실,0.0,0.0,0.0
경상북도,청도군,동물병원,7.0,7.0,7.0
경상북도,청도군,목욕탕,11.0,11.0,11.0
경상북도,청도군,문구점,4.0,5.0,5.0
경상북도,청도군,미용실,66.0,66.0,66.0
경상북도,청도군,법무사,7.0,7.0,7.0
경상북도,청도군,부동산중개업,78.0,79.0,95.0
경상북도,청도군,분식점,23.0,22.0,26.0
경상북도,청도군,사진촬영업,7.0,7.0,7.0
경상북도,청도군,생선가게,6.0,6.0,5.0
경상북도,청도군,서점,8.0,8.0,9.0
경상북도,청도군,세무사,0.0,0.0,0.0
경상북도,청도군,세탁소,13.0,12.0,12.0
경상북도,청도군,슈퍼마켓,24.0,24.0,25.0
경상북도,청도군,스포츠교육기관,13.0,13.0,15.0
경상북도,청도군,스포츠시설운영업,0.0,0.0,0.0
경상북도,청도군,스포츠용품점,8.0,7.0,7.0
경상북도,청도군,시계ㆍ귀금속점,3.0,3.0,3.0
경상북도,청도군,식료품가게,96.0,97.0,94.0
경상북도,청도군,신발가게,3.0,3.0,3.0
경상북도,청도군,실내스크린골프점,0.0,0.0,0.0
경상북도,청도군,실내장식가게,48.0,48.0,44.0
경상북도,청도군,실외골프연습장,5.0,5.0,5.0
경상북도,청도군,안경점,6.0,6.0,5.0
경상북도,청도군,안과의원,0.0,0.0,0.0
경상북도,청도군,애완용품점,5.0,5.0,5.0
경상북도,청도군,약국,17.0,17.0,17.0
경상북도,청도군,여관ㆍ모텔,34.0,34.0,33.0
경상북도,청도군,여행사,5.0,5.0,5.0
경상북도,청도군,예술학원,11.0,11.0,11.0
경상북도,청도군,옷가게,43.0,44.0,42.0
경상북도,청도군,의료용품가게,6.0,6.0,5.0
경상북도,청도군,이륜자동차판매점,5.0,5.0,5.0
경상북도,청도군,이발소,13.0,13.0,13.0
경상북도,청도군,이비인후과의원,0.0,0.0,0.0
경상북도,청도군,일반외과의원,3.0,3.0,3.0
경상북도,청도군,일식음식점,5.0,6.0,3.0
경상북도,청도군,자동차수리점,41.0,41.0,42.0
경상북도,청도군,자전거판매점,0.0,0.0,0.0
경상북도,청도군,정육점,24.0,25.0,24.0
경상북도,청도군,제과점,16.0,16.0,14.0
경상북도,청도군,종합병원,8.0,8.0,8.0
경상북도,청도군,주유소,25.0,24.0,24.0
경상북도,청도군,주차장운영업,0.0,0.0,0.0
경상북도,청도군,중고차판매점,0.0,0.0,0.0
경상북도,청도군,중식음식점,23.0,23.0,22.0
경상북도,청도군,채소가게,59.0,57.0,44.0
경상북도,청도군,철물점,14.0,14.0,13.0
경상북도,청도군,치과의원,11.0,11.0,11.0
경상북도,청도군,침구ㆍ커튼가게,5.0,5.0,5.0
경상북도,청도군,커피음료점,179.0,178.0,178.0
경상북도,청도군,컴퓨터판매점,3.0,3.0,3.0
경상북도,청도군,통신판매업,290.0,293.0,292.0
경상북도,청도군,패스트푸드점,24.0,24.0,26.0
경상북도,청도군,펜션ㆍ게스트하우스,268.0,267.0,249.0
경상북도,청도군,편의점,28.0,28.0,29.0
경상북도,청도군,피부ㆍ비뇨기과의원,0.0,0.0,0.0
경상북도,청도군,피부관리업,9.0,9.0,10.0
경상북도,청도군,한방병원ㆍ한의원,12.0,12.0,11.0
경상북도,청도군,한식음식점,596.0,598.0,592.0
경상북도,청도군,헬스클럽,0.0,0.0,0.0
경상북도,청도군,호프주점,0.0,0.0,0.0
경상북도,청도군,화장품가게,16.0,16.0,18.0
경상북도,청도군,휴대폰가게,11.0,11.0,10.0
경상북도,청송군,LPG 충전소,0.0,0.0,0.0
경상북도,청송군,pc방,0.0,0.0,0.0
경상북도,청송군,가구점,0.0,0.0,0.0
경상북도,청송군,가전제품수리점,5.0,5.0,4.0
경상북도,청송군,가전제품판매점,12.0,12.0,13.0
경상북도,청송군,간판광고물업,3.0,3.0,3.0
경상북도,청송군,건강보조식품가게,8.0,8.0,8.0
경상북도,청송군,건어물가게,4.0,4.0,5.0
경상북도,청송군,건축사,5.0,5.0,4.0
경상북도,청송군,곡물가게,7.0,7.0,8.0
경상북도,청송군,과일가게,108.0,108.0,109.0
경상북도,청송군,교습소ㆍ공부방,7.0,7.0,6.0
경상북도,청송군,교습학원,8.0,8.0,8.0
경상북도,청송군,구내식당,4.0,4.0,4.0
경상북도,청송군,기술ㆍ직업훈련학원,4.0,4.0,4.0
경상북도,청송군,기술사,0.0,0.0,0.0
경상북도,청송군,기타외국식음식점,4.0,4.0,3.0
경상북도,청송군,기타음식점,9.0,9.0,8.0
경상북도,청송군,꽃가게,14.0,15.0,15.0
경상북도,청송군,내과ㆍ소아과의원,4.0,4.0,4.0
경상북도,청송군,노래방,10.0,10.0,10.0
경상북도,청송군,담배ㆍ복권소매업,18.0,18.0,22.0
경상북도,청송군,당구장,5.0,5.0,5.0
경상북도,청송군,동물병원,0.0,0.0,0.0
경상북도,청송군,목욕탕,4.0,4.0,4.0
경상북도,청송군,문구점,6.0,6.0,6.0
경상북도,청송군,미용실,40.0,40.0,41.0
경상북도,청송군,법무사,3.0,3.0,3.0
경상북도,청송군,부동산중개업,23.0,23.0,24.0
경상북도,청송군,분식점,17.0,17.0,15.0
경상북도,청송군,사진촬영업,0.0,0.0,0.0
경상북도,청송군,생선가게,8.0,8.0,7.0
경상북도,청송군,서점,4.0,4.0,4.0
경상북도,청송군,세탁소,15.0,15.0,15.0
경상북도,청송군,슈퍼마켓,13.0,13.0,13.0
경상북도,청송군,스포츠교육기관,6.0,6.0,6.0
경상북도,청송군,스포츠시설운영업,0.0,0.0,0.0
경상북도,청송군,스포츠용품점,7.0,5.0,5.0
경상북도,청송군,시계ㆍ귀금속점,3.0,3.0,3.0
경상북도,청송군,식료품가게,61.0,60.0,63.0
경상북도,청송군,신발가게,3.0,3.0,3.0
경상북도,청송군,실내스크린골프점,7.0,7.0,6.0
경상북도,청송군,실내장식가게,14.0,14.0,13.0
경상북도,청송군,실외골프연습장,0.0,0.0,0.0
경상북도,청송군,안경점,4.0,4.0,4.0
경상북도,청송군,안과의원,0.0,0.0,0.0
경상북도,청송군,애완용품점,0.0,0.0,0.0
경상북도,청송군,약국,11.0,11.0,11.0
경상북도,청송군,여관ㆍ모텔,26.0,26.0,26.0
경상북도,청송군,여행사,4.0,4.0,4.0
경상북도,청송군,예술학원,8.0,8.0,8.0
경상북도,청송군,옷가게,21.0,22.0,26.0
경상북도,청송군,의료용품가게,3.0,3.0,3.0
경상북도,청송군,이륜자동차판매점,4.0,4.0,4.0
경상북도,청송군,이발소,11.0,11.0,12.0
경상북도,청송군,일반외과의원,0.0,0.0,0.0
경상북도,청송군,일식음식점,0.0,0.0,0.0
경상북도,청송군,자동차수리점,28.0,28.0,31.0
경상북도,청송군,자전거판매점,0.0,0.0,0.0
경상북도,청송군,정육점,15.0,15.0,15.0
경상북도,청송군,제과점,10.0,9.0,9.0
경상북도,청송군,종합병원,0.0,0.0,0.0
경상북도,청송군,주유소,16.0,16.0,17.0
경상북도,청송군,주차장운영업,5.0,5.0,5.0
경상북도,청송군,중고차판매점,0.0,0.0,0.0
경상북도,청송군,중식음식점,18.0,18.0,20.0
경상북도,청송군,채소가게,40.0,40.0,44.0
경상북도,청송군,철물점,12.0,12.0,12.0
경상북도,청송군,치과의원,5.0,5.0,5.0
경상북도,청송군,침구ㆍ커튼가게,7.0,7.0,8.0
경상북도,청송군,커피음료점,151.0,150.0,143.0
경상북도,청송군,컴퓨터판매점,0.0,0.0,0.0
경상북도,청송군,통신판매업,160.0,153.0,158.0
경상북도,청송군,패스트푸드점,24.0,24.0,25.0
경상북도,청송군,펜션ㆍ게스트하우스,37.0,37.0,35.0
경상북도,청송군,편의점,16.0,16.0,16.0
경상북도,청송군,피부관리업,9.0,9.0,8.0
경상북도,청송군,한방병원ㆍ한의원,7.0,7.0,7.0
경상북도,청송군,한식음식점,400.0,402.0,410.0
경상북도,청송군,호프주점,3.0,3.0,4.0
경상북도,청송군,화장품가게,7.0,7.0,7.0
경상북도,청송군,휴대폰가게,8.0,8.0,7.0
경상북도,칠곡군,LPG 충전소,16.0,15.0,15.0
경상북도,칠곡군,pc방,20.0,20.0,21.0
경상북도,칠곡군,가구점,35.0,36.0,35.0
경상북도,칠곡군,가전제품수리점,36.0,35.0,30.0
경상북도,칠곡군,가전제품판매점,26.0,25.0,27.0
경상북도,칠곡군,간이주점,3.0,3.0,3.0
경상북도,칠곡군,간판광고물업,24.0,24.0,24.0
경상북도,칠곡군,감정평가사,0.0,0.0,0.0
경상북도,칠곡군,건강보조식품가게,22.0,22.0,25.0
경상북도,칠곡군,건어물가게,9.0,9.0,6.0
경상북도,칠곡군,건축사,30.0,29.0,29.0
경상북도,칠곡군,결혼상담소,0.0,0.0,0.0
경상북도,칠곡군,곡물가게,14.0,14.0,13.0
경상북도,칠곡군,공인노무사,0.0,0.0,0.0
경상북도,칠곡군,과일가게,33.0,33.0,28.0
경상북도,칠곡군,교습소ㆍ공부방,110.0,108.0,107.0
경상북도,칠곡군,교습학원,113.0,113.0,117.0
경상북도,칠곡군,구내식당,49.0,49.0,50.0
경상북도,칠곡군,기술ㆍ직업훈련학원,49.0,48.0,48.0
경상북도,칠곡군,기술사,0.0,0.0,0.0
경상북도,칠곡군,기타외국식음식점,49.0,50.0,47.0
경상북도,칠곡군,기타음식점,33.0,33.0,31.0
경상북도,칠곡군,기타일반의원,12.0,12.0,11.0
경상북도,칠곡군,꽃가게,72.0,72.0,69.0
경상북도,칠곡군,내과ㆍ소아과의원,23.0,23.0,22.0
경상북도,칠곡군,노래방,52.0,53.0,55.0
경상북도,칠곡군,담배ㆍ복권소매업,32.0,32.0,33.0
경상북도,칠곡군,당구장,51.0,50.0,47.0
경상북도,칠곡군,독서실,0.0,0.0,0.0
경상북도,칠곡군,동물병원,10.0,10.0,10.0
경상북도,칠곡군,목욕탕,18.0,18.0,19.0
경상북도,칠곡군,문구점,21.0,23.0,25.0
경상북도,칠곡군,미용실,303.0,303.0,298.0
경상북도,칠곡군,법무사,7.0,7.0,8.0
경상북도,칠곡군,부동산중개업,214.0,217.0,226.0
경상북도,칠곡군,분식점,91.0,93.0,97.0
경상북도,칠곡군,사진촬영업,20.0,20.0,20.0
경상북도,칠곡군,산부인과의원,0.0,0.0,0.0
경상북도,칠곡군,생선가게,13.0,13.0,13.0
경상북도,칠곡군,서점,12.0,12.0,11.0
경상북도,칠곡군,세무사,4.0,4.0,3.0
경상북도,칠곡군,세탁소,59.0,59.0,56.0
경상북도,칠곡군,슈퍼마켓,86.0,86.0,89.0
경상북도,칠곡군,스포츠교육기관,75.0,75.0,73.0
경상북도,칠곡군,스포츠시설운영업,20.0,20.0,18.0
경상북도,칠곡군,스포츠용품점,44.0,44.0,52.0
경상북도,칠곡군,시계ㆍ귀금속점,9.0,8.0,8.0
경상북도,칠곡군,식료품가게,139.0,138.0,142.0
경상북도,칠곡군,신경정신과의원,0.0,0.0,0.0
경상북도,칠곡군,신발가게,6.0,6.0,6.0
경상북도,칠곡군,실내스크린골프점,34.0,33.0,30.0
경상북도,칠곡군,실내장식가게,182.0,185.0,163.0
경상북도,칠곡군,실외골프연습장,11.0,11.0,11.0
경상북도,칠곡군,안경점,17.0,17.0,17.0
경상북도,칠곡군,안과의원,3.0,3.0,3.0
경상북도,칠곡군,애완용품점,35.0,35.0,40.0
경상북도,칠곡군,약국,46.0,46.0,47.0
경상북도,칠곡군,여관ㆍ모텔,79.0,80.0,83.0
경상북도,칠곡군,여행사,16.0,16.0,15.0
경상북도,칠곡군,예술학원,50.0,51.0,57.0
경상북도,칠곡군,예식장,4.0,4.0,4.0
경상북도,칠곡군,옷가게,135.0,135.0,143.0
경상북도,칠곡군,의료용품가게,14.0,13.0,11.0
경상북도,칠곡군,이륜자동차판매점,6.0,6.0,5.0
경상북도,칠곡군,이발소,18.0,18.0,21.0
경상북도,칠곡군,이비인후과의원,4.0,4.0,4.0
경상북도,칠곡군,일반외과의원,11.0,11.0,10.0
경상북도,칠곡군,일식음식점,14.0,14.0,15.0
경상북도,칠곡군,자동차수리점,201.0,201.0,190.0
경상북도,칠곡군,자전거판매점,0.0,0.0,0.0
경상북도,칠곡군,장난감가게,11.0,12.0,8.0
경상북도,칠곡군,정육점,70.0,69.0,70.0
경상북도,칠곡군,제과점,41.0,41.0,40.0
경상북도,칠곡군,종합병원,9.0,9.0,8.0
경상북도,칠곡군,주유소,80.0,80.0,80.0
경상북도,칠곡군,주차장운영업,6.0,6.0,5.0
경상북도,칠곡군,중고차판매점,29.0,29.0,27.0
경상북도,칠곡군,중식음식점,78.0,78.0,81.0
경상북도,칠곡군,채소가게,46.0,46.0,40.0
경상북도,칠곡군,철물점,36.0,36.0,34.0
경상북도,칠곡군,치과의원,24.0,24.0,24.0
경상북도,칠곡군,침구ㆍ커튼가게,28.0,28.0,29.0
경상북도,칠곡군,커피음료점,207.0,206.0,193.0
경상북도,칠곡군,컴퓨터판매점,16.0,16.0,15.0
경상북도,칠곡군,통신판매업,1003.0,1001.0,926.0
경상북도,칠곡군,패스트푸드점,104.0,104.0,115.0
경상북도,칠곡군,펜션ㆍ게스트하우스,46.0,47.0,42.0
경상북도,칠곡군,편의점,151.0,151.0,149.0
경상북도,칠곡군,피부ㆍ비뇨기과의원,3.0,3.0,0.0
경상북도,칠곡군,피부관리업,100.0,100.0,102.0
경상북도,칠곡군,한방병원ㆍ한의원,17.0,17.0,18.0
경상북도,칠곡군,한식음식점,1398.0,1413.0,1434.0
경상북도,칠곡군,헬스클럽,19.0,20.0,20.0
경상북도,칠곡군,호프주점,13.0,13.0,16.0
경상북도,칠곡군,화장품가게,68.0,66.0,67.0
경상북도,칠곡군,휴대폰가게,50.0,50.0,50.0
경상북도,포항시 남구,LPG 충전소,12.0,12.0,12.0
경상북도,포항시 남구,pc방,43.0,43.0,42.0
경상북도,포항시 남구,가구점,26.0,25.0,25.0
경상북도,포항시 남구,가전제품수리점,81.0,80.0,71.0
경상북도,포항시 남구,가전제품판매점,90.0,91.0,89.0
경상북도,포항시 남구,간이주점,33.0,33.0,38.0
경상북도,포항시 남구,간판광고물업,57.0,57.0,54.0
경상북도,포항시 남구,감정평가사,3.0,3.0,3.0
경상북도,포항시 남구,건강보조식품가게,54.0,54.0,53.0
경상북도,포항시 남구,건어물가게,95.0,95.0,95.0
경상북도,포항시 남구,건축사,50.0,51.0,54.0
경상북도,포항시 남구,결혼상담소,4.0,5.0,4.0
경상북도,포항시 남구,곡물가게,17.0,17.0,19.0
경상북도,포항시 남구,공인노무사,9.0,9.0,9.0
경상북도,포항시 남구,공인회계사,0.0,0.0,0.0
경상북도,포항시 남구,과일가게,59.0,60.0,52.0
경상북도,포항시 남구,교습소ㆍ공부방,276.0,274.0,260.0
경상북도,포항시 남구,교습학원,325.0,323.0,321.0
경상북도,포항시 남구,구내식당,62.0,62.0,63.0
경상북도,포항시 남구,기술ㆍ직업훈련학원,73.0,76.0,72.0
경상북도,포항시 남구,기술사,6.0,6.0,7.0
경상북도,포항시 남구,기타외국식음식점,101.0,101.0,104.0
경상북도,포항시 남구,기타음식점,82.0,81.0,94.0
경상북도,포항시 남구,기타일반의원,6.0,6.0,6.0
경상북도,포항시 남구,꽃가게,121.0,120.0,121.0
경상북도,포항시 남구,내과ㆍ소아과의원,55.0,55.0,55.0
경상북도,포항시 남구,노래방,175.0,176.0,183.0
경상북도,포항시 남구,담배ㆍ복권소매업,58.0,58.0,61.0
경상북도,포항시 남구,당구장,102.0,102.0,102.0
경상북도,포항시 남구,독서실,13.0,13.0,14.0
경상북도,포항시 남구,동물병원,15.0,15.0,14.0
경상북도,포항시 남구,목욕탕,37.0,37.0,41.0
경상북도,포항시 남구,문구점,54.0,55.0,55.0
경상북도,포항시 남구,미용실,696.0,696.0,688.0
경상북도,포항시 남구,법무사,8.0,8.0,9.0
경상북도,포항시 남구,변호사,6.0,6.0,5.0
경상북도,포항시 남구,부동산중개업,354.0,355.0,362.0
경상북도,포항시 남구,분식점,213.0,216.0,223.0
경상북도,포항시 남구,사진촬영업,68.0,69.0,65.0
경상북도,포항시 남구,산부인과의원,3.0,3.0,3.0
경상북도,포항시 남구,생선가게,199.0,199.0,194.0
경상북도,포항시 남구,서점,47.0,47.0,44.0
경상북도,포항시 남구,성형외과의원,0.0,0.0,0.0
경상북도,포항시 남구,세무사,10.0,10.0,10.0
경상북도,포항시 남구,세탁소,143.0,141.0,140.0
경상북도,포항시 남구,슈퍼마켓,136.0,135.0,139.0
경상북도,포항시 남구,스포츠교육기관,136.0,136.0,134.0
경상북도,포항시 남구,스포츠시설운영업,37.0,37.0,37.0
경상북도,포항시 남구,스포츠용품점,98.0,100.0,105.0
경상북도,포항시 남구,시계ㆍ귀금속점,39.0,39.0,39.0
경상북도,포항시 남구,식료품가게,258.0,261.0,270.0
경상북도,포항시 남구,신경정신과의원,0.0,0.0,0.0
경상북도,포항시 남구,신발가게,11.0,11.0,11.0
경상북도,포항시 남구,실내스크린골프점,45.0,46.0,46.0
경상북도,포항시 남구,실내장식가게,305.0,303.0,298.0
경상북도,포항시 남구,실외골프연습장,17.0,17.0,18.0
경상북도,포항시 남구,안경점,43.0,43.0,42.0
경상북도,포항시 남구,안과의원,6.0,6.0,6.0
경상북도,포항시 남구,애완용품점,56.0,55.0,62.0
경상북도,포항시 남구,약국,100.0,100.0,101.0
경상북도,포항시 남구,여관ㆍ모텔,137.0,137.0,142.0
경상북도,포항시 남구,여행사,38.0,38.0,38.0
경상북도,포항시 남구,예술학원,124.0,123.0,128.0
경상북도,포항시 남구,예식장,4.0,4.0,6.0
경상북도,포항시 남구,옷가게,314.0,317.0,338.0
경상북도,포항시 남구,의료용품가게,26.0,26.0,21.0
경상북도,포항시 남구,이륜자동차판매점,18.0,18.0,17.0
경상북도,포항시 남구,이발소,72.0,73.0,79.0
경상북도,포항시 남구,이비인후과의원,6.0,6.0,6.0
경상북도,포항시 남구,일반외과의원,24.0,24.0,23.0
경상북도,포항시 남구,일식음식점,82.0,80.0,84.0
경상북도,포항시 남구,자동차수리점,336.0,334.0,325.0
경상북도,포항시 남구,자전거판매점,15.0,15.0,15.0
경상북도,포항시 남구,장난감가게,21.0,21.0,16.0
경상북도,포항시 남구,정육점,108.0,109.0,107.0
경상북도,포항시 남구,제과점,113.0,113.0,107.0
경상북도,포항시 남구,종합병원,12.0,11.0,11.0
경상북도,포항시 남구,주유소,81.0,81.0,81.0
경상북도,포항시 남구,주차장운영업,35.0,35.0,36.0
경상북도,포항시 남구,중고차판매점,28.0,28.0,28.0
경상북도,포항시 남구,중식음식점,163.0,162.0,159.0
경상북도,포항시 남구,채소가게,54.0,54.0,52.0
경상북도,포항시 남구,철물점,34.0,34.0,35.0
경상북도,포항시 남구,치과의원,69.0,68.0,68.0
경상북도,포항시 남구,침구ㆍ커튼가게,43.0,42.0,43.0
경상북도,포항시 남구,커피음료점,556.0,547.0,546.0
경상북도,포항시 남구,컴퓨터판매점,31.0,32.0,32.0
경상북도,포항시 남구,통신판매업,1438.0,1430.0,1374.0
경상북도,포항시 남구,패스트푸드점,266.0,268.0,268.0
경상북도,포항시 남구,펜션ㆍ게스트하우스,275.0,270.0,251.0
경상북도,포항시 남구,편의점,248.0,248.0,254.0
경상북도,포항시 남구,피부ㆍ비뇨기과의원,8.0,8.0,8.0
경상북도,포항시 남구,피부관리업,330.0,332.0,313.0
경상북도,포항시 남구,한방병원ㆍ한의원,65.0,65.0,64.0
경상북도,포항시 남구,한식음식점,2926.0,2953.0,2994.0
경상북도,포항시 남구,헬스클럽,52.0,52.0,55.0
경상북도,포항시 남구,호프주점,88.0,88.0,103.0
경상북도,포항시 남구,화장품가게,243.0,239.0,257.0
경상북도,포항시 남구,휴대폰가게,79.0,83.0,81.0
경상북도,포항시 북구,LPG 충전소,12.0,12.0,12.0
경상북도,포항시 북구,pc방,32.0,32.0,36.0
경상북도,포항시 북구,가구점,54.0,54.0,54.0
경상북도,포항시 북구,가전제품수리점,106.0,103.0,94.0
경상북도,포항시 북구,가전제품판매점,71.0,72.0,77.0
경상북도,포항시 북구,간이주점,28.0,28.0,29.0
경상북도,포항시 북구,간판광고물업,61.0,61.0,61.0
경상북도,포항시 북구,감정평가사,4.0,5.0,5.0
경상북도,포항시 북구,건강보조식품가게,96.0,97.0,94.0
경상북도,포항시 북구,건어물가게,129.0,129.0,121.0
경상북도,포항시 북구,건축사,46.0,46.0,45.0
경상북도,포항시 북구,결혼상담소,13.0,12.0,11.0
경상북도,포항시 북구,곡물가게,31.0,30.0,32.0
경상북도,포항시 북구,공인노무사,0.0,0.0,0.0
경상북도,포항시 북구,공인회계사,6.0,6.0,6.0
경상북도,포항시 북구,과일가게,91.0,92.0,91.0
경상북도,포항시 북구,교습소ㆍ공부방,481.0,478.0,449.0
경상북도,포항시 북구,교습학원,392.0,394.0,381.0
경상북도,포항시 북구,구내식당,51.0,51.0,54.0
경상북도,포항시 북구,기술ㆍ직업훈련학원,135.0,130.0,125.0
경상북도,포항시 북구,기술사,4.0,4.0,4.0
경상북도,포항시 북구,기타외국식음식점,109.0,107.0,97.0
경상북도,포항시 북구,기타음식점,109.0,113.0,116.0
경상북도,포항시 북구,기타일반의원,19.0,19.0,20.0
경상북도,포항시 북구,꽃가게,183.0,181.0,188.0
경상북도,포항시 북구,내과ㆍ소아과의원,62.0,62.0,62.0
경상북도,포항시 북구,노래방,120.0,121.0,128.0
경상북도,포항시 북구,담배ㆍ복권소매업,68.0,68.0,68.0
경상북도,포항시 북구,당구장,106.0,107.0,103.0
경상북도,포항시 북구,독서실,22.0,22.0,25.0
경상북도,포항시 북구,동물병원,24.0,24.0,25.0
경상북도,포항시 북구,목욕탕,36.0,37.0,39.0
경상북도,포항시 북구,문구점,64.0,66.0,71.0
경상북도,포항시 북구,미용실,796.0,796.0,775.0
경상북도,포항시 북구,법무사,47.0,47.0,47.0
경상북도,포항시 북구,변리사,0.0,0.0,0.0
경상북도,포항시 북구,변호사,41.0,40.0,42.0
경상북도,포항시 북구,부동산중개업,635.0,643.0,639.0
경상북도,포항시 북구,분식점,254.0,253.0,260.0
경상북도,포항시 북구,사진촬영업,104.0,103.0,101.0
경상북도,포항시 북구,산부인과의원,7.0,7.0,7.0
경상북도,포항시 북구,생선가게,276.0,276.0,270.0
경상북도,포항시 북구,서점,73.0,73.0,67.0
경상북도,포항시 북구,성형외과의원,6.0,6.0,6.0
경상북도,포항시 북구,세무사,54.0,54.0,52.0
경상북도,포항시 북구,세탁소,132.0,130.0,130.0
경상북도,포항시 북구,슈퍼마켓,149.0,148.0,147.0
경상북도,포항시 북구,스포츠교육기관,188.0,188.0,185.0
경상북도,포항시 북구,스포츠시설운영업,51.0,50.0,53.0
경상북도,포항시 북구,스포츠용품점,140.0,141.0,144.0
경상북도,포항시 북구,시계ㆍ귀금속점,69.0,69.0,71.0
경상북도,포항시 북구,식료품가게,256.0,261.0,270.0
경상북도,포항시 북구,신경정신과의원,11.0,11.0,9.0
경상북도,포항시 북구,신발가게,44.0,44.0,45.0
경상북도,포항시 북구,실내스크린골프점,63.0,63.0,61.0
경상북도,포항시 북구,실내장식가게,393.0,394.0,397.0
경상북도,포항시 북구,실외골프연습장,17.0,17.0,16.0
경상북도,포항시 북구,안경점,60.0,60.0,61.0
경상북도,포항시 북구,안과의원,7.0,7.0,7.0
경상북도,포항시 북구,애완용품점,62.0,62.0,68.0
경상북도,포항시 북구,약국,132.0,133.0,134.0
경상북도,포항시 북구,여관ㆍ모텔,136.0,136.0,138.0
경상북도,포항시 북구,여행사,82.0,81.0,76.0
경상북도,포항시 북구,예술학원,176.0,177.0,176.0
경상북도,포항시 북구,예식장,6.0,5.0,4.0
경상북도,포항시 북구,옷가게,585.0,580.0,591.0
경상북도,포항시 북구,의료용품가게,45.0,46.0,42.0
경상북도,포항시 북구,이륜자동차판매점,18.0,17.0,17.0
경상북도,포항시 북구,이발소,63.0,63.0,64.0
경상북도,포항시 북구,이비인후과의원,13.0,13.0,14.0
경상북도,포항시 북구,일반외과의원,28.0,28.0,28.0
경상북도,포항시 북구,일식음식점,90.0,92.0,83.0
경상북도,포항시 북구,자동차수리점,291.0,291.0,289.0
경상북도,포항시 북구,자전거판매점,8.0,8.0,9.0
경상북도,포항시 북구,장난감가게,17.0,17.0,17.0
경상북도,포항시 북구,정육점,139.0,138.0,119.0
경상북도,포항시 북구,제과점,140.0,140.0,138.0
경상북도,포항시 북구,종합병원,32.0,32.0,32.0
경상북도,포항시 북구,주유소,69.0,68.0,74.0
경상북도,포항시 북구,주차장운영업,84.0,84.0,82.0
경상북도,포항시 북구,중고차판매점,19.0,20.0,19.0
경상북도,포항시 북구,중식음식점,154.0,154.0,149.0
경상북도,포항시 북구,채소가게,152.0,152.0,147.0
경상북도,포항시 북구,철물점,45.0,45.0,46.0
경상북도,포항시 북구,치과의원,98.0,98.0,93.0
경상북도,포항시 북구,침구ㆍ커튼가게,79.0,78.0,74.0
경상북도,포항시 북구,커피음료점,654.0,654.0,650.0
경상북도,포항시 북구,컴퓨터판매점,32.0,32.0,31.0
경상북도,포항시 북구,통신판매업,2311.0,2311.0,2114.0
경상북도,포항시 북구,패스트푸드점,288.0,292.0,291.0
경상북도,포항시 북구,펜션ㆍ게스트하우스,334.0,332.0,277.0
경상북도,포항시 북구,편의점,258.0,259.0,261.0
경상북도,포항시 북구,피부ㆍ비뇨기과의원,24.0,24.0,25.0
경상북도,포항시 북구,피부관리업,445.0,447.0,419.0
경상북도,포항시 북구,한방병원ㆍ한의원,71.0,71.0,73.0
경상북도,포항시 북구,한식음식점,2694.0,2708.0,2725.0
경상북도,포항시 북구,헬스클럽,68.0,67.0,62.0
경상북도,포항시 북구,호프주점,81.0,81.0,88.0
경상북도,포항시 북구,화장품가게,305.0,310.0,324.0
경상북도,포항시 북구,휴대폰가게,111.0,112.0,101.0
광주광역시,광산구,LPG 충전소,23.0,23.0,23.0
광주광역시,광산구,pc방,66.0,69.0,76.0
광주광역시,광산구,가구점,48.0,49.0,50.0
광주광역시,광산구,가전제품수리점,185.0,190.0,175.0
광주광역시,광산구,가전제품판매점,66.0,68.0,70.0
광주광역시,광산구,간이주점,13.0,15.0,20.0
광주광역시,광산구,간판광고물업,82.0,82.0,80.0
광주광역시,광산구,감정평가사,3.0,3.0,3.0
광주광역시,광산구,건강보조식품가게,105.0,104.0,108.0
광주광역시,광산구,건어물가게,29.0,28.0,26.0
광주광역시,광산구,건축사,33.0,33.0,35.0
광주광역시,광산구,결혼상담소,12.0,12.0,9.0
광주광역시,광산구,곡물가게,19.0,19.0,17.0
광주광역시,광산구,공인노무사,3.0,4.0,4.0
광주광역시,광산구,공인회계사,4.0,4.0,4.0
광주광역시,광산구,과일가게,108.0,109.0,91.0
광주광역시,광산구,교습소ㆍ공부방,365.0,361.0,366.0
광주광역시,광산구,교습학원,739.0,737.0,727.0
광주광역시,광산구,구내식당,101.0,101.0,109.0
광주광역시,광산구,기술ㆍ직업훈련학원,161.0,161.0,168.0
광주광역시,광산구,기술사,10.0,10.0,7.0
광주광역시,광산구,기타외국식음식점,129.0,130.0,141.0
광주광역시,광산구,기타음식점,145.0,148.0,156.0
광주광역시,광산구,기타일반의원,29.0,29.0,29.0
광주광역시,광산구,꽃가게,203.0,200.0,196.0
광주광역시,광산구,내과ㆍ소아과의원,72.0,72.0,71.0
광주광역시,광산구,노래방,230.0,231.0,234.0
광주광역시,광산구,담배ㆍ복권소매업,52.0,54.0,52.0
광주광역시,광산구,당구장,194.0,193.0,191.0
광주광역시,광산구,독서실,36.0,36.0,37.0
광주광역시,광산구,동물병원,34.0,33.0,33.0
광주광역시,광산구,목욕탕,18.0,19.0,21.0
광주광역시,광산구,문구점,83.0,83.0,82.0
광주광역시,광산구,미용실,1063.0,1060.0,1027.0
광주광역시,광산구,법무사,14.0,14.0,13.0
광주광역시,광산구,변리사,0.0,0.0,0.0
광주광역시,광산구,변호사,5.0,4.0,4.0
광주광역시,광산구,부동산중개업,1169.0,1164.0,1203.0
광주광역시,광산구,분식점,337.0,335.0,355.0
광주광역시,광산구,사진촬영업,119.0,118.0,111.0
광주광역시,광산구,산부인과의원,17.0,17.0,17.0
광주광역시,광산구,생선가게,66.0,68.0,66.0
광주광역시,광산구,서점,61.0,61.0,62.0
광주광역시,광산구,성형외과의원,5.0,5.0,5.0
광주광역시,광산구,세무사,45.0,45.0,43.0
광주광역시,광산구,세탁소,234.0,234.0,236.0
광주광역시,광산구,슈퍼마켓,240.0,241.0,231.0
광주광역시,광산구,스포츠교육기관,318.0,315.0,316.0
광주광역시,광산구,스포츠시설운영업,69.0,70.0,77.0
광주광역시,광산구,스포츠용품점,110.0,113.0,121.0
광주광역시,광산구,시계ㆍ귀금속점,40.0,41.0,41.0
광주광역시,광산구,식료품가게,379.0,382.0,395.0
광주광역시,광산구,신경정신과의원,12.0,12.0,12.0
광주광역시,광산구,신발가게,26.0,26.0,26.0
광주광역시,광산구,실내스크린골프점,67.0,67.0,66.0
광주광역시,광산구,실내장식가게,861.0,859.0,812.0
광주광역시,광산구,실외골프연습장,11.0,11.0,14.0
광주광역시,광산구,안경점,77.0,78.0,77.0
광주광역시,광산구,안과의원,7.0,7.0,7.0
광주광역시,광산구,애완용품점,93.0,94.0,91.0
광주광역시,광산구,약국,166.0,166.0,166.0
광주광역시,광산구,여관ㆍ모텔,82.0,84.0,83.0
광주광역시,광산구,여행사,71.0,71.0,69.0
광주광역시,광산구,예술학원,275.0,273.0,272.0
광주광역시,광산구,예식장,0.0,0.0,0.0
광주광역시,광산구,옷가게,540.0,545.0,579.0
광주광역시,광산구,의료용품가게,61.0,62.0,62.0
광주광역시,광산구,이륜자동차판매점,14.0,14.0,12.0
광주광역시,광산구,이발소,55.0,55.0,57.0
광주광역시,광산구,이비인후과의원,20.0,20.0,20.0
광주광역시,광산구,일반외과의원,26.0,26.0,27.0
광주광역시,광산구,일식음식점,97.0,98.0,92.0
광주광역시,광산구,자동차수리점,528.0,527.0,517.0
광주광역시,광산구,자전거판매점,15.0,16.0,15.0
광주광역시,광산구,장난감가게,16.0,15.0,13.0
광주광역시,광산구,정육점,176.0,178.0,182.0
광주광역시,광산구,제과점,177.0,173.0,165.0
광주광역시,광산구,종합병원,43.0,43.0,42.0
광주광역시,광산구,주유소,109.0,111.0,111.0
광주광역시,광산구,주차장운영업,86.0,86.0,74.0
광주광역시,광산구,중고차판매점,27.0,27.0,30.0
광주광역시,광산구,중식음식점,164.0,161.0,158.0
광주광역시,광산구,채소가게,92.0,91.0,81.0
광주광역시,광산구,철물점,64.0,65.0,68.0
광주광역시,광산구,치과의원,154.0,153.0,155.0
광주광역시,광산구,침구ㆍ커튼가게,54.0,52.0,56.0
광주광역시,광산구,커피음료점,651.0,650.0,658.0
광주광역시,광산구,컴퓨터판매점,42.0,42.0,43.0
광주광역시,광산구,통신판매업,3849.0,3866.0,3761.0
광주광역시,광산구,패스트푸드점,412.0,412.0,397.0
광주광역시,광산구,펜션ㆍ게스트하우스,14.0,13.0,10.0
광주광역시,광산구,편의점,384.0,382.0,393.0
광주광역시,광산구,피부ㆍ비뇨기과의원,32.0,32.0,30.0
광주광역시,광산구,피부관리업,883.0,881.0,834.0
광주광역시,광산구,한방병원ㆍ한의원,96.0,96.0,100.0
광주광역시,광산구,한식음식점,2929.0,2926.0,2997.0
광주광역시,광산구,헬스클럽,112.0,110.0,106.0
광주광역시,광산구,호프주점,291.0,292.0,338.0
광주광역시,광산구,화장품가게,228.0,231.0,251.0
광주광역시,광산구,휴대폰가게,151.0,149.0,146.0
광주광역시,남구,LPG 충전소,0.0,0.0,0.0
광주광역시,남구,pc방,24.0,24.0,23.0
광주광역시,남구,가구점,14.0,12.0,17.0
광주광역시,남구,가전제품수리점,90.0,89.0,89.0
광주광역시,남구,가전제품판매점,36.0,36.0,34.0
광주광역시,남구,간이주점,11.0,11.0,15.0
광주광역시,남구,간판광고물업,52.0,53.0,52.0
광주광역시,남구,감정평가사,8.0,8.0,7.0
광주광역시,남구,건강보조식품가게,93.0,94.0,99.0
광주광역시,남구,건어물가게,17.0,16.0,14.0
광주광역시,남구,건축사,36.0,36.0,36.0
광주광역시,남구,결혼상담소,19.0,18.0,20.0
광주광역시,남구,곡물가게,19.0,19.0,17.0
광주광역시,남구,공인노무사,5.0,5.0,3.0
광주광역시,남구,공인회계사,0.0,0.0,0.0
광주광역시,남구,과일가게,52.0,50.0,52.0
광주광역시,남구,교습소ㆍ공부방,264.0,264.0,256.0
광주광역시,남구,교습학원,534.0,535.0,539.0
광주광역시,남구,구내식당,30.0,31.0,31.0
광주광역시,남구,기술ㆍ직업훈련학원,97.0,96.0,92.0
광주광역시,남구,기술사,4.0,4.0,5.0
광주광역시,남구,기타외국식음식점,54.0,54.0,65.0
광주광역시,남구,기타음식점,89.0,90.0,91.0
광주광역시,남구,기타일반의원,19.0,19.0,18.0
광주광역시,남구,꽃가게,107.0,108.0,108.0
광주광역시,남구,내과ㆍ소아과의원,48.0,48.0,51.0
광주광역시,남구,노래방,72.0,72.0,74.0
광주광역시,남구,담배ㆍ복권소매업,59.0,59.0,60.0
광주광역시,남구,당구장,75.0,72.0,71.0
광주광역시,남구,독서실,32.0,32.0,33.0
광주광역시,남구,동물병원,19.0,19.0,19.0
광주광역시,남구,목욕탕,33.0,32.0,31.0
광주광역시,남구,문구점,49.0,49.0,47.0
광주광역시,남구,미용실,496.0,495.0,496.0
광주광역시,남구,법무사,5.0,5.0,3.0
광주광역시,남구,변호사,6.0,6.0,4.0
광주광역시,남구,부동산중개업,496.0,505.0,530.0
광주광역시,남구,분식점,172.0,178.0,193.0
광주광역시,남구,사진촬영업,73.0,73.0,59.0
광주광역시,남구,산부인과의원,9.0,9.0,9.0
광주광역시,남구,생선가게,33.0,33.0,31.0
광주광역시,남구,서점,47.0,47.0,45.0
광주광역시,남구,성형외과의원,0.0,0.0,0.0
광주광역시,남구,세무사,24.0,24.0,25.0
광주광역시,남구,세탁소,116.0,117.0,117.0
광주광역시,남구,슈퍼마켓,104.0,104.0,104.0
광주광역시,남구,스포츠교육기관,183.0,179.0,170.0
광주광역시,남구,스포츠시설운영업,45.0,44.0,49.0
광주광역시,남구,스포츠용품점,50.0,51.0,49.0
광주광역시,남구,시계ㆍ귀금속점,25.0,25.0,25.0
광주광역시,남구,식료품가게,132.0,136.0,146.0
광주광역시,남구,신경정신과의원,12.0,12.0,11.0
광주광역시,남구,신발가게,12.0,12.0,13.0
광주광역시,남구,실내스크린골프점,25.0,26.0,29.0
광주광역시,남구,실내장식가게,393.0,393.0,377.0
광주광역시,남구,실외골프연습장,3.0,3.0,3.0
광주광역시,남구,안경점,43.0,44.0,45.0
광주광역시,남구,안과의원,5.0,5.0,5.0
광주광역시,남구,애완용품점,47.0,46.0,43.0
광주광역시,남구,약국,110.0,111.0,109.0
광주광역시,남구,여관ㆍ모텔,21.0,22.0,23.0
광주광역시,남구,여행사,41.0,41.0,42.0
광주광역시,남구,예술학원,207.0,206.0,197.0
광주광역시,남구,예식장,0.0,0.0,0.0
광주광역시,남구,옷가게,292.0,294.0,300.0
광주광역시,남구,의료용품가게,34.0,35.0,32.0
광주광역시,남구,이륜자동차판매점,13.0,13.0,15.0
광주광역시,남구,이발소,37.0,37.0,35.0
광주광역시,남구,이비인후과의원,14.0,14.0,14.0
광주광역시,남구,일반외과의원,24.0,23.0,23.0
광주광역시,남구,일식음식점,52.0,52.0,56.0
광주광역시,남구,자동차수리점,205.0,204.0,207.0
광주광역시,남구,자전거판매점,9.0,9.0,8.0
광주광역시,남구,장난감가게,7.0,7.0,6.0
광주광역시,남구,정육점,93.0,94.0,99.0
광주광역시,남구,제과점,76.0,75.0,83.0
광주광역시,남구,종합병원,30.0,30.0,29.0
광주광역시,남구,주유소,25.0,25.0,27.0
광주광역시,남구,주차장운영업,35.0,34.0,33.0
광주광역시,남구,중고차판매점,8.0,8.0,9.0
광주광역시,남구,중식음식점,62.0,62.0,64.0
광주광역시,남구,채소가게,53.0,53.0,47.0
광주광역시,남구,철물점,30.0,30.0,32.0
광주광역시,남구,치과의원,104.0,104.0,105.0
광주광역시,남구,침구ㆍ커튼가게,34.0,34.0,38.0
광주광역시,남구,커피음료점,331.0,329.0,333.0
광주광역시,남구,컴퓨터판매점,19.0,19.0,22.0
광주광역시,남구,통신판매업,1868.0,1861.0,1848.0
광주광역시,남구,패스트푸드점,190.0,193.0,189.0
광주광역시,남구,펜션ㆍ게스트하우스,7.0,7.0,5.0
광주광역시,남구,편의점,149.0,151.0,150.0
광주광역시,남구,피부ㆍ비뇨기과의원,20.0,20.0,19.0
광주광역시,남구,피부관리업,335.0,333.0,316.0
광주광역시,남구,한방병원ㆍ한의원,70.0,70.0,67.0
광주광역시,남구,한식음식점,1185.0,1196.0,1242.0
광주광역시,남구,헬스클럽,50.0,51.0,50.0
광주광역시,남구,호프주점,143.0,145.0,163.0
광주광역시,남구,화장품가게,155.0,156.0,170.0
광주광역시,남구,휴대폰가게,61.0,61.0,59.0
광주광역시,동구,LPG 충전소,0.0,0.0,0.0
광주광역시,동구,pc방,21.0,21.0,23.0
광주광역시,동구,가구점,16.0,17.0,18.0
광주광역시,동구,가전제품수리점,41.0,42.0,45.0
광주광역시,동구,가전제품판매점,33.0,34.0,35.0
광주광역시,동구,간이주점,11.0,11.0,14.0
광주광역시,동구,간판광고물업,35.0,35.0,34.0
광주광역시,동구,감정평가사,9.0,9.0,10.0
광주광역시,동구,건강보조식품가게,75.0,75.0,74.0
광주광역시,동구,건어물가게,43.0,44.0,43.0
광주광역시,동구,건축사,37.0,37.0,38.0
광주광역시,동구,결혼상담소,43.0,44.0,43.0
광주광역시,동구,곡물가게,17.0,17.0,18.0
광주광역시,동구,공인노무사,4.0,4.0,3.0
광주광역시,동구,공인회계사,0.0,0.0,0.0
광주광역시,동구,과일가게,38.0,37.0,38.0
광주광역시,동구,교습소ㆍ공부방,104.0,105.0,105.0
광주광역시,동구,교습학원,177.0,176.0,170.0
광주광역시,동구,구내식당,35.0,35.0,37.0
광주광역시,동구,기술ㆍ직업훈련학원,90.0,90.0,86.0
광주광역시,동구,기술사,4.0,4.0,4.0
광주광역시,동구,기타외국식음식점,119.0,118.0,127.0
광주광역시,동구,기타음식점,69.0,69.0,77.0
광주광역시,동구,기타일반의원,15.0,15.0,13.0
광주광역시,동구,꽃가게,125.0,124.0,123.0
광주광역시,동구,내과ㆍ소아과의원,32.0,32.0,34.0
광주광역시,동구,노래방,55.0,55.0,58.0
광주광역시,동구,담배ㆍ복권소매업,38.0,38.0,39.0
광주광역시,동구,당구장,47.0,48.0,43.0
광주광역시,동구,독서실,22.0,22.0,25.0
광주광역시,동구,동물병원,7.0,7.0,7.0
광주광역시,동구,목욕탕,15.0,15.0,14.0
광주광역시,동구,문구점,34.0,34.0,32.0
광주광역시,동구,미용실,322.0,321.0,329.0
광주광역시,동구,법무사,130.0,130.0,129.0
광주광역시,동구,변리사,0.0,0.0,0.0
광주광역시,동구,변호사,218.0,218.0,226.0
광주광역시,동구,부동산중개업,459.0,457.0,491.0
광주광역시,동구,분식점,149.0,147.0,160.0
광주광역시,동구,사진촬영업,134.0,136.0,133.0
광주광역시,동구,산부인과의원,6.0,6.0,8.0
광주광역시,동구,생선가게,57.0,57.0,53.0
광주광역시,동구,서점,45.0,47.0,46.0
광주광역시,동구,성형외과의원,6.0,6.0,6.0
광주광역시,동구,세무사,55.0,56.0,56.0
광주광역시,동구,세탁소,76.0,76.0,75.0
광주광역시,동구,슈퍼마켓,61.0,60.0,67.0
광주광역시,동구,스포츠교육기관,84.0,84.0,76.0
광주광역시,동구,스포츠시설운영업,29.0,29.0,28.0
광주광역시,동구,스포츠용품점,58.0,58.0,62.0
광주광역시,동구,시계ㆍ귀금속점,89.0,89.0,98.0
광주광역시,동구,식료품가게,156.0,156.0,146.0
광주광역시,동구,신경정신과의원,8.0,8.0,6.0
광주광역시,동구,신발가게,50.0,49.0,51.0
광주광역시,동구,실내스크린골프점,5.0,5.0,6.0
광주광역시,동구,실내장식가게,269.0,268.0,260.0
광주광역시,동구,실외골프연습장,5.0,5.0,4.0
광주광역시,동구,안경점,51.0,51.0,48.0
광주광역시,동구,안과의원,6.0,6.0,6.0
광주광역시,동구,애완용품점,15.0,17.0,19.0
광주광역시,동구,약국,99.0,100.0,98.0
광주광역시,동구,여관ㆍ모텔,83.0,82.0,86.0
광주광역시,동구,여행사,102.0,103.0,99.0
광주광역시,동구,예술학원,111.0,113.0,117.0
광주광역시,동구,예식장,3.0,3.0,0.0
광주광역시,동구,옷가게,584.0,589.0,599.0
광주광역시,동구,의료용품가게,45.0,46.0,50.0
광주광역시,동구,이륜자동차판매점,8.0,8.0,7.0
광주광역시,동구,이발소,32.0,32.0,32.0
광주광역시,동구,이비인후과의원,12.0,12.0,12.0
광주광역시,동구,일반외과의원,13.0,13.0,13.0
광주광역시,동구,일식음식점,75.0,73.0,69.0
광주광역시,동구,자동차수리점,61.0,60.0,63.0
광주광역시,동구,자전거판매점,6.0,6.0,6.0
광주광역시,동구,장난감가게,16.0,16.0,14.0
광주광역시,동구,정육점,53.0,54.0,54.0
광주광역시,동구,제과점,69.0,70.0,65.0
광주광역시,동구,종합병원,22.0,22.0,22.0
광주광역시,동구,주유소,7.0,7.0,7.0
광주광역시,동구,주차장운영업,115.0,116.0,107.0
광주광역시,동구,중고차판매점,7.0,7.0,7.0
광주광역시,동구,중식음식점,64.0,64.0,65.0
광주광역시,동구,채소가게,36.0,35.0,30.0
광주광역시,동구,철물점,22.0,21.0,23.0
광주광역시,동구,치과의원,57.0,58.0,59.0
광주광역시,동구,침구ㆍ커튼가게,33.0,33.0,33.0
광주광역시,동구,커피음료점,434.0,431.0,438.0
광주광역시,동구,컴퓨터판매점,11.0,11.0,10.0
광주광역시,동구,통신판매업,1170.0,1163.0,1170.0
광주광역시,동구,패스트푸드점,115.0,113.0,119.0
광주광역시,동구,펜션ㆍ게스트하우스,20.0,20.0,13.0
광주광역시,동구,편의점,134.0,135.0,137.0
광주광역시,동구,피부ㆍ비뇨기과의원,18.0,19.0,18.0
광주광역시,동구,피부관리업,191.0,189.0,190.0
광주광역시,동구,한방병원ㆍ한의원,41.0,40.0,44.0
광주광역시,동구,한식음식점,1226.0,1225.0,1263.0
광주광역시,동구,헬스클럽,36.0,36.0,34.0
광주광역시,동구,호프주점,114.0,116.0,126.0
광주광역시,동구,화장품가게,109.0,109.0,109.0
광주광역시,동구,휴대폰가게,46.0,46.0,50.0
광주광역시,북구,LPG 충전소,9.0,9.0,9.0
광주광역시,북구,pc방,78.0,80.0,82.0
광주광역시,북구,가구점,50.0,49.0,52.0
광주광역시,북구,가전제품수리점,199.0,199.0,188.0
광주광역시,북구,가전제품판매점,118.0,119.0,127.0
광주광역시,북구,간이주점,25.0,26.0,28.0
광주광역시,북구,간판광고물업,179.0,179.0,177.0
광주광역시,북구,감정평가사,10.0,10.0,10.0
광주광역시,북구,건강보조식품가게,180.0,179.0,177.0
광주광역시,북구,건어물가게,36.0,36.0,37.0
광주광역시,북구,건축사,124.0,124.0,115.0
광주광역시,북구,결혼상담소,16.0,16.0,14.0
광주광역시,북구,곡물가게,33.0,33.0,31.0
광주광역시,북구,공인노무사,22.0,22.0,17.0
광주광역시,북구,공인회계사,13.0,13.0,11.0
광주광역시,북구,과일가게,118.0,118.0,124.0
광주광역시,북구,교습소ㆍ공부방,377.0,379.0,362.0
광주광역시,북구,교습학원,678.0,678.0,662.0
광주광역시,북구,구내식당,71.0,71.0,72.0
광주광역시,북구,기술ㆍ직업훈련학원,222.0,221.0,221.0
광주광역시,북구,기술사,25.0,25.0,22.0
광주광역시,북구,기타외국식음식점,65.0,63.0,64.0
광주광역시,북구,기타음식점,108.0,111.0,124.0
광주광역시,북구,기타일반의원,45.0,45.0,43.0
광주광역시,북구,꽃가게,228.0,227.0,229.0
광주광역시,북구,내과ㆍ소아과의원,110.0,109.0,112.0
광주광역시,북구,노래방,259.0,260.0,267.0
광주광역시,북구,담배ㆍ복권소매업,69.0,69.0,72.0
광주광역시,북구,당구장,157.0,159.0,163.0
광주광역시,북구,독서실,81.0,81.0,84.0
광주광역시,북구,동물병원,34.0,34.0,32.0
광주광역시,북구,목욕탕,45.0,45.0,48.0
광주광역시,북구,문구점,60.0,58.0,61.0
광주광역시,북구,미용실,1136.0,1136.0,1111.0
광주광역시,북구,법무사,13.0,13.0,14.0
광주광역시,북구,변리사,3.0,3.0,3.0
광주광역시,북구,변호사,8.0,7.0,6.0
광주광역시,북구,부동산중개업,1098.0,1112.0,1095.0
광주광역시,북구,분식점,403.0,402.0,414.0
광주광역시,북구,사진촬영업,140.0,139.0,139.0
광주광역시,북구,산부인과의원,13.0,13.0,13.0
광주광역시,북구,생선가게,111.0,109.0,105.0
광주광역시,북구,서점,85.0,84.0,70.0
광주광역시,북구,성형외과의원,0.0,0.0,0.0
광주광역시,북구,세무사,89.0,88.0,86.0
광주광역시,북구,세탁소,316.0,317.0,309.0
광주광역시,북구,슈퍼마켓,207.0,209.0,197.0
광주광역시,북구,스포츠교육기관,344.0,340.0,323.0
광주광역시,북구,스포츠시설운영업,77.0,77.0,72.0
광주광역시,북구,스포츠용품점,103.0,102.0,106.0
광주광역시,북구,시계ㆍ귀금속점,74.0,73.0,66.0
광주광역시,북구,식료품가게,406.0,407.0,424.0
광주광역시,북구,신경정신과의원,19.0,19.0,18.0
광주광역시,북구,신발가게,40.0,41.0,43.0
광주광역시,북구,실내스크린골프점,56.0,56.0,55.0
광주광역시,북구,실내장식가게,1066.0,1068.0,1015.0
광주광역시,북구,실외골프연습장,11.0,11.0,13.0
광주광역시,북구,안경점,105.0,105.0,105.0
광주광역시,북구,안과의원,9.0,9.0,10.0
광주광역시,북구,애완용품점,70.0,68.0,69.0
광주광역시,북구,약국,203.0,203.0,198.0
광주광역시,북구,여관ㆍ모텔,134.0,134.0,138.0
광주광역시,북구,여행사,107.0,107.0,101.0
광주광역시,북구,예술학원,296.0,296.0,304.0
광주광역시,북구,예식장,3.0,3.0,3.0
광주광역시,북구,옷가게,587.0,587.0,625.0
광주광역시,북구,의료용품가게,88.0,88.0,89.0
광주광역시,북구,이륜자동차판매점,18.0,18.0,18.0
광주광역시,북구,이발소,67.0,66.0,69.0
광주광역시,북구,이비인후과의원,19.0,19.0,20.0
광주광역시,북구,일반외과의원,37.0,36.0,38.0
광주광역시,북구,일식음식점,78.0,78.0,87.0
광주광역시,북구,자동차수리점,545.0,550.0,552.0
광주광역시,북구,자전거판매점,13.0,13.0,13.0
광주광역시,북구,장난감가게,23.0,23.0,19.0
광주광역시,북구,정육점,193.0,192.0,204.0
광주광역시,북구,제과점,153.0,154.0,154.0
광주광역시,북구,종합병원,55.0,55.0,54.0
광주광역시,북구,주유소,60.0,60.0,58.0
광주광역시,북구,주차장운영업,58.0,58.0,60.0
광주광역시,북구,중고차판매점,17.0,17.0,17.0
광주광역시,북구,중식음식점,140.0,140.0,142.0
광주광역시,북구,채소가게,119.0,120.0,113.0
광주광역시,북구,철물점,90.0,91.0,94.0
광주광역시,북구,치과의원,192.0,191.0,192.0
광주광역시,북구,침구ㆍ커튼가게,78.0,77.0,78.0
광주광역시,북구,커피음료점,751.0,752.0,786.0
광주광역시,북구,컴퓨터판매점,54.0,54.0,54.0
광주광역시,북구,통신판매업,3737.0,3697.0,3669.0
광주광역시,북구,패스트푸드점,397.0,407.0,426.0
광주광역시,북구,펜션ㆍ게스트하우스,24.0,24.0,14.0
광주광역시,북구,편의점,355.0,355.0,357.0
광주광역시,북구,피부ㆍ비뇨기과의원,26.0,26.0,28.0
광주광역시,북구,피부관리업,636.0,637.0,609.0
광주광역시,북구,한방병원ㆍ한의원,113.0,112.0,109.0
광주광역시,북구,한식음식점,2835.0,2848.0,2893.0
광주광역시,북구,헬스클럽,100.0,100.0,100.0
광주광역시,북구,호프주점,402.0,406.0,452.0
광주광역시,북구,화장품가게,282.0,280.0,304.0
광주광역시,북구,휴대폰가게,183.0,185.0,175.0
광주광역시,서구,LPG 충전소,0.0,0.0,0.0
광주광역시,서구,pc방,48.0,49.0,50.0
광주광역시,서구,가구점,69.0,70.0,69.0
광주광역시,서구,가전제품수리점,113.0,114.0,104.0
광주광역시,서구,가전제품판매점,98.0,100.0,99.0
광주광역시,서구,간이주점,23.0,24.0,27.0
광주광역시,서구,간판광고물업,93.0,93.0,93.0
광주광역시,서구,감정평가사,13.0,14.0,12.0
광주광역시,서구,건강보조식품가게,131.0,132.0,137.0
광주광역시,서구,건어물가게,57.0,57.0,53.0
광주광역시,서구,건축사,101.0,99.0,102.0
광주광역시,서구,결혼상담소,32.0,32.0,32.0
광주광역시,서구,곡물가게,13.0,13.0,16.0
광주광역시,서구,공인노무사,21.0,20.0,17.0
광주광역시,서구,공인회계사,25.0,25.0,21.0
광주광역시,서구,과일가게,84.0,82.0,69.0
광주광역시,서구,교습소ㆍ공부방,238.0,237.0,229.0
광주광역시,서구,교습학원,519.0,518.0,524.0
광주광역시,서구,구내식당,36.0,35.0,38.0
광주광역시,서구,기술ㆍ직업훈련학원,169.0,169.0,168.0
광주광역시,서구,기술사,9.0,9.0,8.0
광주광역시,서구,기타외국식음식점,116.0,116.0,97.0
광주광역시,서구,기타음식점,104.0,104.0,120.0
광주광역시,서구,기타일반의원,30.0,30.0,29.0
광주광역시,서구,꽃가게,217.0,220.0,219.0
광주광역시,서구,내과ㆍ소아과의원,70.0,70.0,73.0
광주광역시,서구,노래방,189.0,191.0,196.0
광주광역시,서구,담배ㆍ복권소매업,57.0,60.0,54.0
광주광역시,서구,당구장,116.0,116.0,116.0
광주광역시,서구,독서실,39.0,39.0,41.0
광주광역시,서구,동물병원,30.0,30.0,29.0
광주광역시,서구,목욕탕,31.0,32.0,30.0
광주광역시,서구,문구점,57.0,57.0,60.0
광주광역시,서구,미용실,806.0,804.0,790.0
광주광역시,서구,법무사,84.0,84.0,78.0
광주광역시,서구,변리사,3.0,3.0,0.0
광주광역시,서구,변호사,27.0,27.0,23.0
광주광역시,서구,부동산중개업,1113.0,1115.0,1151.0
광주광역시,서구,분식점,285.0,288.0,299.0
광주광역시,서구,사진촬영업,89.0,90.0,79.0
광주광역시,서구,산부인과의원,14.0,14.0,13.0
광주광역시,서구,생선가게,113.0,112.0,103.0
광주광역시,서구,서점,63.0,63.0,65.0
광주광역시,서구,성형외과의원,36.0,36.0,33.0
광주광역시,서구,세무사,167.0,165.0,166.0
광주광역시,서구,세탁소,203.0,200.0,196.0
광주광역시,서구,슈퍼마켓,148.0,150.0,143.0
광주광역시,서구,스포츠교육기관,253.0,253.0,244.0
광주광역시,서구,스포츠시설운영업,65.0,64.0,70.0
광주광역시,서구,스포츠용품점,118.0,119.0,124.0
광주광역시,서구,시계ㆍ귀금속점,60.0,59.0,58.0
광주광역시,서구,식료품가게,213.0,213.0,215.0
광주광역시,서구,신경정신과의원,23.0,22.0,22.0
광주광역시,서구,신발가게,26.0,27.0,29.0
광주광역시,서구,실내스크린골프점,53.0,51.0,51.0
광주광역시,서구,실내장식가게,643.0,643.0,639.0
광주광역시,서구,실외골프연습장,8.0,8.0,8.0
광주광역시,서구,안경점,62.0,61.0,64.0
광주광역시,서구,안과의원,13.0,13.0,13.0
광주광역시,서구,애완용품점,64.0,68.0,65.0
광주광역시,서구,약국,156.0,159.0,151.0
광주광역시,서구,여관ㆍ모텔,91.0,94.0,99.0
광주광역시,서구,여행사,156.0,155.0,155.0
광주광역시,서구,예술학원,211.0,212.0,217.0
광주광역시,서구,예식장,8.0,8.0,9.0
광주광역시,서구,옷가게,556.0,560.0,599.0
광주광역시,서구,의료용품가게,64.0,63.0,62.0
광주광역시,서구,이륜자동차판매점,15.0,15.0,14.0
광주광역시,서구,이발소,53.0,52.0,47.0
광주광역시,서구,이비인후과의원,16.0,16.0,16.0
광주광역시,서구,일반외과의원,27.0,28.0,27.0
광주광역시,서구,일식음식점,85.0,85.0,78.0
광주광역시,서구,자동차수리점,341.0,340.0,345.0
광주광역시,서구,자전거판매점,14.0,14.0,14.0
광주광역시,서구,장난감가게,20.0,19.0,13.0
광주광역시,서구,정육점,153.0,152.0,157.0
광주광역시,서구,제과점,134.0,133.0,134.0
광주광역시,서구,종합병원,35.0,36.0,37.0
광주광역시,서구,주유소,36.0,36.0,38.0
광주광역시,서구,주차장운영업,73.0,74.0,68.0
광주광역시,서구,중고차판매점,166.0,166.0,167.0
광주광역시,서구,중식음식점,115.0,112.0,105.0
광주광역시,서구,채소가게,99.0,98.0,87.0
광주광역시,서구,철물점,70.0,69.0,75.0
광주광역시,서구,치과의원,154.0,154.0,154.0
광주광역시,서구,침구ㆍ커튼가게,152.0,152.0,155.0
광주광역시,서구,커피음료점,557.0,557.0,532.0
광주광역시,서구,컴퓨터판매점,54.0,54.0,52.0
광주광역시,서구,통신판매업,3261.0,3247.0,3138.0
광주광역시,서구,패스트푸드점,276.0,277.0,280.0
광주광역시,서구,펜션ㆍ게스트하우스,28.0,27.0,16.0
광주광역시,서구,편의점,285.0,283.0,285.0
광주광역시,서구,피부ㆍ비뇨기과의원,52.0,52.0,52.0
광주광역시,서구,피부관리업,804.0,802.0,794.0
광주광역시,서구,한방병원ㆍ한의원,108.0,110.0,106.0
광주광역시,서구,한식음식점,2205.0,2213.0,2258.0
광주광역시,서구,헬스클럽,86.0,85.0,89.0
광주광역시,서구,호프주점,346.0,346.0,373.0
광주광역시,서구,화장품가게,293.0,295.0,319.0
광주광역시,서구,휴대폰가게,122.0,124.0,125.0
대구광역시,군위군,LPG 충전소,6.0,6.0,6.0
대구광역시,군위군,가구점,0.0,0.0,0.0
대구광역시,군위군,가전제품수리점,7.0,8.0,8.0
대구광역시,군위군,가전제품판매점,3.0,3.0,3.0
대구광역시,군위군,간이주점,0.0,0.0,0.0
대구광역시,군위군,간판광고물업,6.0,6.0,7.0
대구광역시,군위군,건강보조식품가게,4.0,5.0,5.0
대구광역시,군위군,건어물가게,0.0,0.0,0.0
대구광역시,군위군,건축사,7.0,7.0,7.0
대구광역시,군위군,곡물가게,8.0,8.0,8.0
대구광역시,군위군,과일가게,8.0,8.0,9.0
대구광역시,군위군,교습소ㆍ공부방,13.0,13.0,13.0
대구광역시,군위군,교습학원,4.0,4.0,4.0
대구광역시,군위군,구내식당,9.0,9.0,9.0
대구광역시,군위군,기술ㆍ직업훈련학원,7.0,7.0,8.0
대구광역시,군위군,기술사,0.0,0.0,0.0
대구광역시,군위군,기타외국식음식점,3.0,3.0,0.0
대구광역시,군위군,기타음식점,11.0,11.0,11.0
대구광역시,군위군,기타일반의원,0.0,0.0,0.0
대구광역시,군위군,꽃가게,14.0,14.0,15.0
대구광역시,군위군,내과ㆍ소아과의원,6.0,6.0,6.0
대구광역시,군위군,노래방,7.0,7.0,8.0
대구광역시,군위군,담배ㆍ복권소매업,16.0,16.0,19.0
대구광역시,군위군,당구장,7.0,7.0,6.0
대구광역시,군위군,독서실,0.0,0.0,0.0
대구광역시,군위군,동물병원,8.0,8.0,8.0
대구광역시,군위군,목욕탕,0.0,0.0,0.0
대구광역시,군위군,문구점,0.0,0.0,0.0
대구광역시,군위군,미용실,31.0,30.0,30.0
대구광역시,군위군,법무사,6.0,6.0,7.0
대구광역시,군위군,부동산중개업,42.0,43.0,52.0
대구광역시,군위군,분식점,12.0,13.0,14.0
대구광역시,군위군,사진촬영업,4.0,4.0,3.0
대구광역시,군위군,생선가게,4.0,4.0,4.0
대구광역시,군위군,세무사,0.0,0.0,0.0
대구광역시,군위군,세탁소,4.0,5.0,5.0
대구광역시,군위군,슈퍼마켓,11.0,12.0,12.0
대구광역시,군위군,스포츠교육기관,7.0,7.0,6.0
대구광역시,군위군,스포츠용품점,16.0,16.0,14.0
대구광역시,군위군,시계ㆍ귀금속점,0.0,0.0,0.0
대구광역시,군위군,식료품가게,48.0,49.0,46.0
대구광역시,군위군,신발가게,0.0,0.0,0.0
대구광역시,군위군,실내스크린골프점,0.0,0.0,0.0
대구광역시,군위군,실내장식가게,28.0,29.0,24.0
대구광역시,군위군,안경점,0.0,0.0,0.0
대구광역시,군위군,애완용품점,0.0,0.0,0.0
대구광역시,군위군,약국,9.0,9.0,9.0
대구광역시,군위군,여관ㆍ모텔,10.0,10.0,11.0
대구광역시,군위군,여행사,0.0,0.0,0.0
대구광역시,군위군,예술학원,4.0,4.0,4.0
대구광역시,군위군,옷가게,15.0,15.0,13.0
대구광역시,군위군,의료용품가게,5.0,5.0,5.0
대구광역시,군위군,이륜자동차판매점,7.0,7.0,7.0
대구광역시,군위군,이발소,9.0,9.0,8.0
대구광역시,군위군,일반외과의원,0.0,0.0,0.0
대구광역시,군위군,자동차수리점,22.0,22.0,24.0
대구광역시,군위군,자전거판매점,0.0,0.0,0.0
대구광역시,군위군,장난감가게,0.0,0.0,0.0
대구광역시,군위군,정육점,7.0,7.0,8.0
대구광역시,군위군,제과점,4.0,4.0,7.0
대구광역시,군위군,주유소,25.0,23.0,23.0
대구광역시,군위군,중고차판매점,0.0,0.0,0.0
대구광역시,군위군,중식음식점,16.0,16.0,16.0
대구광역시,군위군,채소가게,14.0,14.0,16.0
대구광역시,군위군,철물점,8.0,8.0,9.0
대구광역시,군위군,치과의원,3.0,3.0,4.0
대구광역시,군위군,침구ㆍ커튼가게,0.0,0.0,0.0
대구광역시,군위군,커피음료점,72.0,72.0,71.0
대구광역시,군위군,컴퓨터판매점,0.0,0.0,0.0
대구광역시,군위군,통신판매업,123.0,124.0,135.0
대구광역시,군위군,패스트푸드점,9.0,9.0,9.0
대구광역시,군위군,펜션ㆍ게스트하우스,39.0,38.0,35.0
대구광역시,군위군,편의점,16.0,16.0,16.0
대구광역시,군위군,피부관리업,6.0,7.0,6.0
대구광역시,군위군,한방병원ㆍ한의원,6.0,6.0,6.0
대구광역시,군위군,한식음식점,261.0,260.0,265.0
대구광역시,군위군,헬스클럽,4.0,4.0,3.0
대구광역시,군위군,화장품가게,6.0,6.0,8.0
대구광역시,군위군,휴대폰가게,5.0,5.0,5.0
대구광역시,남구,LPG 충전소,0.0,0.0,0.0
대구광역시,남구,pc방,22.0,22.0,28.0
대구광역시,남구,가구점,20.0,20.0,23.0
대구광역시,남구,가전제품수리점,86.0,86.0,75.0
대구광역시,남구,가전제품판매점,26.0,28.0,28.0
대구광역시,남구,간이주점,13.0,13.0,14.0
대구광역시,남구,간판광고물업,83.0,83.0,82.0
대구광역시,남구,감정평가사,14.0,14.0,12.0
대구광역시,남구,건강보조식품가게,40.0,39.0,41.0
대구광역시,남구,건어물가게,21.0,21.0,19.0
대구광역시,남구,건축사,78.0,78.0,76.0
대구광역시,남구,결혼상담소,18.0,18.0,20.0
대구광역시,남구,곡물가게,32.0,31.0,31.0
대구광역시,남구,공인노무사,0.0,0.0,0.0
대구광역시,남구,공인회계사,25.0,25.0,25.0
대구광역시,남구,과일가게,39.0,37.0,38.0
대구광역시,남구,교습소ㆍ공부방,155.0,151.0,139.0
대구광역시,남구,교습학원,71.0,70.0,68.0
대구광역시,남구,구내식당,30.0,30.0,32.0
대구광역시,남구,기술ㆍ직업훈련학원,100.0,98.0,92.0
대구광역시,남구,기술사,3.0,3.0,0.0
대구광역시,남구,기타외국식음식점,103.0,105.0,111.0
대구광역시,남구,기타음식점,48.0,49.0,49.0
대구광역시,남구,기타일반의원,15.0,15.0,14.0
대구광역시,남구,꽃가게,104.0,105.0,105.0
대구광역시,남구,내과ㆍ소아과의원,38.0,39.0,40.0
대구광역시,남구,노래방,82.0,83.0,90.0
대구광역시,남구,담배ㆍ복권소매업,41.0,41.0,39.0
대구광역시,남구,당구장,31.0,30.0,30.0
대구광역시,남구,독서실,4.0,4.0,6.0
대구광역시,남구,동물병원,12.0,12.0,11.0
대구광역시,남구,목욕탕,16.0,16.0,16.0
대구광역시,남구,문구점,25.0,24.0,21.0
대구광역시,남구,미용실,461.0,463.0,458.0
대구광역시,남구,법무사,5.0,5.0,7.0
대구광역시,남구,변호사,0.0,0.0,0.0
대구광역시,남구,부동산중개업,399.0,412.0,408.0
대구광역시,남구,분식점,152.0,149.0,151.0
대구광역시,남구,사진촬영업,119.0,119.0,111.0
대구광역시,남구,산부인과의원,4.0,4.0,4.0
대구광역시,남구,생선가게,27.0,27.0,22.0
대구광역시,남구,서점,36.0,36.0,35.0
대구광역시,남구,성형외과의원,0.0,0.0,0.0
대구광역시,남구,세무사,107.0,107.0,110.0
대구광역시,남구,세탁소,72.0,72.0,72.0
대구광역시,남구,슈퍼마켓,91.0,91.0,101.0
대구광역시,남구,스포츠교육기관,67.0,67.0,70.0
대구광역시,남구,스포츠시설운영업,18.0,18.0,17.0
대구광역시,남구,스포츠용품점,29.0,30.0,27.0
대구광역시,남구,시계ㆍ귀금속점,39.0,40.0,41.0
대구광역시,남구,식료품가게,93.0,93.0,97.0
대구광역시,남구,신경정신과의원,8.0,8.0,7.0
대구광역시,남구,신발가게,13.0,13.0,12.0
대구광역시,남구,실내스크린골프점,12.0,12.0,10.0
대구광역시,남구,실내장식가게,411.0,404.0,394.0
대구광역시,남구,실외골프연습장,3.0,3.0,3.0
대구광역시,남구,안경점,29.0,29.0,28.0
대구광역시,남구,안과의원,7.0,7.0,7.0
대구광역시,남구,애완용품점,40.0,40.0,41.0
대구광역시,남구,약국,113.0,111.0,110.0
대구광역시,남구,여관ㆍ모텔,33.0,33.0,32.0
대구광역시,남구,여행사,28.0,27.0,25.0
대구광역시,남구,예술학원,71.0,70.0,66.0
대구광역시,남구,옷가게,310.0,308.0,306.0
대구광역시,남구,의료용품가게,37.0,36.0,39.0
대구광역시,남구,이륜자동차판매점,16.0,16.0,17.0
대구광역시,남구,이발소,47.0,47.0,49.0
대구광역시,남구,이비인후과의원,7.0,8.0,8.0
대구광역시,남구,일반외과의원,27.0,27.0,28.0
대구광역시,남구,일식음식점,56.0,56.0,55.0
대구광역시,남구,자동차수리점,141.0,141.0,144.0
대구광역시,남구,자전거판매점,11.0,10.0,11.0
대구광역시,남구,장난감가게,7.0,8.0,6.0
대구광역시,남구,정육점,104.0,101.0,93.0
대구광역시,남구,제과점,81.0,78.0,79.0
대구광역시,남구,종합병원,19.0,18.0,21.0
대구광역시,남구,주유소,16.0,16.0,16.0
대구광역시,남구,주차장운영업,40.0,41.0,41.0
대구광역시,남구,중고차판매점,0.0,0.0,0.0
대구광역시,남구,중식음식점,84.0,84.0,90.0
대구광역시,남구,채소가게,45.0,46.0,42.0
대구광역시,남구,철물점,13.0,13.0,13.0
대구광역시,남구,치과의원,60.0,60.0,61.0
대구광역시,남구,침구ㆍ커튼가게,35.0,34.0,38.0
대구광역시,남구,커피음료점,317.0,320.0,345.0
대구광역시,남구,컴퓨터판매점,10.0,10.0,11.0
대구광역시,남구,통신판매업,2061.0,2067.0,1874.0
대구광역시,남구,패스트푸드점,118.0,120.0,124.0
대구광역시,남구,펜션ㆍ게스트하우스,28.0,27.0,22.0
대구광역시,남구,편의점,155.0,154.0,153.0
대구광역시,남구,피부ㆍ비뇨기과의원,8.0,8.0,9.0
대구광역시,남구,피부관리업,210.0,206.0,198.0
대구광역시,남구,한방병원ㆍ한의원,65.0,65.0,66.0
대구광역시,남구,한식음식점,1291.0,1299.0,1370.0
대구광역시,남구,헬스클럽,34.0,34.0,34.0
대구광역시,남구,호프주점,27.0,29.0,28.0
대구광역시,남구,화장품가게,145.0,148.0,157.0
대구광역시,남구,휴대폰가게,79.0,79.0,79.0
대구광역시,달서구,LPG 충전소,8.0,8.0,8.0
대구광역시,달서구,pc방,68.0,70.0,74.0
대구광역시,달서구,가구점,32.0,32.0,34.0
대구광역시,달서구,가전제품수리점,267.0,262.0,240.0
대구광역시,달서구,가전제품판매점,60.0,61.0,62.0
대구광역시,달서구,간이주점,36.0,37.0,39.0
대구광역시,달서구,간판광고물업,124.0,124.0,121.0
대구광역시,달서구,감정평가사,6.0,6.0,6.0
대구광역시,달서구,건강보조식품가게,121.0,120.0,121.0
대구광역시,달서구,건어물가게,22.0,22.0,23.0
대구광역시,달서구,건축사,102.0,102.0,105.0
대구광역시,달서구,결혼상담소,14.0,14.0,11.0
대구광역시,달서구,곡물가게,33.0,32.0,32.0
대구광역시,달서구,공인노무사,16.0,16.0,17.0
대구광역시,달서구,공인회계사,12.0,12.0,13.0
대구광역시,달서구,과일가게,96.0,96.0,96.0
대구광역시,달서구,교습소ㆍ공부방,723.0,728.0,730.0
대구광역시,달서구,교습학원,816.0,818.0,808.0
대구광역시,달서구,구내식당,209.0,208.0,218.0
대구광역시,달서구,기술ㆍ직업훈련학원,226.0,226.0,222.0
대구광역시,달서구,기술사,10.0,11.0,9.0
대구광역시,달서구,기타외국식음식점,216.0,214.0,214.0
대구광역시,달서구,기타음식점,152.0,155.0,157.0
대구광역시,달서구,기타일반의원,35.0,34.0,33.0
대구광역시,달서구,꽃가게,208.0,210.0,211.0
대구광역시,달서구,내과ㆍ소아과의원,140.0,140.0,140.0
대구광역시,달서구,노래방,368.0,370.0,387.0
대구광역시,달서구,담배ㆍ복권소매업,63.0,63.0,64.0
대구광역시,달서구,당구장,158.0,161.0,170.0
대구광역시,달서구,독서실,52.0,53.0,64.0
대구광역시,달서구,동물병원,47.0,47.0,46.0
대구광역시,달서구,목욕탕,35.0,35.0,35.0
대구광역시,달서구,문구점,62.0,62.0,65.0
대구광역시,달서구,미용실,1442.0,1439.0,1426.0
대구광역시,달서구,법무사,57.0,57.0,54.0
대구광역시,달서구,변리사,7.0,7.0,7.0
대구광역시,달서구,변호사,29.0,29.0,27.0
대구광역시,달서구,부동산중개업,1091.0,1098.0,1138.0
대구광역시,달서구,분식점,381.0,388.0,424.0
대구광역시,달서구,사진촬영업,159.0,157.0,149.0
대구광역시,달서구,산부인과의원,23.0,23.0,24.0
대구광역시,달서구,생선가게,51.0,51.0,55.0
대구광역시,달서구,서점,99.0,98.0,100.0
대구광역시,달서구,성형외과의원,5.0,5.0,5.0
대구광역시,달서구,세무사,167.0,168.0,171.0
대구광역시,달서구,세탁소,208.0,210.0,210.0
대구광역시,달서구,슈퍼마켓,257.0,255.0,266.0
대구광역시,달서구,스포츠교육기관,348.0,345.0,336.0
대구광역시,달서구,스포츠시설운영업,98.0,97.0,96.0
대구광역시,달서구,스포츠용품점,144.0,147.0,157.0
대구광역시,달서구,시계ㆍ귀금속점,78.0,77.0,71.0
대구광역시,달서구,식료품가게,347.0,349.0,370.0
대구광역시,달서구,신경정신과의원,33.0,33.0,33.0
대구광역시,달서구,신발가게,36.0,36.0,42.0
대구광역시,달서구,실내스크린골프점,118.0,117.0,110.0
대구광역시,달서구,실내장식가게,870.0,865.0,810.0
대구광역시,달서구,실외골프연습장,14.0,14.0,14.0
대구광역시,달서구,안경점,108.0,109.0,105.0
대구광역시,달서구,안과의원,24.0,24.0,24.0
대구광역시,달서구,애완용품점,101.0,103.0,96.0
대구광역시,달서구,약국,285.0,286.0,288.0
대구광역시,달서구,여관ㆍ모텔,86.0,87.0,90.0
대구광역시,달서구,여행사,101.0,101.0,85.0
대구광역시,달서구,예술학원,339.0,339.0,346.0
대구광역시,달서구,예식장,7.0,7.0,7.0
대구광역시,달서구,옷가게,578.0,587.0,617.0
대구광역시,달서구,의료용품가게,72.0,74.0,66.0
대구광역시,달서구,이륜자동차판매점,29.0,31.0,28.0
대구광역시,달서구,이발소,87.0,87.0,83.0
대구광역시,달서구,이비인후과의원,43.0,43.0,43.0
대구광역시,달서구,일반외과의원,78.0,78.0,78.0
대구광역시,달서구,일식음식점,191.0,189.0,180.0
대구광역시,달서구,자동차수리점,548.0,541.0,540.0
대구광역시,달서구,자전거판매점,33.0,33.0,33.0
대구광역시,달서구,장난감가게,25.0,26.0,30.0
대구광역시,달서구,정육점,271.0,273.0,273.0
대구광역시,달서구,제과점,213.0,211.0,213.0
대구광역시,달서구,종합병원,42.0,42.0,42.0
대구광역시,달서구,주유소,60.0,58.0,58.0
대구광역시,달서구,주차장운영업,57.0,57.0,55.0
대구광역시,달서구,중고차판매점,137.0,138.0,137.0
대구광역시,달서구,중식음식점,249.0,249.0,256.0
대구광역시,달서구,채소가게,94.0,92.0,84.0
대구광역시,달서구,철물점,57.0,57.0,57.0
대구광역시,달서구,치과의원,220.0,220.0,223.0
대구광역시,달서구,침구ㆍ커튼가게,86.0,86.0,84.0
대구광역시,달서구,커피음료점,802.0,798.0,837.0
대구광역시,달서구,컴퓨터판매점,47.0,47.0,48.0
대구광역시,달서구,통신판매업,5649.0,5612.0,5295.0
대구광역시,달서구,패스트푸드점,390.0,383.0,397.0
대구광역시,달서구,펜션ㆍ게스트하우스,7.0,7.0,3.0
대구광역시,달서구,편의점,447.0,449.0,467.0
대구광역시,달서구,피부ㆍ비뇨기과의원,49.0,49.0,51.0
대구광역시,달서구,피부관리업,827.0,830.0,797.0
대구광역시,달서구,한방병원ㆍ한의원,186.0,184.0,181.0
대구광역시,달서구,한식음식점,3970.0,3978.0,4082.0
대구광역시,달서구,헬스클럽,153.0,150.0,156.0
대구광역시,달서구,호프주점,89.0,83.0,90.0
대구광역시,달서구,화장품가게,390.0,390.0,414.0
대구광역시,달서구,휴대폰가게,218.0,218.0,211.0
대구광역시,달성군,LPG 충전소,7.0,7.0,8.0
대구광역시,달성군,pc방,25.0,25.0,24.0
대구광역시,달성군,가구점,26.0,25.0,29.0
대구광역시,달성군,가전제품수리점,110.0,109.0,98.0
대구광역시,달성군,가전제품판매점,40.0,39.0,42.0
대구광역시,달성군,간이주점,10.0,10.0,9.0
대구광역시,달성군,간판광고물업,36.0,36.0,40.0
대구광역시,달성군,감정평가사,0.0,0.0,0.0
대구광역시,달성군,건강보조식품가게,41.0,41.0,46.0
대구광역시,달성군,건어물가게,10.0,10.0,12.0
대구광역시,달성군,건축사,26.0,25.0,24.0
대구광역시,달성군,결혼상담소,0.0,0.0,0.0
대구광역시,달성군,곡물가게,16.0,16.0,17.0
대구광역시,달성군,공인노무사,0.0,0.0,0.0
대구광역시,달성군,과일가게,56.0,56.0,48.0
대구광역시,달성군,교습소ㆍ공부방,320.0,319.0,314.0
대구광역시,달성군,교습학원,400.0,397.0,386.0
대구광역시,달성군,구내식당,68.0,69.0,69.0
대구광역시,달성군,기술ㆍ직업훈련학원,87.0,85.0,83.0
대구광역시,달성군,기술사,0.0,0.0,0.0
대구광역시,달성군,기타외국식음식점,104.0,103.0,105.0
대구광역시,달성군,기타음식점,110.0,112.0,120.0
대구광역시,달성군,기타일반의원,11.0,11.0,10.0
대구광역시,달성군,꽃가게,110.0,109.0,105.0
대구광역시,달성군,내과ㆍ소아과의원,52.0,52.0,49.0
대구광역시,달성군,노래방,90.0,91.0,97.0
대구광역시,달성군,담배ㆍ복권소매업,50.0,51.0,53.0
대구광역시,달성군,당구장,67.0,67.0,67.0
대구광역시,달성군,독서실,22.0,22.0,23.0
대구광역시,달성군,동물병원,14.0,14.0,16.0
대구광역시,달성군,목욕탕,13.0,13.0,14.0
대구광역시,달성군,문구점,37.0,37.0,38.0
대구광역시,달성군,미용실,552.0,551.0,543.0
대구광역시,달성군,법무사,12.0,11.0,10.0
대구광역시,달성군,변호사,0.0,0.0,0.0
대구광역시,달성군,부동산중개업,533.0,533.0,547.0
대구광역시,달성군,분식점,187.0,192.0,206.0
대구광역시,달성군,사진촬영업,61.0,60.0,57.0
대구광역시,달성군,산부인과의원,4.0,4.0,4.0
대구광역시,달성군,생선가게,22.0,22.0,20.0
대구광역시,달성군,서점,31.0,30.0,31.0
대구광역시,달성군,세무사,10.0,10.0,11.0
대구광역시,달성군,세탁소,108.0,109.0,108.0
대구광역시,달성군,슈퍼마켓,153.0,155.0,152.0
대구광역시,달성군,스포츠교육기관,184.0,182.0,170.0
대구광역시,달성군,스포츠시설운영업,47.0,47.0,47.0
대구광역시,달성군,스포츠용품점,67.0,68.0,70.0
대구광역시,달성군,시계ㆍ귀금속점,20.0,22.0,21.0
대구광역시,달성군,식료품가게,181.0,181.0,192.0
대구광역시,달성군,신경정신과의원,6.0,6.0,6.0
대구광역시,달성군,신발가게,8.0,9.0,11.0
대구광역시,달성군,실내스크린골프점,59.0,59.0,52.0
대구광역시,달성군,실내장식가게,340.0,338.0,325.0
대구광역시,달성군,실외골프연습장,14.0,14.0,15.0
대구광역시,달성군,안경점,37.0,37.0,39.0
대구광역시,달성군,안과의원,7.0,7.0,7.0
대구광역시,달성군,애완용품점,48.0,50.0,41.0
대구광역시,달성군,약국,96.0,96.0,95.0
대구광역시,달성군,여관ㆍ모텔,31.0,32.0,33.0
대구광역시,달성군,여행사,19.0,19.0,16.0
대구광역시,달성군,예술학원,133.0,132.0,132.0
대구광역시,달성군,예식장,3.0,3.0,3.0
대구광역시,달성군,옷가게,215.0,214.0,223.0
대구광역시,달성군,의료용품가게,11.0,11.0,12.0
대구광역시,달성군,이륜자동차판매점,13.0,13.0,16.0
대구광역시,달성군,이발소,54.0,54.0,50.0
대구광역시,달성군,이비인후과의원,15.0,15.0,15.0
대구광역시,달성군,일반외과의원,25.0,24.0,22.0
대구광역시,달성군,일식음식점,72.0,72.0,72.0
대구광역시,달성군,자동차수리점,278.0,282.0,288.0
대구광역시,달성군,자전거판매점,18.0,18.0,18.0
대구광역시,달성군,장난감가게,13.0,13.0,11.0
대구광역시,달성군,정육점,155.0,155.0,158.0
대구광역시,달성군,제과점,93.0,89.0,86.0
대구광역시,달성군,종합병원,14.0,14.0,16.0
대구광역시,달성군,주유소,59.0,59.0,60.0
대구광역시,달성군,주차장운영업,20.0,20.0,26.0
대구광역시,달성군,중고차판매점,19.0,18.0,16.0
대구광역시,달성군,중식음식점,123.0,122.0,128.0
대구광역시,달성군,채소가게,55.0,55.0,57.0
대구광역시,달성군,철물점,30.0,30.0,29.0
대구광역시,달성군,치과의원,67.0,67.0,68.0
대구광역시,달성군,침구ㆍ커튼가게,51.0,50.0,49.0
대구광역시,달성군,커피음료점,364.0,368.0,391.0
대구광역시,달성군,컴퓨터판매점,11.0,11.0,12.0
대구광역시,달성군,통신판매업,2815.0,2804.0,2802.0
대구광역시,달성군,패스트푸드점,222.0,221.0,227.0
대구광역시,달성군,펜션ㆍ게스트하우스,13.0,13.0,12.0
대구광역시,달성군,편의점,239.0,240.0,239.0
대구광역시,달성군,피부ㆍ비뇨기과의원,10.0,10.0,10.0
대구광역시,달성군,피부관리업,232.0,229.0,224.0
대구광역시,달성군,한방병원ㆍ한의원,61.0,61.0,61.0
대구광역시,달성군,한식음식점,1900.0,1901.0,1890.0
대구광역시,달성군,헬스클럽,60.0,61.0,57.0
대구광역시,달성군,호프주점,29.0,29.0,34.0
대구광역시,달성군,화장품가게,133.0,132.0,135.0
대구광역시,달성군,휴대폰가게,76.0,76.0,73.0
대구광역시,동구,LPG 충전소,6.0,6.0,6.0
대구광역시,동구,pc방,42.0,42.0,48.0
대구광역시,동구,가구점,38.0,39.0,44.0
대구광역시,동구,가전제품수리점,176.0,177.0,168.0
대구광역시,동구,가전제품판매점,54.0,54.0,51.0
대구광역시,동구,간이주점,33.0,33.0,34.0
대구광역시,동구,간판광고물업,103.0,104.0,100.0
대구광역시,동구,감정평가사,10.0,10.0,9.0
대구광역시,동구,건강보조식품가게,67.0,67.0,71.0
대구광역시,동구,건어물가게,13.0,13.0,11.0
대구광역시,동구,건축사,124.0,124.0,118.0
대구광역시,동구,결혼상담소,24.0,23.0,20.0
대구광역시,동구,곡물가게,20.0,20.0,20.0
대구광역시,동구,공인노무사,6.0,6.0,5.0
대구광역시,동구,공인회계사,16.0,16.0,15.0
대구광역시,동구,과일가게,58.0,58.0,57.0
대구광역시,동구,교습소ㆍ공부방,470.0,473.0,459.0
대구광역시,동구,교습학원,331.0,331.0,310.0
대구광역시,동구,구내식당,72.0,72.0,78.0
대구광역시,동구,기술ㆍ직업훈련학원,160.0,158.0,145.0
대구광역시,동구,기술사,13.0,13.0,11.0
대구광역시,동구,기타외국식음식점,139.0,141.0,141.0
대구광역시,동구,기타음식점,90.0,92.0,97.0
대구광역시,동구,기타일반의원,26.0,26.0,27.0
대구광역시,동구,꽃가게,151.0,147.0,147.0
대구광역시,동구,내과ㆍ소아과의원,90.0,90.0,90.0
대구광역시,동구,노래방,129.0,133.0,140.0
대구광역시,동구,담배ㆍ복권소매업,73.0,73.0,69.0
대구광역시,동구,당구장,77.0,80.0,86.0
대구광역시,동구,독서실,25.0,24.0,28.0
대구광역시,동구,동물병원,21.0,21.0,21.0
대구광역시,동구,목욕탕,31.0,31.0,31.0
대구광역시,동구,문구점,47.0,47.0,50.0
대구광역시,동구,미용실,883.0,883.0,864.0
대구광역시,동구,법무사,31.0,31.0,27.0
대구광역시,동구,변리사,7.0,7.0,6.0
대구광역시,동구,변호사,10.0,10.0,9.0
대구광역시,동구,부동산중개업,779.0,784.0,825.0
대구광역시,동구,분식점,285.0,285.0,311.0
대구광역시,동구,사진촬영업,89.0,87.0,88.0
대구광역시,동구,산부인과의원,14.0,14.0,14.0
대구광역시,동구,생선가게,28.0,29.0,33.0
대구광역시,동구,서점,55.0,55.0,52.0
대구광역시,동구,성형외과의원,3.0,3.0,3.0
대구광역시,동구,세무사,126.0,126.0,122.0
대구광역시,동구,세탁소,147.0,149.0,147.0
대구광역시,동구,슈퍼마켓,181.0,180.0,188.0
대구광역시,동구,스포츠교육기관,235.0,234.0,228.0
대구광역시,동구,스포츠시설운영업,53.0,53.0,55.0
대구광역시,동구,스포츠용품점,79.0,79.0,79.0
대구광역시,동구,시계ㆍ귀금속점,54.0,53.0,51.0
대구광역시,동구,식료품가게,162.0,163.0,179.0
대구광역시,동구,신경정신과의원,17.0,17.0,16.0
대구광역시,동구,신발가게,29.0,30.0,32.0
대구광역시,동구,실내스크린골프점,72.0,72.0,68.0
대구광역시,동구,실내장식가게,617.0,618.0,590.0
대구광역시,동구,실외골프연습장,13.0,12.0,12.0
대구광역시,동구,안경점,61.0,61.0,63.0
대구광역시,동구,안과의원,12.0,12.0,12.0
대구광역시,동구,애완용품점,65.0,66.0,63.0
대구광역시,동구,약국,191.0,194.0,191.0
대구광역시,동구,여관ㆍ모텔,130.0,130.0,131.0
대구광역시,동구,여행사,75.0,76.0,69.0
대구광역시,동구,예술학원,176.0,177.0,186.0
대구광역시,동구,예식장,6.0,6.0,6.0
대구광역시,동구,옷가게,373.0,373.0,379.0
대구광역시,동구,의료용품가게,48.0,48.0,51.0
대구광역시,동구,이륜자동차판매점,14.0,14.0,17.0
대구광역시,동구,이발소,105.0,105.0,102.0
대구광역시,동구,이비인후과의원,19.0,19.0,19.0
대구광역시,동구,일반외과의원,42.0,42.0,42.0
대구광역시,동구,일식음식점,89.0,91.0,99.0
대구광역시,동구,자동차수리점,410.0,413.0,395.0
대구광역시,동구,자전거판매점,25.0,24.0,23.0
대구광역시,동구,장난감가게,22.0,22.0,18.0
대구광역시,동구,정육점,196.0,198.0,197.0
대구광역시,동구,제과점,153.0,152.0,147.0
대구광역시,동구,종합병원,19.0,20.0,21.0
대구광역시,동구,주유소,44.0,47.0,47.0
대구광역시,동구,주차장운영업,91.0,91.0,92.0
대구광역시,동구,중고차판매점,167.0,167.0,168.0
대구광역시,동구,중식음식점,168.0,167.0,172.0
대구광역시,동구,채소가게,73.0,73.0,68.0
대구광역시,동구,철물점,29.0,29.0,28.0
대구광역시,동구,치과의원,108.0,108.0,108.0
대구광역시,동구,침구ㆍ커튼가게,53.0,53.0,57.0
대구광역시,동구,커피음료점,557.0,560.0,576.0
대구광역시,동구,컴퓨터판매점,22.0,22.0,24.0
대구광역시,동구,통신판매업,3869.0,3761.0,3687.0
대구광역시,동구,패스트푸드점,249.0,250.0,236.0
대구광역시,동구,펜션ㆍ게스트하우스,31.0,30.0,18.0
대구광역시,동구,편의점,273.0,277.0,284.0
대구광역시,동구,피부ㆍ비뇨기과의원,28.0,28.0,27.0
대구광역시,동구,피부관리업,330.0,330.0,309.0
대구광역시,동구,한방병원ㆍ한의원,124.0,125.0,125.0
대구광역시,동구,한식음식점,2718.0,2729.0,2791.0
대구광역시,동구,헬스클럽,83.0,81.0,76.0
대구광역시,동구,호프주점,35.0,36.0,42.0
대구광역시,동구,화장품가게,231.0,236.0,256.0
대구광역시,동구,휴대폰가게,118.0,119.0,113.0
대구광역시,북구,LPG 충전소,12.0,12.0,13.0
대구광역시,북구,pc방,59.0,61.0,64.0
대구광역시,북구,가구점,94.0,99.0,97.0
대구광역시,북구,가전제품수리점,237.0,232.0,209.0
대구광역시,북구,가전제품판매점,117.0,118.0,123.0
대구광역시,북구,간이주점,12.0,12.0,11.0
대구광역시,북구,간판광고물업,112.0,112.0,116.0
대구광역시,북구,감정평가사,7.0,7.0,7.0
대구광역시,북구,건강보조식품가게,88.0,88.0,78.0
대구광역시,북구,건어물가게,41.0,41.0,42.0
대구광역시,북구,건축사,67.0,67.0,66.0
대구광역시,북구,결혼상담소,10.0,10.0,9.0
대구광역시,북구,곡물가게,26.0,26.0,26.0
대구광역시,북구,공인노무사,3.0,3.0,4.0
대구광역시,북구,공인회계사,6.0,6.0,6.0
대구광역시,북구,과일가게,103.0,104.0,102.0
대구광역시,북구,교습소ㆍ공부방,551.0,548.0,559.0
대구광역시,북구,교습학원,514.0,516.0,512.0
대구광역시,북구,구내식당,99.0,99.0,107.0
대구광역시,북구,기술ㆍ직업훈련학원,179.0,177.0,174.0
대구광역시,북구,기술사,7.0,7.0,8.0
대구광역시,북구,기타외국식음식점,146.0,145.0,159.0
대구광역시,북구,기타음식점,112.0,113.0,126.0
대구광역시,북구,기타일반의원,27.0,27.0,26.0
대구광역시,북구,꽃가게,218.0,219.0,215.0
대구광역시,북구,내과ㆍ소아과의원,99.0,99.0,96.0
대구광역시,북구,노래방,196.0,197.0,215.0
대구광역시,북구,담배ㆍ복권소매업,102.0,104.0,96.0
대구광역시,북구,당구장,106.0,107.0,104.0
대구광역시,북구,독서실,53.0,53.0,56.0
대구광역시,북구,동물병원,32.0,32.0,31.0
대구광역시,북구,목욕탕,24.0,24.0,26.0
대구광역시,북구,문구점,61.0,61.0,67.0
대구광역시,북구,미용실,1075.0,1074.0,1072.0
대구광역시,북구,법무사,12.0,12.0,12.0
대구광역시,북구,변리사,0.0,0.0,0.0
대구광역시,북구,변호사,0.0,0.0,0.0
대구광역시,북구,부동산중개업,758.0,761.0,794.0
대구광역시,북구,분식점,372.0,381.0,422.0
대구광역시,북구,사진촬영업,120.0,120.0,118.0
대구광역시,북구,산부인과의원,15.0,15.0,16.0
대구광역시,북구,생선가게,66.0,65.0,71.0
대구광역시,북구,서점,66.0,67.0,67.0
대구광역시,북구,성형외과의원,3.0,3.0,3.0
대구광역시,북구,세무사,77.0,78.0,81.0
대구광역시,북구,세탁소,198.0,198.0,193.0
대구광역시,북구,슈퍼마켓,223.0,226.0,236.0
대구광역시,북구,스포츠교육기관,310.0,308.0,302.0
대구광역시,북구,스포츠시설운영업,69.0,70.0,73.0
대구광역시,북구,스포츠용품점,87.0,89.0,96.0
대구광역시,북구,시계ㆍ귀금속점,50.0,49.0,48.0
대구광역시,북구,식료품가게,266.0,266.0,270.0
대구광역시,북구,신경정신과의원,17.0,17.0,17.0
대구광역시,북구,신발가게,21.0,22.0,19.0
대구광역시,북구,실내스크린골프점,87.0,86.0,88.0
대구광역시,북구,실내장식가게,734.0,726.0,671.0
대구광역시,북구,실외골프연습장,8.0,8.0,8.0
대구광역시,북구,안경점,88.0,88.0,84.0
대구광역시,북구,안과의원,14.0,14.0,14.0
대구광역시,북구,애완용품점,72.0,74.0,69.0
대구광역시,북구,약국,209.0,211.0,207.0
대구광역시,북구,여관ㆍ모텔,72.0,72.0,74.0
대구광역시,북구,여행사,52.0,52.0,59.0
대구광역시,북구,예술학원,248.0,247.0,258.0
대구광역시,북구,예식장,7.0,7.0,6.0
대구광역시,북구,옷가게,463.0,469.0,480.0
대구광역시,북구,의료용품가게,53.0,54.0,49.0
대구광역시,북구,이륜자동차판매점,24.0,24.0,24.0
대구광역시,북구,이발소,88.0,88.0,88.0
대구광역시,북구,이비인후과의원,26.0,26.0,26.0
대구광역시,북구,일반외과의원,52.0,52.0,51.0
대구광역시,북구,일식음식점,144.0,144.0,148.0
대구광역시,북구,자동차수리점,408.0,406.0,401.0
대구광역시,북구,자전거판매점,28.0,28.0,29.0
대구광역시,북구,장난감가게,20.0,19.0,17.0
대구광역시,북구,정육점,215.0,216.0,225.0
대구광역시,북구,제과점,180.0,180.0,177.0
대구광역시,북구,종합병원,35.0,35.0,35.0
대구광역시,북구,주유소,64.0,64.0,62.0
대구광역시,북구,주차장운영업,36.0,35.0,36.0
대구광역시,북구,중고차판매점,64.0,64.0,64.0
대구광역시,북구,중식음식점,215.0,216.0,227.0
대구광역시,북구,채소가게,171.0,173.0,176.0
대구광역시,북구,철물점,102.0,103.0,105.0
대구광역시,북구,치과의원,147.0,146.0,145.0
대구광역시,북구,침구ㆍ커튼가게,76.0,75.0,72.0
대구광역시,북구,커피음료점,652.0,654.0,683.0
대구광역시,북구,컴퓨터판매점,82.0,81.0,85.0
대구광역시,북구,통신판매업,4438.0,4420.0,4323.0
대구광역시,북구,패스트푸드점,331.0,334.0,356.0
대구광역시,북구,펜션ㆍ게스트하우스,12.0,12.0,6.0
대구광역시,북구,편의점,352.0,349.0,366.0
대구광역시,북구,피부ㆍ비뇨기과의원,25.0,25.0,26.0
대구광역시,북구,피부관리업,433.0,435.0,417.0
대구광역시,북구,한방병원ㆍ한의원,135.0,135.0,132.0
대구광역시,북구,한식음식점,3142.0,3161.0,3299.0
대구광역시,북구,헬스클럽,106.0,106.0,111.0
대구광역시,북구,호프주점,74.0,77.0,90.0
대구광역시,북구,화장품가게,256.0,256.0,275.0
대구광역시,북구,휴대폰가게,194.0,196.0,190.0
대구광역시,서구,LPG 충전소,4.0,4.0,4.0
대구광역시,서구,pc방,21.0,21.0,24.0
대구광역시,서구,가구점,42.0,42.0,41.0
대구광역시,서구,가전제품수리점,108.0,105.0,105.0
대구광역시,서구,가전제품판매점,48.0,48.0,46.0
대구광역시,서구,간이주점,13.0,13.0,15.0
대구광역시,서구,간판광고물업,79.0,80.0,76.0
대구광역시,서구,건강보조식품가게,36.0,36.0,40.0
대구광역시,서구,건어물가게,12.0,12.0,13.0
대구광역시,서구,건축사,25.0,25.0,26.0
대구광역시,서구,결혼상담소,7.0,7.0,7.0
대구광역시,서구,곡물가게,20.0,20.0,17.0
대구광역시,서구,공인노무사,3.0,3.0,3.0
대구광역시,서구,공인회계사,3.0,3.0,3.0
대구광역시,서구,과일가게,44.0,42.0,46.0
대구광역시,서구,교습소ㆍ공부방,131.0,131.0,119.0
대구광역시,서구,교습학원,84.0,84.0,77.0
대구광역시,서구,구내식당,45.0,46.0,46.0
대구광역시,서구,기술ㆍ직업훈련학원,48.0,47.0,52.0
대구광역시,서구,기술사,0.0,0.0,0.0
대구광역시,서구,기타외국식음식점,46.0,47.0,50.0
대구광역시,서구,기타음식점,48.0,49.0,46.0
대구광역시,서구,기타일반의원,16.0,16.0,17.0
대구광역시,서구,꽃가게,61.0,60.0,66.0
대구광역시,서구,내과ㆍ소아과의원,36.0,36.0,38.0
대구광역시,서구,노래방,103.0,106.0,113.0
대구광역시,서구,담배ㆍ복권소매업,63.0,63.0,62.0
대구광역시,서구,당구장,40.0,41.0,41.0
대구광역시,서구,독서실,5.0,5.0,8.0
대구광역시,서구,동물병원,11.0,11.0,11.0
대구광역시,서구,목욕탕,23.0,23.0,21.0
대구광역시,서구,문구점,36.0,37.0,36.0
대구광역시,서구,미용실,492.0,490.0,475.0
대구광역시,서구,법무사,12.0,12.0,12.0
대구광역시,서구,변리사,0.0,0.0,0.0
대구광역시,서구,변호사,0.0,0.0,0.0
대구광역시,서구,부동산중개업,314.0,316.0,324.0
대구광역시,서구,분식점,121.0,124.0,126.0
대구광역시,서구,사진촬영업,40.0,40.0,38.0
대구광역시,서구,산부인과의원,6.0,6.0,5.0
대구광역시,서구,생선가게,17.0,16.0,20.0
대구광역시,서구,서점,20.0,19.0,19.0
대구광역시,서구,성형외과의원,0.0,0.0,0.0
대구광역시,서구,세무사,28.0,29.0,25.0
대구광역시,서구,세탁소,52.0,52.0,47.0
대구광역시,서구,슈퍼마켓,127.0,127.0,132.0
대구광역시,서구,스포츠교육기관,74.0,75.0,75.0
대구광역시,서구,스포츠시설운영업,18.0,18.0,11.0
대구광역시,서구,스포츠용품점,36.0,36.0,36.0
대구광역시,서구,시계ㆍ귀금속점,37.0,36.0,34.0
대구광역시,서구,식료품가게,130.0,132.0,131.0
대구광역시,서구,신경정신과의원,4.0,4.0,5.0
대구광역시,서구,신발가게,21.0,22.0,25.0
대구광역시,서구,실내스크린골프점,22.0,23.0,25.0
대구광역시,서구,실내장식가게,306.0,307.0,288.0
대구광역시,서구,실외골프연습장,4.0,4.0,4.0
대구광역시,서구,안경점,36.0,36.0,36.0
대구광역시,서구,안과의원,7.0,7.0,7.0
대구광역시,서구,애완용품점,40.0,41.0,42.0
대구광역시,서구,약국,111.0,112.0,109.0
대구광역시,서구,여관ㆍ모텔,86.0,86.0,87.0
대구광역시,서구,여행사,26.0,26.0,25.0
대구광역시,서구,예술학원,61.0,61.0,68.0
대구광역시,서구,옷가게,258.0,259.0,255.0
대구광역시,서구,의료용품가게,23.0,23.0,21.0
대구광역시,서구,이륜자동차판매점,24.0,23.0,20.0
대구광역시,서구,이발소,44.0,44.0,43.0
대구광역시,서구,이비인후과의원,9.0,9.0,9.0
대구광역시,서구,일반외과의원,31.0,31.0,30.0
대구광역시,서구,일식음식점,29.0,29.0,30.0
대구광역시,서구,자동차수리점,281.0,282.0,267.0
대구광역시,서구,자전거판매점,7.0,8.0,8.0
대구광역시,서구,장난감가게,9.0,8.0,6.0
대구광역시,서구,정육점,147.0,145.0,143.0
대구광역시,서구,제과점,57.0,55.0,53.0
대구광역시,서구,종합병원,25.0,25.0,25.0
대구광역시,서구,주유소,37.0,39.0,40.0
대구광역시,서구,주차장운영업,51.0,50.0,50.0
대구광역시,서구,중고차판매점,90.0,90.0,90.0
대구광역시,서구,중식음식점,91.0,91.0,90.0
대구광역시,서구,채소가게,37.0,36.0,32.0
대구광역시,서구,철물점,34.0,34.0,39.0
대구광역시,서구,치과의원,58.0,58.0,58.0
대구광역시,서구,침구ㆍ커튼가게,70.0,71.0,76.0
대구광역시,서구,커피음료점,243.0,240.0,233.0
대구광역시,서구,컴퓨터판매점,20.0,20.0,21.0
대구광역시,서구,통신판매업,1770.0,1773.0,1694.0
대구광역시,서구,패스트푸드점,121.0,121.0,121.0
대구광역시,서구,펜션ㆍ게스트하우스,9.0,9.0,6.0
대구광역시,서구,편의점,149.0,148.0,150.0
대구광역시,서구,피부ㆍ비뇨기과의원,12.0,12.0,12.0
대구광역시,서구,피부관리업,144.0,144.0,141.0
대구광역시,서구,한방병원ㆍ한의원,68.0,68.0,69.0
대구광역시,서구,한식음식점,1634.0,1642.0,1672.0
대구광역시,서구,헬스클럽,24.0,22.0,22.0
대구광역시,서구,호프주점,34.0,33.0,31.0
대구광역시,서구,화장품가게,122.0,122.0,122.0
대구광역시,서구,휴대폰가게,104.0,105.0,99.0
대구광역시,수성구,LPG 충전소,4.0,4.0,4.0
대구광역시,수성구,pc방,49.0,47.0,51.0
대구광역시,수성구,가구점,37.0,38.0,44.0
대구광역시,수성구,가전제품수리점,115.0,115.0,120.0
대구광역시,수성구,가전제품판매점,46.0,47.0,45.0
대구광역시,수성구,간이주점,33.0,33.0,43.0
대구광역시,수성구,간판광고물업,101.0,104.0,108.0
대구광역시,수성구,감정평가사,43.0,42.0,41.0
대구광역시,수성구,건강보조식품가게,103.0,103.0,102.0
대구광역시,수성구,건어물가게,15.0,15.0,16.0
대구광역시,수성구,건축사,238.0,236.0,243.0
대구광역시,수성구,결혼상담소,24.0,24.0,25.0
대구광역시,수성구,곡물가게,22.0,22.0,23.0
대구광역시,수성구,공인노무사,33.0,33.0,26.0
대구광역시,수성구,공인회계사,18.0,17.0,19.0
대구광역시,수성구,과일가게,83.0,83.0,71.0
대구광역시,수성구,교습소ㆍ공부방,1270.0,1271.0,1255.0
대구광역시,수성구,교습학원,1155.0,1152.0,1110.0
대구광역시,수성구,구내식당,67.0,67.0,72.0
대구광역시,수성구,기술ㆍ직업훈련학원,273.0,275.0,280.0
대구광역시,수성구,기술사,10.0,10.0,11.0
대구광역시,수성구,기타외국식음식점,259.0,264.0,272.0
대구광역시,수성구,기타음식점,126.0,128.0,125.0
대구광역시,수성구,기타일반의원,32.0,32.0,35.0
대구광역시,수성구,꽃가게,315.0,314.0,303.0
대구광역시,수성구,내과ㆍ소아과의원,144.0,144.0,141.0
대구광역시,수성구,노래방,168.0,170.0,175.0
대구광역시,수성구,담배ㆍ복권소매업,53.0,53.0,48.0
대구광역시,수성구,당구장,97.0,94.0,96.0
대구광역시,수성구,독서실,58.0,60.0,69.0
대구광역시,수성구,동물병원,46.0,46.0,43.0
대구광역시,수성구,목욕탕,27.0,27.0,28.0
대구광역시,수성구,문구점,84.0,85.0,90.0
대구광역시,수성구,미용실,1197.0,1193.0,1165.0
대구광역시,수성구,법무사,218.0,217.0,212.0
대구광역시,수성구,변리사,7.0,7.0,8.0
대구광역시,수성구,변호사,285.0,284.0,285.0
대구광역시,수성구,부동산중개업,1440.0,1439.0,1489.0
대구광역시,수성구,분식점,355.0,363.0,366.0
대구광역시,수성구,사진촬영업,156.0,156.0,147.0
대구광역시,수성구,산부인과의원,23.0,23.0,23.0
대구광역시,수성구,생선가게,40.0,40.0,40.0
대구광역시,수성구,서점,131.0,131.0,128.0
대구광역시,수성구,성형외과의원,10.0,10.0,9.0
대구광역시,수성구,세무사,78.0,76.0,70.0
대구광역시,수성구,세탁소,194.0,194.0,190.0
대구광역시,수성구,슈퍼마켓,189.0,190.0,201.0
대구광역시,수성구,스포츠교육기관,447.0,447.0,441.0
대구광역시,수성구,스포츠시설운영업,87.0,90.0,91.0
대구광역시,수성구,스포츠용품점,111.0,110.0,117.0
대구광역시,수성구,시계ㆍ귀금속점,54.0,53.0,45.0
대구광역시,수성구,식료품가게,174.0,175.0,167.0
대구광역시,수성구,신경정신과의원,48.0,48.0,45.0
대구광역시,수성구,신발가게,15.0,15.0,17.0
대구광역시,수성구,실내스크린골프점,105.0,107.0,103.0
대구광역시,수성구,실내장식가게,920.0,911.0,907.0
대구광역시,수성구,실외골프연습장,16.0,16.0,21.0
대구광역시,수성구,안경점,84.0,84.0,82.0
대구광역시,수성구,안과의원,26.0,26.0,25.0
대구광역시,수성구,애완용품점,98.0,98.0,99.0
대구광역시,수성구,약국,249.0,248.0,236.0
대구광역시,수성구,여관ㆍ모텔,35.0,36.0,40.0
대구광역시,수성구,여행사,96.0,97.0,92.0
대구광역시,수성구,예술학원,378.0,373.0,358.0
대구광역시,수성구,예식장,6.0,6.0,7.0
대구광역시,수성구,옷가게,536.0,541.0,574.0
대구광역시,수성구,의료용품가게,72.0,72.0,68.0
대구광역시,수성구,이륜자동차판매점,12.0,12.0,14.0
대구광역시,수성구,이발소,83.0,83.0,84.0
대구광역시,수성구,이비인후과의원,35.0,35.0,36.0
대구광역시,수성구,일반외과의원,75.0,75.0,73.0
대구광역시,수성구,일식음식점,207.0,211.0,210.0
대구광역시,수성구,자동차수리점,321.0,321.0,313.0
대구광역시,수성구,자전거판매점,15.0,15.0,17.0
대구광역시,수성구,장난감가게,17.0,16.0,16.0
대구광역시,수성구,정육점,216.0,214.0,223.0
대구광역시,수성구,제과점,235.0,232.0,232.0
대구광역시,수성구,종합병원,24.0,24.0,25.0
대구광역시,수성구,주유소,38.0,38.0,39.0
대구광역시,수성구,주차장운영업,59.0,59.0,56.0
대구광역시,수성구,중고차판매점,4.0,4.0,5.0
대구광역시,수성구,중식음식점,174.0,173.0,177.0
대구광역시,수성구,채소가게,73.0,73.0,69.0
대구광역시,수성구,철물점,39.0,39.0,40.0
대구광역시,수성구,치과의원,198.0,198.0,192.0
대구광역시,수성구,침구ㆍ커튼가게,61.0,62.0,62.0
대구광역시,수성구,커피음료점,748.0,754.0,789.0
대구광역시,수성구,컴퓨터판매점,30.0,31.0,35.0
대구광역시,수성구,통신판매업,5349.0,5299.0,5212.0
대구광역시,수성구,패스트푸드점,294.0,291.0,296.0
대구광역시,수성구,펜션ㆍ게스트하우스,25.0,25.0,14.0
대구광역시,수성구,편의점,297.0,294.0,308.0
대구광역시,수성구,피부ㆍ비뇨기과의원,68.0,68.0,66.0
대구광역시,수성구,피부관리업,717.0,716.0,682.0
대구광역시,수성구,한방병원ㆍ한의원,232.0,232.0,230.0
대구광역시,수성구,한식음식점,2681.0,2689.0,2739.0
대구광역시,수성구,헬스클럽,195.0,189.0,183.0
대구광역시,수성구,호프주점,74.0,73.0,83.0
대구광역시,수성구,화장품가게,436.0,440.0,479.0
대구광역시,수성구,휴대폰가게,136.0,136.0,127.0
대구광역시,중구,LPG 충전소,0.0,0.0,0.0
대구광역시,중구,pc방,13.0,13.0,15.0
대구광역시,중구,가구점,13.0,14.0,12.0
대구광역시,중구,가전제품수리점,50.0,50.0,51.0
대구광역시,중구,가전제품판매점,62.0,62.0,63.0
대구광역시,중구,간이주점,17.0,18.0,22.0
대구광역시,중구,간판광고물업,85.0,85.0,91.0
대구광역시,중구,감정평가사,3.0,3.0,3.0
대구광역시,중구,건강보조식품가게,92.0,91.0,89.0
대구광역시,중구,건어물가게,38.0,37.0,38.0
대구광역시,중구,건축사,74.0,76.0,77.0
대구광역시,중구,결혼상담소,67.0,65.0,52.0
대구광역시,중구,곡물가게,17.0,17.0,17.0
대구광역시,중구,공인노무사,9.0,8.0,5.0
대구광역시,중구,공인회계사,11.0,12.0,12.0
대구광역시,중구,과일가게,29.0,29.0,21.0
대구광역시,중구,교습소ㆍ공부방,192.0,191.0,179.0
대구광역시,중구,교습학원,135.0,135.0,125.0
대구광역시,중구,구내식당,39.0,39.0,39.0
대구광역시,중구,기술ㆍ직업훈련학원,190.0,189.0,183.0
대구광역시,중구,기술사,3.0,3.0,3.0
대구광역시,중구,기타외국식음식점,313.0,313.0,308.0
대구광역시,중구,기타음식점,88.0,87.0,92.0
대구광역시,중구,기타일반의원,20.0,20.0,19.0
대구광역시,중구,꽃가게,139.0,140.0,130.0
대구광역시,중구,내과ㆍ소아과의원,46.0,46.0,45.0
대구광역시,중구,노래방,51.0,51.0,53.0
대구광역시,중구,담배ㆍ복권소매업,63.0,63.0,61.0
대구광역시,중구,당구장,32.0,32.0,33.0
대구광역시,중구,독서실,19.0,19.0,21.0
대구광역시,중구,동물병원,17.0,17.0,16.0
대구광역시,중구,목욕탕,10.0,11.0,11.0
대구광역시,중구,문구점,43.0,42.0,38.0
대구광역시,중구,미용실,461.0,458.0,440.0
대구광역시,중구,법무사,8.0,8.0,7.0
대구광역시,중구,변리사,0.0,0.0,0.0
대구광역시,중구,변호사,9.0,9.0,10.0
대구광역시,중구,부동산중개업,438.0,443.0,487.0
대구광역시,중구,분식점,239.0,242.0,241.0
대구광역시,중구,사진촬영업,205.0,209.0,197.0
대구광역시,중구,산부인과의원,15.0,15.0,15.0
대구광역시,중구,생선가게,20.0,20.0,17.0
대구광역시,중구,서점,56.0,56.0,59.0
대구광역시,중구,성형외과의원,60.0,60.0,61.0
대구광역시,중구,세무사,26.0,26.0,24.0
대구광역시,중구,세탁소,53.0,52.0,54.0
대구광역시,중구,슈퍼마켓,103.0,102.0,89.0
대구광역시,중구,스포츠교육기관,104.0,105.0,95.0
대구광역시,중구,스포츠시설운영업,26.0,27.0,28.0
대구광역시,중구,스포츠용품점,34.0,35.0,38.0
대구광역시,중구,시계ㆍ귀금속점,236.0,236.0,237.0
대구광역시,중구,식료품가게,165.0,166.0,165.0
대구광역시,중구,신경정신과의원,17.0,17.0,17.0
대구광역시,중구,신발가게,91.0,90.0,95.0
대구광역시,중구,실내스크린골프점,12.0,12.0,12.0
대구광역시,중구,실내장식가게,228.0,229.0,201.0
대구광역시,중구,실외골프연습장,0.0,0.0,0.0
대구광역시,중구,안경점,60.0,60.0,61.0
대구광역시,중구,안과의원,19.0,19.0,18.0
대구광역시,중구,애완용품점,42.0,42.0,45.0
대구광역시,중구,약국,157.0,158.0,155.0
대구광역시,중구,여관ㆍ모텔,45.0,45.0,46.0
대구광역시,중구,여행사,222.0,222.0,219.0
대구광역시,중구,예술학원,148.0,148.0,144.0
대구광역시,중구,예식장,0.0,0.0,0.0
대구광역시,중구,옷가게,1988.0,1993.0,1979.0
대구광역시,중구,의료용품가게,62.0,63.0,59.0
대구광역시,중구,이륜자동차판매점,22.0,22.0,21.0
대구광역시,중구,이발소,47.0,47.0,45.0
대구광역시,중구,이비인후과의원,16.0,16.0,17.0
대구광역시,중구,일반외과의원,33.0,33.0,31.0
대구광역시,중구,일식음식점,220.0,216.0,210.0
대구광역시,중구,자동차수리점,70.0,70.0,65.0
대구광역시,중구,자전거판매점,4.0,4.0,3.0
대구광역시,중구,장난감가게,47.0,45.0,31.0
대구광역시,중구,정육점,58.0,58.0,60.0
대구광역시,중구,제과점,177.0,180.0,164.0
대구광역시,중구,종합병원,16.0,16.0,16.0
대구광역시,중구,주유소,7.0,7.0,8.0
대구광역시,중구,주차장운영업,140.0,141.0,142.0
대구광역시,중구,중식음식점,106.0,105.0,98.0
대구광역시,중구,채소가게,44.0,44.0,35.0
대구광역시,중구,철물점,35.0,35.0,38.0
대구광역시,중구,치과의원,109.0,109.0,113.0
대구광역시,중구,침구ㆍ커튼가게,176.0,175.0,177.0
대구광역시,중구,커피음료점,607.0,600.0,621.0
대구광역시,중구,컴퓨터판매점,15.0,15.0,14.0
대구광역시,중구,통신판매업,2440.0,2411.0,2254.0
대구광역시,중구,패스트푸드점,110.0,111.0,104.0
대구광역시,중구,펜션ㆍ게스트하우스,90.0,87.0,54.0
대구광역시,중구,편의점,156.0,157.0,153.0
대구광역시,중구,피부ㆍ비뇨기과의원,64.0,63.0,63.0
대구광역시,중구,피부관리업,443.0,442.0,396.0
대구광역시,중구,한방병원ㆍ한의원,72.0,72.0,70.0
대구광역시,중구,한식음식점,1655.0,1666.0,1672.0
대구광역시,중구,헬스클럽,37.0,37.0,36.0
대구광역시,중구,호프주점,43.0,43.0,38.0
대구광역시,중구,화장품가게,186.0,192.0,217.0
대구광역시,중구,휴대폰가게,76.0,78.0,79.0
대전광역시,대덕구,LPG 충전소,13.0,13.0,13.0
대전광역시,대덕구,pc방,23.0,23.0,25.0
대전광역시,대덕구,가구점,28.0,29.0,26.0
대전광역시,대덕구,가전제품수리점,108.0,105.0,100.0
대전광역시,대덕구,가전제품판매점,59.0,58.0,61.0
대전광역시,대덕구,간이주점,3.0,3.0,3.0
대전광역시,대덕구,간판광고물업,81.0,81.0,81.0
대전광역시,대덕구,감정평가사,0.0,0.0,0.0
대전광역시,대덕구,건강보조식품가게,52.0,52.0,57.0
대전광역시,대덕구,건어물가게,23.0,23.0,24.0
대전광역시,대덕구,건축사,11.0,11.0,11.0
대전광역시,대덕구,결혼상담소,8.0,8.0,8.0
대전광역시,대덕구,곡물가게,25.0,25.0,26.0
대전광역시,대덕구,공인노무사,0.0,0.0,0.0
대전광역시,대덕구,공인회계사,4.0,4.0,4.0
대전광역시,대덕구,과일가게,47.0,47.0,41.0
대전광역시,대덕구,교습소ㆍ공부방,139.0,139.0,144.0
대전광역시,대덕구,교습학원,138.0,140.0,134.0
대전광역시,대덕구,구내식당,63.0,63.0,64.0
대전광역시,대덕구,기술ㆍ직업훈련학원,61.0,61.0,64.0
대전광역시,대덕구,기술사,0.0,0.0,0.0
대전광역시,대덕구,기타외국식음식점,38.0,38.0,40.0
대전광역시,대덕구,기타음식점,46.0,47.0,51.0
대전광역시,대덕구,기타일반의원,16.0,16.0,16.0
대전광역시,대덕구,꽃가게,76.0,76.0,77.0
대전광역시,대덕구,내과ㆍ소아과의원,36.0,36.0,37.0
대전광역시,대덕구,노래방,168.0,168.0,176.0
대전광역시,대덕구,담배ㆍ복권소매업,49.0,49.0,50.0
대전광역시,대덕구,당구장,70.0,69.0,66.0
대전광역시,대덕구,독서실,21.0,22.0,23.0
대전광역시,대덕구,동물병원,10.0,10.0,11.0
대전광역시,대덕구,목욕탕,9.0,10.0,11.0
대전광역시,대덕구,문구점,48.0,48.0,51.0
대전광역시,대덕구,미용실,454.0,456.0,453.0
대전광역시,대덕구,법무사,7.0,7.0,5.0
대전광역시,대덕구,변리사,4.0,4.0,3.0
대전광역시,대덕구,변호사,0.0,0.0,0.0
대전광역시,대덕구,부동산중개업,275.0,276.0,288.0
대전광역시,대덕구,분식점,134.0,134.0,155.0
대전광역시,대덕구,사진촬영업,50.0,47.0,44.0
대전광역시,대덕구,산부인과의원,6.0,6.0,6.0
대전광역시,대덕구,생선가게,26.0,24.0,25.0
대전광역시,대덕구,서점,26.0,26.0,24.0
대전광역시,대덕구,세무사,16.0,16.0,16.0
대전광역시,대덕구,세탁소,111.0,111.0,109.0
대전광역시,대덕구,슈퍼마켓,105.0,101.0,98.0
대전광역시,대덕구,스포츠교육기관,112.0,110.0,106.0
대전광역시,대덕구,스포츠시설운영업,11.0,11.0,16.0
대전광역시,대덕구,스포츠용품점,44.0,44.0,45.0
대전광역시,대덕구,시계ㆍ귀금속점,27.0,27.0,28.0
대전광역시,대덕구,식료품가게,168.0,169.0,165.0
대전광역시,대덕구,신경정신과의원,7.0,7.0,7.0
대전광역시,대덕구,신발가게,16.0,16.0,19.0
대전광역시,대덕구,실내스크린골프점,32.0,32.0,35.0
대전광역시,대덕구,실내장식가게,382.0,374.0,381.0
대전광역시,대덕구,실외골프연습장,3.0,3.0,4.0
대전광역시,대덕구,안경점,31.0,32.0,32.0
대전광역시,대덕구,안과의원,5.0,5.0,5.0
대전광역시,대덕구,애완용품점,43.0,45.0,50.0
대전광역시,대덕구,약국,91.0,90.0,91.0
대전광역시,대덕구,여관ㆍ모텔,76.0,76.0,77.0
대전광역시,대덕구,여행사,25.0,25.0,23.0
대전광역시,대덕구,예술학원,81.0,81.0,79.0
대전광역시,대덕구,예식장,0.0,0.0,0.0
대전광역시,대덕구,옷가게,222.0,220.0,209.0
대전광역시,대덕구,의료용품가게,27.0,29.0,32.0
대전광역시,대덕구,이륜자동차판매점,9.0,9.0,9.0
대전광역시,대덕구,이발소,46.0,45.0,49.0
대전광역시,대덕구,이비인후과의원,10.0,10.0,10.0
대전광역시,대덕구,일반외과의원,12.0,12.0,12.0
대전광역시,대덕구,일식음식점,45.0,46.0,46.0
대전광역시,대덕구,자동차수리점,314.0,316.0,304.0
대전광역시,대덕구,자전거판매점,8.0,8.0,8.0
대전광역시,대덕구,장난감가게,13.0,13.0,14.0
대전광역시,대덕구,정육점,114.0,114.0,112.0
대전광역시,대덕구,제과점,64.0,62.0,58.0
대전광역시,대덕구,종합병원,11.0,11.0,11.0
대전광역시,대덕구,주유소,58.0,57.0,58.0
대전광역시,대덕구,주차장운영업,16.0,17.0,18.0
대전광역시,대덕구,중고차판매점,32.0,33.0,37.0
대전광역시,대덕구,중식음식점,81.0,81.0,83.0
대전광역시,대덕구,채소가게,79.0,79.0,72.0
대전광역시,대덕구,철물점,70.0,71.0,70.0
대전광역시,대덕구,치과의원,55.0,55.0,57.0
대전광역시,대덕구,침구ㆍ커튼가게,41.0,42.0,45.0
대전광역시,대덕구,커피음료점,259.0,265.0,284.0
대전광역시,대덕구,컴퓨터판매점,41.0,40.0,38.0
대전광역시,대덕구,통신판매업,1598.0,1599.0,1559.0
대전광역시,대덕구,패스트푸드점,139.0,141.0,146.0
대전광역시,대덕구,펜션ㆍ게스트하우스,3.0,0.0,0.0
대전광역시,대덕구,편의점,168.0,161.0,175.0
대전광역시,대덕구,피부ㆍ비뇨기과의원,8.0,8.0,8.0
대전광역시,대덕구,피부관리업,194.0,192.0,178.0
대전광역시,대덕구,한방병원ㆍ한의원,49.0,49.0,49.0
대전광역시,대덕구,한식음식점,1548.0,1551.0,1590.0
대전광역시,대덕구,헬스클럽,37.0,37.0,36.0
대전광역시,대덕구,호프주점,82.0,83.0,89.0
대전광역시,대덕구,화장품가게,118.0,119.0,122.0
대전광역시,대덕구,휴대폰가게,82.0,81.0,80.0
대전광역시,동구,LPG 충전소,4.0,4.0,4.0
대전광역시,동구,pc방,38.0,38.0,44.0
대전광역시,동구,가구점,22.0,21.0,25.0
대전광역시,동구,가전제품수리점,132.0,129.0,119.0
대전광역시,동구,가전제품판매점,52.0,53.0,51.0
대전광역시,동구,간이주점,10.0,10.0,17.0
대전광역시,동구,간판광고물업,69.0,70.0,75.0
대전광역시,동구,감정평가사,0.0,0.0,0.0
대전광역시,동구,건강보조식품가게,72.0,74.0,76.0
대전광역시,동구,건어물가게,29.0,29.0,31.0
대전광역시,동구,건축사,17.0,16.0,16.0
대전광역시,동구,결혼상담소,11.0,11.0,12.0
대전광역시,동구,곡물가게,40.0,40.0,42.0
대전광역시,동구,공인노무사,3.0,3.0,3.0
대전광역시,동구,공인회계사,0.0,0.0,0.0
대전광역시,동구,과일가게,61.0,61.0,60.0
대전광역시,동구,교습소ㆍ공부방,187.0,188.0,185.0
대전광역시,동구,교습학원,157.0,154.0,150.0
대전광역시,동구,구내식당,52.0,53.0,58.0
대전광역시,동구,기술ㆍ직업훈련학원,71.0,70.0,74.0
대전광역시,동구,기술사,3.0,3.0,3.0
대전광역시,동구,기타외국식음식점,93.0,96.0,86.0
대전광역시,동구,기타음식점,95.0,96.0,100.0
대전광역시,동구,기타일반의원,27.0,27.0,28.0
대전광역시,동구,꽃가게,74.0,73.0,75.0
대전광역시,동구,내과ㆍ소아과의원,57.0,57.0,59.0
대전광역시,동구,노래방,137.0,136.0,146.0
대전광역시,동구,담배ㆍ복권소매업,71.0,71.0,70.0
대전광역시,동구,당구장,75.0,77.0,75.0
대전광역시,동구,독서실,15.0,16.0,18.0
대전광역시,동구,동물병원,14.0,14.0,14.0
대전광역시,동구,목욕탕,24.0,24.0,23.0
대전광역시,동구,문구점,38.0,39.0,40.0
대전광역시,동구,미용실,578.0,579.0,582.0
대전광역시,동구,법무사,3.0,3.0,3.0
대전광역시,동구,변호사,0.0,0.0,0.0
대전광역시,동구,부동산중개업,456.0,460.0,460.0
대전광역시,동구,분식점,236.0,236.0,248.0
대전광역시,동구,사진촬영업,65.0,64.0,54.0
대전광역시,동구,산부인과의원,5.0,5.0,5.0
대전광역시,동구,생선가게,26.0,28.0,31.0
대전광역시,동구,서점,47.0,48.0,47.0
대전광역시,동구,성형외과의원,0.0,0.0,0.0
대전광역시,동구,세무사,7.0,7.0,7.0
대전광역시,동구,세탁소,134.0,136.0,139.0
대전광역시,동구,슈퍼마켓,127.0,128.0,138.0
대전광역시,동구,스포츠교육기관,131.0,130.0,126.0
대전광역시,동구,스포츠시설운영업,24.0,25.0,25.0
대전광역시,동구,스포츠용품점,66.0,68.0,66.0
대전광역시,동구,시계ㆍ귀금속점,66.0,66.0,68.0
대전광역시,동구,식료품가게,237.0,241.0,240.0
대전광역시,동구,신경정신과의원,11.0,11.0,11.0
대전광역시,동구,신발가게,34.0,33.0,34.0
대전광역시,동구,실내스크린골프점,27.0,26.0,26.0
대전광역시,동구,실내장식가게,438.0,440.0,433.0
대전광역시,동구,실외골프연습장,0.0,0.0,0.0
대전광역시,동구,안경점,47.0,47.0,47.0
대전광역시,동구,안과의원,10.0,10.0,10.0
대전광역시,동구,애완용품점,60.0,58.0,63.0
대전광역시,동구,약국,120.0,122.0,122.0
대전광역시,동구,여관ㆍ모텔,102.0,103.0,101.0
대전광역시,동구,여행사,31.0,32.0,29.0
대전광역시,동구,예술학원,106.0,107.0,111.0
대전광역시,동구,옷가게,493.0,491.0,485.0
대전광역시,동구,의료용품가게,44.0,45.0,47.0
대전광역시,동구,이륜자동차판매점,14.0,14.0,13.0
대전광역시,동구,이발소,78.0,78.0,78.0
대전광역시,동구,이비인후과의원,12.0,12.0,12.0
대전광역시,동구,일반외과의원,25.0,25.0,26.0
대전광역시,동구,일식음식점,44.0,43.0,40.0
대전광역시,동구,자동차수리점,209.0,208.0,202.0
대전광역시,동구,자전거판매점,12.0,12.0,13.0
대전광역시,동구,장난감가게,8.0,8.0,11.0
대전광역시,동구,정육점,139.0,143.0,139.0
대전광역시,동구,제과점,94.0,93.0,91.0
대전광역시,동구,종합병원,18.0,18.0,19.0
대전광역시,동구,주유소,38.0,40.0,38.0
대전광역시,동구,주차장운영업,22.0,22.0,24.0
대전광역시,동구,중고차판매점,3.0,3.0,5.0
대전광역시,동구,중식음식점,119.0,122.0,121.0
대전광역시,동구,채소가게,81.0,81.0,81.0
대전광역시,동구,철물점,54.0,55.0,58.0
대전광역시,동구,치과의원,71.0,71.0,71.0
대전광역시,동구,침구ㆍ커튼가게,128.0,129.0,130.0
대전광역시,동구,커피음료점,437.0,437.0,445.0
대전광역시,동구,컴퓨터판매점,24.0,24.0,26.0
대전광역시,동구,통신판매업,2106.0,2083.0,1914.0
대전광역시,동구,패스트푸드점,186.0,189.0,205.0
대전광역시,동구,펜션ㆍ게스트하우스,25.0,25.0,13.0
대전광역시,동구,편의점,222.0,224.0,216.0
대전광역시,동구,피부ㆍ비뇨기과의원,15.0,15.0,14.0
대전광역시,동구,피부관리업,191.0,192.0,184.0
대전광역시,동구,한방병원ㆍ한의원,86.0,86.0,86.0
대전광역시,동구,한식음식점,1722.0,1730.0,1753.0
대전광역시,동구,헬스클럽,43.0,43.0,37.0
대전광역시,동구,호프주점,57.0,58.0,64.0
대전광역시,동구,화장품가게,108.0,110.0,115.0
대전광역시,동구,휴대폰가게,113.0,113.0,112.0
대전광역시,서구,LPG 충전소,5.0,5.0,5.0
대전광역시,서구,pc방,72.0,70.0,71.0
대전광역시,서구,가구점,43.0,45.0,47.0
대전광역시,서구,가전제품수리점,248.0,249.0,212.0
대전광역시,서구,가전제품판매점,102.0,102.0,108.0
대전광역시,서구,간이주점,10.0,10.0,15.0
대전광역시,서구,간판광고물업,107.0,107.0,105.0
대전광역시,서구,감정평가사,12.0,12.0,12.0
대전광역시,서구,건강보조식품가게,176.0,177.0,190.0
대전광역시,서구,건어물가게,37.0,38.0,41.0
대전광역시,서구,건축사,121.0,121.0,113.0
대전광역시,서구,결혼상담소,38.0,38.0,41.0
대전광역시,서구,곡물가게,34.0,34.0,32.0
대전광역시,서구,공인노무사,27.0,27.0,22.0
대전광역시,서구,공인회계사,14.0,14.0,14.0
대전광역시,서구,과일가게,108.0,108.0,108.0
대전광역시,서구,교습소ㆍ공부방,826.0,827.0,811.0
대전광역시,서구,교습학원,661.0,663.0,662.0
대전광역시,서구,구내식당,108.0,110.0,121.0
대전광역시,서구,기술ㆍ직업훈련학원,274.0,268.0,266.0
대전광역시,서구,기술사,12.0,11.0,8.0
대전광역시,서구,기타외국식음식점,292.0,289.0,291.0
대전광역시,서구,기타음식점,114.0,118.0,111.0
대전광역시,서구,기타일반의원,53.0,53.0,50.0
대전광역시,서구,꽃가게,296.0,293.0,292.0
대전광역시,서구,내과ㆍ소아과의원,130.0,130.0,134.0
대전광역시,서구,노래방,365.0,369.0,389.0
대전광역시,서구,담배ㆍ복권소매업,70.0,71.0,69.0
대전광역시,서구,당구장,150.0,149.0,145.0
대전광역시,서구,독서실,61.0,63.0,70.0
대전광역시,서구,동물병원,36.0,36.0,35.0
대전광역시,서구,목욕탕,17.0,18.0,15.0
대전광역시,서구,문구점,107.0,108.0,103.0
대전광역시,서구,미용실,1385.0,1382.0,1328.0
대전광역시,서구,법무사,156.0,156.0,159.0
대전광역시,서구,변리사,90.0,88.0,85.0
대전광역시,서구,변호사,282.0,282.0,279.0
대전광역시,서구,부동산중개업,1276.0,1284.0,1296.0
대전광역시,서구,분식점,475.0,481.0,502.0
대전광역시,서구,사진촬영업,226.0,224.0,211.0
대전광역시,서구,산부인과의원,30.0,30.0,30.0
대전광역시,서구,생선가게,56.0,55.0,53.0
대전광역시,서구,서점,134.0,134.0,129.0
대전광역시,서구,성형외과의원,37.0,37.0,39.0
대전광역시,서구,세무사,172.0,172.0,168.0
대전광역시,서구,세탁소,296.0,298.0,299.0
대전광역시,서구,슈퍼마켓,188.0,186.0,178.0
대전광역시,서구,스포츠교육기관,424.0,421.0,404.0
대전광역시,서구,스포츠시설운영업,86.0,86.0,91.0
대전광역시,서구,스포츠용품점,110.0,108.0,110.0
대전광역시,서구,시계ㆍ귀금속점,77.0,78.0,76.0
대전광역시,서구,식료품가게,280.0,278.0,281.0
대전광역시,서구,신경정신과의원,34.0,34.0,35.0
대전광역시,서구,신발가게,41.0,41.0,45.0
대전광역시,서구,실내스크린골프점,93.0,92.0,99.0
대전광역시,서구,실내장식가게,1048.0,1042.0,1003.0
대전광역시,서구,실외골프연습장,15.0,15.0,15.0
대전광역시,서구,안경점,108.0,108.0,105.0
대전광역시,서구,안과의원,17.0,17.0,17.0
대전광역시,서구,애완용품점,139.0,142.0,139.0
대전광역시,서구,약국,258.0,262.0,256.0
대전광역시,서구,여관ㆍ모텔,47.0,47.0,48.0
대전광역시,서구,여행사,121.0,125.0,126.0
대전광역시,서구,예술학원,319.0,320.0,308.0
대전광역시,서구,예식장,10.0,10.0,7.0
대전광역시,서구,옷가게,661.0,662.0,698.0
대전광역시,서구,의료용품가게,87.0,86.0,84.0
대전광역시,서구,이륜자동차판매점,18.0,17.0,18.0
대전광역시,서구,이발소,128.0,128.0,124.0
대전광역시,서구,이비인후과의원,26.0,26.0,27.0
대전광역시,서구,일반외과의원,60.0,61.0,60.0
대전광역시,서구,일식음식점,255.0,251.0,247.0
대전광역시,서구,자동차수리점,359.0,359.0,351.0
대전광역시,서구,자전거판매점,24.0,24.0,26.0
대전광역시,서구,장난감가게,31.0,32.0,33.0
대전광역시,서구,정육점,230.0,230.0,250.0
대전광역시,서구,제과점,257.0,257.0,239.0
대전광역시,서구,종합병원,32.0,32.0,32.0
대전광역시,서구,주유소,38.0,39.0,42.0
대전광역시,서구,주차장운영업,84.0,84.0,82.0
대전광역시,서구,중고차판매점,36.0,35.0,34.0
대전광역시,서구,중식음식점,211.0,214.0,213.0
대전광역시,서구,채소가게,120.0,119.0,112.0
대전광역시,서구,철물점,67.0,66.0,62.0
대전광역시,서구,치과의원,233.0,233.0,233.0
대전광역시,서구,침구ㆍ커튼가게,86.0,85.0,88.0
대전광역시,서구,커피음료점,926.0,923.0,967.0
대전광역시,서구,컴퓨터판매점,101.0,103.0,91.0
대전광역시,서구,통신판매업,6393.0,6397.0,6180.0
대전광역시,서구,패스트푸드점,401.0,408.0,396.0
대전광역시,서구,펜션ㆍ게스트하우스,82.0,84.0,52.0
대전광역시,서구,편의점,451.0,448.0,462.0
대전광역시,서구,피부ㆍ비뇨기과의원,81.0,80.0,79.0
대전광역시,서구,피부관리업,1065.0,1063.0,1000.0
대전광역시,서구,한방병원ㆍ한의원,192.0,192.0,186.0
대전광역시,서구,한식음식점,3516.0,3513.0,3580.0
대전광역시,서구,헬스클럽,181.0,179.0,178.0
대전광역시,서구,호프주점,183.0,190.0,221.0
대전광역시,서구,화장품가게,438.0,445.0,475.0
대전광역시,서구,휴대폰가게,186.0,188.0,192.0
대전광역시,유성구,LPG 충전소,11.0,11.0,9.0
대전광역시,유성구,pc방,46.0,45.0,50.0
대전광역시,유성구,가구점,48.0,48.0,52.0
대전광역시,유성구,가전제품수리점,112.0,112.0,101.0
대전광역시,유성구,가전제품판매점,48.0,48.0,48.0
대전광역시,유성구,간이주점,11.0,11.0,10.0
대전광역시,유성구,간판광고물업,37.0,38.0,36.0
대전광역시,유성구,감정평가사,18.0,18.0,19.0
대전광역시,유성구,건강보조식품가게,100.0,100.0,108.0
대전광역시,유성구,건어물가게,26.0,26.0,23.0
대전광역시,유성구,건축사,122.0,123.0,120.0
대전광역시,유성구,결혼상담소,15.0,14.0,14.0
대전광역시,유성구,곡물가게,24.0,23.0,25.0
대전광역시,유성구,공인노무사,10.0,10.0,11.0
대전광역시,유성구,공인회계사,10.0,10.0,9.0
대전광역시,유성구,과일가게,51.0,52.0,56.0
대전광역시,유성구,교습소ㆍ공부방,636.0,636.0,605.0
대전광역시,유성구,교습학원,522.0,513.0,477.0
대전광역시,유성구,구내식당,128.0,128.0,132.0
대전광역시,유성구,기술ㆍ직업훈련학원,184.0,183.0,176.0
대전광역시,유성구,기술사,17.0,16.0,14.0
대전광역시,유성구,기타외국식음식점,311.0,311.0,308.0
대전광역시,유성구,기타음식점,91.0,91.0,90.0
대전광역시,유성구,기타일반의원,23.0,23.0,27.0
대전광역시,유성구,꽃가게,269.0,269.0,272.0
대전광역시,유성구,내과ㆍ소아과의원,89.0,89.0,85.0
대전광역시,유성구,노래방,177.0,177.0,187.0
대전광역시,유성구,담배ㆍ복권소매업,38.0,40.0,40.0
대전광역시,유성구,당구장,103.0,102.0,109.0
대전광역시,유성구,독서실,68.0,68.0,76.0
대전광역시,유성구,동물병원,35.0,34.0,34.0
대전광역시,유성구,목욕탕,8.0,7.0,8.0
대전광역시,유성구,문구점,75.0,75.0,80.0
대전광역시,유성구,미용실,836.0,835.0,809.0
대전광역시,유성구,법무사,14.0,13.0,14.0
대전광역시,유성구,변리사,13.0,13.0,10.0
대전광역시,유성구,변호사,10.0,9.0,7.0
대전광역시,유성구,부동산중개업,1100.0,1111.0,1113.0
대전광역시,유성구,분식점,344.0,343.0,370.0
대전광역시,유성구,사진촬영업,148.0,147.0,144.0
대전광역시,유성구,산부인과의원,13.0,13.0,12.0
대전광역시,유성구,생선가게,26.0,28.0,23.0
대전광역시,유성구,서점,103.0,102.0,101.0
대전광역시,유성구,성형외과의원,5.0,5.0,4.0
대전광역시,유성구,세무사,65.0,64.0,63.0
대전광역시,유성구,세탁소,232.0,230.0,228.0
대전광역시,유성구,슈퍼마켓,157.0,158.0,148.0
대전광역시,유성구,스포츠교육기관,335.0,332.0,299.0
대전광역시,유성구,스포츠시설운영업,102.0,104.0,108.0
대전광역시,유성구,스포츠용품점,99.0,100.0,108.0
대전광역시,유성구,시계ㆍ귀금속점,60.0,59.0,57.0
대전광역시,유성구,식료품가게,215.0,217.0,213.0
대전광역시,유성구,신경정신과의원,17.0,17.0,18.0
대전광역시,유성구,신발가게,26.0,26.0,30.0
대전광역시,유성구,실내스크린골프점,97.0,97.0,98.0
대전광역시,유성구,실내장식가게,656.0,658.0,615.0
대전광역시,유성구,실외골프연습장,17.0,17.0,17.0
대전광역시,유성구,안경점,84.0,84.0,84.0
대전광역시,유성구,안과의원,11.0,11.0,10.0
대전광역시,유성구,애완용품점,93.0,93.0,89.0
대전광역시,유성구,약국,158.0,157.0,153.0
대전광역시,유성구,여관ㆍ모텔,71.0,71.0,73.0
대전광역시,유성구,여행사,97.0,95.0,87.0
대전광역시,유성구,예술학원,272.0,271.0,270.0
대전광역시,유성구,예식장,9.0,9.0,9.0
대전광역시,유성구,옷가게,554.0,564.0,589.0
대전광역시,유성구,의료용품가게,58.0,57.0,53.0
대전광역시,유성구,이륜자동차판매점,12.0,12.0,12.0
대전광역시,유성구,이발소,68.0,67.0,63.0
대전광역시,유성구,이비인후과의원,19.0,19.0,19.0
대전광역시,유성구,일반외과의원,32.0,32.0,32.0
대전광역시,유성구,일식음식점,259.0,261.0,238.0
대전광역시,유성구,자동차수리점,400.0,399.0,390.0
대전광역시,유성구,자전거판매점,28.0,28.0,28.0
대전광역시,유성구,장난감가게,23.0,23.0,24.0
대전광역시,유성구,정육점,147.0,146.0,151.0
대전광역시,유성구,제과점,192.0,189.0,187.0
대전광역시,유성구,종합병원,20.0,21.0,20.0
대전광역시,유성구,주유소,52.0,55.0,55.0
대전광역시,유성구,주차장운영업,76.0,72.0,66.0
대전광역시,유성구,중고차판매점,141.0,138.0,139.0
대전광역시,유성구,중식음식점,206.0,208.0,207.0
대전광역시,유성구,채소가게,77.0,78.0,75.0
대전광역시,유성구,철물점,44.0,46.0,42.0
대전광역시,유성구,치과의원,122.0,122.0,118.0
대전광역시,유성구,침구ㆍ커튼가게,66.0,65.0,64.0
대전광역시,유성구,커피음료점,860.0,853.0,899.0
대전광역시,유성구,컴퓨터판매점,61.0,58.0,52.0
대전광역시,유성구,통신판매업,5006.0,4962.0,4445.0
대전광역시,유성구,패스트푸드점,363.0,364.0,365.0
대전광역시,유성구,펜션ㆍ게스트하우스,12.0,12.0,5.0
대전광역시,유성구,편의점,384.0,383.0,392.0
대전광역시,유성구,피부ㆍ비뇨기과의원,31.0,31.0,30.0
대전광역시,유성구,피부관리업,560.0,557.0,540.0
대전광역시,유성구,한방병원ㆍ한의원,121.0,121.0,124.0
대전광역시,유성구,한식음식점,2954.0,2966.0,3052.0
대전광역시,유성구,헬스클럽,145.0,145.0,140.0
대전광역시,유성구,호프주점,84.0,84.0,95.0
대전광역시,유성구,화장품가게,284.0,289.0,313.0
대전광역시,유성구,휴대폰가게,135.0,135.0,131.0
대전광역시,중구,LPG 충전소,3.0,3.0,4.0
대전광역시,중구,pc방,33.0,32.0,36.0
대전광역시,중구,가구점,42.0,42.0,43.0
대전광역시,중구,가전제품수리점,156.0,156.0,149.0
대전광역시,중구,가전제품판매점,60.0,60.0,56.0
대전광역시,중구,간이주점,8.0,10.0,9.0
대전광역시,중구,간판광고물업,87.0,87.0,89.0
대전광역시,중구,감정평가사,0.0,0.0,0.0
대전광역시,중구,건강보조식품가게,108.0,110.0,113.0
대전광역시,중구,건어물가게,22.0,22.0,22.0
대전광역시,중구,건축사,38.0,37.0,38.0
대전광역시,중구,결혼상담소,22.0,22.0,21.0
대전광역시,중구,곡물가게,24.0,25.0,22.0
대전광역시,중구,공인노무사,0.0,0.0,0.0
대전광역시,중구,공인회계사,5.0,5.0,5.0
대전광역시,중구,과일가게,62.0,63.0,57.0
대전광역시,중구,교습소ㆍ공부방,222.0,221.0,203.0
대전광역시,중구,교습학원,200.0,198.0,191.0
대전광역시,중구,구내식당,96.0,97.0,102.0
대전광역시,중구,기술ㆍ직업훈련학원,147.0,148.0,151.0
대전광역시,중구,기술사,3.0,3.0,3.0
대전광역시,중구,기타외국식음식점,89.0,87.0,91.0
대전광역시,중구,기타음식점,91.0,90.0,101.0
대전광역시,중구,기타일반의원,20.0,20.0,22.0
대전광역시,중구,꽃가게,139.0,140.0,140.0
대전광역시,중구,내과ㆍ소아과의원,66.0,66.0,66.0
대전광역시,중구,노래방,187.0,187.0,191.0
대전광역시,중구,담배ㆍ복권소매업,68.0,68.0,63.0
대전광역시,중구,당구장,68.0,69.0,70.0
대전광역시,중구,독서실,21.0,21.0,24.0
대전광역시,중구,동물병원,18.0,18.0,17.0
대전광역시,중구,목욕탕,15.0,16.0,17.0
대전광역시,중구,문구점,50.0,51.0,50.0
대전광역시,중구,미용실,593.0,593.0,594.0
대전광역시,중구,법무사,16.0,16.0,14.0
대전광역시,중구,변리사,0.0,0.0,0.0
대전광역시,중구,변호사,0.0,0.0,0.0
대전광역시,중구,부동산중개업,446.0,448.0,473.0
대전광역시,중구,분식점,276.0,278.0,288.0
대전광역시,중구,사진촬영업,108.0,111.0,95.0
대전광역시,중구,산부인과의원,4.0,4.0,4.0
대전광역시,중구,생선가게,34.0,34.0,32.0
대전광역시,중구,서점,62.0,60.0,60.0
대전광역시,중구,성형외과의원,0.0,0.0,0.0
대전광역시,중구,세무사,64.0,64.0,66.0
대전광역시,중구,세탁소,157.0,158.0,156.0
대전광역시,중구,슈퍼마켓,111.0,113.0,120.0
대전광역시,중구,스포츠교육기관,157.0,158.0,154.0
대전광역시,중구,스포츠시설운영업,25.0,26.0,23.0
대전광역시,중구,스포츠용품점,69.0,69.0,66.0
대전광역시,중구,시계ㆍ귀금속점,40.0,39.0,39.0
대전광역시,중구,식료품가게,254.0,252.0,250.0
대전광역시,중구,신경정신과의원,18.0,18.0,19.0
대전광역시,중구,신발가게,37.0,37.0,42.0
대전광역시,중구,실내스크린골프점,26.0,26.0,27.0
대전광역시,중구,실내장식가게,496.0,492.0,489.0
대전광역시,중구,실외골프연습장,8.0,8.0,7.0
대전광역시,중구,안경점,50.0,50.0,51.0
대전광역시,중구,안과의원,7.0,7.0,7.0
대전광역시,중구,애완용품점,47.0,48.0,49.0
대전광역시,중구,약국,150.0,150.0,155.0
대전광역시,중구,여관ㆍ모텔,122.0,121.0,128.0
대전광역시,중구,여행사,69.0,68.0,69.0
대전광역시,중구,예술학원,146.0,143.0,144.0
대전광역시,중구,예식장,3.0,3.0,4.0
대전광역시,중구,옷가게,598.0,606.0,629.0
대전광역시,중구,의료용품가게,45.0,45.0,41.0
대전광역시,중구,이륜자동차판매점,20.0,20.0,20.0
대전광역시,중구,이발소,87.0,89.0,91.0
대전광역시,중구,이비인후과의원,12.0,12.0,12.0
대전광역시,중구,일반외과의원,28.0,28.0,28.0
대전광역시,중구,일식음식점,88.0,89.0,77.0
대전광역시,중구,자동차수리점,247.0,246.0,255.0
대전광역시,중구,자전거판매점,10.0,10.0,10.0
대전광역시,중구,장난감가게,39.0,39.0,31.0
대전광역시,중구,정육점,144.0,142.0,146.0
대전광역시,중구,제과점,103.0,102.0,88.0
대전광역시,중구,종합병원,19.0,19.0,19.0
대전광역시,중구,주유소,36.0,36.0,35.0
대전광역시,중구,주차장운영업,69.0,69.0,61.0
대전광역시,중구,중고차판매점,0.0,0.0,0.0
대전광역시,중구,중식음식점,135.0,134.0,124.0
대전광역시,중구,채소가게,70.0,71.0,72.0
대전광역시,중구,철물점,42.0,43.0,48.0
대전광역시,중구,치과의원,87.0,87.0,87.0
대전광역시,중구,침구ㆍ커튼가게,56.0,56.0,61.0
대전광역시,중구,커피음료점,492.0,496.0,504.0
대전광역시,중구,컴퓨터판매점,18.0,19.0,17.0
대전광역시,중구,통신판매업,2431.0,2424.0,2291.0
대전광역시,중구,패스트푸드점,198.0,200.0,192.0
대전광역시,중구,펜션ㆍ게스트하우스,60.0,54.0,18.0
대전광역시,중구,편의점,209.0,208.0,219.0
대전광역시,중구,피부ㆍ비뇨기과의원,16.0,16.0,16.0
대전광역시,중구,피부관리업,239.0,238.0,233.0
대전광역시,중구,한방병원ㆍ한의원,86.0,85.0,84.0
대전광역시,중구,한식음식점,1986.0,1992.0,2000.0
대전광역시,중구,헬스클럽,54.0,54.0,54.0
대전광역시,중구,호프주점,83.0,86.0,87.0
대전광역시,중구,화장품가게,189.0,190.0,205.0
대전광역시,중구,휴대폰가게,110.0,111.0,116.0
부산광역시,강서구,LPG 충전소,11.0,11.0,13.0
부산광역시,강서구,pc방,9.0,9.0,10.0
부산광역시,강서구,가구점,23.0,24.0,29.0
부산광역시,강서구,가전제품수리점,47.0,45.0,43.0
부산광역시,강서구,가전제품판매점,25.0,25.0,26.0
부산광역시,강서구,간이주점,10.0,10.0,13.0
부산광역시,강서구,간판광고물업,54.0,54.0,56.0
부산광역시,강서구,감정평가사,0.0,0.0,0.0
부산광역시,강서구,건강보조식품가게,11.0,12.0,14.0
부산광역시,강서구,건어물가게,10.0,10.0,9.0
부산광역시,강서구,건축사,36.0,36.0,35.0
부산광역시,강서구,결혼상담소,0.0,0.0,0.0
부산광역시,강서구,곡물가게,0.0,0.0,0.0
부산광역시,강서구,공인노무사,9.0,9.0,10.0
부산광역시,강서구,공인회계사,4.0,4.0,4.0
부산광역시,강서구,과일가게,31.0,32.0,26.0
부산광역시,강서구,교습소ㆍ공부방,452.0,445.0,374.0
부산광역시,강서구,교습학원,310.0,308.0,272.0
부산광역시,강서구,구내식당,210.0,209.0,217.0
부산광역시,강서구,기술ㆍ직업훈련학원,75.0,75.0,67.0
부산광역시,강서구,기술사,11.0,10.0,8.0
부산광역시,강서구,기타외국식음식점,87.0,87.0,92.0
부산광역시,강서구,기타음식점,51.0,49.0,46.0
부산광역시,강서구,기타일반의원,3.0,3.0,3.0
부산광역시,강서구,꽃가게,98.0,99.0,94.0
부산광역시,강서구,내과ㆍ소아과의원,23.0,23.0,24.0
부산광역시,강서구,노래방,32.0,33.0,35.0
부산광역시,강서구,담배ㆍ복권소매업,43.0,43.0,39.0
부산광역시,강서구,당구장,51.0,51.0,51.0
부산광역시,강서구,독서실,6.0,6.0,5.0
부산광역시,강서구,동물병원,12.0,12.0,12.0
부산광역시,강서구,목욕탕,11.0,11.0,10.0
부산광역시,강서구,문구점,31.0,31.0,33.0
부산광역시,강서구,미용실,228.0,228.0,228.0
부산광역시,강서구,법무사,18.0,18.0,16.0
부산광역시,강서구,변리사,0.0,0.0,0.0
부산광역시,강서구,변호사,28.0,28.0,30.0
부산광역시,강서구,부동산중개업,682.0,686.0,685.0
부산광역시,강서구,분식점,123.0,127.0,122.0
부산광역시,강서구,사진촬영업,42.0,43.0,30.0
부산광역시,강서구,산부인과의원,0.0,0.0,0.0
부산광역시,강서구,생선가게,75.0,75.0,69.0
부산광역시,강서구,서점,29.0,29.0,26.0
부산광역시,강서구,세무사,27.0,27.0,24.0
부산광역시,강서구,세탁소,50.0,51.0,48.0
부산광역시,강서구,슈퍼마켓,83.0,82.0,80.0
부산광역시,강서구,스포츠교육기관,188.0,185.0,167.0
부산광역시,강서구,스포츠시설운영업,35.0,36.0,32.0
부산광역시,강서구,스포츠용품점,77.0,76.0,76.0
부산광역시,강서구,시계ㆍ귀금속점,11.0,11.0,11.0
부산광역시,강서구,식료품가게,137.0,138.0,134.0
부산광역시,강서구,신경정신과의원,0.0,0.0,0.0
부산광역시,강서구,신발가게,10.0,10.0,8.0
부산광역시,강서구,실내스크린골프점,62.0,63.0,66.0
부산광역시,강서구,실내장식가게,299.0,303.0,282.0
부산광역시,강서구,실외골프연습장,5.0,5.0,5.0
부산광역시,강서구,안경점,21.0,21.0,21.0
부산광역시,강서구,안과의원,3.0,3.0,3.0
부산광역시,강서구,애완용품점,52.0,50.0,42.0
부산광역시,강서구,약국,49.0,50.0,45.0
부산광역시,강서구,여관ㆍ모텔,26.0,25.0,24.0
부산광역시,강서구,여행사,38.0,37.0,32.0
부산광역시,강서구,예술학원,151.0,150.0,152.0
부산광역시,강서구,예식장,0.0,0.0,0.0
부산광역시,강서구,옷가게,135.0,132.0,135.0
부산광역시,강서구,의료용품가게,23.0,22.0,19.0
부산광역시,강서구,이륜자동차판매점,10.0,10.0,11.0
부산광역시,강서구,이발소,20.0,20.0,21.0
부산광역시,강서구,이비인후과의원,6.0,6.0,6.0
부산광역시,강서구,일반외과의원,8.0,8.0,8.0
부산광역시,강서구,일식음식점,59.0,55.0,51.0
부산광역시,강서구,자동차수리점,248.0,248.0,228.0
부산광역시,강서구,자전거판매점,8.0,7.0,7.0
부산광역시,강서구,장난감가게,14.0,14.0,10.0
부산광역시,강서구,정육점,53.0,53.0,57.0
부산광역시,강서구,제과점,79.0,76.0,79.0
부산광역시,강서구,종합병원,8.0,8.0,8.0
부산광역시,강서구,주유소,44.0,43.0,45.0
부산광역시,강서구,주차장운영업,108.0,109.0,97.0
부산광역시,강서구,중고차판매점,9.0,9.0,9.0
부산광역시,강서구,중식음식점,87.0,87.0,81.0
부산광역시,강서구,채소가게,44.0,44.0,38.0
부산광역시,강서구,철물점,28.0,28.0,26.0
부산광역시,강서구,치과의원,33.0,33.0,30.0
부산광역시,강서구,침구ㆍ커튼가게,18.0,17.0,14.0
부산광역시,강서구,커피음료점,337.0,341.0,333.0
부산광역시,강서구,컴퓨터판매점,11.0,11.0,9.0
부산광역시,강서구,통신판매업,2298.0,2307.0,2137.0
부산광역시,강서구,패스트푸드점,168.0,170.0,166.0
부산광역시,강서구,펜션ㆍ게스트하우스,33.0,33.0,29.0
부산광역시,강서구,편의점,196.0,197.0,200.0
부산광역시,강서구,피부ㆍ비뇨기과의원,7.0,6.0,6.0
부산광역시,강서구,피부관리업,238.0,239.0,215.0
부산광역시,강서구,한방병원ㆍ한의원,25.0,25.0,23.0
부산광역시,강서구,한식음식점,1360.0,1357.0,1379.0
부산광역시,강서구,헬스클럽,45.0,46.0,51.0
부산광역시,강서구,호프주점,33.0,34.0,39.0
부산광역시,강서구,화장품가게,76.0,77.0,71.0
부산광역시,강서구,휴대폰가게,42.0,41.0,41.0
부산광역시,금정구,LPG 충전소,3.0,3.0,3.0
부산광역시,금정구,pc방,31.0,32.0,35.0
부산광역시,금정구,가구점,25.0,25.0,27.0
부산광역시,금정구,가전제품수리점,82.0,83.0,81.0
부산광역시,금정구,가전제품판매점,42.0,42.0,42.0
부산광역시,금정구,간이주점,30.0,30.0,36.0
부산광역시,금정구,간판광고물업,77.0,78.0,79.0
부산광역시,금정구,감정평가사,5.0,5.0,4.0
부산광역시,금정구,건강보조식품가게,45.0,45.0,48.0
부산광역시,금정구,건어물가게,21.0,22.0,23.0
부산광역시,금정구,건축사,84.0,82.0,83.0
부산광역시,금정구,결혼상담소,6.0,6.0,6.0
부산광역시,금정구,곡물가게,21.0,21.0,19.0
부산광역시,금정구,공인노무사,18.0,17.0,21.0
부산광역시,금정구,공인회계사,13.0,13.0,11.0
부산광역시,금정구,과일가게,57.0,58.0,50.0
부산광역시,금정구,교습소ㆍ공부방,277.0,276.0,264.0
부산광역시,금정구,교습학원,252.0,255.0,258.0
부산광역시,금정구,구내식당,68.0,68.0,74.0
부산광역시,금정구,기술ㆍ직업훈련학원,101.0,103.0,100.0
부산광역시,금정구,기술사,6.0,6.0,5.0
부산광역시,금정구,기타외국식음식점,174.0,174.0,190.0
부산광역시,금정구,기타음식점,99.0,99.0,101.0
부산광역시,금정구,기타일반의원,13.0,13.0,14.0
부산광역시,금정구,꽃가게,134.0,136.0,139.0
부산광역시,금정구,내과ㆍ소아과의원,56.0,56.0,55.0
부산광역시,금정구,노래방,103.0,104.0,108.0
부산광역시,금정구,담배ㆍ복권소매업,82.0,83.0,81.0
부산광역시,금정구,당구장,66.0,66.0,71.0
부산광역시,금정구,독서실,21.0,21.0,23.0
부산광역시,금정구,동물병원,16.0,16.0,16.0
부산광역시,금정구,목욕탕,39.0,39.0,39.0
부산광역시,금정구,문구점,33.0,33.0,37.0
부산광역시,금정구,미용실,590.0,594.0,593.0
부산광역시,금정구,법무사,14.0,13.0,14.0
부산광역시,금정구,변리사,0.0,0.0,0.0
부산광역시,금정구,변호사,0.0,0.0,0.0
부산광역시,금정구,부동산중개업,488.0,491.0,506.0
부산광역시,금정구,분식점,260.0,260.0,275.0
부산광역시,금정구,사진촬영업,70.0,70.0,59.0
부산광역시,금정구,산부인과의원,6.0,6.0,6.0
부산광역시,금정구,생선가게,27.0,27.0,23.0
부산광역시,금정구,서점,43.0,43.0,42.0
부산광역시,금정구,세무사,103.0,102.0,100.0
부산광역시,금정구,세탁소,113.0,113.0,115.0
부산광역시,금정구,슈퍼마켓,101.0,101.0,108.0
부산광역시,금정구,스포츠교육기관,144.0,144.0,144.0
부산광역시,금정구,스포츠시설운영업,34.0,34.0,36.0
부산광역시,금정구,스포츠용품점,52.0,51.0,50.0
부산광역시,금정구,시계ㆍ귀금속점,26.0,26.0,23.0
부산광역시,금정구,식료품가게,147.0,146.0,150.0
부산광역시,금정구,신경정신과의원,11.0,11.0,11.0
부산광역시,금정구,신발가게,22.0,22.0,24.0
부산광역시,금정구,실내스크린골프점,35.0,35.0,35.0
부산광역시,금정구,실내장식가게,458.0,460.0,455.0
부산광역시,금정구,실외골프연습장,4.0,4.0,5.0
부산광역시,금정구,안경점,47.0,47.0,47.0
부산광역시,금정구,안과의원,7.0,7.0,7.0
부산광역시,금정구,애완용품점,31.0,32.0,37.0
부산광역시,금정구,약국,113.0,114.0,112.0
부산광역시,금정구,여관ㆍ모텔,48.0,49.0,50.0
부산광역시,금정구,여행사,47.0,47.0,43.0
부산광역시,금정구,예술학원,135.0,135.0,139.0
부산광역시,금정구,예식장,0.0,0.0,0.0
부산광역시,금정구,옷가게,334.0,342.0,345.0
부산광역시,금정구,의료용품가게,50.0,50.0,52.0
부산광역시,금정구,이륜자동차판매점,22.0,21.0,21.0
부산광역시,금정구,이발소,77.0,77.0,76.0
부산광역시,금정구,이비인후과의원,16.0,16.0,16.0
부산광역시,금정구,일반외과의원,28.0,28.0,29.0
부산광역시,금정구,일식음식점,88.0,89.0,93.0
부산광역시,금정구,자동차수리점,212.0,211.0,207.0
부산광역시,금정구,자전거판매점,8.0,8.0,9.0
부산광역시,금정구,장난감가게,10.0,9.0,9.0
부산광역시,금정구,정육점,88.0,88.0,90.0
부산광역시,금정구,제과점,103.0,101.0,101.0
부산광역시,금정구,종합병원,30.0,30.0,30.0
부산광역시,금정구,주유소,12.0,12.0,13.0
부산광역시,금정구,주차장운영업,129.0,131.0,132.0
부산광역시,금정구,중고차판매점,16.0,16.0,0.0
부산광역시,금정구,중식음식점,123.0,124.0,125.0
부산광역시,금정구,채소가게,60.0,61.0,54.0
부산광역시,금정구,철물점,43.0,42.0,42.0
부산광역시,금정구,치과의원,93.0,93.0,93.0
부산광역시,금정구,침구ㆍ커튼가게,52.0,51.0,47.0
부산광역시,금정구,커피음료점,376.0,376.0,389.0
부산광역시,금정구,컴퓨터판매점,13.0,13.0,14.0
부산광역시,금정구,통신판매업,2016.0,2014.0,1993.0
부산광역시,금정구,패스트푸드점,169.0,169.0,175.0
부산광역시,금정구,펜션ㆍ게스트하우스,7.0,7.0,4.0
부산광역시,금정구,편의점,182.0,181.0,184.0
부산광역시,금정구,피부ㆍ비뇨기과의원,21.0,21.0,21.0
부산광역시,금정구,피부관리업,255.0,253.0,246.0
부산광역시,금정구,한방병원ㆍ한의원,84.0,83.0,82.0
부산광역시,금정구,한식음식점,1593.0,1603.0,1662.0
부산광역시,금정구,헬스클럽,67.0,67.0,67.0
부산광역시,금정구,호프주점,59.0,59.0,68.0
부산광역시,금정구,화장품가게,123.0,125.0,138.0
부산광역시,금정구,휴대폰가게,88.0,87.0,73.0
부산광역시,기장군,LPG 충전소,14.0,14.0,14.0
부산광역시,기장군,pc방,17.0,17.0,16.0
부산광역시,기장군,가구점,23.0,23.0,21.0
부산광역시,기장군,가전제품수리점,78.0,78.0,76.0
부산광역시,기장군,가전제품판매점,37.0,37.0,37.0
부산광역시,기장군,간이주점,31.0,32.0,42.0
부산광역시,기장군,간판광고물업,44.0,44.0,43.0
부산광역시,기장군,감정평가사,0.0,0.0,0.0
부산광역시,기장군,건강보조식품가게,29.0,30.0,31.0
부산광역시,기장군,건어물가게,105.0,105.0,103.0
부산광역시,기장군,건축사,28.0,29.0,28.0
부산광역시,기장군,결혼상담소,6.0,6.0,7.0
부산광역시,기장군,곡물가게,13.0,13.0,14.0
부산광역시,기장군,과일가게,37.0,37.0,36.0
부산광역시,기장군,교습소ㆍ공부방,304.0,302.0,291.0
부산광역시,기장군,교습학원,300.0,299.0,287.0
부산광역시,기장군,구내식당,41.0,41.0,39.0
부산광역시,기장군,기술ㆍ직업훈련학원,76.0,76.0,73.0
부산광역시,기장군,기술사,4.0,4.0,5.0
부산광역시,기장군,기타외국식음식점,133.0,132.0,143.0
부산광역시,기장군,기타음식점,89.0,88.0,107.0
부산광역시,기장군,기타일반의원,15.0,15.0,14.0
부산광역시,기장군,꽃가게,95.0,94.0,91.0
부산광역시,기장군,내과ㆍ소아과의원,38.0,39.0,38.0
부산광역시,기장군,노래방,56.0,56.0,57.0
부산광역시,기장군,담배ㆍ복권소매업,37.0,38.0,37.0
부산광역시,기장군,당구장,51.0,49.0,49.0
부산광역시,기장군,독서실,9.0,9.0,10.0
부산광역시,기장군,동물병원,14.0,14.0,13.0
부산광역시,기장군,목욕탕,22.0,22.0,20.0
부산광역시,기장군,문구점,41.0,41.0,40.0
부산광역시,기장군,미용실,363.0,362.0,355.0
부산광역시,기장군,법무사,9.0,9.0,9.0
부산광역시,기장군,변호사,5.0,4.0,3.0
부산광역시,기장군,부동산중개업,465.0,466.0,476.0
부산광역시,기장군,분식점,212.0,213.0,237.0
부산광역시,기장군,사진촬영업,53.0,52.0,56.0
부산광역시,기장군,산부인과의원,5.0,5.0,5.0
부산광역시,기장군,생선가게,116.0,116.0,115.0
부산광역시,기장군,서점,25.0,24.0,19.0
부산광역시,기장군,성형외과의원,0.0,0.0,0.0
부산광역시,기장군,세무사,10.0,10.0,9.0
부산광역시,기장군,세탁소,71.0,70.0,71.0
부산광역시,기장군,슈퍼마켓,93.0,96.0,92.0
부산광역시,기장군,스포츠교육기관,161.0,162.0,155.0
부산광역시,기장군,스포츠시설운영업,34.0,35.0,33.0
부산광역시,기장군,스포츠용품점,79.0,79.0,74.0
부산광역시,기장군,시계ㆍ귀금속점,23.0,22.0,21.0
부산광역시,기장군,식료품가게,142.0,141.0,157.0
부산광역시,기장군,신경정신과의원,4.0,4.0,4.0
부산광역시,기장군,신발가게,18.0,18.0,20.0
부산광역시,기장군,실내스크린골프점,34.0,35.0,34.0
부산광역시,기장군,실내장식가게,331.0,329.0,323.0
부산광역시,기장군,실외골프연습장,10.0,10.0,8.0
부산광역시,기장군,안경점,29.0,29.0,27.0
부산광역시,기장군,안과의원,6.0,6.0,6.0
부산광역시,기장군,애완용품점,61.0,62.0,55.0
부산광역시,기장군,약국,70.0,70.0,71.0
부산광역시,기장군,여관ㆍ모텔,37.0,37.0,40.0
부산광역시,기장군,여행사,29.0,30.0,27.0
부산광역시,기장군,예술학원,129.0,127.0,128.0
부산광역시,기장군,예식장,4.0,4.0,3.0
부산광역시,기장군,옷가게,225.0,225.0,237.0
부산광역시,기장군,의료용품가게,24.0,23.0,22.0
부산광역시,기장군,이륜자동차판매점,11.0,11.0,12.0
부산광역시,기장군,이발소,37.0,38.0,40.0
부산광역시,기장군,이비인후과의원,8.0,8.0,8.0
부산광역시,기장군,일반외과의원,13.0,13.0,14.0
부산광역시,기장군,일식음식점,84.0,84.0,84.0
부산광역시,기장군,자동차수리점,199.0,197.0,196.0
부산광역시,기장군,자전거판매점,5.0,5.0,5.0
부산광역시,기장군,장난감가게,11.0,10.0,10.0
부산광역시,기장군,정육점,71.0,71.0,75.0
부산광역시,기장군,제과점,75.0,73.0,73.0
부산광역시,기장군,종합병원,10.0,10.0,10.0
부산광역시,기장군,주유소,41.0,40.0,39.0
부산광역시,기장군,주차장운영업,59.0,60.0,58.0
부산광역시,기장군,중고차판매점,57.0,57.0,67.0
부산광역시,기장군,중식음식점,104.0,102.0,111.0
부산광역시,기장군,채소가게,52.0,51.0,45.0
부산광역시,기장군,철물점,28.0,28.0,27.0
부산광역시,기장군,치과의원,50.0,50.0,50.0
부산광역시,기장군,침구ㆍ커튼가게,25.0,23.0,24.0
부산광역시,기장군,커피음료점,397.0,396.0,397.0
부산광역시,기장군,컴퓨터판매점,13.0,13.0,11.0
부산광역시,기장군,통신판매업,2105.0,2080.0,2080.0
부산광역시,기장군,패스트푸드점,172.0,176.0,175.0
부산광역시,기장군,펜션ㆍ게스트하우스,128.0,128.0,117.0
부산광역시,기장군,편의점,176.0,176.0,174.0
부산광역시,기장군,피부ㆍ비뇨기과의원,11.0,11.0,8.0
부산광역시,기장군,피부관리업,221.0,220.0,213.0
부산광역시,기장군,한방병원ㆍ한의원,42.0,42.0,40.0
부산광역시,기장군,한식음식점,1573.0,1582.0,1589.0
부산광역시,기장군,헬스클럽,43.0,44.0,41.0
부산광역시,기장군,호프주점,38.0,39.0,40.0
부산광역시,기장군,화장품가게,94.0,95.0,99.0
부산광역시,기장군,휴대폰가게,46.0,46.0,43.0
부산광역시,남구,LPG 충전소,0.0,0.0,0.0
부산광역시,남구,pc방,34.0,34.0,37.0
부산광역시,남구,가구점,15.0,14.0,20.0
부산광역시,남구,가전제품수리점,93.0,90.0,83.0
부산광역시,남구,가전제품판매점,45.0,45.0,40.0
부산광역시,남구,간이주점,19.0,18.0,19.0
부산광역시,남구,간판광고물업,50.0,49.0,47.0
부산광역시,남구,감정평가사,5.0,5.0,4.0
부산광역시,남구,건강보조식품가게,62.0,64.0,59.0
부산광역시,남구,건어물가게,21.0,21.0,22.0
부산광역시,남구,건축사,60.0,61.0,55.0
부산광역시,남구,결혼상담소,6.0,6.0,6.0
부산광역시,남구,곡물가게,14.0,14.0,15.0
부산광역시,남구,공인노무사,3.0,3.0,3.0
부산광역시,남구,공인회계사,4.0,4.0,3.0
부산광역시,남구,과일가게,64.0,64.0,58.0
부산광역시,남구,교습소ㆍ공부방,335.0,336.0,314.0
부산광역시,남구,교습학원,297.0,296.0,293.0
부산광역시,남구,구내식당,55.0,56.0,54.0
부산광역시,남구,기술ㆍ직업훈련학원,108.0,109.0,115.0
부산광역시,남구,기술사,5.0,5.0,5.0
부산광역시,남구,기타외국식음식점,126.0,128.0,127.0
부산광역시,남구,기타음식점,58.0,58.0,76.0
부산광역시,남구,기타일반의원,22.0,22.0,21.0
부산광역시,남구,꽃가게,116.0,118.0,121.0
부산광역시,남구,내과ㆍ소아과의원,71.0,70.0,69.0
부산광역시,남구,노래방,64.0,64.0,66.0
부산광역시,남구,담배ㆍ복권소매업,62.0,63.0,62.0
부산광역시,남구,당구장,52.0,52.0,56.0
부산광역시,남구,독서실,18.0,17.0,18.0
부산광역시,남구,동물병원,17.0,17.0,17.0
부산광역시,남구,목욕탕,38.0,38.0,39.0
부산광역시,남구,문구점,30.0,30.0,37.0
부산광역시,남구,미용실,610.0,607.0,603.0
부산광역시,남구,법무사,9.0,9.0,10.0
부산광역시,남구,변리사,3.0,3.0,0.0
부산광역시,남구,변호사,8.0,7.0,7.0
부산광역시,남구,부동산중개업,694.0,696.0,681.0
부산광역시,남구,분식점,218.0,220.0,214.0
부산광역시,남구,사진촬영업,105.0,106.0,102.0
부산광역시,남구,산부인과의원,9.0,8.0,9.0
부산광역시,남구,생선가게,35.0,35.0,29.0
부산광역시,남구,서점,39.0,39.0,41.0
부산광역시,남구,성형외과의원,4.0,4.0,4.0
부산광역시,남구,세무사,28.0,29.0,29.0
부산광역시,남구,세탁소,100.0,98.0,95.0
부산광역시,남구,슈퍼마켓,107.0,108.0,100.0
부산광역시,남구,스포츠교육기관,182.0,180.0,180.0
부산광역시,남구,스포츠시설운영업,34.0,35.0,37.0
부산광역시,남구,스포츠용품점,42.0,43.0,45.0
부산광역시,남구,시계ㆍ귀금속점,33.0,33.0,31.0
부산광역시,남구,식료품가게,167.0,168.0,184.0
부산광역시,남구,신경정신과의원,17.0,17.0,17.0
부산광역시,남구,신발가게,23.0,23.0,27.0
부산광역시,남구,실내스크린골프점,21.0,21.0,23.0
부산광역시,남구,실내장식가게,469.0,462.0,435.0
부산광역시,남구,실외골프연습장,9.0,9.0,9.0
부산광역시,남구,안경점,47.0,47.0,49.0
부산광역시,남구,안과의원,8.0,8.0,8.0
부산광역시,남구,애완용품점,70.0,69.0,69.0
부산광역시,남구,약국,119.0,120.0,126.0
부산광역시,남구,여관ㆍ모텔,35.0,35.0,36.0
부산광역시,남구,여행사,96.0,96.0,84.0
부산광역시,남구,예술학원,156.0,156.0,149.0
부산광역시,남구,예식장,0.0,0.0,0.0
부산광역시,남구,옷가게,344.0,346.0,362.0
부산광역시,남구,의료용품가게,39.0,39.0,37.0
부산광역시,남구,이륜자동차판매점,19.0,19.0,20.0
부산광역시,남구,이발소,60.0,59.0,58.0
부산광역시,남구,이비인후과의원,20.0,20.0,19.0
부산광역시,남구,일반외과의원,26.0,26.0,27.0
부산광역시,남구,일식음식점,83.0,82.0,83.0
부산광역시,남구,자동차수리점,193.0,193.0,192.0
부산광역시,남구,자전거판매점,10.0,10.0,11.0
부산광역시,남구,장난감가게,13.0,13.0,7.0
부산광역시,남구,정육점,83.0,85.0,77.0
부산광역시,남구,제과점,107.0,105.0,104.0
부산광역시,남구,종합병원,14.0,14.0,15.0
부산광역시,남구,주유소,25.0,26.0,27.0
부산광역시,남구,주차장운영업,124.0,124.0,125.0
부산광역시,남구,중고차판매점,43.0,42.0,48.0
부산광역시,남구,중식음식점,130.0,131.0,124.0
부산광역시,남구,채소가게,63.0,62.0,59.0
부산광역시,남구,철물점,41.0,42.0,38.0
부산광역시,남구,치과의원,107.0,107.0,106.0
부산광역시,남구,침구ㆍ커튼가게,35.0,34.0,33.0
부산광역시,남구,커피음료점,342.0,343.0,342.0
부산광역시,남구,컴퓨터판매점,24.0,24.0,22.0
부산광역시,남구,통신판매업,2950.0,2918.0,2831.0
부산광역시,남구,패스트푸드점,222.0,218.0,233.0
부산광역시,남구,펜션ㆍ게스트하우스,14.0,14.0,9.0
부산광역시,남구,편의점,192.0,195.0,199.0
부산광역시,남구,피부ㆍ비뇨기과의원,21.0,20.0,19.0
부산광역시,남구,피부관리업,325.0,324.0,306.0
부산광역시,남구,한방병원ㆍ한의원,94.0,94.0,96.0
부산광역시,남구,한식음식점,1544.0,1559.0,1597.0
부산광역시,남구,헬스클럽,72.0,71.0,71.0
부산광역시,남구,호프주점,55.0,54.0,64.0
부산광역시,남구,화장품가게,148.0,152.0,158.0
부산광역시,남구,휴대폰가게,99.0,102.0,98.0
부산광역시,동구,LPG 충전소,6.0,6.0,6.0
부산광역시,동구,pc방,10.0,10.0,10.0
부산광역시,동구,가구점,52.0,52.0,54.0
부산광역시,동구,가전제품수리점,36.0,38.0,37.0
부산광역시,동구,가전제품판매점,31.0,32.0,36.0
부산광역시,동구,간이주점,17.0,17.0,17.0
부산광역시,동구,간판광고물업,21.0,21.0,19.0
부산광역시,동구,감정평가사,0.0,0.0,0.0
부산광역시,동구,건강보조식품가게,37.0,37.0,40.0
부산광역시,동구,건어물가게,11.0,11.0,12.0
부산광역시,동구,건축사,48.0,46.0,51.0
부산광역시,동구,결혼상담소,10.0,10.0,8.0
부산광역시,동구,곡물가게,11.0,11.0,13.0
부산광역시,동구,공인노무사,8.0,8.0,7.0
부산광역시,동구,공인회계사,27.0,28.0,25.0
부산광역시,동구,과일가게,22.0,22.0,27.0
부산광역시,동구,교습소ㆍ공부방,56.0,55.0,51.0
부산광역시,동구,교습학원,46.0,46.0,39.0
부산광역시,동구,구내식당,27.0,27.0,31.0
부산광역시,동구,기술ㆍ직업훈련학원,47.0,47.0,53.0
부산광역시,동구,기술사,0.0,0.0,0.0
부산광역시,동구,기타외국식음식점,61.0,60.0,68.0
부산광역시,동구,기타음식점,30.0,33.0,35.0
부산광역시,동구,기타일반의원,9.0,9.0,10.0
부산광역시,동구,꽃가게,77.0,76.0,74.0
부산광역시,동구,내과ㆍ소아과의원,29.0,29.0,30.0
부산광역시,동구,노래방,12.0,12.0,14.0
부산광역시,동구,담배ㆍ복권소매업,55.0,55.0,59.0
부산광역시,동구,당구장,27.0,26.0,31.0
부산광역시,동구,독서실,6.0,6.0,5.0
부산광역시,동구,동물병원,4.0,4.0,4.0
부산광역시,동구,목욕탕,31.0,32.0,32.0
부산광역시,동구,문구점,19.0,19.0,22.0
부산광역시,동구,미용실,209.0,209.0,208.0
부산광역시,동구,법무사,5.0,5.0,5.0
부산광역시,동구,변리사,0.0,0.0,0.0
부산광역시,동구,변호사,3.0,3.0,3.0
부산광역시,동구,부동산중개업,224.0,225.0,228.0
부산광역시,동구,분식점,110.0,112.0,109.0
부산광역시,동구,사진촬영업,32.0,32.0,30.0
부산광역시,동구,산부인과의원,0.0,0.0,0.0
부산광역시,동구,생선가게,12.0,10.0,9.0
부산광역시,동구,서점,21.0,21.0,21.0
부산광역시,동구,세무사,111.0,111.0,106.0
부산광역시,동구,세탁소,36.0,35.0,33.0
부산광역시,동구,슈퍼마켓,65.0,66.0,64.0
부산광역시,동구,스포츠교육기관,43.0,44.0,40.0
부산광역시,동구,스포츠시설운영업,15.0,15.0,15.0
부산광역시,동구,스포츠용품점,20.0,20.0,21.0
부산광역시,동구,시계ㆍ귀금속점,55.0,55.0,63.0
부산광역시,동구,식료품가게,115.0,116.0,118.0
부산광역시,동구,신경정신과의원,5.0,5.0,6.0
부산광역시,동구,신발가게,65.0,66.0,72.0
부산광역시,동구,실내스크린골프점,9.0,10.0,9.0
부산광역시,동구,실내장식가게,171.0,170.0,164.0
부산광역시,동구,실외골프연습장,0.0,0.0,0.0
부산광역시,동구,안경점,16.0,16.0,17.0
부산광역시,동구,안과의원,4.0,4.0,4.0
부산광역시,동구,애완용품점,18.0,18.0,13.0
부산광역시,동구,약국,72.0,71.0,71.0
부산광역시,동구,여관ㆍ모텔,90.0,91.0,93.0
부산광역시,동구,여행사,182.0,181.0,174.0
부산광역시,동구,예술학원,25.0,25.0,25.0
부산광역시,동구,예식장,4.0,4.0,4.0
부산광역시,동구,옷가게,680.0,684.0,690.0
부산광역시,동구,의료용품가게,32.0,32.0,30.0
부산광역시,동구,이륜자동차판매점,7.0,8.0,6.0
부산광역시,동구,이발소,37.0,37.0,39.0
부산광역시,동구,이비인후과의원,6.0,6.0,6.0
부산광역시,동구,일반외과의원,11.0,11.0,11.0
부산광역시,동구,일식음식점,50.0,48.0,42.0
부산광역시,동구,자동차수리점,53.0,54.0,56.0
부산광역시,동구,자전거판매점,0.0,0.0,0.0
부산광역시,동구,장난감가게,7.0,7.0,7.0
부산광역시,동구,정육점,30.0,30.0,31.0
부산광역시,동구,제과점,50.0,49.0,40.0
부산광역시,동구,종합병원,11.0,10.0,11.0
부산광역시,동구,주유소,11.0,11.0,9.0
부산광역시,동구,주차장운영업,169.0,160.0,155.0
부산광역시,동구,중고차판매점,0.0,0.0,0.0
부산광역시,동구,중식음식점,76.0,76.0,84.0
부산광역시,동구,채소가게,27.0,27.0,22.0
부산광역시,동구,철물점,38.0,38.0,39.0
부산광역시,동구,치과의원,35.0,35.0,35.0
부산광역시,동구,침구ㆍ커튼가게,147.0,147.0,157.0
부산광역시,동구,커피음료점,188.0,183.0,189.0
부산광역시,동구,컴퓨터판매점,7.0,8.0,10.0
부산광역시,동구,통신판매업,1075.0,1068.0,1056.0
부산광역시,동구,패스트푸드점,88.0,89.0,83.0
부산광역시,동구,펜션ㆍ게스트하우스,46.0,43.0,26.0
부산광역시,동구,편의점,93.0,91.0,87.0
부산광역시,동구,피부ㆍ비뇨기과의원,8.0,8.0,8.0
부산광역시,동구,피부관리업,120.0,118.0,121.0
부산광역시,동구,한방병원ㆍ한의원,37.0,37.0,40.0
부산광역시,동구,한식음식점,822.0,820.0,828.0
부산광역시,동구,헬스클럽,22.0,22.0,17.0
부산광역시,동구,호프주점,28.0,29.0,37.0
부산광역시,동구,화장품가게,85.0,86.0,87.0
부산광역시,동구,휴대폰가게,56.0,56.0,48.0
부산광역시,동래구,pc방,25.0,25.0,23.0
부산광역시,동래구,가구점,29.0,30.0,32.0
부산광역시,동래구,가전제품수리점,115.0,116.0,105.0
부산광역시,동래구,가전제품판매점,39.0,39.0,42.0
부산광역시,동래구,간이주점,48.0,49.0,53.0
부산광역시,동래구,간판광고물업,82.0,79.0,80.0
부산광역시,동래구,감정평가사,11.0,11.0,11.0
부산광역시,동래구,건강보조식품가게,86.0,87.0,92.0
부산광역시,동래구,건어물가게,31.0,31.0,30.0
부산광역시,동래구,건축사,74.0,73.0,76.0
부산광역시,동래구,결혼상담소,9.0,9.0,12.0
부산광역시,동래구,곡물가게,31.0,31.0,31.0
부산광역시,동래구,공인노무사,10.0,10.0,7.0
부산광역시,동래구,공인회계사,3.0,3.0,0.0
부산광역시,동래구,과일가게,59.0,60.0,62.0
부산광역시,동래구,교습소ㆍ공부방,456.0,456.0,432.0
부산광역시,동래구,교습학원,566.0,569.0,534.0
부산광역시,동래구,구내식당,42.0,43.0,50.0
부산광역시,동래구,기술ㆍ직업훈련학원,144.0,143.0,145.0
부산광역시,동래구,기술사,17.0,17.0,19.0
부산광역시,동래구,기타외국식음식점,97.0,102.0,117.0
부산광역시,동래구,기타음식점,76.0,74.0,79.0
부산광역시,동래구,기타일반의원,25.0,25.0,25.0
부산광역시,동래구,꽃가게,135.0,135.0,125.0
부산광역시,동래구,내과ㆍ소아과의원,71.0,71.0,74.0
부산광역시,동래구,노래방,119.0,121.0,130.0
부산광역시,동래구,담배ㆍ복권소매업,55.0,56.0,54.0
부산광역시,동래구,당구장,72.0,71.0,69.0
부산광역시,동래구,독서실,24.0,23.0,25.0
부산광역시,동래구,동물병원,31.0,31.0,29.0
부산광역시,동래구,목욕탕,48.0,48.0,50.0
부산광역시,동래구,문구점,52.0,52.0,59.0
부산광역시,동래구,미용실,719.0,717.0,719.0
부산광역시,동래구,법무사,12.0,12.0,13.0
부산광역시,동래구,변리사,0.0,0.0,0.0
부산광역시,동래구,변호사,5.0,5.0,3.0
부산광역시,동래구,부동산중개업,769.0,767.0,795.0
부산광역시,동래구,분식점,230.0,231.0,257.0
부산광역시,동래구,사진촬영업,81.0,81.0,76.0
부산광역시,동래구,산부인과의원,12.0,12.0,12.0
부산광역시,동래구,생선가게,58.0,58.0,55.0
부산광역시,동래구,서점,42.0,42.0,41.0
부산광역시,동래구,성형외과의원,4.0,4.0,5.0
부산광역시,동래구,세무사,78.0,77.0,73.0
부산광역시,동래구,세탁소,107.0,107.0,109.0
부산광역시,동래구,슈퍼마켓,93.0,93.0,99.0
부산광역시,동래구,스포츠교육기관,245.0,246.0,227.0
부산광역시,동래구,스포츠시설운영업,56.0,55.0,55.0
부산광역시,동래구,스포츠용품점,48.0,48.0,53.0
부산광역시,동래구,시계ㆍ귀금속점,38.0,38.0,35.0
부산광역시,동래구,식료품가게,180.0,181.0,201.0
부산광역시,동래구,신경정신과의원,15.0,15.0,15.0
부산광역시,동래구,신발가게,25.0,25.0,23.0
부산광역시,동래구,실내스크린골프점,32.0,32.0,31.0
부산광역시,동래구,실내장식가게,575.0,566.0,554.0
부산광역시,동래구,실외골프연습장,10.0,10.0,11.0
부산광역시,동래구,안경점,69.0,69.0,66.0
부산광역시,동래구,안과의원,19.0,19.0,19.0
부산광역시,동래구,애완용품점,54.0,54.0,49.0
부산광역시,동래구,약국,152.0,152.0,156.0
부산광역시,동래구,여관ㆍ모텔,106.0,106.0,108.0
부산광역시,동래구,여행사,90.0,89.0,83.0
부산광역시,동래구,예술학원,229.0,227.0,239.0
부산광역시,동래구,예식장,0.0,0.0,0.0
부산광역시,동래구,옷가게,352.0,349.0,369.0
부산광역시,동래구,의료용품가게,74.0,73.0,75.0
부산광역시,동래구,이륜자동차판매점,17.0,17.0,16.0
부산광역시,동래구,이발소,76.0,77.0,76.0
부산광역시,동래구,이비인후과의원,18.0,18.0,17.0
부산광역시,동래구,일반외과의원,32.0,31.0,30.0
부산광역시,동래구,일식음식점,96.0,95.0,100.0
부산광역시,동래구,자동차수리점,164.0,167.0,162.0
부산광역시,동래구,자전거판매점,15.0,15.0,15.0
부산광역시,동래구,장난감가게,22.0,22.0,16.0
부산광역시,동래구,정육점,90.0,88.0,95.0
부산광역시,동래구,제과점,135.0,135.0,140.0
부산광역시,동래구,종합병원,39.0,39.0,38.0
부산광역시,동래구,주유소,20.0,19.0,20.0
부산광역시,동래구,주차장운영업,149.0,148.0,152.0
부산광역시,동래구,중고차판매점,4.0,4.0,5.0
부산광역시,동래구,중식음식점,136.0,137.0,135.0
부산광역시,동래구,채소가게,64.0,64.0,55.0
부산광역시,동래구,철물점,52.0,53.0,53.0
부산광역시,동래구,치과의원,148.0,149.0,148.0
부산광역시,동래구,침구ㆍ커튼가게,42.0,44.0,47.0
부산광역시,동래구,커피음료점,427.0,427.0,433.0
부산광역시,동래구,컴퓨터판매점,30.0,30.0,26.0
부산광역시,동래구,통신판매업,2805.0,2781.0,2749.0
부산광역시,동래구,패스트푸드점,222.0,224.0,235.0
부산광역시,동래구,펜션ㆍ게스트하우스,9.0,8.0,7.0
부산광역시,동래구,편의점,194.0,192.0,206.0
부산광역시,동래구,피부ㆍ비뇨기과의원,27.0,28.0,27.0
부산광역시,동래구,피부관리업,494.0,493.0,467.0
부산광역시,동래구,한방병원ㆍ한의원,124.0,125.0,123.0
부산광역시,동래구,한식음식점,1936.0,1948.0,1971.0
부산광역시,동래구,헬스클럽,81.0,83.0,84.0
부산광역시,동래구,호프주점,76.0,75.0,86.0
부산광역시,동래구,화장품가게,187.0,187.0,196.0
부산광역시,동래구,휴대폰가게,139.0,140.0,133.0
부산광역시,부산진구,LPG 충전소,0.0,0.0,0.0
부산광역시,부산진구,pc방,38.0,38.0,40.0
부산광역시,부산진구,가구점,32.0,33.0,34.0
부산광역시,부산진구,가전제품수리점,150.0,147.0,145.0
부산광역시,부산진구,가전제품판매점,105.0,109.0,115.0
부산광역시,부산진구,간이주점,147.0,150.0,160.0
부산광역시,부산진구,간판광고물업,89.0,91.0,88.0
부산광역시,부산진구,감정평가사,19.0,16.0,13.0
부산광역시,부산진구,건강보조식품가게,161.0,164.0,172.0
부산광역시,부산진구,건어물가게,64.0,63.0,67.0
부산광역시,부산진구,건축사,87.0,89.0,81.0
부산광역시,부산진구,결혼상담소,26.0,26.0,26.0
부산광역시,부산진구,곡물가게,37.0,37.0,43.0
부산광역시,부산진구,공인노무사,8.0,8.0,6.0
부산광역시,부산진구,공인회계사,35.0,35.0,35.0
부산광역시,부산진구,과일가게,110.0,113.0,108.0
부산광역시,부산진구,교습소ㆍ공부방,337.0,333.0,317.0
부산광역시,부산진구,교습학원,388.0,385.0,390.0
부산광역시,부산진구,구내식당,67.0,67.0,78.0
부산광역시,부산진구,기술ㆍ직업훈련학원,266.0,267.0,255.0
부산광역시,부산진구,기술사,7.0,8.0,7.0
부산광역시,부산진구,기타외국식음식점,333.0,332.0,355.0
부산광역시,부산진구,기타음식점,143.0,143.0,145.0
부산광역시,부산진구,기타일반의원,34.0,33.0,33.0
부산광역시,부산진구,꽃가게,256.0,257.0,250.0
부산광역시,부산진구,내과ㆍ소아과의원,113.0,114.0,117.0
부산광역시,부산진구,노래방,113.0,114.0,118.0
부산광역시,부산진구,담배ㆍ복권소매업,126.0,126.0,126.0
부산광역시,부산진구,당구장,109.0,107.0,100.0
부산광역시,부산진구,독서실,20.0,21.0,22.0
부산광역시,부산진구,동물병원,30.0,30.0,31.0
부산광역시,부산진구,목욕탕,57.0,57.0,59.0
부산광역시,부산진구,문구점,70.0,70.0,73.0
부산광역시,부산진구,미용실,1041.0,1037.0,991.0
부산광역시,부산진구,법무사,27.0,26.0,25.0
부산광역시,부산진구,변리사,0.0,0.0,0.0
부산광역시,부산진구,변호사,28.0,28.0,25.0
부산광역시,부산진구,부동산중개업,1001.0,1009.0,1053.0
부산광역시,부산진구,분식점,416.0,423.0,444.0
부산광역시,부산진구,사진촬영업,196.0,195.0,196.0
부산광역시,부산진구,산부인과의원,14.0,14.0,14.0
부산광역시,부산진구,생선가게,120.0,117.0,115.0
부산광역시,부산진구,서점,67.0,67.0,64.0
부산광역시,부산진구,성형외과의원,88.0,88.0,90.0
부산광역시,부산진구,세무사,201.0,201.0,201.0
부산광역시,부산진구,세탁소,157.0,158.0,161.0
부산광역시,부산진구,슈퍼마켓,170.0,166.0,166.0
부산광역시,부산진구,스포츠교육기관,245.0,244.0,244.0
부산광역시,부산진구,스포츠시설운영업,75.0,77.0,73.0
부산광역시,부산진구,스포츠용품점,70.0,70.0,70.0
부산광역시,부산진구,시계ㆍ귀금속점,279.0,280.0,270.0
부산광역시,부산진구,식료품가게,281.0,286.0,295.0
부산광역시,부산진구,신경정신과의원,30.0,30.0,29.0
부산광역시,부산진구,신발가게,74.0,74.0,85.0
부산광역시,부산진구,실내스크린골프점,40.0,41.0,40.0
부산광역시,부산진구,실내장식가게,690.0,689.0,639.0
부산광역시,부산진구,실외골프연습장,6.0,6.0,7.0
부산광역시,부산진구,안경점,74.0,73.0,74.0
부산광역시,부산진구,안과의원,33.0,33.0,32.0
부산광역시,부산진구,애완용품점,109.0,107.0,106.0
부산광역시,부산진구,약국,232.0,232.0,228.0
부산광역시,부산진구,여관ㆍ모텔,139.0,139.0,147.0
부산광역시,부산진구,여행사,208.0,206.0,218.0
부산광역시,부산진구,예술학원,216.0,214.0,220.0
부산광역시,부산진구,예식장,10.0,10.0,11.0
부산광역시,부산진구,옷가게,1006.0,1013.0,1043.0
부산광역시,부산진구,의료용품가게,76.0,76.0,77.0
부산광역시,부산진구,이륜자동차판매점,32.0,32.0,31.0
부산광역시,부산진구,이발소,111.0,112.0,113.0
부산광역시,부산진구,이비인후과의원,25.0,25.0,24.0
부산광역시,부산진구,일반외과의원,57.0,57.0,56.0
부산광역시,부산진구,일식음식점,259.0,258.0,252.0
부산광역시,부산진구,자동차수리점,190.0,189.0,191.0
부산광역시,부산진구,자전거판매점,8.0,8.0,10.0
부산광역시,부산진구,장난감가게,41.0,40.0,27.0
부산광역시,부산진구,정육점,136.0,137.0,141.0
부산광역시,부산진구,제과점,201.0,196.0,182.0
부산광역시,부산진구,종합병원,30.0,30.0,31.0
부산광역시,부산진구,주유소,21.0,21.0,22.0
부산광역시,부산진구,주차장운영업,290.0,286.0,276.0
부산광역시,부산진구,중고차판매점,3.0,3.0,4.0
부산광역시,부산진구,중식음식점,228.0,229.0,221.0
부산광역시,부산진구,채소가게,216.0,213.0,219.0
부산광역시,부산진구,철물점,65.0,65.0,70.0
부산광역시,부산진구,치과의원,185.0,186.0,183.0
부산광역시,부산진구,침구ㆍ커튼가게,46.0,47.0,47.0
부산광역시,부산진구,커피음료점,727.0,734.0,745.0
부산광역시,부산진구,컴퓨터판매점,27.0,27.0,28.0
부산광역시,부산진구,통신판매업,4750.0,4708.0,4508.0
부산광역시,부산진구,패스트푸드점,325.0,325.0,329.0
부산광역시,부산진구,펜션ㆍ게스트하우스,91.0,89.0,49.0
부산광역시,부산진구,편의점,379.0,379.0,375.0
부산광역시,부산진구,피부ㆍ비뇨기과의원,102.0,100.0,99.0
부산광역시,부산진구,피부관리업,1006.0,1019.0,951.0
부산광역시,부산진구,한방병원ㆍ한의원,166.0,163.0,160.0
부산광역시,부산진구,한식음식점,3023.0,3036.0,3101.0
부산광역시,부산진구,헬스클럽,116.0,114.0,113.0
부산광역시,부산진구,호프주점,112.0,114.0,126.0
부산광역시,부산진구,화장품가게,327.0,331.0,356.0
부산광역시,부산진구,휴대폰가게,186.0,188.0,173.0
부산광역시,북구,LPG 충전소,3.0,3.0,3.0
부산광역시,북구,pc방,31.0,31.0,36.0
부산광역시,북구,가구점,18.0,17.0,18.0
부산광역시,북구,가전제품수리점,97.0,97.0,99.0
부산광역시,북구,가전제품판매점,26.0,27.0,29.0
부산광역시,북구,간이주점,15.0,13.0,13.0
부산광역시,북구,간판광고물업,27.0,28.0,29.0
부산광역시,북구,건강보조식품가게,50.0,48.0,48.0
부산광역시,북구,건어물가게,22.0,23.0,25.0
부산광역시,북구,건축사,31.0,31.0,30.0
부산광역시,북구,결혼상담소,0.0,0.0,0.0
부산광역시,북구,곡물가게,18.0,18.0,15.0
부산광역시,북구,공인노무사,8.0,7.0,7.0
부산광역시,북구,공인회계사,0.0,0.0,0.0
부산광역시,북구,과일가게,44.0,44.0,39.0
부산광역시,북구,교습소ㆍ공부방,300.0,300.0,303.0
부산광역시,북구,교습학원,287.0,288.0,286.0
부산광역시,북구,구내식당,19.0,19.0,21.0
부산광역시,북구,기술ㆍ직업훈련학원,107.0,108.0,111.0
부산광역시,북구,기술사,7.0,7.0,6.0
부산광역시,북구,기타외국식음식점,71.0,73.0,71.0
부산광역시,북구,기타음식점,73.0,73.0,77.0
부산광역시,북구,기타일반의원,20.0,20.0,19.0
부산광역시,북구,꽃가게,70.0,72.0,72.0
부산광역시,북구,내과ㆍ소아과의원,64.0,64.0,64.0
부산광역시,북구,노래방,135.0,136.0,147.0
부산광역시,북구,담배ㆍ복권소매업,44.0,44.0,47.0
부산광역시,북구,당구장,57.0,56.0,53.0
부산광역시,북구,독서실,21.0,21.0,22.0
부산광역시,북구,동물병원,19.0,19.0,20.0
부산광역시,북구,목욕탕,36.0,36.0,37.0
부산광역시,북구,문구점,26.0,26.0,28.0
부산광역시,북구,미용실,600.0,597.0,584.0
부산광역시,북구,법무사,9.0,9.0,10.0
부산광역시,북구,변호사,0.0,0.0,0.0
부산광역시,북구,부동산중개업,373.0,378.0,408.0
부산광역시,북구,분식점,182.0,176.0,189.0
부산광역시,북구,사진촬영업,57.0,58.0,61.0
부산광역시,북구,산부인과의원,7.0,7.0,6.0
부산광역시,북구,생선가게,47.0,47.0,47.0
부산광역시,북구,서점,42.0,43.0,39.0
부산광역시,북구,성형외과의원,4.0,4.0,4.0
부산광역시,북구,세무사,15.0,15.0,16.0
부산광역시,북구,세탁소,78.0,78.0,82.0
부산광역시,북구,슈퍼마켓,106.0,109.0,117.0
부산광역시,북구,스포츠교육기관,167.0,167.0,165.0
부산광역시,북구,스포츠시설운영업,38.0,38.0,36.0
부산광역시,북구,스포츠용품점,36.0,35.0,39.0
부산광역시,북구,시계ㆍ귀금속점,39.0,39.0,36.0
부산광역시,북구,식료품가게,155.0,154.0,159.0
부산광역시,북구,신경정신과의원,16.0,16.0,13.0
부산광역시,북구,신발가게,26.0,26.0,30.0
부산광역시,북구,실내스크린골프점,24.0,24.0,26.0
부산광역시,북구,실내장식가게,368.0,367.0,365.0
부산광역시,북구,실외골프연습장,5.0,5.0,6.0
부산광역시,북구,안경점,44.0,44.0,44.0
부산광역시,북구,안과의원,9.0,9.0,8.0
부산광역시,북구,애완용품점,47.0,46.0,55.0
부산광역시,북구,약국,110.0,110.0,109.0
부산광역시,북구,여관ㆍ모텔,73.0,74.0,78.0
부산광역시,북구,여행사,39.0,39.0,35.0
부산광역시,북구,예술학원,125.0,126.0,128.0
부산광역시,북구,옷가게,273.0,273.0,288.0
부산광역시,북구,의료용품가게,42.0,44.0,41.0
부산광역시,북구,이륜자동차판매점,15.0,15.0,13.0
부산광역시,북구,이발소,62.0,62.0,63.0
부산광역시,북구,이비인후과의원,13.0,13.0,14.0
부산광역시,북구,일반외과의원,27.0,26.0,27.0
부산광역시,북구,일식음식점,67.0,66.0,63.0
부산광역시,북구,자동차수리점,141.0,141.0,148.0
부산광역시,북구,자전거판매점,3.0,3.0,4.0
부산광역시,북구,장난감가게,7.0,7.0,5.0
부산광역시,북구,정육점,112.0,111.0,110.0
부산광역시,북구,제과점,83.0,83.0,83.0
부산광역시,북구,종합병원,23.0,23.0,24.0
부산광역시,북구,주유소,20.0,19.0,20.0
부산광역시,북구,주차장운영업,114.0,113.0,115.0
부산광역시,북구,중식음식점,108.0,109.0,107.0
부산광역시,북구,채소가게,76.0,76.0,67.0
부산광역시,북구,철물점,43.0,43.0,47.0
부산광역시,북구,치과의원,99.0,99.0,99.0
부산광역시,북구,침구ㆍ커튼가게,27.0,27.0,26.0
부산광역시,북구,커피음료점,262.0,264.0,267.0
부산광역시,북구,컴퓨터판매점,10.0,8.0,10.0
부산광역시,북구,통신판매업,2382.0,2358.0,2280.0
부산광역시,북구,패스트푸드점,219.0,219.0,236.0
부산광역시,북구,펜션ㆍ게스트하우스,0.0,0.0,0.0
부산광역시,북구,편의점,152.0,150.0,150.0
부산광역시,북구,피부ㆍ비뇨기과의원,26.0,26.0,25.0
부산광역시,북구,피부관리업,300.0,296.0,291.0
부산광역시,북구,한방병원ㆍ한의원,84.0,84.0,84.0
부산광역시,북구,한식음식점,1462.0,1462.0,1503.0
부산광역시,북구,헬스클럽,56.0,56.0,59.0
부산광역시,북구,호프주점,74.0,75.0,81.0
부산광역시,북구,화장품가게,155.0,153.0,166.0
부산광역시,북구,휴대폰가게,84.0,81.0,76.0
부산광역시,사상구,LPG 충전소,4.0,4.0,4.0
부산광역시,사상구,pc방,29.0,29.0,31.0
부산광역시,사상구,가구점,24.0,24.0,21.0
부산광역시,사상구,가전제품수리점,84.0,82.0,74.0
부산광역시,사상구,가전제품판매점,32.0,31.0,33.0
부산광역시,사상구,간이주점,9.0,9.0,10.0
부산광역시,사상구,간판광고물업,103.0,101.0,105.0
부산광역시,사상구,감정평가사,3.0,3.0,3.0
부산광역시,사상구,건강보조식품가게,31.0,30.0,26.0
부산광역시,사상구,건어물가게,15.0,15.0,17.0
부산광역시,사상구,건축사,34.0,34.0,31.0
부산광역시,사상구,결혼상담소,5.0,5.0,6.0
부산광역시,사상구,곡물가게,18.0,18.0,20.0
부산광역시,사상구,공인노무사,10.0,10.0,10.0
부산광역시,사상구,공인회계사,16.0,16.0,17.0
부산광역시,사상구,과일가게,52.0,52.0,56.0
부산광역시,사상구,교습소ㆍ공부방,152.0,153.0,147.0
부산광역시,사상구,교습학원,113.0,114.0,110.0
부산광역시,사상구,구내식당,51.0,52.0,58.0
부산광역시,사상구,기술ㆍ직업훈련학원,75.0,71.0,66.0
부산광역시,사상구,기술사,7.0,7.0,5.0
부산광역시,사상구,기타외국식음식점,62.0,59.0,57.0
부산광역시,사상구,기타음식점,79.0,83.0,86.0
부산광역시,사상구,기타일반의원,10.0,10.0,9.0
부산광역시,사상구,꽃가게,64.0,63.0,65.0
부산광역시,사상구,내과ㆍ소아과의원,42.0,42.0,43.0
부산광역시,사상구,노래방,108.0,109.0,118.0
부산광역시,사상구,담배ㆍ복권소매업,92.0,92.0,92.0
부산광역시,사상구,당구장,79.0,79.0,79.0
부산광역시,사상구,독서실,15.0,16.0,16.0
부산광역시,사상구,동물병원,12.0,12.0,11.0
부산광역시,사상구,목욕탕,31.0,31.0,35.0
부산광역시,사상구,문구점,30.0,30.0,33.0
부산광역시,사상구,미용실,427.0,427.0,419.0
부산광역시,사상구,법무사,7.0,7.0,8.0
부산광역시,사상구,변리사,4.0,4.0,4.0
부산광역시,사상구,변호사,3.0,3.0,3.0
부산광역시,사상구,부동산중개업,340.0,342.0,347.0
부산광역시,사상구,분식점,148.0,150.0,152.0
부산광역시,사상구,사진촬영업,47.0,47.0,44.0
부산광역시,사상구,산부인과의원,5.0,5.0,5.0
부산광역시,사상구,생선가게,35.0,36.0,39.0
부산광역시,사상구,서점,33.0,33.0,29.0
부산광역시,사상구,세무사,151.0,151.0,146.0
부산광역시,사상구,세탁소,95.0,96.0,96.0
부산광역시,사상구,슈퍼마켓,94.0,94.0,99.0
부산광역시,사상구,스포츠교육기관,95.0,94.0,103.0
부산광역시,사상구,스포츠시설운영업,23.0,24.0,24.0
부산광역시,사상구,스포츠용품점,41.0,41.0,44.0
부산광역시,사상구,시계ㆍ귀금속점,58.0,57.0,59.0
부산광역시,사상구,식료품가게,263.0,265.0,272.0
부산광역시,사상구,신경정신과의원,7.0,7.0,7.0
부산광역시,사상구,신발가게,44.0,44.0,47.0
부산광역시,사상구,실내스크린골프점,27.0,27.0,27.0
부산광역시,사상구,실내장식가게,333.0,335.0,310.0
부산광역시,사상구,실외골프연습장,9.0,9.0,10.0
부산광역시,사상구,안경점,34.0,34.0,35.0
부산광역시,사상구,안과의원,6.0,6.0,6.0
부산광역시,사상구,애완용품점,33.0,35.0,32.0
부산광역시,사상구,약국,80.0,79.0,81.0
부산광역시,사상구,여관ㆍ모텔,113.0,112.0,113.0
부산광역시,사상구,여행사,25.0,25.0,20.0
부산광역시,사상구,예술학원,61.0,62.0,69.0
부산광역시,사상구,예식장,0.0,0.0,0.0
부산광역시,사상구,옷가게,507.0,512.0,534.0
부산광역시,사상구,의료용품가게,40.0,40.0,39.0
부산광역시,사상구,이륜자동차판매점,24.0,23.0,19.0
부산광역시,사상구,이발소,79.0,79.0,78.0
부산광역시,사상구,이비인후과의원,11.0,11.0,11.0
부산광역시,사상구,일반외과의원,22.0,22.0,22.0
부산광역시,사상구,일식음식점,42.0,40.0,33.0
부산광역시,사상구,자동차수리점,346.0,343.0,344.0
부산광역시,사상구,자전거판매점,10.0,9.0,10.0
부산광역시,사상구,장난감가게,14.0,12.0,13.0
부산광역시,사상구,정육점,102.0,102.0,102.0
부산광역시,사상구,제과점,65.0,64.0,63.0
부산광역시,사상구,종합병원,27.0,27.0,27.0
부산광역시,사상구,주유소,39.0,40.0,43.0
부산광역시,사상구,주차장운영업,109.0,109.0,111.0
부산광역시,사상구,중고차판매점,59.0,59.0,61.0
부산광역시,사상구,중식음식점,139.0,140.0,146.0
부산광역시,사상구,채소가게,109.0,107.0,113.0
부산광역시,사상구,철물점,56.0,56.0,49.0
부산광역시,사상구,치과의원,60.0,59.0,62.0
부산광역시,사상구,침구ㆍ커튼가게,38.0,38.0,41.0
부산광역시,사상구,커피음료점,292.0,303.0,300.0
부산광역시,사상구,컴퓨터판매점,26.0,24.0,22.0
부산광역시,사상구,통신판매업,1755.0,1743.0,1776.0
부산광역시,사상구,패스트푸드점,171.0,171.0,174.0
부산광역시,사상구,펜션ㆍ게스트하우스,5.0,5.0,5.0
부산광역시,사상구,편의점,180.0,180.0,185.0
부산광역시,사상구,피부ㆍ비뇨기과의원,9.0,9.0,9.0
부산광역시,사상구,피부관리업,217.0,218.0,218.0
부산광역시,사상구,한방병원ㆍ한의원,44.0,44.0,49.0
부산광역시,사상구,한식음식점,1580.0,1593.0,1630.0
부산광역시,사상구,헬스클럽,46.0,44.0,41.0
부산광역시,사상구,호프주점,113.0,113.0,123.0
부산광역시,사상구,화장품가게,103.0,101.0,112.0
부산광역시,사상구,휴대폰가게,105.0,107.0,101.0
부산광역시,사하구,LPG 충전소,4.0,4.0,5.0
부산광역시,사하구,pc방,36.0,36.0,38.0
부산광역시,사하구,가구점,42.0,41.0,43.0
부산광역시,사하구,가전제품수리점,112.0,113.0,106.0
부산광역시,사하구,가전제품판매점,43.0,42.0,38.0
부산광역시,사하구,간이주점,44.0,46.0,51.0
부산광역시,사하구,간판광고물업,70.0,69.0,66.0
부산광역시,사하구,건강보조식품가게,60.0,60.0,57.0
부산광역시,사하구,건어물가게,27.0,27.0,26.0
부산광역시,사하구,건축사,32.0,31.0,29.0
부산광역시,사하구,결혼상담소,3.0,3.0,3.0
부산광역시,사하구,곡물가게,19.0,19.0,18.0
부산광역시,사하구,공인노무사,5.0,5.0,5.0
부산광역시,사하구,공인회계사,0.0,0.0,0.0
부산광역시,사하구,과일가게,47.0,47.0,41.0
부산광역시,사하구,교습소ㆍ공부방,357.0,357.0,352.0
부산광역시,사하구,교습학원,297.0,296.0,292.0
부산광역시,사하구,구내식당,103.0,104.0,113.0
부산광역시,사하구,기술ㆍ직업훈련학원,100.0,100.0,100.0
부산광역시,사하구,기술사,5.0,5.0,5.0
부산광역시,사하구,기타외국식음식점,71.0,72.0,72.0
부산광역시,사하구,기타음식점,68.0,68.0,76.0
부산광역시,사하구,기타일반의원,21.0,21.0,21.0
부산광역시,사하구,꽃가게,85.0,82.0,82.0
부산광역시,사하구,내과ㆍ소아과의원,73.0,74.0,74.0
부산광역시,사하구,노래방,96.0,99.0,106.0
부산광역시,사하구,담배ㆍ복권소매업,92.0,93.0,92.0
부산광역시,사하구,당구장,89.0,87.0,94.0
부산광역시,사하구,독서실,35.0,35.0,34.0
부산광역시,사하구,동물병원,17.0,17.0,17.0
부산광역시,사하구,목욕탕,69.0,69.0,71.0
부산광역시,사하구,문구점,37.0,36.0,40.0
부산광역시,사하구,미용실,727.0,732.0,737.0
부산광역시,사하구,법무사,14.0,14.0,14.0
부산광역시,사하구,변리사,0.0,0.0,0.0
부산광역시,사하구,변호사,6.0,6.0,8.0
부산광역시,사하구,부동산중개업,464.0,465.0,497.0
부산광역시,사하구,분식점,262.0,264.0,289.0
부산광역시,사하구,사진촬영업,76.0,77.0,82.0
부산광역시,사하구,산부인과의원,8.0,8.0,8.0
부산광역시,사하구,생선가게,141.0,138.0,131.0
부산광역시,사하구,서점,56.0,57.0,56.0
부산광역시,사하구,성형외과의원,7.0,7.0,7.0
부산광역시,사하구,세무사,21.0,21.0,19.0
부산광역시,사하구,세탁소,148.0,148.0,152.0
부산광역시,사하구,슈퍼마켓,119.0,124.0,131.0
부산광역시,사하구,스포츠교육기관,173.0,170.0,168.0
부산광역시,사하구,스포츠시설운영업,29.0,28.0,35.0
부산광역시,사하구,스포츠용품점,49.0,49.0,51.0
부산광역시,사하구,시계ㆍ귀금속점,33.0,33.0,35.0
부산광역시,사하구,식료품가게,245.0,247.0,244.0
부산광역시,사하구,신경정신과의원,14.0,14.0,14.0
부산광역시,사하구,신발가게,16.0,17.0,17.0
부산광역시,사하구,실내스크린골프점,34.0,35.0,34.0
부산광역시,사하구,실내장식가게,355.0,354.0,343.0
부산광역시,사하구,실외골프연습장,6.0,6.0,5.0
부산광역시,사하구,안경점,48.0,48.0,48.0
부산광역시,사하구,안과의원,12.0,12.0,12.0
부산광역시,사하구,애완용품점,55.0,55.0,56.0
부산광역시,사하구,약국,135.0,135.0,134.0
부산광역시,사하구,여관ㆍ모텔,58.0,58.0,62.0
부산광역시,사하구,여행사,24.0,24.0,24.0
부산광역시,사하구,예술학원,129.0,131.0,138.0
부산광역시,사하구,예식장,5.0,5.0,5.0
부산광역시,사하구,옷가게,287.0,290.0,293.0
부산광역시,사하구,의료용품가게,38.0,37.0,42.0
부산광역시,사하구,이륜자동차판매점,14.0,14.0,12.0
부산광역시,사하구,이발소,102.0,101.0,101.0
부산광역시,사하구,이비인후과의원,18.0,18.0,18.0
부산광역시,사하구,일반외과의원,33.0,33.0,32.0
부산광역시,사하구,일식음식점,73.0,75.0,72.0
부산광역시,사하구,자동차수리점,230.0,228.0,226.0
부산광역시,사하구,자전거판매점,8.0,8.0,8.0
부산광역시,사하구,장난감가게,18.0,18.0,16.0
부산광역시,사하구,정육점,91.0,92.0,100.0
부산광역시,사하구,제과점,104.0,103.0,106.0
부산광역시,사하구,종합병원,43.0,42.0,44.0
부산광역시,사하구,주유소,26.0,26.0,26.0
부산광역시,사하구,주차장운영업,112.0,111.0,115.0
부산광역시,사하구,중고차판매점,30.0,30.0,28.0
부산광역시,사하구,중식음식점,144.0,144.0,143.0
부산광역시,사하구,채소가게,61.0,61.0,57.0
부산광역시,사하구,철물점,54.0,56.0,60.0
부산광역시,사하구,치과의원,105.0,105.0,107.0
부산광역시,사하구,침구ㆍ커튼가게,41.0,39.0,37.0
부산광역시,사하구,커피음료점,350.0,353.0,376.0
부산광역시,사하구,컴퓨터판매점,20.0,20.0,21.0
부산광역시,사하구,통신판매업,2505.0,2479.0,2466.0
부산광역시,사하구,패스트푸드점,230.0,231.0,247.0
부산광역시,사하구,펜션ㆍ게스트하우스,12.0,12.0,7.0
부산광역시,사하구,편의점,237.0,236.0,249.0
부산광역시,사하구,피부ㆍ비뇨기과의원,24.0,24.0,24.0
부산광역시,사하구,피부관리업,379.0,374.0,374.0
부산광역시,사하구,한방병원ㆍ한의원,86.0,87.0,88.0
부산광역시,사하구,한식음식점,1893.0,1897.0,1974.0
부산광역시,사하구,헬스클럽,68.0,66.0,69.0
부산광역시,사하구,호프주점,141.0,143.0,162.0
부산광역시,사하구,화장품가게,142.0,140.0,159.0
부산광역시,사하구,휴대폰가게,121.0,122.0,112.0
부산광역시,서구,LPG 충전소,0.0,0.0,0.0
부산광역시,서구,pc방,11.0,11.0,9.0
부산광역시,서구,가구점,9.0,9.0,8.0
부산광역시,서구,가전제품수리점,33.0,35.0,37.0
부산광역시,서구,가전제품판매점,16.0,16.0,15.0
부산광역시,서구,간이주점,3.0,3.0,3.0
부산광역시,서구,간판광고물업,19.0,18.0,17.0
부산광역시,서구,감정평가사,0.0,0.0,0.0
부산광역시,서구,건강보조식품가게,18.0,19.0,17.0
부산광역시,서구,건어물가게,16.0,17.0,20.0
부산광역시,서구,건축사,7.0,7.0,6.0
부산광역시,서구,결혼상담소,3.0,3.0,0.0
부산광역시,서구,곡물가게,11.0,11.0,13.0
부산광역시,서구,공인노무사,3.0,3.0,0.0
부산광역시,서구,공인회계사,0.0,0.0,0.0
부산광역시,서구,과일가게,26.0,24.0,23.0
부산광역시,서구,교습소ㆍ공부방,118.0,119.0,110.0
부산광역시,서구,교습학원,90.0,90.0,89.0
부산광역시,서구,구내식당,36.0,36.0,36.0
부산광역시,서구,기술ㆍ직업훈련학원,34.0,32.0,28.0
부산광역시,서구,기술사,3.0,3.0,0.0
부산광역시,서구,기타외국식음식점,51.0,52.0,51.0
부산광역시,서구,기타음식점,27.0,27.0,29.0
부산광역시,서구,기타일반의원,3.0,3.0,3.0
부산광역시,서구,꽃가게,56.0,57.0,63.0
부산광역시,서구,내과ㆍ소아과의원,30.0,30.0,28.0
부산광역시,서구,노래방,16.0,16.0,15.0
부산광역시,서구,담배ㆍ복권소매업,48.0,49.0,51.0
부산광역시,서구,당구장,21.0,22.0,22.0
부산광역시,서구,독서실,10.0,10.0,11.0
부산광역시,서구,동물병원,5.0,5.0,5.0
부산광역시,서구,목욕탕,30.0,31.0,33.0
부산광역시,서구,문구점,22.0,22.0,21.0
부산광역시,서구,미용실,261.0,259.0,260.0
부산광역시,서구,법무사,11.0,11.0,10.0
부산광역시,서구,변호사,0.0,0.0,0.0
부산광역시,서구,부동산중개업,172.0,172.0,178.0
부산광역시,서구,분식점,116.0,118.0,124.0
부산광역시,서구,사진촬영업,28.0,28.0,25.0
부산광역시,서구,산부인과의원,0.0,0.0,0.0
부산광역시,서구,생선가게,82.0,81.0,72.0
부산광역시,서구,서점,20.0,22.0,20.0
부산광역시,서구,성형외과의원,0.0,0.0,0.0
부산광역시,서구,세무사,21.0,23.0,20.0
부산광역시,서구,세탁소,54.0,54.0,55.0
부산광역시,서구,슈퍼마켓,45.0,46.0,46.0
부산광역시,서구,스포츠교육기관,56.0,56.0,54.0
부산광역시,서구,스포츠시설운영업,13.0,13.0,11.0
부산광역시,서구,스포츠용품점,16.0,16.0,19.0
부산광역시,서구,시계ㆍ귀금속점,14.0,15.0,13.0
부산광역시,서구,식료품가게,119.0,121.0,128.0
부산광역시,서구,신경정신과의원,5.0,5.0,5.0
부산광역시,서구,신발가게,9.0,9.0,9.0
부산광역시,서구,실내스크린골프점,10.0,10.0,8.0
부산광역시,서구,실내장식가게,117.0,114.0,119.0
부산광역시,서구,실외골프연습장,0.0,0.0,0.0
부산광역시,서구,안경점,11.0,11.0,12.0
부산광역시,서구,안과의원,5.0,5.0,5.0
부산광역시,서구,애완용품점,17.0,19.0,15.0
부산광역시,서구,약국,95.0,95.0,95.0
부산광역시,서구,여관ㆍ모텔,44.0,45.0,44.0
부산광역시,서구,여행사,17.0,15.0,15.0
부산광역시,서구,예술학원,54.0,53.0,53.0
부산광역시,서구,옷가게,90.0,92.0,93.0
부산광역시,서구,의료용품가게,11.0,11.0,9.0
부산광역시,서구,이륜자동차판매점,4.0,4.0,5.0
부산광역시,서구,이발소,28.0,29.0,32.0
부산광역시,서구,이비인후과의원,6.0,6.0,6.0
부산광역시,서구,일반외과의원,8.0,8.0,8.0
부산광역시,서구,일식음식점,31.0,32.0,32.0
부산광역시,서구,자동차수리점,42.0,42.0,39.0
부산광역시,서구,자전거판매점,0.0,0.0,0.0
부산광역시,서구,정육점,41.0,41.0,41.0
부산광역시,서구,제과점,39.0,39.0,38.0
부산광역시,서구,종합병원,12.0,12.0,13.0
부산광역시,서구,주유소,12.0,12.0,9.0
부산광역시,서구,주차장운영업,105.0,105.0,104.0
부산광역시,서구,중고차판매점,0.0,0.0,0.0
부산광역시,서구,중식음식점,50.0,51.0,51.0
부산광역시,서구,채소가게,48.0,47.0,49.0
부산광역시,서구,철물점,17.0,17.0,16.0
부산광역시,서구,치과의원,34.0,34.0,34.0
부산광역시,서구,침구ㆍ커튼가게,20.0,20.0,20.0
부산광역시,서구,커피음료점,190.0,189.0,199.0
부산광역시,서구,컴퓨터판매점,8.0,8.0,9.0
부산광역시,서구,통신판매업,845.0,844.0,817.0
부산광역시,서구,패스트푸드점,97.0,93.0,90.0
부산광역시,서구,펜션ㆍ게스트하우스,24.0,24.0,21.0
부산광역시,서구,편의점,95.0,97.0,102.0
부산광역시,서구,피부ㆍ비뇨기과의원,4.0,4.0,4.0
부산광역시,서구,피부관리업,82.0,81.0,78.0
부산광역시,서구,한방병원ㆍ한의원,30.0,30.0,32.0
부산광역시,서구,한식음식점,726.0,734.0,732.0
부산광역시,서구,헬스클럽,18.0,17.0,18.0
부산광역시,서구,호프주점,27.0,27.0,27.0
부산광역시,서구,화장품가게,40.0,39.0,47.0
부산광역시,서구,휴대폰가게,34.0,33.0,34.0
부산광역시,수영구,LPG 충전소,0.0,0.0,0.0
부산광역시,수영구,pc방,19.0,20.0,22.0
부산광역시,수영구,가구점,28.0,27.0,27.0
부산광역시,수영구,가전제품수리점,64.0,63.0,61.0
부산광역시,수영구,가전제품판매점,27.0,25.0,24.0
부산광역시,수영구,간이주점,32.0,31.0,34.0
부산광역시,수영구,간판광고물업,41.0,41.0,46.0
부산광역시,수영구,감정평가사,4.0,4.0,4.0
부산광역시,수영구,건강보조식품가게,39.0,41.0,50.0
부산광역시,수영구,건어물가게,34.0,34.0,33.0
부산광역시,수영구,건축사,73.0,73.0,72.0
부산광역시,수영구,결혼상담소,13.0,12.0,16.0
부산광역시,수영구,곡물가게,13.0,13.0,14.0
부산광역시,수영구,공인노무사,3.0,3.0,3.0
부산광역시,수영구,공인회계사,6.0,6.0,5.0
부산광역시,수영구,과일가게,38.0,39.0,38.0
부산광역시,수영구,교습소ㆍ공부방,226.0,225.0,224.0
부산광역시,수영구,교습학원,253.0,254.0,242.0
부산광역시,수영구,구내식당,26.0,26.0,27.0
부산광역시,수영구,기술ㆍ직업훈련학원,108.0,109.0,98.0
부산광역시,수영구,기술사,7.0,7.0,8.0
부산광역시,수영구,기타외국식음식점,273.0,276.0,302.0
부산광역시,수영구,기타음식점,56.0,57.0,57.0
부산광역시,수영구,기타일반의원,22.0,22.0,21.0
부산광역시,수영구,꽃가게,130.0,127.0,125.0
부산광역시,수영구,내과ㆍ소아과의원,45.0,45.0,45.0
부산광역시,수영구,노래방,70.0,70.0,76.0
부산광역시,수영구,담배ㆍ복권소매업,43.0,43.0,42.0
부산광역시,수영구,당구장,38.0,37.0,35.0
부산광역시,수영구,독서실,14.0,14.0,14.0
부산광역시,수영구,동물병원,23.0,23.0,23.0
부산광역시,수영구,목욕탕,33.0,33.0,34.0
부산광역시,수영구,문구점,27.0,28.0,32.0
부산광역시,수영구,미용실,524.0,528.0,525.0
부산광역시,수영구,법무사,9.0,9.0,8.0
부산광역시,수영구,변호사,9.0,10.0,8.0
부산광역시,수영구,부동산중개업,653.0,654.0,646.0
부산광역시,수영구,분식점,241.0,243.0,254.0
부산광역시,수영구,사진촬영업,126.0,127.0,114.0
부산광역시,수영구,산부인과의원,7.0,7.0,7.0
부산광역시,수영구,생선가게,270.0,269.0,270.0
부산광역시,수영구,서점,37.0,40.0,40.0
부산광역시,수영구,성형외과의원,0.0,0.0,0.0
부산광역시,수영구,세무사,80.0,80.0,81.0
부산광역시,수영구,세탁소,88.0,87.0,86.0
부산광역시,수영구,슈퍼마켓,92.0,90.0,86.0
부산광역시,수영구,스포츠교육기관,161.0,160.0,149.0
부산광역시,수영구,스포츠시설운영업,44.0,44.0,46.0
부산광역시,수영구,스포츠용품점,37.0,37.0,44.0
부산광역시,수영구,시계ㆍ귀금속점,35.0,36.0,38.0
부산광역시,수영구,식료품가게,113.0,113.0,109.0
부산광역시,수영구,신경정신과의원,15.0,15.0,15.0
부산광역시,수영구,신발가게,13.0,13.0,14.0
부산광역시,수영구,실내스크린골프점,16.0,16.0,16.0
부산광역시,수영구,실내장식가게,438.0,439.0,438.0
부산광역시,수영구,실외골프연습장,5.0,5.0,5.0
부산광역시,수영구,안경점,32.0,32.0,33.0
부산광역시,수영구,안과의원,9.0,9.0,9.0
부산광역시,수영구,애완용품점,61.0,60.0,65.0
부산광역시,수영구,약국,100.0,101.0,100.0
부산광역시,수영구,여관ㆍ모텔,47.0,46.0,50.0
부산광역시,수영구,여행사,56.0,54.0,50.0
부산광역시,수영구,예술학원,123.0,124.0,125.0
부산광역시,수영구,예식장,4.0,4.0,4.0
부산광역시,수영구,옷가게,339.0,342.0,353.0
부산광역시,수영구,의료용품가게,38.0,37.0,31.0
부산광역시,수영구,이륜자동차판매점,14.0,14.0,14.0
부산광역시,수영구,이발소,35.0,35.0,33.0
부산광역시,수영구,이비인후과의원,9.0,9.0,9.0
부산광역시,수영구,일반외과의원,27.0,27.0,26.0
부산광역시,수영구,일식음식점,203.0,201.0,183.0
부산광역시,수영구,자동차수리점,143.0,143.0,145.0
부산광역시,수영구,자전거판매점,14.0,14.0,13.0
부산광역시,수영구,장난감가게,12.0,12.0,8.0
부산광역시,수영구,정육점,64.0,64.0,68.0
부산광역시,수영구,제과점,171.0,170.0,164.0
부산광역시,수영구,종합병원,18.0,17.0,17.0
부산광역시,수영구,주유소,10.0,10.0,10.0
부산광역시,수영구,주차장운영업,135.0,134.0,133.0
부산광역시,수영구,중식음식점,106.0,107.0,101.0
부산광역시,수영구,채소가게,56.0,57.0,53.0
부산광역시,수영구,철물점,38.0,37.0,37.0
부산광역시,수영구,치과의원,90.0,89.0,88.0
부산광역시,수영구,침구ㆍ커튼가게,26.0,26.0,29.0
부산광역시,수영구,커피음료점,388.0,387.0,400.0
부산광역시,수영구,컴퓨터판매점,14.0,14.0,15.0
부산광역시,수영구,통신판매업,2739.0,2764.0,2752.0
부산광역시,수영구,패스트푸드점,148.0,151.0,156.0
부산광역시,수영구,펜션ㆍ게스트하우스,357.0,343.0,236.0
부산광역시,수영구,편의점,167.0,166.0,172.0
부산광역시,수영구,피부ㆍ비뇨기과의원,14.0,14.0,13.0
부산광역시,수영구,피부관리업,373.0,360.0,348.0
부산광역시,수영구,한방병원ㆍ한의원,82.0,81.0,85.0
부산광역시,수영구,한식음식점,1602.0,1611.0,1635.0
부산광역시,수영구,헬스클럽,72.0,71.0,74.0
부산광역시,수영구,호프주점,41.0,41.0,48.0
부산광역시,수영구,화장품가게,184.0,183.0,198.0
부산광역시,수영구,휴대폰가게,72.0,72.0,69.0
부산광역시,연제구,LPG 충전소,0.0,0.0,0.0
부산광역시,연제구,pc방,16.0,16.0,15.0
부산광역시,연제구,가구점,24.0,25.0,23.0
부산광역시,연제구,가전제품수리점,111.0,110.0,108.0
부산광역시,연제구,가전제품판매점,32.0,32.0,32.0
부산광역시,연제구,간이주점,20.0,20.0,27.0
부산광역시,연제구,간판광고물업,49.0,50.0,51.0
부산광역시,연제구,감정평가사,10.0,10.0,9.0
부산광역시,연제구,건강보조식품가게,63.0,63.0,71.0
부산광역시,연제구,건어물가게,9.0,9.0,10.0
부산광역시,연제구,건축사,103.0,102.0,104.0
부산광역시,연제구,결혼상담소,9.0,9.0,7.0
부산광역시,연제구,곡물가게,22.0,22.0,23.0
부산광역시,연제구,공인노무사,20.0,19.0,16.0
부산광역시,연제구,공인회계사,11.0,11.0,9.0
부산광역시,연제구,과일가게,67.0,66.0,63.0
부산광역시,연제구,교습소ㆍ공부방,259.0,258.0,260.0
부산광역시,연제구,교습학원,298.0,294.0,279.0
부산광역시,연제구,구내식당,33.0,33.0,35.0
부산광역시,연제구,기술ㆍ직업훈련학원,104.0,102.0,93.0
부산광역시,연제구,기술사,8.0,8.0,7.0
부산광역시,연제구,기타외국식음식점,71.0,72.0,73.0
부산광역시,연제구,기타음식점,59.0,59.0,65.0
부산광역시,연제구,기타일반의원,19.0,17.0,19.0
부산광역시,연제구,꽃가게,95.0,96.0,96.0
부산광역시,연제구,내과ㆍ소아과의원,67.0,67.0,69.0
부산광역시,연제구,노래방,73.0,76.0,79.0
부산광역시,연제구,담배ㆍ복권소매업,39.0,39.0,42.0
부산광역시,연제구,당구장,47.0,47.0,50.0
부산광역시,연제구,독서실,15.0,15.0,16.0
부산광역시,연제구,동물병원,19.0,19.0,19.0
부산광역시,연제구,목욕탕,34.0,35.0,37.0
부산광역시,연제구,문구점,26.0,26.0,32.0
부산광역시,연제구,미용실,555.0,555.0,558.0
부산광역시,연제구,법무사,346.0,345.0,337.0
부산광역시,연제구,변리사,9.0,9.0,9.0
부산광역시,연제구,변호사,420.0,417.0,410.0
부산광역시,연제구,부동산중개업,680.0,687.0,714.0
부산광역시,연제구,분식점,223.0,224.0,238.0
부산광역시,연제구,사진촬영업,63.0,59.0,58.0
부산광역시,연제구,산부인과의원,6.0,6.0,6.0
부산광역시,연제구,생선가게,27.0,27.0,29.0
부산광역시,연제구,서점,35.0,35.0,34.0
부산광역시,연제구,성형외과의원,4.0,4.0,5.0
부산광역시,연제구,세무사,161.0,161.0,154.0
부산광역시,연제구,세탁소,97.0,97.0,97.0
부산광역시,연제구,슈퍼마켓,80.0,82.0,80.0
부산광역시,연제구,스포츠교육기관,171.0,168.0,154.0
부산광역시,연제구,스포츠시설운영업,41.0,41.0,42.0
부산광역시,연제구,스포츠용품점,45.0,44.0,43.0
부산광역시,연제구,시계ㆍ귀금속점,30.0,30.0,27.0
부산광역시,연제구,식료품가게,128.0,129.0,124.0
부산광역시,연제구,신경정신과의원,18.0,18.0,17.0
부산광역시,연제구,신발가게,13.0,13.0,15.0
부산광역시,연제구,실내스크린골프점,24.0,24.0,26.0
부산광역시,연제구,실내장식가게,457.0,460.0,425.0
부산광역시,연제구,실외골프연습장,11.0,11.0,11.0
부산광역시,연제구,안경점,38.0,39.0,36.0
부산광역시,연제구,안과의원,9.0,9.0,9.0
부산광역시,연제구,애완용품점,47.0,48.0,50.0
부산광역시,연제구,약국,108.0,109.0,105.0
부산광역시,연제구,여관ㆍ모텔,46.0,46.0,48.0
부산광역시,연제구,여행사,80.0,80.0,76.0
부산광역시,연제구,예술학원,118.0,117.0,121.0
부산광역시,연제구,예식장,5.0,5.0,3.0
부산광역시,연제구,옷가게,198.0,200.0,211.0
부산광역시,연제구,의료용품가게,43.0,43.0,45.0
부산광역시,연제구,이륜자동차판매점,10.0,10.0,10.0
부산광역시,연제구,이발소,54.0,54.0,51.0
부산광역시,연제구,이비인후과의원,14.0,15.0,15.0
부산광역시,연제구,일반외과의원,34.0,35.0,35.0
부산광역시,연제구,일식음식점,85.0,82.0,83.0
부산광역시,연제구,자동차수리점,175.0,174.0,175.0
부산광역시,연제구,자전거판매점,12.0,11.0,11.0
부산광역시,연제구,장난감가게,11.0,11.0,7.0
부산광역시,연제구,정육점,79.0,80.0,80.0
부산광역시,연제구,제과점,98.0,97.0,88.0
부산광역시,연제구,종합병원,24.0,24.0,24.0
부산광역시,연제구,주유소,17.0,17.0,14.0
부산광역시,연제구,주차장운영업,155.0,153.0,155.0
부산광역시,연제구,중고차판매점,66.0,66.0,70.0
부산광역시,연제구,중식음식점,96.0,98.0,107.0
부산광역시,연제구,채소가게,32.0,34.0,31.0
부산광역시,연제구,철물점,41.0,41.0,44.0
부산광역시,연제구,치과의원,99.0,99.0,98.0
부산광역시,연제구,침구ㆍ커튼가게,37.0,36.0,36.0
부산광역시,연제구,커피음료점,340.0,343.0,357.0
부산광역시,연제구,컴퓨터판매점,18.0,19.0,21.0
부산광역시,연제구,통신판매업,2222.0,2229.0,2260.0
부산광역시,연제구,패스트푸드점,173.0,176.0,175.0
부산광역시,연제구,펜션ㆍ게스트하우스,13.0,13.0,6.0
부산광역시,연제구,편의점,147.0,147.0,144.0
부산광역시,연제구,피부ㆍ비뇨기과의원,24.0,24.0,22.0
부산광역시,연제구,피부관리업,355.0,356.0,323.0
부산광역시,연제구,한방병원ㆍ한의원,86.0,86.0,89.0
부산광역시,연제구,한식음식점,1498.0,1502.0,1522.0
부산광역시,연제구,헬스클럽,62.0,61.0,59.0
부산광역시,연제구,호프주점,60.0,62.0,72.0
부산광역시,연제구,화장품가게,135.0,139.0,153.0
부산광역시,연제구,휴대폰가게,81.0,79.0,71.0
부산광역시,영도구,LPG 충전소,3.0,3.0,3.0
부산광역시,영도구,pc방,9.0,9.0,11.0
부산광역시,영도구,가구점,8.0,8.0,8.0
부산광역시,영도구,가전제품수리점,32.0,32.0,30.0
부산광역시,영도구,가전제품판매점,16.0,16.0,15.0
부산광역시,영도구,간이주점,13.0,13.0,14.0
부산광역시,영도구,간판광고물업,14.0,14.0,14.0
부산광역시,영도구,감정평가사,0.0,0.0,0.0
부산광역시,영도구,건강보조식품가게,15.0,16.0,18.0
부산광역시,영도구,건어물가게,13.0,13.0,10.0
부산광역시,영도구,건축사,5.0,5.0,5.0
부산광역시,영도구,결혼상담소,0.0,0.0,0.0
부산광역시,영도구,곡물가게,9.0,9.0,9.0
부산광역시,영도구,과일가게,23.0,23.0,20.0
부산광역시,영도구,교습소ㆍ공부방,83.0,84.0,77.0
부산광역시,영도구,교습학원,43.0,43.0,47.0
부산광역시,영도구,구내식당,39.0,40.0,45.0
부산광역시,영도구,기술ㆍ직업훈련학원,33.0,32.0,34.0
부산광역시,영도구,기술사,0.0,0.0,0.0
부산광역시,영도구,기타외국식음식점,45.0,46.0,43.0
부산광역시,영도구,기타음식점,36.0,36.0,39.0
부산광역시,영도구,기타일반의원,9.0,9.0,8.0
부산광역시,영도구,꽃가게,39.0,38.0,35.0
부산광역시,영도구,내과ㆍ소아과의원,28.0,28.0,30.0
부산광역시,영도구,노래방,21.0,21.0,22.0
부산광역시,영도구,담배ㆍ복권소매업,56.0,59.0,62.0
부산광역시,영도구,당구장,24.0,24.0,29.0
부산광역시,영도구,독서실,10.0,10.0,10.0
부산광역시,영도구,동물병원,4.0,4.0,4.0
부산광역시,영도구,목욕탕,27.0,27.0,27.0
부산광역시,영도구,문구점,14.0,14.0,16.0
부산광역시,영도구,미용실,261.0,262.0,264.0
부산광역시,영도구,법무사,0.0,0.0,0.0
부산광역시,영도구,변호사,4.0,4.0,3.0
부산광역시,영도구,부동산중개업,141.0,143.0,145.0
부산광역시,영도구,분식점,122.0,124.0,134.0
부산광역시,영도구,사진촬영업,38.0,38.0,35.0
부산광역시,영도구,산부인과의원,5.0,5.0,5.0
부산광역시,영도구,생선가게,24.0,24.0,22.0
부산광역시,영도구,서점,13.0,13.0,13.0
부산광역시,영도구,세무사,3.0,3.0,3.0
부산광역시,영도구,세탁소,52.0,52.0,54.0
부산광역시,영도구,슈퍼마켓,48.0,47.0,51.0
부산광역시,영도구,스포츠교육기관,43.0,43.0,42.0
부산광역시,영도구,스포츠시설운영업,9.0,9.0,9.0
부산광역시,영도구,스포츠용품점,19.0,19.0,20.0
부산광역시,영도구,시계ㆍ귀금속점,24.0,24.0,25.0
부산광역시,영도구,식료품가게,112.0,111.0,115.0
부산광역시,영도구,신경정신과의원,4.0,4.0,4.0
부산광역시,영도구,신발가게,7.0,7.0,8.0
부산광역시,영도구,실내스크린골프점,7.0,7.0,8.0
부산광역시,영도구,실내장식가게,134.0,134.0,139.0
부산광역시,영도구,실외골프연습장,0.0,0.0,0.0
부산광역시,영도구,안경점,14.0,14.0,15.0
부산광역시,영도구,안과의원,5.0,5.0,5.0
부산광역시,영도구,애완용품점,13.0,14.0,16.0
부산광역시,영도구,약국,54.0,54.0,56.0
부산광역시,영도구,여관ㆍ모텔,55.0,55.0,57.0
부산광역시,영도구,여행사,40.0,40.0,39.0
부산광역시,영도구,예술학원,29.0,29.0,32.0
부산광역시,영도구,예식장,0.0,0.0,0.0
부산광역시,영도구,옷가게,97.0,99.0,103.0
부산광역시,영도구,의료용품가게,13.0,13.0,11.0
부산광역시,영도구,이륜자동차판매점,4.0,4.0,4.0
부산광역시,영도구,이발소,45.0,45.0,47.0
부산광역시,영도구,이비인후과의원,6.0,6.0,6.0
부산광역시,영도구,일반외과의원,10.0,10.0,9.0
부산광역시,영도구,일식음식점,17.0,18.0,22.0
부산광역시,영도구,자동차수리점,61.0,61.0,63.0
부산광역시,영도구,자전거판매점,3.0,3.0,3.0
부산광역시,영도구,장난감가게,8.0,8.0,7.0
부산광역시,영도구,정육점,43.0,44.0,43.0
부산광역시,영도구,제과점,24.0,23.0,23.0
부산광역시,영도구,종합병원,10.0,10.0,10.0
부산광역시,영도구,주유소,9.0,9.0,9.0
부산광역시,영도구,주차장운영업,77.0,79.0,84.0
부산광역시,영도구,중식음식점,56.0,57.0,62.0
부산광역시,영도구,채소가게,23.0,24.0,22.0
부산광역시,영도구,철물점,23.0,23.0,24.0
부산광역시,영도구,치과의원,26.0,26.0,28.0
부산광역시,영도구,침구ㆍ커튼가게,17.0,17.0,18.0
부산광역시,영도구,커피음료점,162.0,161.0,167.0
부산광역시,영도구,컴퓨터판매점,4.0,4.0,5.0
부산광역시,영도구,통신판매업,689.0,684.0,681.0
부산광역시,영도구,패스트푸드점,80.0,79.0,82.0
부산광역시,영도구,펜션ㆍ게스트하우스,47.0,45.0,26.0
부산광역시,영도구,편의점,87.0,87.0,85.0
부산광역시,영도구,피부ㆍ비뇨기과의원,4.0,4.0,4.0
부산광역시,영도구,피부관리업,69.0,69.0,71.0
부산광역시,영도구,한방병원ㆍ한의원,28.0,28.0,29.0
부산광역시,영도구,한식음식점,722.0,728.0,760.0
부산광역시,영도구,헬스클럽,14.0,13.0,13.0
부산광역시,영도구,호프주점,31.0,32.0,38.0
부산광역시,영도구,화장품가게,48.0,48.0,46.0
부산광역시,영도구,휴대폰가게,33.0,32.0,29.0
부산광역시,중구,pc방,5.0,5.0,4.0
부산광역시,중구,가구점,7.0,8.0,8.0
부산광역시,중구,가전제품수리점,26.0,25.0,23.0
부산광역시,중구,가전제품판매점,33.0,33.0,38.0
부산광역시,중구,간이주점,33.0,32.0,35.0
부산광역시,중구,간판광고물업,23.0,23.0,24.0
부산광역시,중구,감정평가사,0.0,0.0,0.0
부산광역시,중구,건강보조식품가게,33.0,33.0,32.0
부산광역시,중구,건어물가게,83.0,84.0,86.0
부산광역시,중구,건축사,20.0,20.0,18.0
부산광역시,중구,결혼상담소,0.0,0.0,0.0
부산광역시,중구,곡물가게,11.0,11.0,12.0
부산광역시,중구,공인노무사,3.0,3.0,0.0
부산광역시,중구,공인회계사,4.0,4.0,5.0
부산광역시,중구,과일가게,13.0,12.0,13.0
부산광역시,중구,교습소ㆍ공부방,12.0,12.0,16.0
부산광역시,중구,교습학원,14.0,14.0,12.0
부산광역시,중구,구내식당,32.0,33.0,38.0
부산광역시,중구,기술ㆍ직업훈련학원,46.0,45.0,45.0
부산광역시,중구,기타외국식음식점,93.0,91.0,89.0
부산광역시,중구,기타음식점,34.0,37.0,39.0
부산광역시,중구,기타일반의원,8.0,8.0,8.0
부산광역시,중구,꽃가게,28.0,28.0,26.0
부산광역시,중구,내과ㆍ소아과의원,18.0,18.0,21.0
부산광역시,중구,노래방,17.0,17.0,18.0
부산광역시,중구,담배ㆍ복권소매업,57.0,57.0,56.0
부산광역시,중구,당구장,24.0,25.0,25.0
부산광역시,중구,독서실,0.0,0.0,0.0
부산광역시,중구,동물병원,0.0,0.0,0.0
부산광역시,중구,목욕탕,20.0,20.0,20.0
부산광역시,중구,문구점,23.0,23.0,23.0
부산광역시,중구,미용실,209.0,209.0,211.0
부산광역시,중구,법무사,5.0,5.0,5.0
부산광역시,중구,변리사,0.0,0.0,0.0
부산광역시,중구,변호사,6.0,6.0,5.0
부산광역시,중구,부동산중개업,153.0,152.0,155.0
부산광역시,중구,분식점,166.0,166.0,169.0
부산광역시,중구,사진촬영업,34.0,33.0,35.0
부산광역시,중구,산부인과의원,0.0,0.0,0.0
부산광역시,중구,생선가게,76.0,76.0,79.0
부산광역시,중구,서점,27.0,27.0,27.0
부산광역시,중구,성형외과의원,5.0,5.0,5.0
부산광역시,중구,세무사,38.0,38.0,44.0
부산광역시,중구,세탁소,38.0,38.0,38.0
부산광역시,중구,슈퍼마켓,63.0,63.0,67.0
부산광역시,중구,스포츠교육기관,20.0,20.0,18.0
부산광역시,중구,스포츠시설운영업,14.0,14.0,12.0
부산광역시,중구,스포츠용품점,26.0,26.0,25.0
부산광역시,중구,시계ㆍ귀금속점,58.0,58.0,60.0
부산광역시,중구,식료품가게,180.0,178.0,170.0
부산광역시,중구,신경정신과의원,5.0,5.0,5.0
부산광역시,중구,신발가게,64.0,64.0,71.0
부산광역시,중구,실내스크린골프점,3.0,3.0,3.0
부산광역시,중구,실내장식가게,78.0,77.0,83.0
부산광역시,중구,실외골프연습장,3.0,3.0,3.0
부산광역시,중구,안경점,40.0,40.0,41.0
부산광역시,중구,안과의원,3.0,3.0,3.0
부산광역시,중구,애완용품점,24.0,23.0,23.0
부산광역시,중구,약국,59.0,57.0,51.0
부산광역시,중구,여관ㆍ모텔,70.0,72.0,67.0
부산광역시,중구,여행사,141.0,140.0,146.0
부산광역시,중구,예술학원,19.0,20.0,23.0
부산광역시,중구,예식장,0.0,0.0,0.0
부산광역시,중구,옷가게,864.0,865.0,879.0
부산광역시,중구,의료용품가게,27.0,27.0,28.0
부산광역시,중구,이륜자동차판매점,4.0,4.0,3.0
부산광역시,중구,이발소,39.0,38.0,39.0
부산광역시,중구,이비인후과의원,5.0,5.0,5.0
부산광역시,중구,일반외과의원,14.0,14.0,14.0
부산광역시,중구,일식음식점,89.0,88.0,86.0
부산광역시,중구,자동차수리점,23.0,23.0,24.0
부산광역시,중구,자전거판매점,0.0,0.0,0.0
부산광역시,중구,장난감가게,15.0,15.0,17.0
부산광역시,중구,정육점,17.0,17.0,17.0
부산광역시,중구,제과점,52.0,51.0,46.0
부산광역시,중구,종합병원,5.0,5.0,5.0
부산광역시,중구,주유소,3.0,3.0,3.0
부산광역시,중구,주차장운영업,108.0,104.0,107.0
부산광역시,중구,중식음식점,55.0,55.0,53.0
부산광역시,중구,채소가게,8.0,9.0,9.0
부산광역시,중구,철물점,13.0,13.0,13.0
부산광역시,중구,치과의원,38.0,38.0,39.0
부산광역시,중구,침구ㆍ커튼가게,46.0,46.0,44.0
부산광역시,중구,커피음료점,245.0,243.0,252.0
부산광역시,중구,컴퓨터판매점,5.0,5.0,6.0
부산광역시,중구,통신판매업,576.0,572.0,582.0
부산광역시,중구,패스트푸드점,60.0,61.0,60.0
부산광역시,중구,펜션ㆍ게스트하우스,56.0,53.0,26.0
부산광역시,중구,편의점,78.0,78.0,79.0
부산광역시,중구,피부ㆍ비뇨기과의원,13.0,13.0,13.0
부산광역시,중구,피부관리업,164.0,163.0,158.0
부산광역시,중구,한방병원ㆍ한의원,26.0,26.0,26.0
부산광역시,중구,한식음식점,1039.0,1042.0,1056.0
부산광역시,중구,헬스클럽,21.0,21.0,22.0
부산광역시,중구,호프주점,48.0,49.0,52.0
부산광역시,중구,화장품가게,97.0,99.0,97.0
부산광역시,중구,휴대폰가게,37.0,37.0,38.0
부산광역시,해운대구,LPG 충전소,0.0,0.0,0.0
부산광역시,해운대구,pc방,33.0,36.0,33.0
부산광역시,해운대구,가구점,76.0,75.0,77.0
부산광역시,해운대구,가전제품수리점,125.0,129.0,121.0
부산광역시,해운대구,가전제품판매점,42.0,42.0,37.0
부산광역시,해운대구,간이주점,36.0,37.0,44.0
부산광역시,해운대구,간판광고물업,57.0,59.0,64.0
부산광역시,해운대구,감정평가사,12.0,12.0,13.0
부산광역시,해운대구,건강보조식품가게,70.0,73.0,81.0
부산광역시,해운대구,건어물가게,27.0,28.0,31.0
부산광역시,해운대구,건축사,134.0,136.0,134.0
부산광역시,해운대구,결혼상담소,25.0,25.0,23.0
부산광역시,해운대구,곡물가게,21.0,21.0,24.0
부산광역시,해운대구,공인노무사,6.0,6.0,4.0
부산광역시,해운대구,공인회계사,30.0,31.0,31.0
부산광역시,해운대구,과일가게,77.0,76.0,70.0
부산광역시,해운대구,교습소ㆍ공부방,629.0,623.0,603.0
부산광역시,해운대구,교습학원,715.0,715.0,703.0
부산광역시,해운대구,구내식당,96.0,96.0,106.0
부산광역시,해운대구,기술ㆍ직업훈련학원,158.0,160.0,158.0
부산광역시,해운대구,기술사,21.0,21.0,20.0
부산광역시,해운대구,기타외국식음식점,293.0,294.0,311.0
부산광역시,해운대구,기타음식점,110.0,110.0,120.0
부산광역시,해운대구,기타일반의원,39.0,37.0,37.0
부산광역시,해운대구,꽃가게,187.0,187.0,188.0
부산광역시,해운대구,내과ㆍ소아과의원,102.0,103.0,109.0
부산광역시,해운대구,노래방,117.0,118.0,121.0
부산광역시,해운대구,담배ㆍ복권소매업,85.0,85.0,81.0
부산광역시,해운대구,당구장,78.0,78.0,72.0
부산광역시,해운대구,독서실,25.0,25.0,29.0
부산광역시,해운대구,동물병원,42.0,41.0,41.0
부산광역시,해운대구,목욕탕,52.0,53.0,52.0
부산광역시,해운대구,문구점,64.0,66.0,79.0
부산광역시,해운대구,미용실,836.0,839.0,829.0
부산광역시,해운대구,법무사,27.0,25.0,27.0
부산광역시,해운대구,변리사,6.0,6.0,7.0
부산광역시,해운대구,변호사,50.0,50.0,49.0
부산광역시,해운대구,부동산중개업,1266.0,1268.0,1301.0
부산광역시,해운대구,분식점,381.0,383.0,401.0
부산광역시,해운대구,사진촬영업,162.0,165.0,154.0
부산광역시,해운대구,산부인과의원,22.0,22.0,22.0
부산광역시,해운대구,생선가게,67.0,66.0,61.0
부산광역시,해운대구,서점,78.0,78.0,73.0
부산광역시,해운대구,성형외과의원,23.0,23.0,24.0
부산광역시,해운대구,세무사,96.0,97.0,90.0
부산광역시,해운대구,세탁소,160.0,159.0,154.0
부산광역시,해운대구,슈퍼마켓,141.0,142.0,143.0
부산광역시,해운대구,스포츠교육기관,343.0,344.0,333.0
부산광역시,해운대구,스포츠시설운영업,90.0,90.0,92.0
부산광역시,해운대구,스포츠용품점,84.0,84.0,90.0
부산광역시,해운대구,시계ㆍ귀금속점,73.0,73.0,69.0
부산광역시,해운대구,식료품가게,201.0,199.0,199.0
부산광역시,해운대구,신경정신과의원,28.0,28.0,28.0
부산광역시,해운대구,신발가게,31.0,31.0,31.0
부산광역시,해운대구,실내스크린골프점,61.0,60.0,59.0
부산광역시,해운대구,실내장식가게,809.0,807.0,806.0
부산광역시,해운대구,실외골프연습장,14.0,15.0,17.0
부산광역시,해운대구,안경점,65.0,65.0,63.0
부산광역시,해운대구,안과의원,19.0,19.0,19.0
부산광역시,해운대구,애완용품점,101.0,97.0,105.0
부산광역시,해운대구,약국,188.0,186.0,184.0
부산광역시,해운대구,여관ㆍ모텔,61.0,60.0,63.0
부산광역시,해운대구,여행사,132.0,131.0,132.0
부산광역시,해운대구,예술학원,256.0,255.0,271.0
부산광역시,해운대구,예식장,9.0,9.0,11.0
부산광역시,해운대구,옷가게,580.0,580.0,602.0
부산광역시,해운대구,의료용품가게,67.0,67.0,69.0
부산광역시,해운대구,이륜자동차판매점,25.0,25.0,23.0
부산광역시,해운대구,이발소,95.0,95.0,97.0
부산광역시,해운대구,이비인후과의원,26.0,26.0,25.0
부산광역시,해운대구,일반외과의원,54.0,55.0,54.0
부산광역시,해운대구,일식음식점,165.0,163.0,173.0
부산광역시,해운대구,자동차수리점,289.0,290.0,291.0
부산광역시,해운대구,자전거판매점,6.0,6.0,6.0
부산광역시,해운대구,장난감가게,20.0,20.0,16.0
부산광역시,해운대구,정육점,121.0,120.0,121.0
부산광역시,해운대구,제과점,177.0,177.0,165.0
부산광역시,해운대구,종합병원,27.0,27.0,26.0
부산광역시,해운대구,주유소,25.0,26.0,25.0
부산광역시,해운대구,주차장운영업,156.0,156.0,156.0
부산광역시,해운대구,중고차판매점,23.0,23.0,26.0
부산광역시,해운대구,중식음식점,165.0,167.0,179.0
부산광역시,해운대구,채소가게,67.0,67.0,61.0
부산광역시,해운대구,철물점,62.0,61.0,63.0
부산광역시,해운대구,치과의원,167.0,169.0,166.0
부산광역시,해운대구,침구ㆍ커튼가게,59.0,58.0,62.0
부산광역시,해운대구,커피음료점,536.0,537.0,565.0
부산광역시,해운대구,컴퓨터판매점,33.0,33.0,31.0
부산광역시,해운대구,통신판매업,5425.0,5382.0,5271.0
부산광역시,해운대구,패스트푸드점,306.0,307.0,311.0
부산광역시,해운대구,펜션ㆍ게스트하우스,311.0,312.0,291.0
부산광역시,해운대구,편의점,315.0,314.0,315.0
부산광역시,해운대구,피부ㆍ비뇨기과의원,71.0,72.0,70.0
부산광역시,해운대구,피부관리업,550.0,550.0,520.0
부산광역시,해운대구,한방병원ㆍ한의원,135.0,136.0,135.0
부산광역시,해운대구,한식음식점,2335.0,2345.0,2378.0
부산광역시,해운대구,헬스클럽,124.0,122.0,124.0
부산광역시,해운대구,호프주점,60.0,59.0,62.0
부산광역시,해운대구,화장품가게,323.0,325.0,342.0
부산광역시,해운대구,휴대폰가게,109.0,109.0,112.0
서울특별시,강남구,LPG 충전소,6.0,6.0,7.0
서울특별시,강남구,pc방,56.0,54.0,57.0
서울특별시,강남구,가구점,111.0,112.0,116.0
서울특별시,강남구,가전제품수리점,149.0,142.0,126.0
서울특별시,강남구,가전제품판매점,91.0,92.0,88.0
서울특별시,강남구,간이주점,139.0,139.0,161.0
서울특별시,강남구,간판광고물업,168.0,169.0,185.0
서울특별시,강남구,감정평가사,59.0,58.0,53.0
서울특별시,강남구,건강보조식품가게,274.0,271.0,269.0
서울특별시,강남구,건어물가게,18.0,18.0,16.0
서울특별시,강남구,건축사,589.0,597.0,612.0
서울특별시,강남구,결혼상담소,175.0,172.0,171.0
서울특별시,강남구,곡물가게,25.0,25.0,27.0
서울특별시,강남구,공인노무사,141.0,142.0,134.0
서울특별시,강남구,공인회계사,283.0,278.0,272.0
서울특별시,강남구,과일가게,61.0,59.0,51.0
서울특별시,강남구,교습소ㆍ공부방,909.0,905.0,849.0
서울특별시,강남구,교습학원,1868.0,1870.0,1845.0
서울특별시,강남구,구내식당,162.0,162.0,163.0
서울특별시,강남구,기술ㆍ직업훈련학원,619.0,620.0,620.0
서울특별시,강남구,기술사,48.0,50.0,52.0
서울특별시,강남구,기타외국식음식점,1256.0,1264.0,1293.0
서울특별시,강남구,기타음식점,179.0,181.0,194.0
서울특별시,강남구,기타일반의원,157.0,157.0,150.0
서울특별시,강남구,꽃가게,604.0,604.0,612.0
서울특별시,강남구,내과ㆍ소아과의원,249.0,251.0,251.0
서울특별시,강남구,노래방,182.0,183.0,189.0
서울특별시,강남구,담배ㆍ복권소매업,111.0,113.0,113.0
서울특별시,강남구,당구장,181.0,181.0,188.0
서울특별시,강남구,독서실,132.0,130.0,150.0
서울특별시,강남구,동물병원,94.0,93.0,94.0
서울특별시,강남구,목욕탕,37.0,36.0,36.0
서울특별시,강남구,문구점,96.0,94.0,94.0
서울특별시,강남구,미용실,1556.0,1552.0,1512.0
서울특별시,강남구,법무사,222.0,223.0,212.0
서울특별시,강남구,변리사,391.0,389.0,385.0
서울특별시,강남구,변호사,838.0,833.0,770.0
서울특별시,강남구,부동산중개업,5122.0,5139.0,5167.0
서울특별시,강남구,분식점,603.0,604.0,662.0
서울특별시,강남구,사진촬영업,1207.0,1213.0,1217.0
서울특별시,강남구,산부인과의원,87.0,86.0,89.0
서울특별시,강남구,생선가게,28.0,29.0,32.0
서울특별시,강남구,서점,151.0,151.0,153.0
서울특별시,강남구,성형외과의원,584.0,581.0,559.0
서울특별시,강남구,세무사,1570.0,1565.0,1515.0
서울특별시,강남구,세탁소,371.0,372.0,375.0
서울특별시,강남구,슈퍼마켓,235.0,236.0,244.0
서울특별시,강남구,스포츠교육기관,879.0,872.0,819.0
서울특별시,강남구,스포츠시설운영업,269.0,268.0,271.0
서울특별시,강남구,스포츠용품점,234.0,236.0,238.0
서울특별시,강남구,시계ㆍ귀금속점,201.0,199.0,194.0
서울특별시,강남구,식료품가게,256.0,263.0,255.0
서울특별시,강남구,신경정신과의원,154.0,156.0,153.0
서울특별시,강남구,신발가게,50.0,50.0,52.0
서울특별시,강남구,실내스크린골프점,160.0,160.0,174.0
서울특별시,강남구,실내장식가게,1611.0,1604.0,1596.0
서울특별시,강남구,실외골프연습장,28.0,31.0,33.0
서울특별시,강남구,안경점,177.0,177.0,179.0
서울특별시,강남구,안과의원,76.0,76.0,76.0
서울특별시,강남구,애완용품점,162.0,166.0,173.0
서울특별시,강남구,약국,559.0,555.0,553.0
서울특별시,강남구,여관ㆍ모텔,43.0,42.0,41.0
서울특별시,강남구,여행사,520.0,520.0,508.0
서울특별시,강남구,예술학원,650.0,653.0,646.0
서울특별시,강남구,예식장,51.0,51.0,44.0
서울특별시,강남구,옷가게,1146.0,1155.0,1188.0
서울특별시,강남구,의료용품가게,154.0,157.0,159.0
서울특별시,강남구,이륜자동차판매점,17.0,17.0,16.0
서울특별시,강남구,이발소,108.0,108.0,103.0
서울특별시,강남구,이비인후과의원,86.0,85.0,83.0
서울특별시,강남구,일반외과의원,157.0,157.0,158.0
서울특별시,강남구,일식음식점,882.0,879.0,865.0
서울특별시,강남구,자동차수리점,299.0,301.0,302.0
서울특별시,강남구,자전거판매점,12.0,12.0,12.0
서울특별시,강남구,장난감가게,46.0,44.0,39.0
서울특별시,강남구,정육점,109.0,110.0,115.0
서울특별시,강남구,제과점,359.0,355.0,353.0
서울특별시,강남구,종합병원,45.0,45.0,44.0
서울특별시,강남구,주유소,37.0,37.0,35.0
서울특별시,강남구,주차장운영업,297.0,298.0,291.0
서울특별시,강남구,중고차판매점,51.0,52.0,59.0
서울특별시,강남구,중식음식점,409.0,403.0,410.0
서울특별시,강남구,채소가게,73.0,73.0,76.0
서울특별시,강남구,철물점,60.0,60.0,58.0
서울특별시,강남구,치과의원,536.0,537.0,535.0
서울특별시,강남구,침구ㆍ커튼가게,56.0,56.0,56.0
서울특별시,강남구,커피음료점,1376.0,1378.0,1379.0
서울특별시,강남구,컴퓨터판매점,96.0,95.0,93.0
서울특별시,강남구,통신판매업,14916.0,14723.0,13833.0
서울특별시,강남구,패스트푸드점,562.0,558.0,574.0
서울특별시,강남구,펜션ㆍ게스트하우스,147.0,140.0,56.0
서울특별시,강남구,편의점,671.0,676.0,712.0
서울특별시,강남구,피부ㆍ비뇨기과의원,661.0,651.0,576.0
서울특별시,강남구,피부관리업,1529.0,1515.0,1432.0
서울특별시,강남구,한방병원ㆍ한의원,407.0,407.0,401.0
서울특별시,강남구,한식음식점,4431.0,4427.0,4461.0
서울특별시,강남구,헬스클럽,407.0,411.0,421.0
서울특별시,강남구,호프주점,168.0,168.0,196.0
서울특별시,강남구,화장품가게,822.0,831.0,881.0
서울특별시,강남구,휴대폰가게,135.0,138.0,139.0
서울특별시,강동구,LPG 충전소,0.0,0.0,0.0
서울특별시,강동구,pc방,54.0,54.0,60.0
서울특별시,강동구,가구점,41.0,41.0,41.0
서울특별시,강동구,가전제품수리점,205.0,201.0,188.0
서울특별시,강동구,가전제품판매점,59.0,59.0,65.0
서울특별시,강동구,간이주점,103.0,104.0,118.0
서울특별시,강동구,간판광고물업,95.0,95.0,97.0
서울특별시,강동구,감정평가사,25.0,25.0,26.0
서울특별시,강동구,건강보조식품가게,111.0,112.0,122.0
서울특별시,강동구,건어물가게,27.0,27.0,33.0
서울특별시,강동구,건축사,109.0,108.0,103.0
서울특별시,강동구,결혼상담소,15.0,15.0,15.0
서울특별시,강동구,곡물가게,25.0,25.0,28.0
서울특별시,강동구,공인노무사,20.0,19.0,10.0
서울특별시,강동구,공인회계사,15.0,14.0,11.0
서울특별시,강동구,과일가게,73.0,74.0,77.0
서울특별시,강동구,교습소ㆍ공부방,672.0,666.0,639.0
서울특별시,강동구,교습학원,673.0,675.0,656.0
서울특별시,강동구,구내식당,64.0,66.0,65.0
서울특별시,강동구,기술ㆍ직업훈련학원,171.0,174.0,169.0
서울특별시,강동구,기술사,18.0,18.0,14.0
서울특별시,강동구,기타외국식음식점,239.0,241.0,243.0
서울특별시,강동구,기타음식점,114.0,112.0,121.0
서울특별시,강동구,기타일반의원,53.0,53.0,53.0
서울특별시,강동구,꽃가게,202.0,204.0,206.0
서울특별시,강동구,내과ㆍ소아과의원,142.0,142.0,138.0
서울특별시,강동구,노래방,207.0,207.0,213.0
서울특별시,강동구,담배ㆍ복권소매업,88.0,88.0,83.0
서울특별시,강동구,당구장,130.0,129.0,130.0
서울특별시,강동구,독서실,61.0,61.0,63.0
서울특별시,강동구,동물병원,56.0,56.0,55.0
서울특별시,강동구,목욕탕,20.0,20.0,20.0
서울특별시,강동구,문구점,56.0,55.0,63.0
서울특별시,강동구,미용실,1014.0,1015.0,984.0
서울특별시,강동구,법무사,42.0,42.0,41.0
서울특별시,강동구,변리사,0.0,0.0,0.0
서울특별시,강동구,변호사,31.0,30.0,26.0
서울특별시,강동구,부동산중개업,1532.0,1532.0,1562.0
서울특별시,강동구,분식점,418.0,415.0,455.0
서울특별시,강동구,사진촬영업,203.0,206.0,186.0
서울특별시,강동구,산부인과의원,30.0,30.0,30.0
서울특별시,강동구,생선가게,35.0,36.0,34.0
서울특별시,강동구,서점,70.0,70.0,65.0
서울특별시,강동구,성형외과의원,11.0,11.0,10.0
서울특별시,강동구,세무사,154.0,153.0,133.0
서울특별시,강동구,세탁소,211.0,212.0,211.0
서울특별시,강동구,슈퍼마켓,127.0,129.0,129.0
서울특별시,강동구,스포츠교육기관,393.0,389.0,363.0
서울특별시,강동구,스포츠시설운영업,109.0,109.0,115.0
서울특별시,강동구,스포츠용품점,83.0,83.0,89.0
서울특별시,강동구,시계ㆍ귀금속점,75.0,77.0,71.0
서울특별시,강동구,식료품가게,174.0,171.0,169.0
서울특별시,강동구,신경정신과의원,39.0,39.0,39.0
서울특별시,강동구,신발가게,35.0,36.0,35.0
서울특별시,강동구,실내스크린골프점,63.0,63.0,64.0
서울특별시,강동구,실내장식가게,810.0,818.0,799.0
서울특별시,강동구,실외골프연습장,14.0,14.0,16.0
서울특별시,강동구,안경점,82.0,82.0,79.0
서울특별시,강동구,안과의원,23.0,23.0,22.0
서울특별시,강동구,애완용품점,78.0,79.0,79.0
서울특별시,강동구,약국,309.0,311.0,305.0
서울특별시,강동구,여관ㆍ모텔,51.0,51.0,54.0
서울특별시,강동구,여행사,108.0,111.0,102.0
서울특별시,강동구,예술학원,334.0,331.0,309.0
서울특별시,강동구,예식장,0.0,0.0,0.0
서울특별시,강동구,옷가게,503.0,509.0,525.0
서울특별시,강동구,의료용품가게,97.0,100.0,99.0
서울특별시,강동구,이륜자동차판매점,14.0,14.0,12.0
서울특별시,강동구,이발소,105.0,104.0,104.0
서울특별시,강동구,이비인후과의원,45.0,45.0,43.0
서울특별시,강동구,일반외과의원,77.0,77.0,75.0
서울특별시,강동구,일식음식점,236.0,234.0,239.0
서울특별시,강동구,자동차수리점,248.0,250.0,246.0
서울특별시,강동구,자전거판매점,35.0,35.0,35.0
서울특별시,강동구,장난감가게,27.0,26.0,17.0
서울특별시,강동구,정육점,138.0,136.0,140.0
서울특별시,강동구,제과점,223.0,221.0,211.0
서울특별시,강동구,종합병원,20.0,20.0,18.0
서울특별시,강동구,주유소,11.0,11.0,12.0
서울특별시,강동구,주차장운영업,80.0,79.0,72.0
서울특별시,강동구,중고차판매점,4.0,4.0,4.0
서울특별시,강동구,중식음식점,153.0,151.0,154.0
서울특별시,강동구,채소가게,89.0,89.0,92.0
서울특별시,강동구,철물점,67.0,66.0,60.0
서울특별시,강동구,치과의원,251.0,251.0,247.0
서울특별시,강동구,침구ㆍ커튼가게,60.0,57.0,57.0
서울특별시,강동구,커피음료점,641.0,638.0,624.0
서울특별시,강동구,컴퓨터판매점,45.0,44.0,39.0
서울특별시,강동구,통신판매업,7139.0,7099.0,6848.0
서울특별시,강동구,패스트푸드점,367.0,363.0,352.0
서울특별시,강동구,펜션ㆍ게스트하우스,79.0,78.0,43.0
서울특별시,강동구,편의점,332.0,332.0,331.0
서울특별시,강동구,피부ㆍ비뇨기과의원,71.0,70.0,71.0
서울특별시,강동구,피부관리업,552.0,548.0,524.0
서울특별시,강동구,한방병원ㆍ한의원,205.0,205.0,208.0
서울특별시,강동구,한식음식점,1956.0,1960.0,1959.0
서울특별시,강동구,헬스클럽,150.0,149.0,147.0
서울특별시,강동구,호프주점,157.0,159.0,175.0
서울특별시,강동구,화장품가게,251.0,250.0,265.0
서울특별시,강동구,휴대폰가게,116.0,115.0,109.0
서울특별시,강북구,LPG 충전소,3.0,3.0,3.0
서울특별시,강북구,pc방,39.0,40.0,44.0
서울특별시,강북구,가구점,28.0,26.0,24.0
서울특별시,강북구,가전제품수리점,189.0,185.0,165.0
서울특별시,강북구,가전제품판매점,33.0,33.0,31.0
서울특별시,강북구,간이주점,91.0,91.0,102.0
서울특별시,강북구,간판광고물업,55.0,56.0,61.0
서울특별시,강북구,감정평가사,0.0,0.0,0.0
서울특별시,강북구,건강보조식품가게,55.0,56.0,50.0
서울특별시,강북구,건어물가게,29.0,29.0,32.0
서울특별시,강북구,건축사,46.0,46.0,46.0
서울특별시,강북구,결혼상담소,7.0,7.0,6.0
서울특별시,강북구,곡물가게,18.0,18.0,19.0
서울특별시,강북구,공인노무사,4.0,4.0,3.0
서울특별시,강북구,공인회계사,4.0,4.0,4.0
서울특별시,강북구,과일가게,50.0,50.0,49.0
서울특별시,강북구,교습소ㆍ공부방,253.0,256.0,243.0
서울특별시,강북구,교습학원,155.0,155.0,155.0
서울특별시,강북구,구내식당,52.0,52.0,53.0
서울특별시,강북구,기술ㆍ직업훈련학원,89.0,89.0,87.0
서울특별시,강북구,기술사,6.0,6.0,6.0
서울특별시,강북구,기타외국식음식점,116.0,114.0,120.0
서울특별시,강북구,기타음식점,74.0,74.0,78.0
서울특별시,강북구,기타일반의원,21.0,21.0,20.0
서울특별시,강북구,꽃가게,73.0,73.0,72.0
서울특별시,강북구,내과ㆍ소아과의원,82.0,82.0,87.0
서울특별시,강북구,노래방,245.0,246.0,250.0
서울특별시,강북구,담배ㆍ복권소매업,83.0,83.0,81.0
서울특별시,강북구,당구장,100.0,101.0,104.0
서울특별시,강북구,독서실,24.0,24.0,27.0
서울특별시,강북구,동물병원,27.0,27.0,26.0
서울특별시,강북구,목욕탕,24.0,24.0,24.0
서울특별시,강북구,문구점,32.0,31.0,35.0
서울특별시,강북구,미용실,692.0,696.0,672.0
서울특별시,강북구,법무사,17.0,17.0,19.0
서울특별시,강북구,변호사,10.0,10.0,9.0
서울특별시,강북구,부동산중개업,621.0,624.0,642.0
서울특별시,강북구,분식점,242.0,246.0,267.0
서울특별시,강북구,사진촬영업,123.0,122.0,121.0
서울특별시,강북구,산부인과의원,9.0,9.0,11.0
서울특별시,강북구,생선가게,37.0,35.0,34.0
서울특별시,강북구,서점,52.0,52.0,47.0
서울특별시,강북구,성형외과의원,7.0,7.0,6.0
서울특별시,강북구,세무사,68.0,68.0,69.0
서울특별시,강북구,세탁소,120.0,120.0,118.0
서울특별시,강북구,슈퍼마켓,93.0,93.0,89.0
서울특별시,강북구,스포츠교육기관,151.0,147.0,144.0
서울특별시,강북구,스포츠시설운영업,54.0,54.0,56.0
서울특별시,강북구,스포츠용품점,31.0,31.0,34.0
서울특별시,강북구,시계ㆍ귀금속점,41.0,41.0,39.0
서울특별시,강북구,식료품가게,161.0,161.0,159.0
서울특별시,강북구,신경정신과의원,12.0,12.0,13.0
서울특별시,강북구,신발가게,38.0,38.0,39.0
서울특별시,강북구,실내스크린골프점,22.0,22.0,21.0
서울특별시,강북구,실내장식가게,651.0,647.0,616.0
서울특별시,강북구,실외골프연습장,0.0,0.0,0.0
서울특별시,강북구,안경점,42.0,42.0,42.0
서울특별시,강북구,안과의원,12.0,12.0,14.0
서울특별시,강북구,애완용품점,58.0,59.0,56.0
서울특별시,강북구,약국,167.0,169.0,167.0
서울특별시,강북구,여관ㆍ모텔,97.0,96.0,107.0
서울특별시,강북구,여행사,56.0,56.0,50.0
서울특별시,강북구,예술학원,82.0,81.0,89.0
서울특별시,강북구,예식장,0.0,0.0,0.0
서울특별시,강북구,옷가게,336.0,338.0,352.0
서울특별시,강북구,의료용품가게,43.0,42.0,48.0
서울특별시,강북구,이륜자동차판매점,17.0,16.0,20.0
서울특별시,강북구,이발소,63.0,65.0,72.0
서울특별시,강북구,이비인후과의원,21.0,21.0,20.0
서울특별시,강북구,일반외과의원,49.0,49.0,48.0
서울특별시,강북구,일식음식점,143.0,144.0,136.0
서울특별시,강북구,자동차수리점,168.0,171.0,162.0
서울특별시,강북구,자전거판매점,12.0,12.0,11.0
서울특별시,강북구,장난감가게,15.0,15.0,14.0
서울특별시,강북구,정육점,102.0,101.0,100.0
서울특별시,강북구,제과점,85.0,85.0,89.0
서울특별시,강북구,종합병원,14.0,14.0,14.0
서울특별시,강북구,주유소,6.0,6.0,6.0
서울특별시,강북구,주차장운영업,38.0,36.0,34.0
서울특별시,강북구,중고차판매점,3.0,3.0,4.0
서울특별시,강북구,중식음식점,114.0,115.0,116.0
서울특별시,강북구,채소가게,90.0,89.0,84.0
서울특별시,강북구,철물점,45.0,44.0,45.0
서울특별시,강북구,치과의원,122.0,121.0,124.0
서울특별시,강북구,침구ㆍ커튼가게,36.0,35.0,39.0
서울특별시,강북구,커피음료점,384.0,382.0,410.0
서울특별시,강북구,컴퓨터판매점,34.0,34.0,33.0
서울특별시,강북구,통신판매업,3903.0,3866.0,3947.0
서울특별시,강북구,패스트푸드점,192.0,201.0,201.0
서울특별시,강북구,펜션ㆍ게스트하우스,16.0,16.0,5.0
서울특별시,강북구,편의점,230.0,235.0,239.0
서울특별시,강북구,피부ㆍ비뇨기과의원,28.0,28.0,28.0
서울특별시,강북구,피부관리업,367.0,364.0,364.0
서울특별시,강북구,한방병원ㆍ한의원,94.0,94.0,92.0
서울특별시,강북구,한식음식점,1671.0,1675.0,1713.0
서울특별시,강북구,헬스클럽,68.0,69.0,64.0
서울특별시,강북구,호프주점,202.0,203.0,216.0
서울특별시,강북구,화장품가게,137.0,139.0,141.0
서울특별시,강북구,휴대폰가게,96.0,96.0,93.0
서울특별시,강서구,LPG 충전소,10.0,11.0,13.0
서울특별시,강서구,pc방,54.0,54.0,59.0
서울특별시,강서구,가구점,39.0,40.0,39.0
서울특별시,강서구,가전제품수리점,246.0,240.0,217.0
서울특별시,강서구,가전제품판매점,73.0,77.0,82.0
서울특별시,강서구,간이주점,158.0,161.0,166.0
서울특별시,강서구,간판광고물업,78.0,79.0,77.0
서울특별시,강서구,감정평가사,11.0,12.0,13.0
서울특별시,강서구,건강보조식품가게,142.0,142.0,135.0
서울특별시,강서구,건어물가게,37.0,38.0,34.0
서울특별시,강서구,건축사,138.0,139.0,140.0
서울특별시,강서구,결혼상담소,24.0,24.0,19.0
서울특별시,강서구,곡물가게,19.0,19.0,22.0
서울특별시,강서구,공인노무사,63.0,63.0,57.0
서울특별시,강서구,공인회계사,38.0,38.0,40.0
서울특별시,강서구,과일가게,89.0,92.0,90.0
서울특별시,강서구,교습소ㆍ공부방,629.0,620.0,578.0
서울특별시,강서구,교습학원,625.0,627.0,604.0
서울특별시,강서구,구내식당,116.0,116.0,121.0
서울특별시,강서구,기술ㆍ직업훈련학원,250.0,245.0,241.0
서울특별시,강서구,기술사,25.0,25.0,23.0
서울특별시,강서구,기타외국식음식점,300.0,306.0,301.0
서울특별시,강서구,기타음식점,118.0,121.0,131.0
서울특별시,강서구,기타일반의원,53.0,53.0,53.0
서울특별시,강서구,꽃가게,206.0,204.0,194.0
서울특별시,강서구,내과ㆍ소아과의원,152.0,152.0,150.0
서울특별시,강서구,노래방,279.0,275.0,277.0
서울특별시,강서구,담배ㆍ복권소매업,107.0,109.0,112.0
서울특별시,강서구,당구장,157.0,158.0,158.0
서울특별시,강서구,독서실,45.0,45.0,45.0
서울특별시,강서구,동물병원,49.0,50.0,51.0
서울특별시,강서구,목욕탕,36.0,36.0,34.0
서울특별시,강서구,문구점,87.0,86.0,80.0
서울특별시,강서구,미용실,1148.0,1148.0,1120.0
서울특별시,강서구,법무사,54.0,53.0,54.0
서울특별시,강서구,변리사,16.0,15.0,15.0
서울특별시,강서구,변호사,50.0,50.0,43.0
서울특별시,강서구,부동산중개업,1629.0,1621.0,1665.0
서울특별시,강서구,분식점,438.0,442.0,492.0
서울특별시,강서구,사진촬영업,288.0,285.0,282.0
서울특별시,강서구,산부인과의원,27.0,27.0,26.0
서울특별시,강서구,생선가게,61.0,60.0,62.0
서울특별시,강서구,서점,80.0,81.0,77.0
서울특별시,강서구,성형외과의원,7.0,7.0,7.0
서울특별시,강서구,세무사,305.0,305.0,298.0
서울특별시,강서구,세탁소,295.0,297.0,303.0
서울특별시,강서구,슈퍼마켓,189.0,190.0,187.0
서울특별시,강서구,스포츠교육기관,440.0,433.0,425.0
서울특별시,강서구,스포츠시설운영업,134.0,138.0,135.0
서울특별시,강서구,스포츠용품점,77.0,78.0,80.0
서울특별시,강서구,시계ㆍ귀금속점,67.0,66.0,62.0
서울특별시,강서구,식료품가게,245.0,245.0,230.0
서울특별시,강서구,신경정신과의원,32.0,32.0,30.0
서울특별시,강서구,신발가게,27.0,28.0,30.0
서울특별시,강서구,실내스크린골프점,88.0,89.0,91.0
서울특별시,강서구,실내장식가게,1026.0,1015.0,981.0
서울특별시,강서구,실외골프연습장,11.0,11.0,12.0
서울특별시,강서구,안경점,91.0,92.0,91.0
서울특별시,강서구,안과의원,25.0,25.0,24.0
서울특별시,강서구,애완용품점,130.0,132.0,135.0
서울특별시,강서구,약국,302.0,301.0,292.0
서울특별시,강서구,여관ㆍ모텔,74.0,74.0,75.0
서울특별시,강서구,여행사,381.0,380.0,346.0
서울특별시,강서구,예술학원,334.0,334.0,353.0
서울특별시,강서구,예식장,5.0,5.0,5.0
서울특별시,강서구,옷가게,532.0,537.0,560.0
서울특별시,강서구,의료용품가게,94.0,94.0,88.0
서울특별시,강서구,이륜자동차판매점,18.0,18.0,18.0
서울특별시,강서구,이발소,101.0,99.0,97.0
서울특별시,강서구,이비인후과의원,45.0,45.0,45.0
서울특별시,강서구,일반외과의원,82.0,82.0,82.0
서울특별시,강서구,일식음식점,354.0,361.0,378.0
서울특별시,강서구,자동차수리점,371.0,371.0,375.0
서울특별시,강서구,자전거판매점,17.0,17.0,19.0
서울특별시,강서구,장난감가게,44.0,46.0,42.0
서울특별시,강서구,정육점,160.0,161.0,166.0
서울특별시,강서구,제과점,270.0,268.0,256.0
서울특별시,강서구,종합병원,26.0,27.0,26.0
서울특별시,강서구,주유소,22.0,21.0,23.0
서울특별시,강서구,주차장운영업,201.0,199.0,196.0
서울특별시,강서구,중고차판매점,140.0,141.0,136.0
서울특별시,강서구,중식음식점,268.0,268.0,255.0
서울특별시,강서구,채소가게,106.0,106.0,99.0
서울특별시,강서구,철물점,68.0,69.0,66.0
서울특별시,강서구,치과의원,250.0,249.0,251.0
서울특별시,강서구,침구ㆍ커튼가게,61.0,61.0,62.0
서울특별시,강서구,커피음료점,846.0,856.0,857.0
서울특별시,강서구,컴퓨터판매점,79.0,75.0,71.0
서울특별시,강서구,통신판매업,9589.0,9550.0,9250.0
서울특별시,강서구,패스트푸드점,380.0,386.0,398.0
서울특별시,강서구,펜션ㆍ게스트하우스,68.0,64.0,42.0
서울특별시,강서구,편의점,481.0,482.0,495.0
서울특별시,강서구,피부ㆍ비뇨기과의원,73.0,73.0,74.0
서울특별시,강서구,피부관리업,974.0,968.0,925.0
서울특별시,강서구,한방병원ㆍ한의원,216.0,215.0,211.0
서울특별시,강서구,한식음식점,2857.0,2860.0,2891.0
서울특별시,강서구,헬스클럽,228.0,230.0,231.0
서울특별시,강서구,호프주점,193.0,194.0,203.0
서울특별시,강서구,화장품가게,387.0,392.0,398.0
서울특별시,강서구,휴대폰가게,176.0,176.0,172.0
서울특별시,관악구,LPG 충전소,3.0,3.0,3.0
서울특별시,관악구,pc방,77.0,77.0,80.0
서울특별시,관악구,가구점,30.0,30.0,26.0
서울특별시,관악구,가전제품수리점,199.0,192.0,166.0
서울특별시,관악구,가전제품판매점,48.0,48.0,49.0
서울특별시,관악구,간이주점,131.0,128.0,140.0
서울특별시,관악구,간판광고물업,62.0,62.0,64.0
서울특별시,관악구,감정평가사,7.0,7.0,6.0
서울특별시,관악구,건강보조식품가게,105.0,105.0,104.0
서울특별시,관악구,건어물가게,27.0,27.0,25.0
서울특별시,관악구,건축사,83.0,83.0,83.0
서울특별시,관악구,결혼상담소,11.0,12.0,13.0
서울특별시,관악구,곡물가게,26.0,28.0,28.0
서울특별시,관악구,공인노무사,8.0,7.0,9.0
서울특별시,관악구,공인회계사,13.0,13.0,15.0
서울특별시,관악구,과일가게,69.0,69.0,61.0
서울특별시,관악구,교습소ㆍ공부방,295.0,290.0,297.0
서울특별시,관악구,교습학원,312.0,311.0,317.0
서울특별시,관악구,구내식당,120.0,120.0,127.0
서울특별시,관악구,기술ㆍ직업훈련학원,171.0,171.0,180.0
서울특별시,관악구,기술사,5.0,5.0,4.0
서울특별시,관악구,기타외국식음식점,265.0,267.0,267.0
서울특별시,관악구,기타음식점,110.0,112.0,122.0
서울특별시,관악구,기타일반의원,35.0,35.0,36.0
서울특별시,관악구,꽃가게,132.0,131.0,131.0
서울특별시,관악구,내과ㆍ소아과의원,108.0,109.0,109.0
서울특별시,관악구,노래방,227.0,228.0,246.0
서울특별시,관악구,담배ㆍ복권소매업,115.0,116.0,117.0
서울특별시,관악구,당구장,105.0,105.0,111.0
서울특별시,관악구,독서실,271.0,275.0,290.0
서울특별시,관악구,동물병원,28.0,28.0,27.0
서울특별시,관악구,목욕탕,18.0,18.0,18.0
서울특별시,관악구,문구점,51.0,51.0,52.0
서울특별시,관악구,미용실,911.0,911.0,898.0
서울특별시,관악구,법무사,67.0,66.0,53.0
서울특별시,관악구,변리사,8.0,8.0,6.0
서울특별시,관악구,변호사,42.0,41.0,39.0
서울특별시,관악구,부동산중개업,1138.0,1146.0,1124.0
서울특별시,관악구,분식점,437.0,440.0,452.0
서울특별시,관악구,사진촬영업,225.0,224.0,203.0
서울특별시,관악구,산부인과의원,25.0,25.0,25.0
서울특별시,관악구,생선가게,47.0,48.0,50.0
서울특별시,관악구,서점,56.0,56.0,57.0
서울특별시,관악구,성형외과의원,6.0,6.0,6.0
서울특별시,관악구,세무사,87.0,87.0,83.0
서울특별시,관악구,세탁소,373.0,377.0,371.0
서울특별시,관악구,슈퍼마켓,160.0,162.0,163.0
서울특별시,관악구,스포츠교육기관,295.0,291.0,288.0
서울특별시,관악구,스포츠시설운영업,86.0,88.0,91.0
서울특별시,관악구,스포츠용품점,76.0,77.0,75.0
서울특별시,관악구,시계ㆍ귀금속점,59.0,60.0,60.0
서울특별시,관악구,식료품가게,196.0,200.0,193.0
서울특별시,관악구,신경정신과의원,29.0,29.0,27.0
서울특별시,관악구,신발가게,42.0,42.0,47.0
서울특별시,관악구,실내스크린골프점,30.0,30.0,28.0
서울특별시,관악구,실내장식가게,729.0,725.0,696.0
서울특별시,관악구,실외골프연습장,13.0,14.0,14.0
서울특별시,관악구,안경점,75.0,75.0,78.0
서울특별시,관악구,안과의원,16.0,16.0,16.0
서울특별시,관악구,애완용품점,62.0,65.0,71.0
서울특별시,관악구,약국,238.0,235.0,237.0
서울특별시,관악구,여관ㆍ모텔,68.0,69.0,72.0
서울특별시,관악구,여행사,77.0,76.0,74.0
서울특별시,관악구,예술학원,240.0,240.0,237.0
서울특별시,관악구,예식장,3.0,3.0,3.0
서울특별시,관악구,옷가게,408.0,411.0,461.0
서울특별시,관악구,의료용품가게,45.0,44.0,44.0
서울특별시,관악구,이륜자동차판매점,29.0,29.0,32.0
서울특별시,관악구,이발소,117.0,117.0,116.0
서울특별시,관악구,이비인후과의원,27.0,27.0,26.0
서울특별시,관악구,일반외과의원,64.0,63.0,61.0
서울특별시,관악구,일식음식점,270.0,270.0,267.0
서울특별시,관악구,자동차수리점,228.0,227.0,221.0
서울특별시,관악구,자전거판매점,11.0,11.0,9.0
서울특별시,관악구,장난감가게,32.0,29.0,26.0
서울특별시,관악구,정육점,132.0,132.0,140.0
서울특별시,관악구,제과점,184.0,182.0,168.0
서울특별시,관악구,종합병원,13.0,13.0,13.0
서울특별시,관악구,주유소,14.0,14.0,14.0
서울특별시,관악구,주차장운영업,45.0,45.0,41.0
서울특별시,관악구,중고차판매점,4.0,4.0,3.0
서울특별시,관악구,중식음식점,214.0,215.0,223.0
서울특별시,관악구,채소가게,93.0,99.0,107.0
서울특별시,관악구,철물점,67.0,67.0,68.0
서울특별시,관악구,치과의원,204.0,206.0,204.0
서울특별시,관악구,침구ㆍ커튼가게,42.0,43.0,44.0
서울특별시,관악구,커피음료점,628.0,622.0,668.0
서울특별시,관악구,컴퓨터판매점,28.0,27.0,27.0
서울특별시,관악구,통신판매업,7175.0,7152.0,6745.0
서울특별시,관악구,패스트푸드점,336.0,338.0,331.0
서울특별시,관악구,펜션ㆍ게스트하우스,104.0,104.0,86.0
서울특별시,관악구,편의점,368.0,369.0,378.0
서울특별시,관악구,피부ㆍ비뇨기과의원,47.0,46.0,47.0
서울특별시,관악구,피부관리업,556.0,554.0,540.0
서울특별시,관악구,한방병원ㆍ한의원,142.0,142.0,141.0
서울특별시,관악구,한식음식점,2277.0,2281.0,2298.0
서울특별시,관악구,헬스클럽,154.0,154.0,148.0
서울특별시,관악구,호프주점,203.0,203.0,222.0
서울특별시,관악구,화장품가게,241.0,239.0,253.0
서울특별시,관악구,휴대폰가게,116.0,117.0,120.0
서울특별시,광진구,LPG 충전소,0.0,0.0,0.0
서울특별시,광진구,pc방,51.0,51.0,53.0
서울특별시,광진구,가구점,28.0,28.0,33.0
서울특별시,광진구,가전제품수리점,161.0,158.0,151.0
서울특별시,광진구,가전제품판매점,54.0,54.0,56.0
서울특별시,광진구,간이주점,91.0,93.0,100.0
서울특별시,광진구,간판광고물업,102.0,103.0,108.0
서울특별시,광진구,감정평가사,3.0,3.0,3.0
서울특별시,광진구,건강보조식품가게,86.0,86.0,81.0
서울특별시,광진구,건어물가게,15.0,15.0,17.0
서울특별시,광진구,건축사,115.0,116.0,111.0
서울특별시,광진구,결혼상담소,12.0,13.0,14.0
서울특별시,광진구,곡물가게,18.0,18.0,20.0
서울특별시,광진구,공인노무사,6.0,7.0,8.0
서울특별시,광진구,공인회계사,9.0,10.0,8.0
서울특별시,광진구,과일가게,55.0,55.0,53.0
서울특별시,광진구,교습소ㆍ공부방,295.0,297.0,278.0
서울특별시,광진구,교습학원,343.0,344.0,341.0
서울특별시,광진구,구내식당,62.0,62.0,65.0
서울특별시,광진구,기술ㆍ직업훈련학원,168.0,166.0,156.0
서울특별시,광진구,기술사,14.0,14.0,17.0
서울특별시,광진구,기타외국식음식점,270.0,275.0,265.0
서울특별시,광진구,기타음식점,105.0,106.0,123.0
서울특별시,광진구,기타일반의원,38.0,37.0,35.0
서울특별시,광진구,꽃가게,133.0,131.0,131.0
서울특별시,광진구,내과ㆍ소아과의원,91.0,90.0,88.0
서울특별시,광진구,노래방,280.0,280.0,288.0
서울특별시,광진구,담배ㆍ복권소매업,63.0,63.0,63.0
서울특별시,광진구,당구장,139.0,138.0,142.0
서울특별시,광진구,독서실,57.0,57.0,58.0
서울특별시,광진구,동물병원,32.0,32.0,32.0
서울특별시,광진구,목욕탕,19.0,19.0,19.0
서울특별시,광진구,문구점,43.0,42.0,43.0
서울특별시,광진구,미용실,786.0,785.0,767.0
서울특별시,광진구,법무사,47.0,48.0,46.0
서울특별시,광진구,변리사,6.0,6.0,6.0
서울특별시,광진구,변호사,39.0,38.0,30.0
서울특별시,광진구,부동산중개업,1066.0,1073.0,1088.0
서울특별시,광진구,분식점,356.0,358.0,378.0
서울특별시,광진구,사진촬영업,303.0,300.0,275.0
서울특별시,광진구,산부인과의원,21.0,21.0,20.0
서울특별시,광진구,생선가게,29.0,29.0,27.0
서울특별시,광진구,서점,56.0,56.0,53.0
서울특별시,광진구,성형외과의원,4.0,4.0,5.0
서울특별시,광진구,세무사,122.0,120.0,115.0
서울특별시,광진구,세탁소,207.0,207.0,208.0
서울특별시,광진구,슈퍼마켓,121.0,123.0,119.0
서울특별시,광진구,스포츠교육기관,260.0,258.0,247.0
서울특별시,광진구,스포츠시설운영업,71.0,72.0,75.0
서울특별시,광진구,스포츠용품점,62.0,61.0,63.0
서울특별시,광진구,시계ㆍ귀금속점,61.0,62.0,63.0
서울특별시,광진구,식료품가게,146.0,147.0,153.0
서울특별시,광진구,신경정신과의원,26.0,26.0,25.0
서울특별시,광진구,신발가게,32.0,32.0,38.0
서울특별시,광진구,실내스크린골프점,34.0,34.0,30.0
서울특별시,광진구,실내장식가게,591.0,588.0,564.0
서울특별시,광진구,실외골프연습장,5.0,6.0,7.0
서울특별시,광진구,안경점,74.0,74.0,75.0
서울특별시,광진구,안과의원,16.0,16.0,15.0
서울특별시,광진구,애완용품점,73.0,76.0,71.0
서울특별시,광진구,약국,200.0,201.0,198.0
서울특별시,광진구,여관ㆍ모텔,51.0,51.0,50.0
서울특별시,광진구,여행사,136.0,135.0,131.0
서울특별시,광진구,예술학원,197.0,197.0,200.0
서울특별시,광진구,예식장,9.0,9.0,10.0
서울특별시,광진구,옷가게,412.0,408.0,425.0
서울특별시,광진구,의료용품가게,62.0,64.0,55.0
서울특별시,광진구,이륜자동차판매점,20.0,20.0,20.0
서울특별시,광진구,이발소,106.0,105.0,105.0
서울특별시,광진구,이비인후과의원,29.0,29.0,29.0
서울특별시,광진구,일반외과의원,55.0,54.0,52.0
서울특별시,광진구,일식음식점,297.0,301.0,290.0
서울특별시,광진구,자동차수리점,155.0,153.0,145.0
서울특별시,광진구,자전거판매점,26.0,25.0,25.0
서울특별시,광진구,장난감가게,25.0,23.0,18.0
서울특별시,광진구,정육점,85.0,84.0,85.0
서울특별시,광진구,제과점,178.0,179.0,174.0
서울특별시,광진구,종합병원,7.0,7.0,7.0
서울특별시,광진구,주유소,9.0,9.0,12.0
서울특별시,광진구,주차장운영업,62.0,61.0,55.0
서울특별시,광진구,중고차판매점,4.0,4.0,5.0
서울특별시,광진구,중식음식점,240.0,242.0,235.0
서울특별시,광진구,채소가게,55.0,57.0,57.0
서울특별시,광진구,철물점,52.0,52.0,56.0
서울특별시,광진구,치과의원,157.0,157.0,158.0
서울특별시,광진구,침구ㆍ커튼가게,32.0,32.0,38.0
서울특별시,광진구,커피음료점,634.0,638.0,620.0
서울특별시,광진구,컴퓨터판매점,67.0,67.0,63.0
서울특별시,광진구,통신판매업,6338.0,6318.0,6054.0
서울특별시,광진구,패스트푸드점,294.0,296.0,297.0
서울특별시,광진구,펜션ㆍ게스트하우스,91.0,84.0,57.0
서울특별시,광진구,편의점,312.0,315.0,326.0
서울특별시,광진구,피부ㆍ비뇨기과의원,45.0,44.0,44.0
서울특별시,광진구,피부관리업,548.0,544.0,517.0
서울특별시,광진구,한방병원ㆍ한의원,123.0,123.0,119.0
서울특별시,광진구,한식음식점,2003.0,1992.0,2011.0
서울특별시,광진구,헬스클럽,127.0,126.0,132.0
서울특별시,광진구,호프주점,210.0,210.0,229.0
서울특별시,광진구,화장품가게,213.0,215.0,231.0
서울특별시,광진구,휴대폰가게,254.0,253.0,244.0
서울특별시,구로구,LPG 충전소,4.0,4.0,4.0
서울특별시,구로구,pc방,36.0,36.0,42.0
서울특별시,구로구,가구점,22.0,22.0,23.0
서울특별시,구로구,가전제품수리점,156.0,154.0,161.0
서울특별시,구로구,가전제품판매점,60.0,62.0,58.0
서울특별시,구로구,간이주점,97.0,97.0,98.0
서울특별시,구로구,간판광고물업,88.0,87.0,86.0
서울특별시,구로구,감정평가사,4.0,4.0,4.0
서울특별시,구로구,건강보조식품가게,90.0,90.0,100.0
서울특별시,구로구,건어물가게,24.0,24.0,32.0
서울특별시,구로구,건축사,58.0,56.0,60.0
서울특별시,구로구,결혼상담소,23.0,22.0,22.0
서울특별시,구로구,곡물가게,25.0,26.0,25.0
서울특별시,구로구,공인노무사,40.0,40.0,36.0
서울특별시,구로구,공인회계사,42.0,42.0,44.0
서울특별시,구로구,과일가게,66.0,64.0,67.0
서울특별시,구로구,교습소ㆍ공부방,356.0,353.0,352.0
서울특별시,구로구,교습학원,340.0,338.0,336.0
서울특별시,구로구,구내식당,72.0,73.0,78.0
서울특별시,구로구,기술ㆍ직업훈련학원,136.0,138.0,143.0
서울특별시,구로구,기술사,23.0,23.0,19.0
서울특별시,구로구,기타외국식음식점,122.0,126.0,133.0
서울특별시,구로구,기타음식점,74.0,75.0,82.0
서울특별시,구로구,기타일반의원,41.0,39.0,39.0
서울특별시,구로구,꽃가게,119.0,119.0,123.0
서울특별시,구로구,내과ㆍ소아과의원,115.0,115.0,114.0
서울특별시,구로구,노래방,243.0,242.0,255.0
서울특별시,구로구,담배ㆍ복권소매업,91.0,91.0,86.0
서울특별시,구로구,당구장,96.0,95.0,102.0
서울특별시,구로구,독서실,45.0,46.0,47.0
서울특별시,구로구,동물병원,29.0,29.0,29.0
서울특별시,구로구,목욕탕,18.0,18.0,17.0
서울특별시,구로구,문구점,57.0,57.0,56.0
서울특별시,구로구,미용실,746.0,747.0,750.0
서울특별시,구로구,법무사,58.0,58.0,56.0
서울특별시,구로구,변리사,13.0,13.0,15.0
서울특별시,구로구,변호사,42.0,41.0,40.0
서울특별시,구로구,부동산중개업,965.0,969.0,998.0
서울특별시,구로구,분식점,319.0,322.0,325.0
서울특별시,구로구,사진촬영업,136.0,138.0,132.0
서울특별시,구로구,산부인과의원,15.0,15.0,15.0
서울특별시,구로구,생선가게,29.0,29.0,31.0
서울특별시,구로구,서점,59.0,58.0,60.0
서울특별시,구로구,성형외과의원,7.0,7.0,7.0
서울특별시,구로구,세무사,179.0,181.0,180.0
서울특별시,구로구,세탁소,172.0,172.0,167.0
서울특별시,구로구,슈퍼마켓,145.0,147.0,147.0
서울특별시,구로구,스포츠교육기관,235.0,234.0,223.0
서울특별시,구로구,스포츠시설운영업,112.0,110.0,111.0
서울특별시,구로구,스포츠용품점,47.0,47.0,57.0
서울특별시,구로구,시계ㆍ귀금속점,45.0,45.0,43.0
서울특별시,구로구,식료품가게,258.0,264.0,294.0
서울특별시,구로구,신경정신과의원,10.0,10.0,10.0
서울특별시,구로구,신발가게,28.0,28.0,33.0
서울특별시,구로구,실내스크린골프점,53.0,53.0,52.0
서울특별시,구로구,실내장식가게,714.0,707.0,681.0
서울특별시,구로구,실외골프연습장,11.0,11.0,12.0
서울특별시,구로구,안경점,70.0,70.0,74.0
서울특별시,구로구,안과의원,18.0,18.0,18.0
서울특별시,구로구,애완용품점,55.0,52.0,54.0
서울특별시,구로구,약국,208.0,204.0,201.0
서울특별시,구로구,여관ㆍ모텔,37.0,37.0,40.0
서울특별시,구로구,여행사,183.0,181.0,176.0
서울특별시,구로구,예술학원,206.0,207.0,211.0
서울특별시,구로구,예식장,6.0,6.0,6.0
서울특별시,구로구,옷가게,463.0,468.0,487.0
서울특별시,구로구,의료용품가게,58.0,59.0,59.0
서울특별시,구로구,이륜자동차판매점,15.0,15.0,16.0
서울특별시,구로구,이발소,80.0,80.0,76.0
서울특별시,구로구,이비인후과의원,24.0,24.0,24.0
서울특별시,구로구,일반외과의원,48.0,48.0,47.0
서울특별시,구로구,일식음식점,170.0,168.0,160.0
서울특별시,구로구,자동차수리점,224.0,226.0,232.0
서울특별시,구로구,자전거판매점,15.0,15.0,16.0
서울특별시,구로구,장난감가게,36.0,35.0,24.0
서울특별시,구로구,정육점,107.0,107.0,112.0
서울특별시,구로구,제과점,144.0,142.0,138.0
서울특별시,구로구,종합병원,21.0,21.0,22.0
서울특별시,구로구,주유소,17.0,17.0,16.0
서울특별시,구로구,주차장운영업,86.0,85.0,81.0
서울특별시,구로구,중고차판매점,4.0,4.0,3.0
서울특별시,구로구,중식음식점,350.0,349.0,352.0
서울특별시,구로구,채소가게,88.0,89.0,90.0
서울특별시,구로구,철물점,62.0,62.0,61.0
서울특별시,구로구,치과의원,177.0,177.0,175.0
서울특별시,구로구,침구ㆍ커튼가게,39.0,40.0,37.0
서울특별시,구로구,커피음료점,512.0,508.0,519.0
서울특별시,구로구,컴퓨터판매점,67.0,67.0,66.0
서울특별시,구로구,통신판매업,6392.0,6344.0,6226.0
서울특별시,구로구,패스트푸드점,310.0,316.0,309.0
서울특별시,구로구,펜션ㆍ게스트하우스,33.0,31.0,23.0
서울특별시,구로구,편의점,316.0,323.0,331.0
서울특별시,구로구,피부ㆍ비뇨기과의원,30.0,30.0,30.0
서울특별시,구로구,피부관리업,449.0,451.0,442.0
서울특별시,구로구,한방병원ㆍ한의원,123.0,123.0,120.0
서울특별시,구로구,한식음식점,1983.0,1987.0,2007.0
서울특별시,구로구,헬스클럽,100.0,100.0,108.0
서울특별시,구로구,호프주점,278.0,279.0,289.0
서울특별시,구로구,화장품가게,234.0,237.0,252.0
서울특별시,구로구,휴대폰가게,286.0,284.0,282.0
서울특별시,금천구,pc방,26.0,26.0,30.0
서울특별시,금천구,가구점,20.0,21.0,23.0
서울특별시,금천구,가전제품수리점,137.0,136.0,117.0
서울특별시,금천구,가전제품판매점,57.0,58.0,57.0
서울특별시,금천구,간이주점,79.0,83.0,89.0
서울특별시,금천구,간판광고물업,102.0,102.0,105.0
서울특별시,금천구,감정평가사,16.0,17.0,14.0
서울특별시,금천구,건강보조식품가게,64.0,68.0,77.0
서울특별시,금천구,건어물가게,29.0,29.0,31.0
서울특별시,금천구,건축사,88.0,87.0,84.0
서울특별시,금천구,결혼상담소,17.0,17.0,14.0
서울특별시,금천구,곡물가게,17.0,19.0,17.0
서울특별시,금천구,공인노무사,51.0,52.0,45.0
서울특별시,금천구,공인회계사,52.0,51.0,49.0
서울특별시,금천구,과일가게,44.0,45.0,48.0
서울특별시,금천구,교습소ㆍ공부방,142.0,140.0,139.0
서울특별시,금천구,교습학원,166.0,168.0,173.0
서울특별시,금천구,구내식당,55.0,56.0,59.0
서울특별시,금천구,기술ㆍ직업훈련학원,122.0,123.0,130.0
서울특별시,금천구,기술사,35.0,35.0,35.0
서울특별시,금천구,기타외국식음식점,106.0,109.0,116.0
서울특별시,금천구,기타음식점,78.0,77.0,81.0
서울특별시,금천구,기타일반의원,18.0,18.0,17.0
서울특별시,금천구,꽃가게,68.0,67.0,65.0
서울특별시,금천구,내과ㆍ소아과의원,57.0,57.0,57.0
서울특별시,금천구,노래방,153.0,155.0,162.0
서울특별시,금천구,담배ㆍ복권소매업,54.0,54.0,51.0
서울특별시,금천구,당구장,76.0,75.0,76.0
서울특별시,금천구,독서실,28.0,29.0,32.0
서울특별시,금천구,동물병원,16.0,16.0,16.0
서울특별시,금천구,목욕탕,15.0,15.0,15.0
서울특별시,금천구,문구점,49.0,49.0,51.0
서울특별시,금천구,미용실,483.0,484.0,489.0
서울특별시,금천구,법무사,54.0,54.0,48.0
서울특별시,금천구,변리사,49.0,49.0,46.0
서울특별시,금천구,변호사,31.0,29.0,34.0
서울특별시,금천구,부동산중개업,943.0,949.0,986.0
서울특별시,금천구,분식점,224.0,232.0,244.0
서울특별시,금천구,사진촬영업,126.0,127.0,123.0
서울특별시,금천구,산부인과의원,11.0,11.0,12.0
서울특별시,금천구,생선가게,20.0,21.0,20.0
서울특별시,금천구,서점,39.0,40.0,45.0
서울특별시,금천구,성형외과의원,0.0,0.0,0.0
서울특별시,금천구,세무사,341.0,337.0,320.0
서울특별시,금천구,세탁소,135.0,136.0,134.0
서울특별시,금천구,슈퍼마켓,95.0,95.0,92.0
서울특별시,금천구,스포츠교육기관,126.0,124.0,122.0
서울특별시,금천구,스포츠시설운영업,49.0,48.0,53.0
서울특별시,금천구,스포츠용품점,78.0,80.0,88.0
서울특별시,금천구,시계ㆍ귀금속점,26.0,27.0,26.0
서울특별시,금천구,식료품가게,168.0,167.0,161.0
서울특별시,금천구,신경정신과의원,13.0,13.0,13.0
서울특별시,금천구,신발가게,28.0,29.0,31.0
서울특별시,금천구,실내스크린골프점,35.0,34.0,35.0
서울특별시,금천구,실내장식가게,697.0,699.0,671.0
서울특별시,금천구,실외골프연습장,3.0,3.0,4.0
서울특별시,금천구,안경점,34.0,33.0,35.0
서울특별시,금천구,안과의원,9.0,9.0,9.0
서울특별시,금천구,애완용품점,54.0,55.0,60.0
서울특별시,금천구,약국,143.0,145.0,142.0
서울특별시,금천구,여관ㆍ모텔,31.0,31.0,30.0
서울특별시,금천구,여행사,166.0,167.0,166.0
서울특별시,금천구,예술학원,112.0,112.0,109.0
서울특별시,금천구,예식장,0.0,0.0,0.0
서울특별시,금천구,옷가게,298.0,300.0,324.0
서울특별시,금천구,의료용품가게,64.0,64.0,55.0
서울특별시,금천구,이륜자동차판매점,12.0,12.0,12.0
서울특별시,금천구,이발소,57.0,57.0,59.0
서울특별시,금천구,이비인후과의원,15.0,15.0,15.0
서울특별시,금천구,일반외과의원,33.0,33.0,32.0
서울특별시,금천구,일식음식점,120.0,120.0,125.0
서울특별시,금천구,자동차수리점,193.0,193.0,197.0
서울특별시,금천구,자전거판매점,4.0,4.0,4.0
서울특별시,금천구,장난감가게,23.0,22.0,17.0
서울특별시,금천구,정육점,87.0,87.0,83.0
서울특별시,금천구,제과점,95.0,92.0,83.0
서울특별시,금천구,종합병원,14.0,14.0,14.0
서울특별시,금천구,주유소,11.0,11.0,10.0
서울특별시,금천구,주차장운영업,126.0,126.0,127.0
서울특별시,금천구,중고차판매점,4.0,4.0,5.0
서울특별시,금천구,중식음식점,192.0,194.0,191.0
서울특별시,금천구,채소가게,52.0,54.0,58.0
서울특별시,금천구,철물점,39.0,37.0,38.0
서울특별시,금천구,치과의원,110.0,109.0,109.0
서울특별시,금천구,침구ㆍ커튼가게,29.0,29.0,34.0
서울특별시,금천구,커피음료점,453.0,459.0,479.0
서울특별시,금천구,컴퓨터판매점,89.0,89.0,89.0
서울특별시,금천구,통신판매업,5860.0,5847.0,5333.0
서울특별시,금천구,패스트푸드점,214.0,214.0,220.0
서울특별시,금천구,펜션ㆍ게스트하우스,10.0,10.0,6.0
서울특별시,금천구,편의점,274.0,276.0,283.0
서울특별시,금천구,피부ㆍ비뇨기과의원,16.0,16.0,15.0
서울특별시,금천구,피부관리업,278.0,274.0,263.0
서울특별시,금천구,한방병원ㆍ한의원,79.0,79.0,77.0
서울특별시,금천구,한식음식점,1645.0,1647.0,1678.0
서울특별시,금천구,헬스클럽,76.0,77.0,69.0
서울특별시,금천구,호프주점,145.0,144.0,148.0
서울특별시,금천구,화장품가게,185.0,186.0,188.0
서울특별시,금천구,휴대폰가게,138.0,135.0,129.0
서울특별시,노원구,LPG 충전소,4.0,4.0,7.0
서울특별시,노원구,pc방,46.0,44.0,47.0
서울특별시,노원구,가구점,36.0,36.0,41.0
서울특별시,노원구,가전제품수리점,231.0,227.0,212.0
서울특별시,노원구,가전제품판매점,39.0,37.0,36.0
서울특별시,노원구,간이주점,74.0,75.0,76.0
서울특별시,노원구,간판광고물업,37.0,37.0,37.0
서울특별시,노원구,감정평가사,9.0,9.0,10.0
서울특별시,노원구,건강보조식품가게,57.0,60.0,63.0
서울특별시,노원구,건어물가게,21.0,20.0,21.0
서울특별시,노원구,건축사,41.0,41.0,42.0
서울특별시,노원구,결혼상담소,8.0,8.0,8.0
서울특별시,노원구,곡물가게,19.0,18.0,18.0
서울특별시,노원구,공인노무사,11.0,12.0,7.0
서울특별시,노원구,공인회계사,7.0,6.0,6.0
서울특별시,노원구,과일가게,65.0,65.0,57.0
서울특별시,노원구,교습소ㆍ공부방,825.0,827.0,805.0
서울특별시,노원구,교습학원,588.0,589.0,605.0
서울특별시,노원구,구내식당,67.0,68.0,75.0
서울특별시,노원구,기술ㆍ직업훈련학원,159.0,159.0,145.0
서울특별시,노원구,기술사,11.0,10.0,8.0
서울특별시,노원구,기타외국식음식점,158.0,157.0,159.0
서울특별시,노원구,기타음식점,113.0,115.0,121.0
서울특별시,노원구,기타일반의원,46.0,46.0,46.0
서울특별시,노원구,꽃가게,122.0,123.0,128.0
서울특별시,노원구,내과ㆍ소아과의원,115.0,115.0,116.0
서울특별시,노원구,노래방,218.0,217.0,228.0
서울특별시,노원구,담배ㆍ복권소매업,70.0,70.0,72.0
서울특별시,노원구,당구장,121.0,122.0,123.0
서울특별시,노원구,독서실,68.0,69.0,69.0
서울특별시,노원구,동물병원,46.0,46.0,45.0
서울특별시,노원구,목욕탕,15.0,15.0,16.0
서울특별시,노원구,문구점,62.0,64.0,74.0
서울특별시,노원구,미용실,829.0,829.0,817.0
서울특별시,노원구,법무사,43.0,43.0,42.0
서울특별시,노원구,변리사,0.0,0.0,0.0
서울특별시,노원구,변호사,17.0,18.0,17.0
서울특별시,노원구,부동산중개업,795.0,802.0,821.0
서울특별시,노원구,분식점,368.0,373.0,392.0
서울특별시,노원구,사진촬영업,182.0,181.0,181.0
서울특별시,노원구,산부인과의원,23.0,23.0,23.0
서울특별시,노원구,생선가게,27.0,27.0,26.0
서울특별시,노원구,서점,86.0,86.0,88.0
서울특별시,노원구,성형외과의원,10.0,10.0,13.0
서울특별시,노원구,세무사,38.0,38.0,38.0
서울특별시,노원구,세탁소,162.0,162.0,160.0
서울특별시,노원구,슈퍼마켓,128.0,122.0,124.0
서울특별시,노원구,스포츠교육기관,318.0,320.0,324.0
서울특별시,노원구,스포츠시설운영업,112.0,109.0,114.0
서울특별시,노원구,스포츠용품점,50.0,47.0,44.0
서울특별시,노원구,시계ㆍ귀금속점,43.0,42.0,46.0
서울특별시,노원구,식료품가게,194.0,192.0,196.0
서울특별시,노원구,신경정신과의원,26.0,26.0,25.0
서울특별시,노원구,신발가게,30.0,30.0,31.0
서울특별시,노원구,실내스크린골프점,59.0,59.0,57.0
서울특별시,노원구,실내장식가게,651.0,649.0,651.0
서울특별시,노원구,실외골프연습장,20.0,20.0,24.0
서울특별시,노원구,안경점,81.0,81.0,81.0
서울특별시,노원구,안과의원,21.0,21.0,22.0
서울특별시,노원구,애완용품점,77.0,75.0,67.0
서울특별시,노원구,약국,232.0,234.0,238.0
서울특별시,노원구,여관ㆍ모텔,20.0,20.0,23.0
서울특별시,노원구,여행사,70.0,70.0,69.0
서울특별시,노원구,예술학원,246.0,245.0,253.0
서울특별시,노원구,예식장,3.0,3.0,3.0
서울특별시,노원구,옷가게,457.0,463.0,490.0
서울특별시,노원구,의료용품가게,67.0,68.0,64.0
서울특별시,노원구,이륜자동차판매점,10.0,10.0,9.0
서울특별시,노원구,이발소,96.0,96.0,94.0
서울특별시,노원구,이비인후과의원,35.0,35.0,34.0
서울특별시,노원구,일반외과의원,59.0,59.0,61.0
서울특별시,노원구,일식음식점,200.0,204.0,189.0
서울특별시,노원구,자동차수리점,183.0,184.0,185.0
서울특별시,노원구,자전거판매점,24.0,24.0,23.0
서울특별시,노원구,장난감가게,22.0,22.0,21.0
서울특별시,노원구,정육점,104.0,106.0,112.0
서울특별시,노원구,제과점,192.0,189.0,182.0
서울특별시,노원구,종합병원,19.0,19.0,19.0
서울특별시,노원구,주유소,13.0,13.0,13.0
서울특별시,노원구,주차장운영업,22.0,22.0,21.0
서울특별시,노원구,중고차판매점,5.0,5.0,4.0
서울특별시,노원구,중식음식점,143.0,148.0,151.0
서울특별시,노원구,채소가게,87.0,89.0,79.0
서울특별시,노원구,철물점,51.0,50.0,49.0
서울특별시,노원구,치과의원,200.0,201.0,200.0
서울특별시,노원구,침구ㆍ커튼가게,40.0,39.0,39.0
서울특별시,노원구,커피음료점,520.0,524.0,533.0
서울특별시,노원구,컴퓨터판매점,34.0,35.0,38.0
서울특별시,노원구,통신판매업,5847.0,5813.0,5764.0
서울특별시,노원구,패스트푸드점,332.0,326.0,329.0
서울특별시,노원구,펜션ㆍ게스트하우스,8.0,9.0,4.0
서울특별시,노원구,편의점,300.0,300.0,307.0
서울특별시,노원구,피부ㆍ비뇨기과의원,58.0,60.0,58.0
서울특별시,노원구,피부관리업,488.0,484.0,474.0
서울특별시,노원구,한방병원ㆍ한의원,150.0,150.0,151.0
서울특별시,노원구,한식음식점,1741.0,1764.0,1790.0
서울특별시,노원구,헬스클럽,124.0,122.0,126.0
서울특별시,노원구,호프주점,178.0,180.0,189.0
서울특별시,노원구,화장품가게,223.0,224.0,252.0
서울특별시,노원구,휴대폰가게,112.0,109.0,121.0
서울특별시,도봉구,LPG 충전소,3.0,3.0,5.0
서울특별시,도봉구,pc방,26.0,26.0,27.0
서울특별시,도봉구,가구점,17.0,17.0,17.0
서울특별시,도봉구,가전제품수리점,166.0,167.0,155.0
서울특별시,도봉구,가전제품판매점,35.0,32.0,33.0
서울특별시,도봉구,간이주점,67.0,67.0,72.0
서울특별시,도봉구,간판광고물업,45.0,45.0,48.0
서울특별시,도봉구,감정평가사,0.0,0.0,0.0
서울특별시,도봉구,건강보조식품가게,53.0,54.0,56.0
서울특별시,도봉구,건어물가게,22.0,21.0,24.0
서울특별시,도봉구,건축사,39.0,38.0,38.0
서울특별시,도봉구,결혼상담소,4.0,4.0,4.0
서울특별시,도봉구,곡물가게,15.0,15.0,14.0
서울특별시,도봉구,공인노무사,5.0,5.0,5.0
서울특별시,도봉구,공인회계사,7.0,7.0,6.0
서울특별시,도봉구,과일가게,38.0,38.0,42.0
서울특별시,도봉구,교습소ㆍ공부방,351.0,352.0,336.0
서울특별시,도봉구,교습학원,247.0,249.0,249.0
서울특별시,도봉구,구내식당,53.0,53.0,53.0
서울특별시,도봉구,기술ㆍ직업훈련학원,108.0,108.0,101.0
서울특별시,도봉구,기술사,0.0,0.0,0.0
서울특별시,도봉구,기타외국식음식점,72.0,72.0,72.0
서울특별시,도봉구,기타음식점,51.0,52.0,53.0
서울특별시,도봉구,기타일반의원,20.0,20.0,22.0
서울특별시,도봉구,꽃가게,72.0,72.0,67.0
서울특별시,도봉구,내과ㆍ소아과의원,63.0,63.0,63.0
서울특별시,도봉구,노래방,150.0,150.0,157.0
서울특별시,도봉구,담배ㆍ복권소매업,50.0,51.0,54.0
서울특별시,도봉구,당구장,100.0,100.0,99.0
서울특별시,도봉구,독서실,31.0,32.0,33.0
서울특별시,도봉구,동물병원,25.0,26.0,26.0
서울특별시,도봉구,목욕탕,18.0,18.0,18.0
서울특별시,도봉구,문구점,32.0,32.0,37.0
서울특별시,도봉구,미용실,597.0,598.0,599.0
서울특별시,도봉구,법무사,70.0,69.0,70.0
서울특별시,도봉구,변리사,0.0,0.0,0.0
서울특별시,도봉구,변호사,69.0,67.0,73.0
서울특별시,도봉구,부동산중개업,515.0,522.0,546.0
서울특별시,도봉구,분식점,202.0,206.0,231.0
서울특별시,도봉구,사진촬영업,93.0,92.0,88.0
서울특별시,도봉구,산부인과의원,7.0,7.0,7.0
서울특별시,도봉구,생선가게,27.0,28.0,30.0
서울특별시,도봉구,서점,35.0,36.0,43.0
서울특별시,도봉구,세무사,49.0,48.0,52.0
서울특별시,도봉구,세탁소,123.0,124.0,122.0
서울특별시,도봉구,슈퍼마켓,123.0,122.0,92.0
서울특별시,도봉구,스포츠교육기관,166.0,167.0,162.0
서울특별시,도봉구,스포츠시설운영업,52.0,52.0,49.0
서울특별시,도봉구,스포츠용품점,95.0,93.0,91.0
서울특별시,도봉구,시계ㆍ귀금속점,34.0,34.0,36.0
서울특별시,도봉구,식료품가게,178.0,177.0,152.0
서울특별시,도봉구,신경정신과의원,8.0,8.0,7.0
서울특별시,도봉구,신발가게,21.0,20.0,21.0
서울특별시,도봉구,실내스크린골프점,26.0,26.0,25.0
서울특별시,도봉구,실내장식가게,600.0,597.0,587.0
서울특별시,도봉구,실외골프연습장,4.0,4.0,5.0
서울특별시,도봉구,안경점,50.0,50.0,51.0
서울특별시,도봉구,안과의원,8.0,8.0,11.0
서울특별시,도봉구,애완용품점,51.0,53.0,59.0
서울특별시,도봉구,약국,126.0,127.0,125.0
서울특별시,도봉구,여관ㆍ모텔,16.0,16.0,15.0
서울특별시,도봉구,여행사,41.0,41.0,39.0
서울특별시,도봉구,예술학원,107.0,108.0,114.0
서울특별시,도봉구,예식장,0.0,0.0,0.0
서울특별시,도봉구,옷가게,596.0,597.0,553.0
서울특별시,도봉구,의료용품가게,27.0,27.0,28.0
서울특별시,도봉구,이륜자동차판매점,8.0,8.0,7.0
서울특별시,도봉구,이발소,65.0,65.0,68.0
서울특별시,도봉구,이비인후과의원,16.0,16.0,16.0
서울특별시,도봉구,일반외과의원,35.0,36.0,34.0
서울특별시,도봉구,일식음식점,89.0,88.0,97.0
서울특별시,도봉구,자동차수리점,162.0,163.0,161.0
서울특별시,도봉구,자전거판매점,10.0,10.0,10.0
서울특별시,도봉구,장난감가게,15.0,14.0,11.0
서울특별시,도봉구,정육점,98.0,98.0,96.0
서울특별시,도봉구,제과점,108.0,107.0,104.0
서울특별시,도봉구,종합병원,17.0,17.0,17.0
서울특별시,도봉구,주유소,12.0,12.0,14.0
서울특별시,도봉구,주차장운영업,24.0,24.0,21.0
서울특별시,도봉구,중고차판매점,3.0,3.0,3.0
서울특별시,도봉구,중식음식점,79.0,80.0,79.0
서울특별시,도봉구,채소가게,70.0,69.0,65.0
서울특별시,도봉구,철물점,41.0,41.0,38.0
서울특별시,도봉구,치과의원,108.0,108.0,108.0
서울특별시,도봉구,침구ㆍ커튼가게,29.0,29.0,27.0
서울특별시,도봉구,커피음료점,325.0,322.0,322.0
서울특별시,도봉구,컴퓨터판매점,14.0,15.0,17.0
서울특별시,도봉구,통신판매업,4045.0,4024.0,3970.0
서울특별시,도봉구,패스트푸드점,188.0,189.0,183.0
서울특별시,도봉구,펜션ㆍ게스트하우스,13.0,11.0,7.0
서울특별시,도봉구,편의점,225.0,225.0,234.0
서울특별시,도봉구,피부ㆍ비뇨기과의원,18.0,18.0,16.0
서울특별시,도봉구,피부관리업,292.0,288.0,276.0
서울특별시,도봉구,한방병원ㆍ한의원,87.0,87.0,85.0
서울특별시,도봉구,한식음식점,1230.0,1229.0,1237.0
서울특별시,도봉구,헬스클럽,78.0,78.0,77.0
서울특별시,도봉구,호프주점,141.0,142.0,156.0
서울특별시,도봉구,화장품가게,132.0,135.0,134.0
서울특별시,도봉구,휴대폰가게,116.0,116.0,104.0
서울특별시,동대문구,LPG 충전소,3.0,3.0,4.0
서울특별시,동대문구,pc방,37.0,37.0,36.0
서울특별시,동대문구,가구점,32.0,33.0,31.0
서울특별시,동대문구,가전제품수리점,136.0,139.0,134.0
서울특별시,동대문구,가전제품판매점,38.0,38.0,43.0
서울특별시,동대문구,간이주점,68.0,69.0,82.0
서울특별시,동대문구,간판광고물업,79.0,79.0,79.0
서울특별시,동대문구,감정평가사,0.0,0.0,0.0
서울특별시,동대문구,건강보조식품가게,223.0,224.0,243.0
서울특별시,동대문구,건어물가게,55.0,58.0,57.0
서울특별시,동대문구,건축사,59.0,59.0,57.0
서울특별시,동대문구,결혼상담소,3.0,4.0,0.0
서울특별시,동대문구,곡물가게,34.0,34.0,38.0
서울특별시,동대문구,공인노무사,8.0,8.0,6.0
서울특별시,동대문구,공인회계사,21.0,20.0,15.0
서울특별시,동대문구,과일가게,107.0,107.0,98.0
서울특별시,동대문구,교습소ㆍ공부방,298.0,296.0,275.0
서울특별시,동대문구,교습학원,348.0,346.0,322.0
서울특별시,동대문구,구내식당,83.0,82.0,85.0
서울특별시,동대문구,기술ㆍ직업훈련학원,131.0,128.0,127.0
서울특별시,동대문구,기술사,13.0,13.0,14.0
서울특별시,동대문구,기타외국식음식점,203.0,200.0,182.0
서울특별시,동대문구,기타음식점,93.0,93.0,94.0
서울특별시,동대문구,기타일반의원,33.0,33.0,33.0
서울특별시,동대문구,꽃가게,109.0,112.0,99.0
서울특별시,동대문구,내과ㆍ소아과의원,93.0,93.0,88.0
서울특별시,동대문구,노래방,152.0,153.0,160.0
서울특별시,동대문구,담배ㆍ복권소매업,100.0,100.0,101.0
서울특별시,동대문구,당구장,109.0,110.0,113.0
서울특별시,동대문구,독서실,65.0,65.0,74.0
서울특별시,동대문구,동물병원,32.0,31.0,31.0
서울특별시,동대문구,목욕탕,18.0,18.0,20.0
서울특별시,동대문구,문구점,57.0,57.0,51.0
서울특별시,동대문구,미용실,667.0,666.0,645.0
서울특별시,동대문구,법무사,17.0,17.0,17.0
서울특별시,동대문구,변리사,0.0,0.0,0.0
서울특별시,동대문구,변호사,22.0,22.0,21.0
서울특별시,동대문구,부동산중개업,1132.0,1134.0,1124.0
서울특별시,동대문구,분식점,333.0,332.0,359.0
서울특별시,동대문구,사진촬영업,186.0,185.0,168.0
서울특별시,동대문구,산부인과의원,19.0,19.0,19.0
서울특별시,동대문구,생선가게,84.0,86.0,81.0
서울특별시,동대문구,서점,53.0,53.0,52.0
서울특별시,동대문구,성형외과의원,4.0,4.0,4.0
서울특별시,동대문구,세무사,153.0,153.0,143.0
서울특별시,동대문구,세탁소,212.0,211.0,203.0
서울특별시,동대문구,슈퍼마켓,119.0,121.0,136.0
서울특별시,동대문구,스포츠교육기관,242.0,241.0,233.0
서울특별시,동대문구,스포츠시설운영업,59.0,60.0,65.0
서울특별시,동대문구,스포츠용품점,50.0,50.0,47.0
서울특별시,동대문구,시계ㆍ귀금속점,41.0,41.0,43.0
서울특별시,동대문구,식료품가게,252.0,257.0,258.0
서울특별시,동대문구,신경정신과의원,20.0,20.0,19.0
서울특별시,동대문구,신발가게,29.0,31.0,33.0
서울특별시,동대문구,실내스크린골프점,36.0,36.0,34.0
서울특별시,동대문구,실내장식가게,575.0,571.0,531.0
서울특별시,동대문구,실외골프연습장,0.0,0.0,0.0
서울특별시,동대문구,안경점,69.0,69.0,68.0
서울특별시,동대문구,안과의원,18.0,18.0,14.0
서울특별시,동대문구,애완용품점,54.0,54.0,53.0
서울특별시,동대문구,약국,237.0,240.0,227.0
서울특별시,동대문구,여관ㆍ모텔,89.0,90.0,92.0
서울특별시,동대문구,여행사,95.0,94.0,88.0
서울특별시,동대문구,예술학원,200.0,199.0,200.0
서울특별시,동대문구,예식장,4.0,4.0,3.0
서울특별시,동대문구,옷가게,493.0,492.0,482.0
서울특별시,동대문구,의료용품가게,48.0,46.0,39.0
서울특별시,동대문구,이륜자동차판매점,33.0,33.0,34.0
서울특별시,동대문구,이발소,83.0,83.0,85.0
서울특별시,동대문구,이비인후과의원,26.0,26.0,23.0
서울특별시,동대문구,일반외과의원,57.0,58.0,58.0
서울특별시,동대문구,일식음식점,181.0,181.0,175.0
서울특별시,동대문구,자동차수리점,244.0,246.0,244.0
서울특별시,동대문구,자전거판매점,14.0,14.0,15.0
서울특별시,동대문구,장난감가게,23.0,22.0,18.0
서울특별시,동대문구,정육점,142.0,142.0,136.0
서울특별시,동대문구,제과점,159.0,160.0,153.0
서울특별시,동대문구,종합병원,23.0,23.0,26.0
서울특별시,동대문구,주유소,15.0,15.0,16.0
서울특별시,동대문구,주차장운영업,82.0,84.0,79.0
서울특별시,동대문구,중고차판매점,7.0,8.0,8.0
서울특별시,동대문구,중식음식점,208.0,209.0,204.0
서울특별시,동대문구,채소가게,194.0,196.0,195.0
서울특별시,동대문구,철물점,52.0,52.0,52.0
서울특별시,동대문구,치과의원,170.0,172.0,170.0
서울특별시,동대문구,침구ㆍ커튼가게,37.0,34.0,38.0
서울특별시,동대문구,커피음료점,541.0,547.0,555.0
서울특별시,동대문구,컴퓨터판매점,28.0,29.0,29.0
서울특별시,동대문구,통신판매업,6801.0,6757.0,6391.0
서울특별시,동대문구,패스트푸드점,274.0,277.0,273.0
서울특별시,동대문구,펜션ㆍ게스트하우스,65.0,63.0,35.0
서울특별시,동대문구,편의점,316.0,316.0,316.0
서울특별시,동대문구,피부ㆍ비뇨기과의원,27.0,27.0,27.0
서울특별시,동대문구,피부관리업,401.0,403.0,385.0
서울특별시,동대문구,한방병원ㆍ한의원,156.0,159.0,153.0
서울특별시,동대문구,한식음식점,2141.0,2154.0,2171.0
서울특별시,동대문구,헬스클럽,116.0,114.0,112.0
서울특별시,동대문구,호프주점,159.0,160.0,167.0
서울특별시,동대문구,화장품가게,181.0,183.0,192.0
서울특별시,동대문구,휴대폰가게,104.0,101.0,100.0
서울특별시,동작구,pc방,39.0,39.0,44.0
서울특별시,동작구,가구점,19.0,19.0,21.0
서울특별시,동작구,가전제품수리점,129.0,126.0,121.0
서울특별시,동작구,가전제품판매점,38.0,37.0,35.0
서울특별시,동작구,간이주점,55.0,56.0,71.0
서울특별시,동작구,간판광고물업,58.0,57.0,59.0
서울특별시,동작구,감정평가사,6.0,6.0,6.0
서울특별시,동작구,건강보조식품가게,86.0,87.0,89.0
서울특별시,동작구,건어물가게,37.0,37.0,38.0
서울특별시,동작구,건축사,38.0,38.0,39.0
서울특별시,동작구,결혼상담소,3.0,4.0,5.0
서울특별시,동작구,곡물가게,5.0,5.0,9.0
서울특별시,동작구,공인노무사,7.0,7.0,0.0
서울특별시,동작구,공인회계사,13.0,13.0,13.0
서울특별시,동작구,과일가게,51.0,52.0,56.0
서울특별시,동작구,교습소ㆍ공부방,444.0,442.0,440.0
서울특별시,동작구,교습학원,355.0,355.0,342.0
서울특별시,동작구,구내식당,56.0,56.0,59.0
서울특별시,동작구,기술ㆍ직업훈련학원,152.0,153.0,155.0
서울특별시,동작구,기술사,4.0,4.0,3.0
서울특별시,동작구,기타외국식음식점,163.0,161.0,159.0
서울특별시,동작구,기타음식점,82.0,82.0,92.0
서울특별시,동작구,기타일반의원,35.0,36.0,35.0
서울특별시,동작구,꽃가게,120.0,120.0,126.0
서울특별시,동작구,내과ㆍ소아과의원,88.0,88.0,92.0
서울특별시,동작구,노래방,121.0,121.0,129.0
서울특별시,동작구,담배ㆍ복권소매업,75.0,75.0,79.0
서울특별시,동작구,당구장,82.0,82.0,80.0
서울특별시,동작구,독서실,123.0,124.0,136.0
서울특별시,동작구,동물병원,21.0,21.0,21.0
서울특별시,동작구,목욕탕,13.0,13.0,16.0
서울특별시,동작구,문구점,55.0,58.0,54.0
서울특별시,동작구,미용실,658.0,659.0,647.0
서울특별시,동작구,법무사,40.0,38.0,42.0
서울특별시,동작구,변리사,3.0,3.0,5.0
서울특별시,동작구,변호사,24.0,26.0,26.0
서울특별시,동작구,부동산중개업,968.0,971.0,998.0
서울특별시,동작구,분식점,308.0,309.0,329.0
서울특별시,동작구,사진촬영업,161.0,159.0,158.0
서울특별시,동작구,산부인과의원,15.0,15.0,15.0
서울특별시,동작구,생선가게,519.0,519.0,533.0
서울특별시,동작구,서점,62.0,62.0,61.0
서울특별시,동작구,성형외과의원,7.0,7.0,7.0
서울특별시,동작구,세무사,67.0,68.0,69.0
서울특별시,동작구,세탁소,192.0,193.0,195.0
서울특별시,동작구,슈퍼마켓,114.0,115.0,112.0
서울특별시,동작구,스포츠교육기관,218.0,216.0,221.0
서울특별시,동작구,스포츠시설운영업,75.0,75.0,83.0
서울특별시,동작구,스포츠용품점,38.0,38.0,43.0
서울특별시,동작구,시계ㆍ귀금속점,38.0,38.0,35.0
서울특별시,동작구,식료품가게,155.0,153.0,164.0
서울특별시,동작구,신경정신과의원,20.0,20.0,20.0
서울특별시,동작구,신발가게,17.0,17.0,18.0
서울특별시,동작구,실내스크린골프점,25.0,25.0,27.0
서울특별시,동작구,실내장식가게,481.0,480.0,466.0
서울특별시,동작구,실외골프연습장,5.0,5.0,6.0
서울특별시,동작구,안경점,54.0,54.0,56.0
서울특별시,동작구,안과의원,15.0,15.0,17.0
서울특별시,동작구,애완용품점,37.0,37.0,40.0
서울특별시,동작구,약국,203.0,201.0,203.0
서울특별시,동작구,여관ㆍ모텔,22.0,21.0,23.0
서울특별시,동작구,여행사,58.0,59.0,63.0
서울특별시,동작구,예술학원,182.0,183.0,181.0
서울특별시,동작구,예식장,0.0,0.0,0.0
서울특별시,동작구,옷가게,287.0,285.0,293.0
서울특별시,동작구,의료용품가게,38.0,37.0,39.0
서울특별시,동작구,이륜자동차판매점,14.0,14.0,13.0
서울특별시,동작구,이발소,54.0,54.0,56.0
서울특별시,동작구,이비인후과의원,32.0,32.0,31.0
서울특별시,동작구,일반외과의원,49.0,49.0,45.0
서울특별시,동작구,일식음식점,213.0,213.0,205.0
서울특별시,동작구,자동차수리점,98.0,99.0,100.0
서울특별시,동작구,자전거판매점,10.0,10.0,9.0
서울특별시,동작구,장난감가게,19.0,19.0,12.0
서울특별시,동작구,정육점,88.0,91.0,97.0
서울특별시,동작구,제과점,151.0,149.0,140.0
서울특별시,동작구,종합병원,7.0,7.0,7.0
서울특별시,동작구,주유소,7.0,7.0,7.0
서울특별시,동작구,주차장운영업,46.0,45.0,40.0
서울특별시,동작구,중고차판매점,3.0,3.0,3.0
서울특별시,동작구,중식음식점,137.0,139.0,137.0
서울특별시,동작구,채소가게,50.0,50.0,54.0
서울특별시,동작구,철물점,36.0,36.0,39.0
서울특별시,동작구,치과의원,177.0,176.0,175.0
서울특별시,동작구,침구ㆍ커튼가게,31.0,31.0,30.0
서울특별시,동작구,커피음료점,481.0,486.0,503.0
서울특별시,동작구,컴퓨터판매점,25.0,25.0,25.0
서울특별시,동작구,통신판매업,5106.0,5091.0,4895.0
서울특별시,동작구,패스트푸드점,289.0,288.0,287.0
서울특별시,동작구,펜션ㆍ게스트하우스,35.0,34.0,12.0
서울특별시,동작구,편의점,277.0,281.0,282.0
서울특별시,동작구,피부ㆍ비뇨기과의원,37.0,37.0,36.0
서울특별시,동작구,피부관리업,358.0,358.0,339.0
서울특별시,동작구,한방병원ㆍ한의원,134.0,134.0,133.0
서울특별시,동작구,한식음식점,1528.0,1530.0,1499.0
서울특별시,동작구,헬스클럽,100.0,100.0,96.0
서울특별시,동작구,호프주점,114.0,114.0,123.0
서울특별시,동작구,화장품가게,132.0,134.0,146.0
서울특별시,동작구,휴대폰가게,78.0,77.0,67.0
서울특별시,마포구,pc방,29.0,29.0,30.0
서울특별시,마포구,가구점,39.0,39.0,35.0
서울특별시,마포구,가전제품수리점,135.0,126.0,108.0
서울특별시,마포구,가전제품판매점,52.0,51.0,47.0
서울특별시,마포구,간이주점,187.0,190.0,212.0
서울특별시,마포구,간판광고물업,108.0,109.0,116.0
서울특별시,마포구,감정평가사,22.0,21.0,21.0
서울특별시,마포구,건강보조식품가게,89.0,88.0,90.0
서울특별시,마포구,건어물가게,17.0,17.0,16.0
서울특별시,마포구,건축사,241.0,240.0,226.0
서울특별시,마포구,결혼상담소,24.0,24.0,20.0
서울특별시,마포구,곡물가게,17.0,17.0,21.0
서울특별시,마포구,공인노무사,47.0,47.0,44.0
서울특별시,마포구,공인회계사,35.0,35.0,30.0
서울특별시,마포구,과일가게,42.0,39.0,37.0
서울특별시,마포구,교습소ㆍ공부방,464.0,461.0,448.0
서울특별시,마포구,교습학원,467.0,464.0,483.0
서울특별시,마포구,구내식당,110.0,110.0,116.0
서울특별시,마포구,기술ㆍ직업훈련학원,399.0,399.0,396.0
서울특별시,마포구,기술사,15.0,15.0,11.0
서울특별시,마포구,기타외국식음식점,930.0,942.0,936.0
서울특별시,마포구,기타음식점,202.0,200.0,204.0
서울특별시,마포구,기타일반의원,36.0,37.0,39.0
서울특별시,마포구,꽃가게,278.0,282.0,265.0
서울특별시,마포구,내과ㆍ소아과의원,106.0,106.0,105.0
서울특별시,마포구,노래방,173.0,173.0,180.0
서울특별시,마포구,담배ㆍ복권소매업,99.0,99.0,97.0
서울특별시,마포구,당구장,111.0,115.0,119.0
서울특별시,마포구,독서실,53.0,55.0,57.0
서울특별시,마포구,동물병원,49.0,49.0,45.0
서울특별시,마포구,목욕탕,17.0,18.0,17.0
서울특별시,마포구,문구점,95.0,97.0,94.0
서울특별시,마포구,미용실,1148.0,1138.0,1088.0
서울특별시,마포구,법무사,67.0,65.0,65.0
서울특별시,마포구,변리사,14.0,14.0,18.0
서울특별시,마포구,변호사,108.0,108.0,117.0
서울특별시,마포구,부동산중개업,1508.0,1509.0,1521.0
서울특별시,마포구,분식점,454.0,454.0,488.0
서울특별시,마포구,사진촬영업,578.0,575.0,601.0
서울특별시,마포구,산부인과의원,26.0,26.0,28.0
서울특별시,마포구,생선가게,42.0,42.0,42.0
서울특별시,마포구,서점,128.0,126.0,113.0
서울특별시,마포구,성형외과의원,12.0,13.0,14.0
서울특별시,마포구,세무사,274.0,275.0,269.0
서울특별시,마포구,세탁소,210.0,212.0,203.0
서울특별시,마포구,슈퍼마켓,150.0,145.0,151.0
서울특별시,마포구,스포츠교육기관,426.0,421.0,399.0
서울특별시,마포구,스포츠시설운영업,127.0,127.0,133.0
서울특별시,마포구,스포츠용품점,55.0,57.0,65.0
서울특별시,마포구,시계ㆍ귀금속점,51.0,51.0,44.0
서울특별시,마포구,식료품가게,163.0,166.0,161.0
서울특별시,마포구,신경정신과의원,47.0,47.0,43.0
서울특별시,마포구,신발가게,27.0,27.0,29.0
서울특별시,마포구,실내스크린골프점,32.0,33.0,35.0
서울특별시,마포구,실내장식가게,868.0,858.0,860.0
서울특별시,마포구,실외골프연습장,12.0,12.0,11.0
서울특별시,마포구,안경점,102.0,102.0,94.0
서울특별시,마포구,안과의원,17.0,17.0,15.0
서울특별시,마포구,애완용품점,85.0,87.0,72.0
서울특별시,마포구,약국,238.0,230.0,215.0
서울특별시,마포구,여관ㆍ모텔,24.0,24.0,28.0
서울특별시,마포구,여행사,631.0,628.0,613.0
서울특별시,마포구,예술학원,401.0,404.0,407.0
서울특별시,마포구,예식장,7.0,7.0,7.0
서울특별시,마포구,옷가게,608.0,611.0,633.0
서울특별시,마포구,의료용품가게,45.0,45.0,45.0
서울특별시,마포구,이륜자동차판매점,13.0,12.0,12.0
서울특별시,마포구,이발소,102.0,101.0,100.0
서울특별시,마포구,이비인후과의원,34.0,34.0,33.0
서울특별시,마포구,일반외과의원,53.0,53.0,54.0
서울특별시,마포구,일식음식점,721.0,723.0,722.0
서울특별시,마포구,자동차수리점,155.0,155.0,151.0
서울특별시,마포구,자전거판매점,23.0,23.0,21.0
서울특별시,마포구,장난감가게,70.0,70.0,49.0
서울특별시,마포구,정육점,81.0,81.0,79.0
서울특별시,마포구,제과점,438.0,439.0,399.0
서울특별시,마포구,종합병원,10.0,10.0,9.0
서울특별시,마포구,주유소,12.0,12.0,12.0
서울특별시,마포구,주차장운영업,105.0,105.0,99.0
서울특별시,마포구,중고차판매점,4.0,4.0,5.0
서울특별시,마포구,중식음식점,304.0,305.0,294.0
서울특별시,마포구,채소가게,53.0,55.0,56.0
서울특별시,마포구,철물점,49.0,49.0,45.0
서울특별시,마포구,치과의원,196.0,197.0,202.0
서울특별시,마포구,침구ㆍ커튼가게,33.0,33.0,37.0
서울특별시,마포구,커피음료점,1321.0,1323.0,1411.0
서울특별시,마포구,컴퓨터판매점,45.0,45.0,45.0
서울특별시,마포구,통신판매업,7966.0,7898.0,8034.0
서울특별시,마포구,패스트푸드점,373.0,379.0,362.0
서울특별시,마포구,펜션ㆍ게스트하우스,874.0,873.0,688.0
서울특별시,마포구,편의점,449.0,453.0,457.0
서울특별시,마포구,피부ㆍ비뇨기과의원,112.0,110.0,103.0
서울특별시,마포구,피부관리업,893.0,884.0,804.0
서울특별시,마포구,한방병원ㆍ한의원,151.0,150.0,161.0
서울특별시,마포구,한식음식점,3006.0,3018.0,3069.0
서울특별시,마포구,헬스클럽,165.0,165.0,162.0
서울특별시,마포구,호프주점,252.0,256.0,271.0
서울특별시,마포구,화장품가게,281.0,280.0,281.0
서울특별시,마포구,휴대폰가게,100.0,101.0,100.0
서울특별시,서대문구,pc방,34.0,33.0,35.0
서울특별시,서대문구,가구점,50.0,50.0,50.0
서울특별시,서대문구,가전제품수리점,95.0,93.0,91.0
서울특별시,서대문구,가전제품판매점,39.0,39.0,41.0
서울특별시,서대문구,간이주점,93.0,95.0,102.0
서울특별시,서대문구,간판광고물업,42.0,42.0,46.0
서울특별시,서대문구,감정평가사,5.0,5.0,6.0
서울특별시,서대문구,건강보조식품가게,71.0,68.0,63.0
서울특별시,서대문구,건어물가게,24.0,24.0,24.0
서울특별시,서대문구,건축사,68.0,68.0,65.0
서울특별시,서대문구,결혼상담소,5.0,4.0,5.0
서울특별시,서대문구,곡물가게,13.0,12.0,17.0
서울특별시,서대문구,공인노무사,5.0,5.0,3.0
서울특별시,서대문구,공인회계사,5.0,5.0,5.0
서울특별시,서대문구,과일가게,34.0,33.0,31.0
서울특별시,서대문구,교습소ㆍ공부방,336.0,339.0,324.0
서울특별시,서대문구,교습학원,332.0,329.0,324.0
서울특별시,서대문구,구내식당,87.0,88.0,95.0
서울특별시,서대문구,기술ㆍ직업훈련학원,143.0,142.0,135.0
서울특별시,서대문구,기술사,6.0,6.0,5.0
서울특별시,서대문구,기타외국식음식점,228.0,233.0,235.0
서울특별시,서대문구,기타음식점,143.0,143.0,153.0
서울특별시,서대문구,기타일반의원,26.0,26.0,23.0
서울특별시,서대문구,꽃가게,136.0,137.0,131.0
서울특별시,서대문구,내과ㆍ소아과의원,58.0,58.0,57.0
서울특별시,서대문구,노래방,86.0,86.0,92.0
서울특별시,서대문구,담배ㆍ복권소매업,71.0,71.0,68.0
서울특별시,서대문구,당구장,72.0,74.0,79.0
서울특별시,서대문구,독서실,61.0,61.0,70.0
서울특별시,서대문구,동물병원,25.0,25.0,24.0
서울특별시,서대문구,목욕탕,15.0,16.0,17.0
서울특별시,서대문구,문구점,49.0,49.0,49.0
서울특별시,서대문구,미용실,578.0,578.0,577.0
서울특별시,서대문구,법무사,11.0,11.0,11.0
서울특별시,서대문구,변리사,4.0,4.0,5.0
서울특별시,서대문구,변호사,24.0,23.0,28.0
서울특별시,서대문구,부동산중개업,770.0,773.0,785.0
서울특별시,서대문구,분식점,314.0,315.0,321.0
서울특별시,서대문구,사진촬영업,239.0,238.0,233.0
서울특별시,서대문구,산부인과의원,13.0,13.0,13.0
서울특별시,서대문구,생선가게,29.0,29.0,30.0
서울특별시,서대문구,서점,77.0,76.0,75.0
서울특별시,서대문구,성형외과의원,4.0,4.0,3.0
서울특별시,서대문구,세무사,48.0,47.0,48.0
서울특별시,서대문구,세탁소,145.0,145.0,146.0
서울특별시,서대문구,슈퍼마켓,99.0,102.0,95.0
서울특별시,서대문구,스포츠교육기관,208.0,210.0,195.0
서울특별시,서대문구,스포츠시설운영업,61.0,58.0,64.0
서울특별시,서대문구,스포츠용품점,23.0,21.0,23.0
서울특별시,서대문구,시계ㆍ귀금속점,33.0,33.0,32.0
서울특별시,서대문구,식료품가게,128.0,126.0,126.0
서울특별시,서대문구,신경정신과의원,14.0,13.0,13.0
서울특별시,서대문구,신발가게,21.0,21.0,24.0
서울특별시,서대문구,실내스크린골프점,17.0,16.0,18.0
서울특별시,서대문구,실내장식가게,415.0,418.0,414.0
서울특별시,서대문구,실외골프연습장,6.0,6.0,6.0
서울특별시,서대문구,안경점,60.0,60.0,60.0
서울특별시,서대문구,안과의원,14.0,14.0,15.0
서울특별시,서대문구,애완용품점,48.0,49.0,49.0
서울특별시,서대문구,약국,165.0,166.0,168.0
서울특별시,서대문구,여관ㆍ모텔,58.0,59.0,65.0
서울특별시,서대문구,여행사,159.0,158.0,172.0
서울특별시,서대문구,예술학원,170.0,169.0,159.0
서울특별시,서대문구,예식장,0.0,0.0,0.0
서울특별시,서대문구,옷가게,284.0,278.0,295.0
서울특별시,서대문구,의료용품가게,22.0,22.0,22.0
서울특별시,서대문구,이륜자동차판매점,13.0,13.0,12.0
서울특별시,서대문구,이발소,54.0,54.0,57.0
서울특별시,서대문구,이비인후과의원,19.0,19.0,18.0
서울특별시,서대문구,일반외과의원,42.0,40.0,41.0
서울특별시,서대문구,일식음식점,192.0,191.0,207.0
서울특별시,서대문구,자동차수리점,120.0,120.0,123.0
서울특별시,서대문구,자전거판매점,5.0,5.0,7.0
서울특별시,서대문구,장난감가게,13.0,15.0,10.0
서울특별시,서대문구,정육점,71.0,72.0,75.0
서울특별시,서대문구,제과점,162.0,162.0,163.0
서울특별시,서대문구,종합병원,14.0,14.0,13.0
서울특별시,서대문구,주유소,13.0,13.0,11.0
서울특별시,서대문구,주차장운영업,50.0,50.0,46.0
서울특별시,서대문구,중고차판매점,4.0,4.0,4.0
서울특별시,서대문구,중식음식점,161.0,162.0,164.0
서울특별시,서대문구,채소가게,64.0,63.0,71.0
서울특별시,서대문구,철물점,38.0,38.0,35.0
서울특별시,서대문구,치과의원,132.0,133.0,130.0
서울특별시,서대문구,침구ㆍ커튼가게,30.0,28.0,28.0
서울특별시,서대문구,커피음료점,462.0,464.0,484.0
서울특별시,서대문구,컴퓨터판매점,15.0,15.0,12.0
서울특별시,서대문구,통신판매업,4703.0,4660.0,4556.0
서울특별시,서대문구,패스트푸드점,221.0,222.0,222.0
서울특별시,서대문구,펜션ㆍ게스트하우스,113.0,110.0,84.0
서울특별시,서대문구,편의점,256.0,260.0,268.0
서울특별시,서대문구,피부ㆍ비뇨기과의원,28.0,28.0,28.0
서울특별시,서대문구,피부관리업,240.0,241.0,234.0
서울특별시,서대문구,한방병원ㆍ한의원,94.0,94.0,91.0
서울특별시,서대문구,한식음식점,1764.0,1759.0,1706.0
서울특별시,서대문구,헬스클럽,95.0,93.0,93.0
서울특별시,서대문구,호프주점,83.0,84.0,91.0
서울특별시,서대문구,화장품가게,133.0,138.0,135.0
서울특별시,서대문구,휴대폰가게,50.0,50.0,53.0
서울특별시,서초구,LPG 충전소,3.0,3.0,3.0
서울특별시,서초구,pc방,27.0,27.0,31.0
서울특별시,서초구,가구점,78.0,78.0,82.0
서울특별시,서초구,가전제품수리점,107.0,104.0,99.0
서울특별시,서초구,가전제품판매점,80.0,80.0,84.0
서울특별시,서초구,간이주점,52.0,53.0,58.0
서울특별시,서초구,간판광고물업,109.0,109.0,112.0
서울특별시,서초구,감정평가사,64.0,66.0,58.0
서울특별시,서초구,건강보조식품가게,163.0,165.0,170.0
서울특별시,서초구,건어물가게,10.0,11.0,10.0
서울특별시,서초구,건축사,509.0,510.0,497.0
서울특별시,서초구,결혼상담소,59.0,57.0,55.0
서울특별시,서초구,곡물가게,17.0,17.0,18.0
서울특별시,서초구,공인노무사,105.0,106.0,100.0
서울특별시,서초구,공인회계사,145.0,146.0,140.0
서울특별시,서초구,과일가게,30.0,30.0,26.0
서울특별시,서초구,교습소ㆍ공부방,672.0,669.0,637.0
서울특별시,서초구,교습학원,893.0,889.0,888.0
서울특별시,서초구,구내식당,122.0,121.0,130.0
서울특별시,서초구,기술ㆍ직업훈련학원,427.0,429.0,435.0
서울특별시,서초구,기술사,44.0,44.0,46.0
서울특별시,서초구,기타외국식음식점,530.0,538.0,532.0
서울특별시,서초구,기타음식점,126.0,129.0,134.0
서울특별시,서초구,기타일반의원,77.0,77.0,77.0
서울특별시,서초구,꽃가게,729.0,729.0,716.0
서울특별시,서초구,내과ㆍ소아과의원,149.0,148.0,143.0
서울특별시,서초구,노래방,162.0,162.0,169.0
서울특별시,서초구,담배ㆍ복권소매업,77.0,77.0,75.0
서울특별시,서초구,당구장,151.0,151.0,154.0
서울특별시,서초구,독서실,46.0,49.0,54.0
서울특별시,서초구,동물병원,62.0,61.0,54.0
서울특별시,서초구,목욕탕,23.0,22.0,24.0
서울특별시,서초구,문구점,98.0,99.0,97.0
서울특별시,서초구,미용실,736.0,735.0,722.0
서울특별시,서초구,법무사,771.0,765.0,744.0
서울특별시,서초구,변리사,173.0,172.0,169.0
서울특별시,서초구,변호사,2843.0,2850.0,2775.0
서울특별시,서초구,부동산중개업,3058.0,3044.0,2926.0
서울특별시,서초구,분식점,422.0,429.0,441.0
서울특별시,서초구,사진촬영업,438.0,439.0,436.0
서울특별시,서초구,산부인과의원,55.0,55.0,52.0
서울특별시,서초구,생선가게,16.0,17.0,14.0
서울특별시,서초구,서점,111.0,111.0,118.0
서울특별시,서초구,성형외과의원,198.0,198.0,190.0
서울특별시,서초구,세무사,905.0,903.0,879.0
서울특별시,서초구,세탁소,223.0,223.0,221.0
서울특별시,서초구,슈퍼마켓,151.0,147.0,153.0
서울특별시,서초구,스포츠교육기관,542.0,542.0,488.0
서울특별시,서초구,스포츠시설운영업,213.0,213.0,214.0
서울특별시,서초구,스포츠용품점,104.0,106.0,107.0
서울특별시,서초구,시계ㆍ귀금속점,94.0,94.0,94.0
서울특별시,서초구,식료품가게,175.0,172.0,182.0
서울특별시,서초구,신경정신과의원,84.0,84.0,81.0
서울특별시,서초구,신발가게,41.0,40.0,40.0
서울특별시,서초구,실내스크린골프점,74.0,73.0,72.0
서울특별시,서초구,실내장식가게,1042.0,1050.0,1062.0
서울특별시,서초구,실외골프연습장,18.0,18.0,20.0
서울특별시,서초구,안경점,114.0,114.0,110.0
서울특별시,서초구,안과의원,49.0,50.0,47.0
서울특별시,서초구,애완용품점,85.0,86.0,90.0
서울특별시,서초구,약국,338.0,336.0,325.0
서울특별시,서초구,여관ㆍ모텔,17.0,17.0,16.0
서울특별시,서초구,여행사,354.0,354.0,345.0
서울특별시,서초구,예술학원,442.0,436.0,415.0
서울특별시,서초구,예식장,12.0,10.0,10.0
서울특별시,서초구,옷가게,847.0,853.0,857.0
서울특별시,서초구,의료용품가게,107.0,109.0,110.0
서울특별시,서초구,이륜자동차판매점,9.0,9.0,10.0
서울특별시,서초구,이발소,72.0,71.0,69.0
서울특별시,서초구,이비인후과의원,40.0,40.0,42.0
서울특별시,서초구,일반외과의원,98.0,97.0,94.0
서울특별시,서초구,일식음식점,378.0,374.0,378.0
서울특별시,서초구,자동차수리점,287.0,288.0,293.0
서울특별시,서초구,자전거판매점,18.0,18.0,18.0
서울특별시,서초구,장난감가게,57.0,58.0,42.0
서울특별시,서초구,정육점,83.0,83.0,80.0
서울특별시,서초구,제과점,269.0,268.0,259.0
서울특별시,서초구,종합병원,21.0,21.0,20.0
서울특별시,서초구,주유소,26.0,26.0,28.0
서울특별시,서초구,주차장운영업,143.0,142.0,147.0
서울특별시,서초구,중고차판매점,53.0,52.0,51.0
서울특별시,서초구,중식음식점,218.0,221.0,229.0
서울특별시,서초구,채소가게,31.0,33.0,31.0
서울특별시,서초구,철물점,39.0,39.0,36.0
서울특별시,서초구,치과의원,318.0,320.0,320.0
서울특별시,서초구,침구ㆍ커튼가게,87.0,86.0,82.0
서울특별시,서초구,커피음료점,851.0,854.0,872.0
서울특별시,서초구,컴퓨터판매점,77.0,78.0,80.0
서울특별시,서초구,통신판매업,9383.0,9271.0,8819.0
서울특별시,서초구,패스트푸드점,347.0,351.0,338.0
서울특별시,서초구,펜션ㆍ게스트하우스,251.0,247.0,240.0
서울특별시,서초구,편의점,400.0,404.0,405.0
서울특별시,서초구,피부ㆍ비뇨기과의원,246.0,237.0,219.0
서울특별시,서초구,피부관리업,708.0,703.0,692.0
서울특별시,서초구,한방병원ㆍ한의원,282.0,279.0,269.0
서울특별시,서초구,한식음식점,2478.0,2486.0,2514.0
서울특별시,서초구,헬스클럽,261.0,259.0,248.0
서울특별시,서초구,호프주점,136.0,139.0,145.0
서울특별시,서초구,화장품가게,407.0,412.0,429.0
서울특별시,서초구,휴대폰가게,87.0,85.0,93.0
서울특별시,성동구,LPG 충전소,0.0,0.0,0.0
서울특별시,성동구,pc방,26.0,26.0,30.0
서울특별시,성동구,가구점,33.0,33.0,30.0
서울특별시,성동구,가전제품수리점,95.0,93.0,86.0
서울특별시,성동구,가전제품판매점,27.0,27.0,25.0
서울특별시,성동구,간이주점,65.0,67.0,73.0
서울특별시,성동구,간판광고물업,88.0,90.0,98.0
서울특별시,성동구,감정평가사,15.0,14.0,12.0
서울특별시,성동구,건강보조식품가게,58.0,57.0,63.0
서울특별시,성동구,건어물가게,10.0,10.0,9.0
서울특별시,성동구,건축사,203.0,201.0,195.0
서울특별시,성동구,결혼상담소,13.0,14.0,12.0
서울특별시,성동구,곡물가게,12.0,12.0,14.0
서울특별시,성동구,공인노무사,23.0,23.0,22.0
서울특별시,성동구,공인회계사,18.0,19.0,18.0
서울특별시,성동구,과일가게,30.0,32.0,27.0
서울특별시,성동구,교습소ㆍ공부방,236.0,233.0,229.0
서울특별시,성동구,교습학원,267.0,264.0,254.0
서울특별시,성동구,구내식당,60.0,60.0,67.0
서울특별시,성동구,기술ㆍ직업훈련학원,158.0,160.0,152.0
서울특별시,성동구,기술사,29.0,28.0,30.0
서울특별시,성동구,기타외국식음식점,429.0,432.0,440.0
서울특별시,성동구,기타음식점,84.0,87.0,92.0
서울특별시,성동구,기타일반의원,34.0,34.0,32.0
서울특별시,성동구,꽃가게,145.0,147.0,142.0
서울특별시,성동구,내과ㆍ소아과의원,80.0,80.0,83.0
서울특별시,성동구,노래방,116.0,118.0,124.0
서울특별시,성동구,담배ㆍ복권소매업,74.0,74.0,72.0
서울특별시,성동구,당구장,71.0,71.0,76.0
서울특별시,성동구,독서실,33.0,33.0,35.0
서울특별시,성동구,동물병원,27.0,27.0,29.0
서울특별시,성동구,목욕탕,9.0,9.0,10.0
서울특별시,성동구,문구점,42.0,41.0,46.0
서울특별시,성동구,미용실,594.0,588.0,580.0
서울특별시,성동구,법무사,31.0,33.0,39.0
서울특별시,성동구,변리사,15.0,15.0,14.0
서울특별시,성동구,변호사,43.0,44.0,40.0
서울특별시,성동구,부동산중개업,1096.0,1095.0,1091.0
서울특별시,성동구,분식점,266.0,269.0,269.0
서울특별시,성동구,사진촬영업,344.0,340.0,328.0
서울특별시,성동구,산부인과의원,12.0,12.0,13.0
서울특별시,성동구,생선가게,12.0,13.0,14.0
서울특별시,성동구,서점,39.0,38.0,42.0
서울특별시,성동구,성형외과의원,0.0,0.0,0.0
서울특별시,성동구,세무사,257.0,258.0,249.0
서울특별시,성동구,세탁소,145.0,146.0,147.0
서울특별시,성동구,슈퍼마켓,113.0,113.0,106.0
서울특별시,성동구,스포츠교육기관,255.0,252.0,247.0
서울특별시,성동구,스포츠시설운영업,73.0,74.0,73.0
서울특별시,성동구,스포츠용품점,65.0,65.0,61.0
서울특별시,성동구,시계ㆍ귀금속점,37.0,37.0,36.0
서울특별시,성동구,식료품가게,120.0,123.0,133.0
서울특별시,성동구,신경정신과의원,20.0,20.0,21.0
서울특별시,성동구,신발가게,36.0,38.0,40.0
서울특별시,성동구,실내스크린골프점,26.0,27.0,26.0
서울특별시,성동구,실내장식가게,508.0,505.0,498.0
서울특별시,성동구,실외골프연습장,7.0,7.0,7.0
서울특별시,성동구,안경점,65.0,61.0,57.0
서울특별시,성동구,안과의원,11.0,11.0,10.0
서울특별시,성동구,애완용품점,65.0,64.0,57.0
서울특별시,성동구,약국,172.0,170.0,161.0
서울특별시,성동구,여관ㆍ모텔,52.0,54.0,53.0
서울특별시,성동구,여행사,92.0,93.0,90.0
서울특별시,성동구,예술학원,195.0,194.0,191.0
서울특별시,성동구,예식장,3.0,3.0,4.0
서울특별시,성동구,옷가게,369.0,370.0,372.0
서울특별시,성동구,의료용품가게,39.0,39.0,32.0
서울특별시,성동구,이륜자동차판매점,16.0,16.0,20.0
서울특별시,성동구,이발소,74.0,74.0,74.0
서울특별시,성동구,이비인후과의원,21.0,21.0,21.0
서울특별시,성동구,일반외과의원,38.0,37.0,34.0
서울특별시,성동구,일식음식점,270.0,269.0,258.0
서울특별시,성동구,자동차수리점,284.0,285.0,300.0
서울특별시,성동구,자전거판매점,14.0,14.0,14.0
서울특별시,성동구,장난감가게,19.0,19.0,14.0
서울특별시,성동구,정육점,141.0,139.0,140.0
서울특별시,성동구,제과점,201.0,196.0,188.0
서울특별시,성동구,종합병원,11.0,11.0,11.0
서울특별시,성동구,주유소,14.0,14.0,14.0
서울특별시,성동구,주차장운영업,86.0,85.0,85.0
서울특별시,성동구,중고차판매점,119.0,118.0,118.0
서울특별시,성동구,중식음식점,127.0,129.0,134.0
서울특별시,성동구,채소가게,34.0,34.0,36.0
서울특별시,성동구,철물점,27.0,27.0,29.0
서울특별시,성동구,치과의원,127.0,127.0,125.0
서울특별시,성동구,침구ㆍ커튼가게,26.0,27.0,28.0
서울특별시,성동구,커피음료점,572.0,578.0,601.0
서울특별시,성동구,컴퓨터판매점,29.0,30.0,25.0
서울특별시,성동구,통신판매업,5945.0,5932.0,5880.0
서울특별시,성동구,패스트푸드점,254.0,258.0,261.0
서울특별시,성동구,펜션ㆍ게스트하우스,85.0,75.0,45.0
서울특별시,성동구,편의점,262.0,263.0,254.0
서울특별시,성동구,피부ㆍ비뇨기과의원,44.0,44.0,41.0
서울특별시,성동구,피부관리업,397.0,395.0,375.0
서울특별시,성동구,한방병원ㆍ한의원,101.0,101.0,99.0
서울특별시,성동구,한식음식점,1704.0,1709.0,1728.0
서울특별시,성동구,헬스클럽,105.0,106.0,101.0
서울특별시,성동구,호프주점,97.0,97.0,107.0
서울특별시,성동구,화장품가게,173.0,174.0,187.0
서울특별시,성동구,휴대폰가게,74.0,74.0,76.0
서울특별시,성북구,LPG 충전소,0.0,0.0,0.0
서울특별시,성북구,pc방,34.0,34.0,34.0
서울특별시,성북구,가구점,33.0,33.0,36.0
서울특별시,성북구,가전제품수리점,201.0,201.0,194.0
서울특별시,성북구,가전제품판매점,47.0,47.0,51.0
서울특별시,성북구,간이주점,114.0,114.0,132.0
서울특별시,성북구,간판광고물업,62.0,62.0,61.0
서울특별시,성북구,감정평가사,4.0,4.0,3.0
서울특별시,성북구,건강보조식품가게,56.0,59.0,62.0
서울특별시,성북구,건어물가게,14.0,14.0,17.0
서울특별시,성북구,건축사,71.0,66.0,62.0
서울특별시,성북구,결혼상담소,5.0,5.0,3.0
서울특별시,성북구,곡물가게,20.0,20.0,21.0
서울특별시,성북구,공인노무사,6.0,6.0,4.0
서울특별시,성북구,공인회계사,7.0,7.0,5.0
서울특별시,성북구,과일가게,49.0,48.0,49.0
서울특별시,성북구,교습소ㆍ공부방,545.0,548.0,531.0
서울특별시,성북구,교습학원,369.0,366.0,365.0
서울특별시,성북구,구내식당,109.0,109.0,119.0
서울특별시,성북구,기술ㆍ직업훈련학원,156.0,157.0,153.0
서울특별시,성북구,기술사,4.0,4.0,4.0
서울특별시,성북구,기타외국식음식점,231.0,228.0,231.0
서울특별시,성북구,기타음식점,132.0,128.0,143.0
서울특별시,성북구,기타일반의원,36.0,36.0,37.0
서울특별시,성북구,꽃가게,136.0,136.0,132.0
서울특별시,성북구,내과ㆍ소아과의원,98.0,98.0,97.0
서울특별시,성북구,노래방,116.0,119.0,127.0
서울특별시,성북구,담배ㆍ복권소매업,92.0,93.0,88.0
서울특별시,성북구,당구장,91.0,92.0,93.0
서울특별시,성북구,독서실,77.0,78.0,85.0
서울특별시,성북구,동물병원,34.0,34.0,34.0
서울특별시,성북구,목욕탕,21.0,21.0,20.0
서울특별시,성북구,문구점,58.0,60.0,73.0
서울특별시,성북구,미용실,807.0,800.0,784.0
서울특별시,성북구,법무사,17.0,17.0,17.0
서울특별시,성북구,변리사,0.0,0.0,0.0
서울특별시,성북구,변호사,23.0,23.0,22.0
서울특별시,성북구,부동산중개업,931.0,925.0,942.0
서울특별시,성북구,분식점,383.0,384.0,408.0
서울특별시,성북구,사진촬영업,206.0,206.0,224.0
서울특별시,성북구,산부인과의원,12.0,12.0,13.0
서울특별시,성북구,생선가게,23.0,22.0,27.0
서울특별시,성북구,서점,72.0,70.0,64.0
서울특별시,성북구,성형외과의원,5.0,5.0,5.0
서울특별시,성북구,세무사,52.0,52.0,49.0
서울특별시,성북구,세탁소,201.0,201.0,204.0
서울특별시,성북구,슈퍼마켓,121.0,124.0,126.0
서울특별시,성북구,스포츠교육기관,308.0,308.0,293.0
서울특별시,성북구,스포츠시설운영업,75.0,74.0,83.0
서울특별시,성북구,스포츠용품점,37.0,35.0,37.0
서울특별시,성북구,시계ㆍ귀금속점,44.0,44.0,45.0
서울특별시,성북구,식료품가게,179.0,173.0,182.0
서울특별시,성북구,신경정신과의원,17.0,17.0,17.0
서울특별시,성북구,신발가게,23.0,23.0,25.0
서울특별시,성북구,실내스크린골프점,26.0,26.0,26.0
서울특별시,성북구,실내장식가게,625.0,625.0,585.0
서울특별시,성북구,실외골프연습장,3.0,3.0,4.0
서울특별시,성북구,안경점,82.0,82.0,84.0
서울특별시,성북구,안과의원,14.0,14.0,14.0
서울특별시,성북구,애완용품점,54.0,53.0,58.0
서울특별시,성북구,약국,211.0,208.0,210.0
서울특별시,성북구,여관ㆍ모텔,43.0,43.0,44.0
서울특별시,성북구,여행사,79.0,79.0,72.0
서울특별시,성북구,예술학원,222.0,220.0,221.0
서울특별시,성북구,예식장,3.0,3.0,5.0
서울특별시,성북구,옷가게,430.0,436.0,434.0
서울특별시,성북구,의료용품가게,37.0,38.0,34.0
서울특별시,성북구,이륜자동차판매점,34.0,34.0,36.0
서울특별시,성북구,이발소,87.0,88.0,85.0
서울특별시,성북구,이비인후과의원,24.0,23.0,23.0
서울특별시,성북구,일반외과의원,43.0,44.0,42.0
서울특별시,성북구,일식음식점,174.0,176.0,165.0
서울특별시,성북구,자동차수리점,167.0,164.0,165.0
서울특별시,성북구,자전거판매점,8.0,8.0,9.0
서울특별시,성북구,장난감가게,21.0,21.0,18.0
서울특별시,성북구,정육점,110.0,111.0,105.0
서울특별시,성북구,제과점,160.0,159.0,146.0
서울특별시,성북구,종합병원,17.0,17.0,17.0
서울특별시,성북구,주유소,19.0,20.0,19.0
서울특별시,성북구,주차장운영업,48.0,49.0,47.0
서울특별시,성북구,중고차판매점,0.0,0.0,0.0
서울특별시,성북구,중식음식점,155.0,153.0,156.0
서울특별시,성북구,채소가게,58.0,57.0,54.0
서울특별시,성북구,철물점,54.0,54.0,55.0
서울특별시,성북구,치과의원,153.0,154.0,151.0
서울특별시,성북구,침구ㆍ커튼가게,47.0,45.0,45.0
서울특별시,성북구,커피음료점,642.0,642.0,625.0
서울특별시,성북구,컴퓨터판매점,25.0,25.0,23.0
서울특별시,성북구,통신판매업,6331.0,6313.0,6137.0
서울특별시,성북구,패스트푸드점,286.0,285.0,299.0
서울특별시,성북구,펜션ㆍ게스트하우스,64.0,63.0,42.0
서울특별시,성북구,편의점,285.0,290.0,290.0
서울특별시,성북구,피부ㆍ비뇨기과의원,24.0,24.0,24.0
서울특별시,성북구,피부관리업,403.0,402.0,387.0
서울특별시,성북구,한방병원ㆍ한의원,121.0,121.0,123.0
서울특별시,성북구,한식음식점,1784.0,1788.0,1784.0
서울특별시,성북구,헬스클럽,107.0,104.0,95.0
서울특별시,성북구,호프주점,103.0,106.0,122.0
서울특별시,성북구,화장품가게,168.0,169.0,189.0
서울특별시,성북구,휴대폰가게,76.0,78.0,82.0
서울특별시,송파구,LPG 충전소,0.0,0.0,0.0
서울특별시,송파구,pc방,61.0,60.0,60.0
서울특별시,송파구,가구점,79.0,79.0,74.0
서울특별시,송파구,가전제품수리점,197.0,194.0,192.0
서울특별시,송파구,가전제품판매점,81.0,80.0,82.0
서울특별시,송파구,간이주점,134.0,135.0,139.0
서울특별시,송파구,간판광고물업,138.0,137.0,133.0
서울특별시,송파구,감정평가사,45.0,43.0,41.0
서울특별시,송파구,건강보조식품가게,196.0,198.0,195.0
서울특별시,송파구,건어물가게,58.0,58.0,59.0
서울특별시,송파구,건축사,413.0,415.0,400.0
서울특별시,송파구,결혼상담소,32.0,32.0,23.0
서울특별시,송파구,곡물가게,35.0,35.0,34.0
서울특별시,송파구,공인노무사,74.0,74.0,65.0
서울특별시,송파구,공인회계사,75.0,75.0,72.0
서울특별시,송파구,과일가게,99.0,98.0,97.0
서울특별시,송파구,교습소ㆍ공부방,775.0,765.0,758.0
서울특별시,송파구,교습학원,916.0,914.0,892.0
서울특별시,송파구,구내식당,105.0,104.0,115.0
서울특별시,송파구,기술ㆍ직업훈련학원,334.0,329.0,304.0
서울특별시,송파구,기술사,57.0,56.0,53.0
서울특별시,송파구,기타외국식음식점,554.0,561.0,567.0
서울특별시,송파구,기타음식점,187.0,190.0,203.0
서울특별시,송파구,기타일반의원,81.0,84.0,84.0
서울특별시,송파구,꽃가게,349.0,350.0,337.0
서울특별시,송파구,내과ㆍ소아과의원,181.0,182.0,175.0
서울특별시,송파구,노래방,368.0,368.0,386.0
서울특별시,송파구,담배ㆍ복권소매업,87.0,89.0,78.0
서울특별시,송파구,당구장,188.0,191.0,198.0
서울특별시,송파구,독서실,98.0,98.0,104.0
서울특별시,송파구,동물병원,87.0,87.0,81.0
서울특별시,송파구,목욕탕,24.0,24.0,25.0
서울특별시,송파구,문구점,120.0,123.0,126.0
서울특별시,송파구,미용실,1271.0,1269.0,1256.0
서울특별시,송파구,법무사,138.0,135.0,129.0
서울특별시,송파구,변리사,82.0,80.0,74.0
서울특별시,송파구,변호사,268.0,270.0,256.0
서울특별시,송파구,부동산중개업,2412.0,2416.0,2370.0
서울특별시,송파구,분식점,515.0,521.0,538.0
서울특별시,송파구,사진촬영업,385.0,385.0,370.0
서울특별시,송파구,산부인과의원,37.0,37.0,33.0
서울특별시,송파구,생선가게,50.0,51.0,54.0
서울특별시,송파구,서점,116.0,116.0,109.0
서울특별시,송파구,성형외과의원,12.0,12.0,14.0
서울특별시,송파구,세무사,686.0,679.0,638.0
서울특별시,송파구,세탁소,301.0,299.0,299.0
서울특별시,송파구,슈퍼마켓,194.0,195.0,198.0
서울특별시,송파구,스포츠교육기관,605.0,604.0,553.0
서울특별시,송파구,스포츠시설운영업,247.0,248.0,265.0
서울특별시,송파구,스포츠용품점,140.0,143.0,142.0
서울특별시,송파구,시계ㆍ귀금속점,107.0,107.0,100.0
서울특별시,송파구,식료품가게,254.0,256.0,264.0
서울특별시,송파구,신경정신과의원,71.0,71.0,61.0
서울특별시,송파구,신발가게,68.0,68.0,72.0
서울특별시,송파구,실내스크린골프점,124.0,124.0,123.0
서울특별시,송파구,실내장식가게,1301.0,1296.0,1281.0
서울특별시,송파구,실외골프연습장,29.0,29.0,29.0
서울특별시,송파구,안경점,139.0,139.0,135.0
서울특별시,송파구,안과의원,33.0,33.0,33.0
서울특별시,송파구,애완용품점,121.0,122.0,120.0
서울특별시,송파구,약국,424.0,429.0,400.0
서울특별시,송파구,여관ㆍ모텔,45.0,45.0,45.0
서울특별시,송파구,여행사,222.0,220.0,208.0
서울특별시,송파구,예술학원,474.0,472.0,472.0
서울특별시,송파구,예식장,10.0,10.0,8.0
서울특별시,송파구,옷가게,860.0,867.0,873.0
서울특별시,송파구,의료용품가게,97.0,99.0,104.0
서울특별시,송파구,이륜자동차판매점,9.0,9.0,9.0
서울특별시,송파구,이발소,116.0,116.0,109.0
서울특별시,송파구,이비인후과의원,54.0,54.0,50.0
서울특별시,송파구,일반외과의원,107.0,109.0,104.0
서울특별시,송파구,일식음식점,476.0,477.0,471.0
서울특별시,송파구,자동차수리점,339.0,337.0,328.0
서울특별시,송파구,자전거판매점,26.0,26.0,26.0
서울특별시,송파구,장난감가게,36.0,34.0,33.0
서울특별시,송파구,정육점,171.0,167.0,176.0
서울특별시,송파구,제과점,300.0,301.0,289.0
서울특별시,송파구,종합병원,33.0,32.0,34.0
서울특별시,송파구,주유소,23.0,23.0,25.0
서울특별시,송파구,주차장운영업,101.0,99.0,98.0
서울특별시,송파구,중고차판매점,8.0,9.0,7.0
서울특별시,송파구,중식음식점,271.0,272.0,269.0
서울특별시,송파구,채소가게,124.0,127.0,129.0
서울특별시,송파구,철물점,77.0,77.0,77.0
서울특별시,송파구,치과의원,341.0,341.0,337.0
서울특별시,송파구,침구ㆍ커튼가게,70.0,68.0,60.0
서울특별시,송파구,커피음료점,1003.0,1003.0,1049.0
서울특별시,송파구,컴퓨터판매점,66.0,66.0,69.0
서울특별시,송파구,통신판매업,11499.0,11434.0,11281.0
서울특별시,송파구,패스트푸드점,500.0,504.0,508.0
서울특별시,송파구,펜션ㆍ게스트하우스,93.0,95.0,56.0
서울특별시,송파구,편의점,496.0,492.0,492.0
서울특별시,송파구,피부ㆍ비뇨기과의원,108.0,107.0,96.0
서울특별시,송파구,피부관리업,1010.0,1005.0,944.0
서울특별시,송파구,한방병원ㆍ한의원,278.0,276.0,268.0
서울특별시,송파구,한식음식점,3163.0,3166.0,3206.0
서울특별시,송파구,헬스클럽,304.0,306.0,303.0
서울특별시,송파구,호프주점,204.0,206.0,226.0
서울특별시,송파구,화장품가게,487.0,498.0,523.0
서울특별시,송파구,휴대폰가게,165.0,164.0,165.0
서울특별시,양천구,LPG 충전소,4.0,4.0,5.0
서울특별시,양천구,pc방,35.0,35.0,33.0
서울특별시,양천구,가구점,28.0,28.0,29.0
서울특별시,양천구,가전제품수리점,165.0,165.0,151.0
서울특별시,양천구,가전제품판매점,47.0,48.0,45.0
서울특별시,양천구,간이주점,130.0,128.0,144.0
서울특별시,양천구,간판광고물업,73.0,73.0,79.0
서울특별시,양천구,감정평가사,10.0,9.0,9.0
서울특별시,양천구,건강보조식품가게,94.0,95.0,113.0
서울특별시,양천구,건어물가게,25.0,26.0,27.0
서울특별시,양천구,건축사,37.0,37.0,36.0
서울특별시,양천구,결혼상담소,7.0,7.0,9.0
서울특별시,양천구,곡물가게,21.0,23.0,23.0
서울특별시,양천구,공인노무사,6.0,5.0,3.0
서울특별시,양천구,공인회계사,15.0,14.0,16.0
서울특별시,양천구,과일가게,60.0,57.0,60.0
서울특별시,양천구,교습소ㆍ공부방,883.0,873.0,858.0
서울특별시,양천구,교습학원,954.0,953.0,962.0
서울특별시,양천구,구내식당,78.0,80.0,79.0
서울특별시,양천구,기술ㆍ직업훈련학원,144.0,143.0,138.0
서울특별시,양천구,기술사,8.0,8.0,9.0
서울특별시,양천구,기타외국식음식점,157.0,159.0,155.0
서울특별시,양천구,기타음식점,79.0,81.0,91.0
서울특별시,양천구,기타일반의원,53.0,53.0,50.0
서울특별시,양천구,꽃가게,136.0,138.0,134.0
서울특별시,양천구,내과ㆍ소아과의원,100.0,101.0,98.0
서울특별시,양천구,노래방,185.0,186.0,192.0
서울특별시,양천구,담배ㆍ복권소매업,44.0,44.0,40.0
서울특별시,양천구,당구장,99.0,103.0,101.0
서울특별시,양천구,독서실,57.0,58.0,64.0
서울특별시,양천구,동물병원,50.0,50.0,50.0
서울특별시,양천구,목욕탕,22.0,22.0,22.0
서울특별시,양천구,문구점,67.0,65.0,78.0
서울특별시,양천구,미용실,856.0,857.0,855.0
서울특별시,양천구,법무사,108.0,108.0,110.0
서울특별시,양천구,변리사,3.0,3.0,3.0
서울특별시,양천구,변호사,102.0,103.0,107.0
서울특별시,양천구,부동산중개업,996.0,1000.0,1009.0
서울특별시,양천구,분식점,289.0,289.0,305.0
서울특별시,양천구,사진촬영업,143.0,142.0,132.0
서울특별시,양천구,산부인과의원,17.0,17.0,18.0
서울특별시,양천구,생선가게,40.0,40.0,40.0
서울특별시,양천구,서점,97.0,96.0,94.0
서울특별시,양천구,성형외과의원,8.0,8.0,9.0
서울특별시,양천구,세무사,105.0,104.0,101.0
서울특별시,양천구,세탁소,190.0,189.0,189.0
서울특별시,양천구,슈퍼마켓,147.0,147.0,153.0
서울특별시,양천구,스포츠교육기관,352.0,352.0,338.0
서울특별시,양천구,스포츠시설운영업,74.0,79.0,86.0
서울특별시,양천구,스포츠용품점,60.0,59.0,57.0
서울특별시,양천구,시계ㆍ귀금속점,53.0,53.0,52.0
서울특별시,양천구,식료품가게,173.0,171.0,181.0
서울특별시,양천구,신경정신과의원,20.0,20.0,20.0
서울특별시,양천구,신발가게,15.0,15.0,18.0
서울특별시,양천구,실내스크린골프점,64.0,62.0,61.0
서울특별시,양천구,실내장식가게,681.0,675.0,637.0
서울특별시,양천구,실외골프연습장,12.0,13.0,13.0
서울특별시,양천구,안경점,82.0,82.0,80.0
서울특별시,양천구,안과의원,13.0,13.0,13.0
서울특별시,양천구,애완용품점,75.0,74.0,67.0
서울특별시,양천구,약국,200.0,198.0,196.0
서울특별시,양천구,여관ㆍ모텔,11.0,11.0,9.0
서울특별시,양천구,여행사,78.0,78.0,76.0
서울특별시,양천구,예술학원,281.0,281.0,275.0
서울특별시,양천구,예식장,0.0,0.0,0.0
서울특별시,양천구,옷가게,406.0,412.0,416.0
서울특별시,양천구,의료용품가게,50.0,50.0,52.0
서울특별시,양천구,이륜자동차판매점,15.0,15.0,18.0
서울특별시,양천구,이발소,79.0,78.0,75.0
서울특별시,양천구,이비인후과의원,32.0,32.0,31.0
서울특별시,양천구,일반외과의원,60.0,60.0,58.0
서울특별시,양천구,일식음식점,159.0,159.0,164.0
서울특별시,양천구,자동차수리점,238.0,243.0,233.0
서울특별시,양천구,자전거판매점,24.0,24.0,22.0
서울특별시,양천구,장난감가게,32.0,30.0,23.0
서울특별시,양천구,정육점,153.0,152.0,153.0
서울특별시,양천구,제과점,174.0,174.0,169.0
서울특별시,양천구,종합병원,9.0,9.0,9.0
서울특별시,양천구,주유소,23.0,23.0,21.0
서울특별시,양천구,주차장운영업,51.0,52.0,53.0
서울특별시,양천구,중고차판매점,44.0,45.0,41.0
서울특별시,양천구,중식음식점,134.0,137.0,139.0
서울특별시,양천구,채소가게,83.0,81.0,79.0
서울특별시,양천구,철물점,53.0,54.0,53.0
서울특별시,양천구,치과의원,196.0,196.0,193.0
서울특별시,양천구,침구ㆍ커튼가게,42.0,41.0,45.0
서울특별시,양천구,커피음료점,448.0,452.0,454.0
서울특별시,양천구,컴퓨터판매점,31.0,32.0,33.0
서울특별시,양천구,통신판매업,5463.0,5404.0,5184.0
서울특별시,양천구,패스트푸드점,292.0,292.0,283.0
서울특별시,양천구,펜션ㆍ게스트하우스,26.0,26.0,16.0
서울특별시,양천구,편의점,249.0,253.0,262.0
서울특별시,양천구,피부ㆍ비뇨기과의원,44.0,45.0,44.0
서울특별시,양천구,피부관리업,422.0,420.0,406.0
서울특별시,양천구,한방병원ㆍ한의원,162.0,162.0,162.0
서울특별시,양천구,한식음식점,1416.0,1412.0,1465.0
서울특별시,양천구,헬스클럽,138.0,138.0,134.0
서울특별시,양천구,호프주점,107.0,107.0,117.0
서울특별시,양천구,화장품가게,190.0,191.0,196.0
서울특별시,양천구,휴대폰가게,93.0,94.0,92.0
서울특별시,영등포구,LPG 충전소,0.0,0.0,0.0
서울특별시,영등포구,pc방,46.0,45.0,48.0
서울특별시,영등포구,가구점,26.0,26.0,29.0
서울특별시,영등포구,가전제품수리점,155.0,153.0,146.0
서울특별시,영등포구,가전제품판매점,82.0,81.0,87.0
서울특별시,영등포구,간이주점,150.0,153.0,167.0
서울특별시,영등포구,간판광고물업,138.0,137.0,138.0
서울특별시,영등포구,감정평가사,18.0,16.0,15.0
서울특별시,영등포구,건강보조식품가게,107.0,106.0,119.0
서울특별시,영등포구,건어물가게,25.0,26.0,25.0
서울특별시,영등포구,건축사,144.0,144.0,136.0
서울특별시,영등포구,결혼상담소,25.0,25.0,22.0
서울특별시,영등포구,곡물가게,40.0,39.0,39.0
서울특별시,영등포구,공인노무사,107.0,106.0,102.0
서울특별시,영등포구,공인회계사,121.0,120.0,117.0
서울특별시,영등포구,과일가게,76.0,75.0,68.0
서울특별시,영등포구,교습소ㆍ공부방,354.0,352.0,361.0
서울특별시,영등포구,교습학원,367.0,364.0,349.0
서울특별시,영등포구,구내식당,127.0,127.0,132.0
서울특별시,영등포구,기술ㆍ직업훈련학원,292.0,293.0,282.0
서울특별시,영등포구,기술사,18.0,18.0,22.0
서울특별시,영등포구,기타외국식음식점,373.0,377.0,356.0
서울특별시,영등포구,기타음식점,141.0,141.0,165.0
서울특별시,영등포구,기타일반의원,47.0,47.0,43.0
서울특별시,영등포구,꽃가게,256.0,256.0,252.0
서울특별시,영등포구,내과ㆍ소아과의원,125.0,125.0,123.0
서울특별시,영등포구,노래방,269.0,271.0,280.0
서울특별시,영등포구,담배ㆍ복권소매업,137.0,138.0,136.0
서울특별시,영등포구,당구장,131.0,132.0,133.0
서울특별시,영등포구,독서실,66.0,66.0,71.0
서울특별시,영등포구,동물병원,41.0,40.0,37.0
서울특별시,영등포구,목욕탕,25.0,25.0,27.0
서울특별시,영등포구,문구점,72.0,72.0,82.0
서울특별시,영등포구,미용실,779.0,776.0,778.0
서울특별시,영등포구,법무사,73.0,72.0,71.0
서울특별시,영등포구,변리사,28.0,27.0,24.0
서울특별시,영등포구,변호사,142.0,142.0,135.0
서울특별시,영등포구,부동산중개업,1692.0,1679.0,1741.0
서울특별시,영등포구,분식점,395.0,394.0,411.0
서울특별시,영등포구,사진촬영업,272.0,267.0,249.0
서울특별시,영등포구,산부인과의원,24.0,24.0,24.0
서울특별시,영등포구,생선가게,30.0,32.0,32.0
서울특별시,영등포구,서점,82.0,79.0,74.0
서울특별시,영등포구,성형외과의원,11.0,11.0,12.0
서울특별시,영등포구,세무사,479.0,473.0,459.0
서울특별시,영등포구,세탁소,200.0,202.0,197.0
서울특별시,영등포구,슈퍼마켓,179.0,177.0,186.0
서울특별시,영등포구,스포츠교육기관,367.0,361.0,348.0
서울특별시,영등포구,스포츠시설운영업,98.0,99.0,108.0
서울특별시,영등포구,스포츠용품점,82.0,83.0,76.0
서울특별시,영등포구,시계ㆍ귀금속점,81.0,81.0,79.0
서울특별시,영등포구,식료품가게,308.0,309.0,316.0
서울특별시,영등포구,신경정신과의원,32.0,32.0,32.0
서울특별시,영등포구,신발가게,41.0,41.0,48.0
서울특별시,영등포구,실내스크린골프점,77.0,77.0,74.0
서울특별시,영등포구,실내장식가게,768.0,764.0,724.0
서울특별시,영등포구,실외골프연습장,13.0,13.0,15.0
서울특별시,영등포구,안경점,98.0,97.0,95.0
서울특별시,영등포구,안과의원,17.0,17.0,16.0
서울특별시,영등포구,애완용품점,59.0,59.0,62.0
서울특별시,영등포구,약국,284.0,287.0,280.0
서울특별시,영등포구,여관ㆍ모텔,111.0,113.0,121.0
서울특별시,영등포구,여행사,371.0,372.0,365.0
서울특별시,영등포구,예술학원,251.0,250.0,243.0
서울특별시,영등포구,예식장,16.0,16.0,15.0
서울특별시,영등포구,옷가게,532.0,532.0,549.0
서울특별시,영등포구,의료용품가게,81.0,82.0,81.0
서울특별시,영등포구,이륜자동차판매점,19.0,19.0,21.0
서울특별시,영등포구,이발소,108.0,109.0,114.0
서울특별시,영등포구,이비인후과의원,37.0,37.0,37.0
서울특별시,영등포구,일반외과의원,64.0,64.0,61.0
서울특별시,영등포구,일식음식점,423.0,424.0,410.0
서울특별시,영등포구,자동차수리점,284.0,287.0,284.0
서울특별시,영등포구,자전거판매점,20.0,20.0,20.0
서울특별시,영등포구,장난감가게,34.0,33.0,23.0
서울특별시,영등포구,정육점,102.0,102.0,105.0
서울특별시,영등포구,제과점,226.0,223.0,202.0
서울특별시,영등포구,종합병원,28.0,28.0,28.0
서울특별시,영등포구,주유소,25.0,26.0,25.0
서울특별시,영등포구,주차장운영업,147.0,147.0,147.0
서울특별시,영등포구,중고차판매점,7.0,7.0,8.0
서울특별시,영등포구,중식음식점,541.0,537.0,553.0
서울특별시,영등포구,채소가게,77.0,75.0,74.0
서울특별시,영등포구,철물점,60.0,60.0,67.0
서울특별시,영등포구,치과의원,230.0,230.0,230.0
서울특별시,영등포구,침구ㆍ커튼가게,48.0,48.0,44.0
서울특별시,영등포구,커피음료점,896.0,897.0,884.0
서울특별시,영등포구,컴퓨터판매점,83.0,85.0,84.0
서울특별시,영등포구,통신판매업,7450.0,7407.0,7320.0
서울특별시,영등포구,패스트푸드점,394.0,396.0,394.0
서울특별시,영등포구,펜션ㆍ게스트하우스,58.0,54.0,54.0
서울특별시,영등포구,편의점,419.0,425.0,433.0
서울특별시,영등포구,피부ㆍ비뇨기과의원,74.0,74.0,74.0
서울특별시,영등포구,피부관리업,604.0,598.0,573.0
서울특별시,영등포구,한방병원ㆍ한의원,162.0,163.0,160.0
서울특별시,영등포구,한식음식점,3123.0,3120.0,3116.0
서울특별시,영등포구,헬스클럽,166.0,168.0,159.0
서울특별시,영등포구,호프주점,275.0,274.0,286.0
서울특별시,영등포구,화장품가게,280.0,282.0,291.0
서울특별시,영등포구,휴대폰가게,142.0,141.0,146.0
서울특별시,용산구,pc방,12.0,12.0,12.0
서울특별시,용산구,가구점,39.0,39.0,35.0
서울특별시,용산구,가전제품수리점,72.0,72.0,68.0
서울특별시,용산구,가전제품판매점,67.0,69.0,74.0
서울특별시,용산구,간이주점,104.0,105.0,106.0
서울특별시,용산구,간판광고물업,41.0,41.0,43.0
서울특별시,용산구,감정평가사,9.0,9.0,10.0
서울특별시,용산구,건강보조식품가게,56.0,56.0,56.0
서울특별시,용산구,건어물가게,10.0,10.0,11.0
서울특별시,용산구,건축사,113.0,114.0,105.0
서울특별시,용산구,결혼상담소,6.0,7.0,9.0
서울특별시,용산구,곡물가게,15.0,15.0,14.0
서울특별시,용산구,공인노무사,12.0,11.0,10.0
서울특별시,용산구,공인회계사,18.0,17.0,15.0
서울특별시,용산구,과일가게,24.0,24.0,21.0
서울특별시,용산구,교습소ㆍ공부방,164.0,166.0,165.0
서울특별시,용산구,교습학원,128.0,128.0,128.0
서울특별시,용산구,구내식당,145.0,146.0,160.0
서울특별시,용산구,기술ㆍ직업훈련학원,150.0,149.0,139.0
서울특별시,용산구,기술사,11.0,11.0,8.0
서울특별시,용산구,기타외국식음식점,955.0,964.0,966.0
서울특별시,용산구,기타음식점,69.0,69.0,73.0
서울특별시,용산구,기타일반의원,18.0,18.0,18.0
서울특별시,용산구,꽃가게,212.0,214.0,220.0
서울특별시,용산구,내과ㆍ소아과의원,55.0,55.0,57.0
서울특별시,용산구,노래방,58.0,59.0,64.0
서울특별시,용산구,담배ㆍ복권소매업,67.0,68.0,64.0
서울특별시,용산구,당구장,43.0,43.0,42.0
서울특별시,용산구,독서실,20.0,20.0,21.0
서울특별시,용산구,동물병원,28.0,28.0,29.0
서울특별시,용산구,목욕탕,17.0,17.0,17.0
서울특별시,용산구,문구점,38.0,38.0,39.0
서울특별시,용산구,미용실,395.0,398.0,389.0
서울특별시,용산구,법무사,9.0,10.0,11.0
서울특별시,용산구,변리사,6.0,6.0,4.0
서울특별시,용산구,변호사,67.0,68.0,56.0
서울특별시,용산구,부동산중개업,1076.0,1078.0,1087.0
서울특별시,용산구,분식점,247.0,249.0,265.0
서울특별시,용산구,사진촬영업,281.0,280.0,275.0
서울특별시,용산구,산부인과의원,10.0,10.0,8.0
서울특별시,용산구,생선가게,13.0,13.0,15.0
서울특별시,용산구,서점,64.0,64.0,70.0
서울특별시,용산구,성형외과의원,5.0,5.0,5.0
서울특별시,용산구,세무사,124.0,123.0,118.0
서울특별시,용산구,세탁소,118.0,120.0,122.0
서울특별시,용산구,슈퍼마켓,102.0,105.0,107.0
서울특별시,용산구,스포츠교육기관,217.0,216.0,206.0
서울특별시,용산구,스포츠시설운영업,62.0,64.0,72.0
서울특별시,용산구,스포츠용품점,68.0,67.0,62.0
서울특별시,용산구,시계ㆍ귀금속점,34.0,33.0,32.0
서울특별시,용산구,식료품가게,152.0,151.0,162.0
서울특별시,용산구,신경정신과의원,9.0,9.0,8.0
서울특별시,용산구,신발가게,35.0,35.0,39.0
서울특별시,용산구,실내스크린골프점,14.0,14.0,13.0
서울특별시,용산구,실내장식가게,409.0,409.0,405.0
서울특별시,용산구,실외골프연습장,10.0,9.0,9.0
서울특별시,용산구,안경점,52.0,51.0,48.0
서울특별시,용산구,안과의원,6.0,6.0,6.0
서울특별시,용산구,애완용품점,48.0,45.0,48.0
서울특별시,용산구,약국,114.0,115.0,117.0
서울특별시,용산구,여관ㆍ모텔,49.0,49.0,50.0
서울특별시,용산구,여행사,128.0,130.0,128.0
서울특별시,용산구,예술학원,104.0,106.0,103.0
서울특별시,용산구,예식장,6.0,6.0,6.0
서울특별시,용산구,옷가게,541.0,544.0,525.0
서울특별시,용산구,의료용품가게,31.0,31.0,30.0
서울특별시,용산구,이륜자동차판매점,23.0,23.0,26.0
서울특별시,용산구,이발소,53.0,52.0,57.0
서울특별시,용산구,이비인후과의원,9.0,9.0,9.0
서울특별시,용산구,일반외과의원,20.0,19.0,17.0
서울특별시,용산구,일식음식점,269.0,270.0,271.0
서울특별시,용산구,자동차수리점,108.0,108.0,117.0
서울특별시,용산구,자전거판매점,5.0,5.0,6.0
서울특별시,용산구,장난감가게,25.0,25.0,19.0
서울특별시,용산구,정육점,56.0,56.0,56.0
서울특별시,용산구,제과점,191.0,195.0,176.0
서울특별시,용산구,종합병원,5.0,5.0,5.0
서울특별시,용산구,주유소,10.0,10.0,11.0
서울특별시,용산구,주차장운영업,82.0,82.0,81.0
서울특별시,용산구,중고차판매점,0.0,0.0,0.0
서울특별시,용산구,중식음식점,125.0,125.0,134.0
서울특별시,용산구,채소가게,28.0,29.0,32.0
서울특별시,용산구,철물점,30.0,30.0,31.0
서울특별시,용산구,치과의원,94.0,94.0,95.0
서울특별시,용산구,침구ㆍ커튼가게,27.0,25.0,26.0
서울특별시,용산구,커피음료점,567.0,568.0,572.0
서울특별시,용산구,컴퓨터판매점,114.0,115.0,126.0
서울특별시,용산구,통신판매업,4670.0,4639.0,4569.0
서울특별시,용산구,패스트푸드점,202.0,201.0,196.0
서울특별시,용산구,펜션ㆍ게스트하우스,240.0,235.0,180.0
서울특별시,용산구,편의점,225.0,228.0,236.0
서울특별시,용산구,피부ㆍ비뇨기과의원,38.0,38.0,33.0
서울특별시,용산구,피부관리업,263.0,265.0,241.0
서울특별시,용산구,한방병원ㆍ한의원,63.0,63.0,61.0
서울특별시,용산구,한식음식점,1641.0,1638.0,1609.0
서울특별시,용산구,헬스클럽,79.0,77.0,70.0
서울특별시,용산구,호프주점,93.0,95.0,100.0
서울특별시,용산구,화장품가게,129.0,129.0,137.0
서울특별시,용산구,휴대폰가게,75.0,77.0,79.0
서울특별시,은평구,LPG 충전소,0.0,0.0,0.0
서울특별시,은평구,pc방,39.0,39.0,42.0
서울특별시,은평구,가구점,40.0,40.0,37.0
서울특별시,은평구,가전제품수리점,233.0,236.0,223.0
서울특별시,은평구,가전제품판매점,40.0,40.0,44.0
서울특별시,은평구,간이주점,112.0,113.0,127.0
서울특별시,은평구,간판광고물업,80.0,78.0,82.0
서울특별시,은평구,감정평가사,9.0,10.0,10.0
서울특별시,은평구,건강보조식품가게,78.0,81.0,84.0
서울특별시,은평구,건어물가게,33.0,33.0,32.0
서울특별시,은평구,건축사,73.0,70.0,70.0
서울특별시,은평구,결혼상담소,11.0,11.0,8.0
서울특별시,은평구,곡물가게,25.0,25.0,27.0
서울특별시,은평구,공인노무사,4.0,3.0,3.0
서울특별시,은평구,공인회계사,5.0,5.0,4.0
서울특별시,은평구,과일가게,62.0,62.0,62.0
서울특별시,은평구,교습소ㆍ공부방,507.0,505.0,492.0
서울특별시,은평구,교습학원,469.0,464.0,462.0
서울특별시,은평구,구내식당,56.0,56.0,60.0
서울특별시,은평구,기술ㆍ직업훈련학원,156.0,160.0,158.0
서울특별시,은평구,기술사,6.0,6.0,6.0
서울특별시,은평구,기타외국식음식점,170.0,171.0,172.0
서울특별시,은평구,기타음식점,89.0,93.0,101.0
서울특별시,은평구,기타일반의원,43.0,43.0,41.0
서울특별시,은평구,꽃가게,126.0,126.0,119.0
서울특별시,은평구,내과ㆍ소아과의원,123.0,123.0,122.0
서울특별시,은평구,노래방,159.0,160.0,166.0
서울특별시,은평구,담배ㆍ복권소매업,79.0,77.0,76.0
서울특별시,은평구,당구장,107.0,108.0,112.0
서울특별시,은평구,독서실,48.0,49.0,49.0
서울특별시,은평구,동물병원,42.0,41.0,39.0
서울특별시,은평구,목욕탕,21.0,21.0,23.0
서울특별시,은평구,문구점,46.0,47.0,44.0
서울특별시,은평구,미용실,945.0,942.0,945.0
서울특별시,은평구,법무사,28.0,29.0,29.0
서울특별시,은평구,변리사,0.0,0.0,0.0
서울특별시,은평구,변호사,13.0,12.0,10.0
서울특별시,은평구,부동산중개업,1178.0,1181.0,1226.0
서울특별시,은평구,분식점,349.0,348.0,359.0
서울특별시,은평구,사진촬영업,191.0,190.0,167.0
서울특별시,은평구,산부인과의원,14.0,14.0,15.0
서울특별시,은평구,생선가게,41.0,41.0,44.0
서울특별시,은평구,서점,74.0,76.0,70.0
서울특별시,은평구,성형외과의원,4.0,4.0,4.0
서울특별시,은평구,세무사,60.0,60.0,58.0
서울특별시,은평구,세탁소,204.0,205.0,213.0
서울특별시,은평구,슈퍼마켓,118.0,118.0,122.0
서울특별시,은평구,스포츠교육기관,264.0,264.0,271.0
서울특별시,은평구,스포츠시설운영업,97.0,99.0,101.0
서울특별시,은평구,스포츠용품점,48.0,49.0,59.0
서울특별시,은평구,시계ㆍ귀금속점,58.0,58.0,57.0
서울특별시,은평구,식료품가게,173.0,173.0,173.0
서울특별시,은평구,신경정신과의원,21.0,21.0,22.0
서울특별시,은평구,신발가게,37.0,38.0,43.0
서울특별시,은평구,실내스크린골프점,21.0,23.0,25.0
서울특별시,은평구,실내장식가게,691.0,682.0,670.0
서울특별시,은평구,실외골프연습장,5.0,5.0,5.0
서울특별시,은평구,안경점,74.0,75.0,77.0
서울특별시,은평구,안과의원,19.0,19.0,19.0
서울특별시,은평구,애완용품점,94.0,94.0,97.0
서울특별시,은평구,약국,236.0,235.0,235.0
서울특별시,은평구,여관ㆍ모텔,44.0,44.0,45.0
서울특별시,은평구,여행사,100.0,101.0,96.0
서울특별시,은평구,예술학원,227.0,231.0,246.0
서울특별시,은평구,옷가게,481.0,488.0,529.0
서울특별시,은평구,의료용품가게,53.0,55.0,58.0
서울특별시,은평구,이륜자동차판매점,21.0,21.0,22.0
서울특별시,은평구,이발소,109.0,110.0,110.0
서울특별시,은평구,이비인후과의원,26.0,26.0,26.0
서울특별시,은평구,일반외과의원,56.0,56.0,53.0
서울특별시,은평구,일식음식점,163.0,166.0,168.0
서울특별시,은평구,자동차수리점,164.0,166.0,170.0
서울특별시,은평구,자전거판매점,16.0,16.0,16.0
서울특별시,은평구,장난감가게,16.0,13.0,8.0
서울특별시,은평구,정육점,128.0,127.0,129.0
서울특별시,은평구,제과점,183.0,182.0,181.0
서울특별시,은평구,종합병원,18.0,18.0,18.0
서울특별시,은평구,주유소,13.0,13.0,13.0
서울특별시,은평구,주차장운영업,47.0,47.0,45.0
서울특별시,은평구,중고차판매점,4.0,4.0,5.0
서울특별시,은평구,중식음식점,135.0,136.0,137.0
서울특별시,은평구,채소가게,78.0,78.0,81.0
서울특별시,은평구,철물점,63.0,62.0,67.0
서울특별시,은평구,치과의원,194.0,195.0,194.0
서울특별시,은평구,침구ㆍ커튼가게,53.0,52.0,56.0
서울특별시,은평구,커피음료점,480.0,482.0,487.0
서울특별시,은평구,컴퓨터판매점,37.0,36.0,39.0
서울특별시,은평구,통신판매업,6196.0,6136.0,6077.0
서울특별시,은평구,패스트푸드점,309.0,309.0,318.0
서울특별시,은평구,펜션ㆍ게스트하우스,68.0,61.0,41.0
서울특별시,은평구,편의점,316.0,316.0,330.0
서울특별시,은평구,피부ㆍ비뇨기과의원,43.0,44.0,42.0
서울특별시,은평구,피부관리업,424.0,424.0,410.0
서울특별시,은평구,한방병원ㆍ한의원,162.0,162.0,159.0
서울특별시,은평구,한식음식점,1868.0,1882.0,1932.0
서울특별시,은평구,헬스클럽,104.0,105.0,108.0
서울특별시,은평구,호프주점,160.0,162.0,179.0
서울특별시,은평구,화장품가게,236.0,234.0,251.0
서울특별시,은평구,휴대폰가게,116.0,116.0,119.0
서울특별시,종로구,LPG 충전소,0.0,0.0,0.0
서울특별시,종로구,pc방,23.0,22.0,23.0
서울특별시,종로구,가구점,17.0,17.0,18.0
서울특별시,종로구,가전제품수리점,76.0,75.0,64.0
서울특별시,종로구,가전제품판매점,69.0,69.0,69.0
서울특별시,종로구,간이주점,118.0,119.0,129.0
서울특별시,종로구,간판광고물업,104.0,104.0,109.0
서울특별시,종로구,감정평가사,14.0,14.0,12.0
서울특별시,종로구,건강보조식품가게,72.0,72.0,73.0
서울특별시,종로구,건어물가게,10.0,10.0,9.0
서울특별시,종로구,건축사,196.0,197.0,190.0
서울특별시,종로구,결혼상담소,23.0,23.0,22.0
서울특별시,종로구,곡물가게,22.0,22.0,22.0
서울특별시,종로구,공인노무사,15.0,14.0,14.0
서울특별시,종로구,공인회계사,30.0,29.0,27.0
서울특별시,종로구,과일가게,22.0,22.0,26.0
서울특별시,종로구,교습소ㆍ공부방,119.0,120.0,120.0
서울특별시,종로구,교습학원,133.0,131.0,139.0
서울특별시,종로구,구내식당,124.0,123.0,142.0
서울특별시,종로구,기술ㆍ직업훈련학원,233.0,233.0,240.0
서울특별시,종로구,기술사,4.0,4.0,4.0
서울특별시,종로구,기타외국식음식점,623.0,635.0,604.0
서울특별시,종로구,기타음식점,178.0,179.0,136.0
서울특별시,종로구,기타일반의원,30.0,30.0,33.0
서울특별시,종로구,꽃가게,171.0,172.0,180.0
서울특별시,종로구,내과ㆍ소아과의원,51.0,50.0,47.0
서울특별시,종로구,노래방,58.0,60.0,61.0
서울특별시,종로구,담배ㆍ복권소매업,100.0,100.0,100.0
서울특별시,종로구,당구장,78.0,79.0,86.0
서울특별시,종로구,독서실,28.0,29.0,32.0
서울특별시,종로구,동물병원,10.0,10.0,10.0
서울특별시,종로구,목욕탕,15.0,16.0,18.0
서울특별시,종로구,문구점,68.0,68.0,67.0
서울특별시,종로구,미용실,264.0,265.0,265.0
서울특별시,종로구,법무사,35.0,34.0,35.0
서울특별시,종로구,변리사,18.0,18.0,15.0
서울특별시,종로구,변호사,176.0,180.0,155.0
서울특별시,종로구,부동산중개업,710.0,705.0,735.0
서울특별시,종로구,분식점,397.0,397.0,402.0
서울특별시,종로구,사진촬영업,268.0,269.0,263.0
서울특별시,종로구,산부인과의원,10.0,10.0,10.0
서울특별시,종로구,생선가게,15.0,15.0,19.0
서울특별시,종로구,서점,89.0,91.0,93.0
서울특별시,종로구,성형외과의원,3.0,3.0,3.0
서울특별시,종로구,세무사,210.0,210.0,204.0
서울특별시,종로구,세탁소,96.0,96.0,96.0
서울특별시,종로구,슈퍼마켓,120.0,121.0,108.0
서울특별시,종로구,스포츠교육기관,120.0,118.0,116.0
서울특별시,종로구,스포츠시설운영업,57.0,56.0,51.0
서울특별시,종로구,스포츠용품점,53.0,51.0,53.0
서울특별시,종로구,시계ㆍ귀금속점,561.0,561.0,535.0
서울특별시,종로구,식료품가게,229.0,230.0,239.0
서울특별시,종로구,신경정신과의원,20.0,20.0,21.0
서울특별시,종로구,신발가게,52.0,54.0,64.0
서울특별시,종로구,실내스크린골프점,19.0,19.0,19.0
서울특별시,종로구,실내장식가게,272.0,273.0,271.0
서울특별시,종로구,실외골프연습장,0.0,0.0,0.0
서울특별시,종로구,안경점,59.0,59.0,55.0
서울특별시,종로구,안과의원,12.0,12.0,12.0
서울특별시,종로구,애완용품점,38.0,40.0,42.0
서울특별시,종로구,약국,202.0,202.0,198.0
서울특별시,종로구,여관ㆍ모텔,115.0,115.0,127.0
서울특별시,종로구,여행사,856.0,855.0,859.0
서울특별시,종로구,예술학원,94.0,93.0,90.0
서울특별시,종로구,예식장,3.0,3.0,3.0
서울특별시,종로구,옷가게,680.0,676.0,677.0
서울특별시,종로구,의료용품가게,43.0,44.0,50.0
서울특별시,종로구,이륜자동차판매점,12.0,12.0,12.0
서울특별시,종로구,이발소,61.0,62.0,66.0
서울특별시,종로구,이비인후과의원,16.0,16.0,16.0
서울특별시,종로구,일반외과의원,27.0,26.0,27.0
서울특별시,종로구,일식음식점,280.0,279.0,267.0
서울특별시,종로구,자동차수리점,44.0,44.0,43.0
서울특별시,종로구,자전거판매점,4.0,4.0,4.0
서울특별시,종로구,장난감가게,24.0,24.0,18.0
서울특별시,종로구,정육점,46.0,48.0,50.0
서울특별시,종로구,제과점,174.0,173.0,153.0
서울특별시,종로구,종합병원,13.0,13.0,13.0
서울특별시,종로구,주유소,6.0,6.0,7.0
서울특별시,종로구,주차장운영업,101.0,103.0,106.0
서울특별시,종로구,중고차판매점,0.0,0.0,0.0
서울특별시,종로구,중식음식점,183.0,183.0,172.0
서울특별시,종로구,채소가게,25.0,24.0,26.0
서울특별시,종로구,철물점,32.0,33.0,35.0
서울특별시,종로구,치과의원,144.0,143.0,144.0
서울특별시,종로구,침구ㆍ커튼가게,81.0,83.0,85.0
서울특별시,종로구,커피음료점,784.0,788.0,795.0
서울특별시,종로구,컴퓨터판매점,21.0,21.0,24.0
서울특별시,종로구,통신판매업,4065.0,4053.0,3905.0
서울특별시,종로구,패스트푸드점,206.0,206.0,218.0
서울특별시,종로구,펜션ㆍ게스트하우스,443.0,427.0,280.0
서울특별시,종로구,편의점,248.0,247.0,251.0
서울특별시,종로구,피부ㆍ비뇨기과의원,32.0,32.0,32.0
서울특별시,종로구,피부관리업,189.0,188.0,194.0
서울특별시,종로구,한방병원ㆍ한의원,112.0,114.0,116.0
서울특별시,종로구,한식음식점,2598.0,2592.0,2595.0
서울특별시,종로구,헬스클럽,75.0,76.0,74.0
서울특별시,종로구,호프주점,148.0,150.0,164.0
서울특별시,종로구,화장품가게,123.0,126.0,117.0
서울특별시,종로구,휴대폰가게,51.0,51.0,47.0
서울특별시,중구,pc방,14.0,15.0,16.0
서울특별시,중구,가구점,63.0,65.0,63.0
서울특별시,중구,가전제품수리점,64.0,62.0,63.0
서울특별시,중구,가전제품판매점,111.0,112.0,121.0
서울특별시,중구,간이주점,71.0,72.0,74.0
서울특별시,중구,간판광고물업,151.0,151.0,154.0
서울특별시,중구,감정평가사,13.0,14.0,13.0
서울특별시,중구,건강보조식품가게,79.0,82.0,81.0
서울특별시,중구,건어물가게,84.0,84.0,92.0
서울특별시,중구,건축사,120.0,119.0,114.0
서울특별시,중구,결혼상담소,22.0,21.0,20.0
서울특별시,중구,곡물가게,18.0,18.0,19.0
서울특별시,중구,공인노무사,42.0,40.0,40.0
서울특별시,중구,공인회계사,26.0,25.0,24.0
서울특별시,중구,과일가게,27.0,27.0,29.0
서울특별시,중구,교습소ㆍ공부방,72.0,74.0,73.0
서울특별시,중구,교습학원,81.0,81.0,77.0
서울특별시,중구,구내식당,131.0,133.0,137.0
서울특별시,중구,기술ㆍ직업훈련학원,109.0,112.0,108.0
서울특별시,중구,기술사,8.0,7.0,6.0
서울특별시,중구,기타외국식음식점,536.0,530.0,514.0
서울특별시,중구,기타음식점,290.0,291.0,302.0
서울특별시,중구,기타일반의원,43.0,43.0,41.0
서울특별시,중구,꽃가게,238.0,238.0,249.0
서울특별시,중구,내과ㆍ소아과의원,59.0,59.0,57.0
서울특별시,중구,노래방,58.0,58.0,60.0
서울특별시,중구,담배ㆍ복권소매업,132.0,134.0,125.0
서울특별시,중구,당구장,76.0,76.0,82.0
서울특별시,중구,독서실,43.0,43.0,44.0
서울특별시,중구,동물병원,19.0,19.0,19.0
서울특별시,중구,목욕탕,21.0,21.0,18.0
서울특별시,중구,문구점,52.0,51.0,55.0
서울특별시,중구,미용실,330.0,329.0,321.0
서울특별시,중구,법무사,232.0,229.0,231.0
서울특별시,중구,변리사,16.0,15.0,15.0
서울특별시,중구,변호사,126.0,127.0,123.0
서울특별시,중구,부동산중개업,846.0,838.0,832.0
서울특별시,중구,분식점,337.0,341.0,369.0
서울특별시,중구,사진촬영업,241.0,244.0,230.0
서울특별시,중구,산부인과의원,19.0,19.0,20.0
서울특별시,중구,생선가게,28.0,28.0,32.0
서울특별시,중구,서점,87.0,87.0,79.0
서울특별시,중구,성형외과의원,6.0,7.0,6.0
서울특별시,중구,세무사,300.0,300.0,317.0
서울특별시,중구,세탁소,83.0,82.0,83.0
서울특별시,중구,슈퍼마켓,145.0,148.0,142.0
서울특별시,중구,스포츠교육기관,104.0,102.0,98.0
서울특별시,중구,스포츠시설운영업,53.0,52.0,53.0
서울특별시,중구,스포츠용품점,89.0,89.0,92.0
서울특별시,중구,시계ㆍ귀금속점,97.0,99.0,104.0
서울특별시,중구,식료품가게,358.0,360.0,369.0
서울특별시,중구,신경정신과의원,24.0,24.0,23.0
서울특별시,중구,신발가게,130.0,133.0,141.0
서울특별시,중구,실내스크린골프점,30.0,30.0,32.0
서울특별시,중구,실내장식가게,284.0,287.0,291.0
서울특별시,중구,실외골프연습장,5.0,5.0,6.0
서울특별시,중구,안경점,161.0,160.0,158.0
서울특별시,중구,안과의원,10.0,10.0,9.0
서울특별시,중구,애완용품점,34.0,33.0,39.0
서울특별시,중구,약국,198.0,200.0,174.0
서울특별시,중구,여관ㆍ모텔,113.0,114.0,118.0
서울특별시,중구,여행사,841.0,835.0,882.0
서울특별시,중구,예술학원,59.0,58.0,54.0
서울특별시,중구,예식장,6.0,5.0,4.0
서울특별시,중구,옷가게,1807.0,1817.0,1845.0
서울특별시,중구,의료용품가게,37.0,35.0,40.0
서울특별시,중구,이륜자동차판매점,30.0,30.0,33.0
서울특별시,중구,이발소,54.0,54.0,57.0
서울특별시,중구,이비인후과의원,26.0,26.0,25.0
서울특별시,중구,일반외과의원,32.0,32.0,31.0
서울특별시,중구,일식음식점,306.0,307.0,295.0
서울특별시,중구,자동차수리점,59.0,59.0,52.0
서울특별시,중구,자전거판매점,4.0,4.0,5.0
서울특별시,중구,장난감가게,18.0,18.0,17.0
서울특별시,중구,정육점,56.0,58.0,61.0
서울특별시,중구,제과점,168.0,165.0,161.0
서울특별시,중구,종합병원,8.0,8.0,8.0
서울특별시,중구,주유소,11.0,11.0,10.0
서울특별시,중구,주차장운영업,95.0,94.0,98.0
서울특별시,중구,중고차판매점,4.0,4.0,3.0
서울특별시,중구,중식음식점,214.0,211.0,222.0
서울특별시,중구,채소가게,26.0,26.0,27.0
서울특별시,중구,철물점,44.0,44.0,45.0
서울특별시,중구,치과의원,183.0,184.0,190.0
서울특별시,중구,침구ㆍ커튼가게,43.0,41.0,40.0
서울특별시,중구,커피음료점,760.0,759.0,743.0
서울특별시,중구,컴퓨터판매점,17.0,16.0,19.0
서울특별시,중구,통신판매업,4388.0,4370.0,4275.0
서울특별시,중구,패스트푸드점,217.0,217.0,220.0
서울특별시,중구,펜션ㆍ게스트하우스,315.0,305.0,260.0
서울특별시,중구,편의점,310.0,309.0,308.0
서울특별시,중구,피부ㆍ비뇨기과의원,94.0,93.0,74.0
서울특별시,중구,피부관리업,282.0,276.0,251.0
서울특별시,중구,한방병원ㆍ한의원,96.0,96.0,97.0
서울특별시,중구,한식음식점,2545.0,2543.0,2530.0
서울특별시,중구,헬스클럽,59.0,59.0,60.0
서울특별시,중구,호프주점,113.0,113.0,128.0
서울특별시,중구,화장품가게,211.0,214.0,220.0
서울특별시,중구,휴대폰가게,80.0,84.0,85.0
서울특별시,중랑구,LPG 충전소,4.0,4.0,4.0
서울특별시,중랑구,pc방,49.0,50.0,51.0
서울특별시,중랑구,가구점,29.0,29.0,32.0
서울특별시,중랑구,가전제품수리점,281.0,276.0,246.0
서울특별시,중랑구,가전제품판매점,70.0,69.0,67.0
서울특별시,중랑구,간이주점,66.0,68.0,72.0
서울특별시,중랑구,간판광고물업,100.0,101.0,101.0
서울특별시,중랑구,감정평가사,4.0,4.0,3.0
서울특별시,중랑구,건강보조식품가게,89.0,89.0,83.0
서울특별시,중랑구,건어물가게,38.0,38.0,35.0
서울특별시,중랑구,건축사,53.0,53.0,53.0
서울특별시,중랑구,결혼상담소,15.0,15.0,11.0
서울특별시,중랑구,곡물가게,35.0,34.0,37.0
서울특별시,중랑구,공인노무사,13.0,13.0,12.0
서울특별시,중랑구,공인회계사,11.0,11.0,13.0
서울특별시,중랑구,과일가게,54.0,55.0,53.0
서울특별시,중랑구,교습소ㆍ공부방,269.0,272.0,263.0
서울특별시,중랑구,교습학원,233.0,236.0,231.0
서울특별시,중랑구,구내식당,74.0,74.0,85.0
서울특별시,중랑구,기술ㆍ직업훈련학원,125.0,125.0,116.0
서울특별시,중랑구,기술사,19.0,19.0,15.0
서울특별시,중랑구,기타외국식음식점,105.0,104.0,103.0
서울특별시,중랑구,기타음식점,75.0,75.0,72.0
서울특별시,중랑구,기타일반의원,30.0,30.0,29.0
서울특별시,중랑구,꽃가게,101.0,101.0,103.0
서울특별시,중랑구,내과ㆍ소아과의원,93.0,94.0,89.0
서울특별시,중랑구,노래방,307.0,307.0,312.0
서울특별시,중랑구,담배ㆍ복권소매업,92.0,93.0,86.0
서울특별시,중랑구,당구장,115.0,113.0,121.0
서울특별시,중랑구,독서실,34.0,35.0,34.0
서울특별시,중랑구,동물병원,29.0,29.0,29.0
서울특별시,중랑구,목욕탕,20.0,21.0,23.0
서울특별시,중랑구,문구점,47.0,48.0,53.0
서울특별시,중랑구,미용실,810.0,814.0,806.0
서울특별시,중랑구,법무사,16.0,16.0,15.0
서울특별시,중랑구,변호사,19.0,19.0,19.0
서울특별시,중랑구,부동산중개업,819.0,818.0,841.0
서울특별시,중랑구,분식점,328.0,328.0,339.0
서울특별시,중랑구,사진촬영업,184.0,183.0,176.0
서울특별시,중랑구,산부인과의원,13.0,13.0,13.0
서울특별시,중랑구,생선가게,40.0,40.0,42.0
서울특별시,중랑구,서점,50.0,50.0,50.0
서울특별시,중랑구,세무사,48.0,47.0,47.0
서울특별시,중랑구,세탁소,211.0,211.0,216.0
서울특별시,중랑구,슈퍼마켓,134.0,137.0,148.0
서울특별시,중랑구,스포츠교육기관,202.0,202.0,207.0
서울특별시,중랑구,스포츠시설운영업,50.0,50.0,51.0
서울특별시,중랑구,스포츠용품점,46.0,46.0,50.0
서울특별시,중랑구,시계ㆍ귀금속점,44.0,45.0,48.0
서울특별시,중랑구,식료품가게,189.0,191.0,190.0
서울특별시,중랑구,신경정신과의원,15.0,15.0,15.0
서울특별시,중랑구,신발가게,32.0,33.0,36.0
서울특별시,중랑구,실내스크린골프점,23.0,24.0,22.0
서울특별시,중랑구,실내장식가게,835.0,832.0,828.0
서울특별시,중랑구,실외골프연습장,4.0,4.0,4.0
서울특별시,중랑구,안경점,69.0,70.0,71.0
서울특별시,중랑구,안과의원,16.0,15.0,13.0
서울특별시,중랑구,애완용품점,79.0,78.0,76.0
서울특별시,중랑구,약국,198.0,198.0,190.0
서울특별시,중랑구,여관ㆍ모텔,71.0,71.0,73.0
서울특별시,중랑구,여행사,54.0,54.0,62.0
서울특별시,중랑구,예술학원,165.0,164.0,164.0
서울특별시,중랑구,옷가게,459.0,463.0,488.0
서울특별시,중랑구,의료용품가게,42.0,43.0,44.0
서울특별시,중랑구,이륜자동차판매점,28.0,29.0,32.0
서울특별시,중랑구,이발소,109.0,108.0,109.0
서울특별시,중랑구,이비인후과의원,29.0,29.0,29.0
서울특별시,중랑구,일반외과의원,61.0,62.0,58.0
서울특별시,중랑구,일식음식점,149.0,150.0,145.0
서울특별시,중랑구,자동차수리점,239.0,241.0,242.0
서울특별시,중랑구,자전거판매점,21.0,21.0,19.0
서울특별시,중랑구,장난감가게,14.0,13.0,12.0
서울특별시,중랑구,정육점,144.0,145.0,147.0
서울특별시,중랑구,제과점,141.0,139.0,140.0
서울특별시,중랑구,종합병원,21.0,21.0,22.0
서울특별시,중랑구,주유소,14.0,14.0,15.0
서울특별시,중랑구,주차장운영업,38.0,38.0,37.0
서울특별시,중랑구,중고차판매점,7.0,8.0,9.0
서울특별시,중랑구,중식음식점,106.0,105.0,105.0
서울특별시,중랑구,채소가게,96.0,96.0,103.0
서울특별시,중랑구,철물점,77.0,77.0,79.0
서울특별시,중랑구,치과의원,166.0,166.0,165.0
서울특별시,중랑구,침구ㆍ커튼가게,34.0,34.0,40.0
서울특별시,중랑구,커피음료점,436.0,438.0,450.0
서울특별시,중랑구,컴퓨터판매점,31.0,31.0,29.0
서울특별시,중랑구,통신판매업,5995.0,5996.0,5894.0
서울특별시,중랑구,패스트푸드점,250.0,253.0,263.0
서울특별시,중랑구,펜션ㆍ게스트하우스,22.0,22.0,8.0
서울특별시,중랑구,편의점,298.0,302.0,294.0
서울특별시,중랑구,피부ㆍ비뇨기과의원,28.0,27.0,26.0
서울특별시,중랑구,피부관리업,452.0,453.0,430.0
서울특별시,중랑구,한방병원ㆍ한의원,122.0,121.0,118.0
서울특별시,중랑구,한식음식점,1937.0,1934.0,1970.0
서울특별시,중랑구,헬스클럽,90.0,90.0,88.0
서울특별시,중랑구,호프주점,275.0,277.0,302.0
서울특별시,중랑구,화장품가게,214.0,213.0,233.0
서울특별시,중랑구,휴대폰가게,133.0,136.0,136.0
세종특별자치시,세종특별자치시,LPG 충전소,4.0,4.0,4.0
세종특별자치시,세종특별자치시,pc방,32.0,32.0,28.0
세종특별자치시,세종특별자치시,가구점,35.0,34.0,32.0
세종특별자치시,세종특별자치시,가전제품수리점,121.0,124.0,112.0
세종특별자치시,세종특별자치시,가전제품판매점,48.0,47.0,50.0
세종특별자치시,세종특별자치시,간이주점,10.0,10.0,13.0
세종특별자치시,세종특별자치시,간판광고물업,37.0,37.0,36.0
세종특별자치시,세종특별자치시,감정평가사,24.0,24.0,24.0
세종특별자치시,세종특별자치시,건강보조식품가게,72.0,73.0,75.0
세종특별자치시,세종특별자치시,건어물가게,19.0,19.0,17.0
세종특별자치시,세종특별자치시,건축사,74.0,74.0,73.0
세종특별자치시,세종특별자치시,결혼상담소,15.0,13.0,13.0
세종특별자치시,세종특별자치시,곡물가게,38.0,36.0,40.0
세종특별자치시,세종특별자치시,공인노무사,14.0,14.0,12.0
세종특별자치시,세종특별자치시,공인회계사,12.0,12.0,12.0
세종특별자치시,세종특별자치시,과일가게,114.0,118.0,114.0
세종특별자치시,세종특별자치시,교습소ㆍ공부방,864.0,865.0,847.0
세종특별자치시,세종특별자치시,교습학원,879.0,875.0,832.0
세종특별자치시,세종특별자치시,구내식당,68.0,68.0,71.0
세종특별자치시,세종특별자치시,기술ㆍ직업훈련학원,270.0,269.0,264.0
세종특별자치시,세종특별자치시,기술사,13.0,14.0,11.0
세종특별자치시,세종특별자치시,기타외국식음식점,232.0,229.0,235.0
세종특별자치시,세종특별자치시,기타음식점,126.0,127.0,138.0
세종특별자치시,세종특별자치시,기타일반의원,23.0,23.0,21.0
세종특별자치시,세종특별자치시,꽃가게,153.0,154.0,140.0
세종특별자치시,세종특별자치시,내과ㆍ소아과의원,80.0,80.0,79.0
세종특별자치시,세종특별자치시,노래방,139.0,138.0,143.0
세종특별자치시,세종특별자치시,담배ㆍ복권소매업,46.0,47.0,48.0
세종특별자치시,세종특별자치시,당구장,102.0,101.0,106.0
세종특별자치시,세종특별자치시,독서실,39.0,39.0,42.0
세종특별자치시,세종특별자치시,동물병원,30.0,30.0,31.0
세종특별자치시,세종특별자치시,목욕탕,12.0,12.0,15.0
세종특별자치시,세종특별자치시,문구점,104.0,103.0,105.0
세종특별자치시,세종특별자치시,미용실,598.0,600.0,594.0
세종특별자치시,세종특별자치시,법무사,32.0,32.0,33.0
세종특별자치시,세종특별자치시,변리사,5.0,5.0,5.0
세종특별자치시,세종특별자치시,변호사,38.0,37.0,32.0
세종특별자치시,세종특별자치시,부동산중개업,1378.0,1382.0,1452.0
세종특별자치시,세종특별자치시,분식점,285.0,286.0,288.0
세종특별자치시,세종특별자치시,사진촬영업,144.0,147.0,138.0
세종특별자치시,세종특별자치시,산부인과의원,11.0,11.0,11.0
세종특별자치시,세종특별자치시,생선가게,28.0,28.0,27.0
세종특별자치시,세종특별자치시,서점,114.0,115.0,121.0
세종특별자치시,세종특별자치시,성형외과의원,6.0,6.0,6.0
세종특별자치시,세종특별자치시,세무사,64.0,62.0,62.0
세종특별자치시,세종특별자치시,세탁소,144.0,145.0,151.0
세종특별자치시,세종특별자치시,슈퍼마켓,187.0,188.0,164.0
세종특별자치시,세종특별자치시,스포츠교육기관,410.0,405.0,381.0
세종특별자치시,세종특별자치시,스포츠시설운영업,87.0,89.0,96.0
세종특별자치시,세종특별자치시,스포츠용품점,96.0,100.0,110.0
세종특별자치시,세종특별자치시,시계ㆍ귀금속점,34.0,33.0,34.0
세종특별자치시,세종특별자치시,식료품가게,247.0,248.0,252.0
세종특별자치시,세종특별자치시,신경정신과의원,19.0,18.0,18.0
세종특별자치시,세종특별자치시,신발가게,22.0,23.0,27.0
세종특별자치시,세종특별자치시,실내스크린골프점,67.0,66.0,63.0
세종특별자치시,세종특별자치시,실내장식가게,484.0,474.0,443.0
세종특별자치시,세종특별자치시,실외골프연습장,10.0,10.0,10.0
세종특별자치시,세종특별자치시,안경점,61.0,61.0,58.0
세종특별자치시,세종특별자치시,안과의원,7.0,7.0,7.0
세종특별자치시,세종특별자치시,애완용품점,67.0,64.0,66.0
세종특별자치시,세종특별자치시,약국,165.0,161.0,160.0
세종특별자치시,세종특별자치시,여관ㆍ모텔,64.0,64.0,63.0
세종특별자치시,세종특별자치시,여행사,64.0,61.0,56.0
세종특별자치시,세종특별자치시,예술학원,399.0,398.0,392.0
세종특별자치시,세종특별자치시,예식장,0.0,0.0,0.0
세종특별자치시,세종특별자치시,옷가게,352.0,354.0,399.0
세종특별자치시,세종특별자치시,의료용품가게,28.0,28.0,30.0
세종특별자치시,세종특별자치시,이륜자동차판매점,11.0,11.0,10.0
세종특별자치시,세종특별자치시,이발소,48.0,47.0,47.0
세종특별자치시,세종특별자치시,이비인후과의원,18.0,18.0,18.0
세종특별자치시,세종특별자치시,일반외과의원,41.0,41.0,40.0
세종특별자치시,세종특별자치시,일식음식점,143.0,147.0,138.0
세종특별자치시,세종특별자치시,자동차수리점,258.0,258.0,245.0
세종특별자치시,세종특별자치시,자전거판매점,17.0,17.0,17.0
세종특별자치시,세종특별자치시,장난감가게,24.0,24.0,18.0
세종특별자치시,세종특별자치시,정육점,118.0,121.0,119.0
세종특별자치시,세종특별자치시,제과점,169.0,167.0,174.0
세종특별자치시,세종특별자치시,종합병원,12.0,12.0,12.0
세종특별자치시,세종특별자치시,주유소,62.0,64.0,67.0
세종특별자치시,세종특별자치시,주차장운영업,81.0,81.0,71.0
세종특별자치시,세종특별자치시,중고차판매점,6.0,6.0,6.0
세종특별자치시,세종특별자치시,중식음식점,196.0,200.0,199.0
세종특별자치시,세종특별자치시,채소가게,84.0,84.0,80.0
세종특별자치시,세종특별자치시,철물점,36.0,36.0,37.0
세종특별자치시,세종특별자치시,치과의원,101.0,101.0,99.0
세종특별자치시,세종특별자치시,침구ㆍ커튼가게,64.0,63.0,70.0
세종특별자치시,세종특별자치시,커피음료점,659.0,657.0,660.0
세종특별자치시,세종특별자치시,컴퓨터판매점,88.0,86.0,87.0
세종특별자치시,세종특별자치시,통신판매업,4436.0,4441.0,4310.0
세종특별자치시,세종특별자치시,패스트푸드점,403.0,412.0,397.0
세종특별자치시,세종특별자치시,펜션ㆍ게스트하우스,38.0,39.0,27.0
세종특별자치시,세종특별자치시,편의점,304.0,304.0,321.0
세종특별자치시,세종특별자치시,피부ㆍ비뇨기과의원,30.0,30.0,27.0
세종특별자치시,세종특별자치시,피부관리업,457.0,451.0,435.0
세종특별자치시,세종특별자치시,한방병원ㆍ한의원,102.0,101.0,100.0
세종특별자치시,세종특별자치시,한식음식점,2308.0,2308.0,2376.0
세종특별자치시,세종특별자치시,헬스클럽,96.0,96.0,89.0
세종특별자치시,세종특별자치시,호프주점,75.0,72.0,87.0
세종특별자치시,세종특별자치시,화장품가게,166.0,172.0,190.0
세종특별자치시,세종특별자치시,휴대폰가게,73.0,73.0,67.0
울산광역시,남구,LPG 충전소,9.0,11.0,12.0
울산광역시,남구,pc방,65.0,65.0,72.0
울산광역시,남구,가구점,33.0,33.0,31.0
울산광역시,남구,가전제품수리점,105.0,106.0,95.0
울산광역시,남구,가전제품판매점,59.0,59.0,56.0
울산광역시,남구,간이주점,18.0,18.0,19.0
울산광역시,남구,간판광고물업,118.0,118.0,118.0
울산광역시,남구,감정평가사,16.0,16.0,16.0
울산광역시,남구,건강보조식품가게,95.0,99.0,106.0
울산광역시,남구,건어물가게,33.0,33.0,33.0
울산광역시,남구,건축사,122.0,122.0,129.0
울산광역시,남구,결혼상담소,17.0,17.0,19.0
울산광역시,남구,곡물가게,9.0,9.0,10.0
울산광역시,남구,공인노무사,24.0,24.0,25.0
울산광역시,남구,공인회계사,24.0,23.0,25.0
울산광역시,남구,과일가게,51.0,51.0,52.0
울산광역시,남구,교습소ㆍ공부방,427.0,425.0,406.0
울산광역시,남구,교습학원,715.0,708.0,702.0
울산광역시,남구,구내식당,98.0,99.0,103.0
울산광역시,남구,기술ㆍ직업훈련학원,215.0,216.0,221.0
울산광역시,남구,기술사,8.0,8.0,8.0
울산광역시,남구,기타외국식음식점,259.0,261.0,272.0
울산광역시,남구,기타음식점,115.0,115.0,123.0
울산광역시,남구,기타일반의원,25.0,25.0,25.0
울산광역시,남구,꽃가게,242.0,246.0,240.0
울산광역시,남구,내과ㆍ소아과의원,81.0,80.0,81.0
울산광역시,남구,노래방,178.0,179.0,195.0
울산광역시,남구,담배ㆍ복권소매업,68.0,67.0,66.0
울산광역시,남구,당구장,127.0,127.0,123.0
울산광역시,남구,독서실,62.0,62.0,66.0
울산광역시,남구,동물병원,25.0,25.0,25.0
울산광역시,남구,목욕탕,43.0,44.0,47.0
울산광역시,남구,문구점,50.0,52.0,54.0
울산광역시,남구,미용실,1049.0,1047.0,1025.0
울산광역시,남구,법무사,117.0,117.0,114.0
울산광역시,남구,변리사,4.0,4.0,4.0
울산광역시,남구,변호사,148.0,148.0,145.0
울산광역시,남구,부동산중개업,1059.0,1064.0,1032.0
울산광역시,남구,분식점,262.0,266.0,286.0
울산광역시,남구,사진촬영업,114.0,116.0,111.0
울산광역시,남구,산부인과의원,19.0,20.0,22.0
울산광역시,남구,생선가게,107.0,109.0,108.0
울산광역시,남구,서점,84.0,84.0,77.0
울산광역시,남구,성형외과의원,16.0,17.0,17.0
울산광역시,남구,세무사,144.0,144.0,147.0
울산광역시,남구,세탁소,175.0,174.0,169.0
울산광역시,남구,슈퍼마켓,175.0,172.0,174.0
울산광역시,남구,스포츠교육기관,276.0,274.0,263.0
울산광역시,남구,스포츠시설운영업,81.0,79.0,82.0
울산광역시,남구,스포츠용품점,93.0,96.0,107.0
울산광역시,남구,시계ㆍ귀금속점,87.0,86.0,88.0
울산광역시,남구,식료품가게,226.0,227.0,227.0
울산광역시,남구,신경정신과의원,21.0,21.0,21.0
울산광역시,남구,신발가게,19.0,19.0,18.0
울산광역시,남구,실내스크린골프점,93.0,94.0,92.0
울산광역시,남구,실내장식가게,582.0,583.0,578.0
울산광역시,남구,실외골프연습장,18.0,18.0,17.0
울산광역시,남구,안경점,85.0,85.0,86.0
울산광역시,남구,안과의원,16.0,16.0,16.0
울산광역시,남구,애완용품점,84.0,84.0,80.0
울산광역시,남구,약국,161.0,161.0,159.0
울산광역시,남구,여관ㆍ모텔,226.0,223.0,231.0
울산광역시,남구,여행사,115.0,114.0,114.0
울산광역시,남구,예술학원,293.0,290.0,297.0
울산광역시,남구,예식장,9.0,9.0,9.0
울산광역시,남구,옷가게,505.0,504.0,555.0
울산광역시,남구,의료용품가게,47.0,47.0,51.0
울산광역시,남구,이륜자동차판매점,17.0,17.0,16.0
울산광역시,남구,이발소,124.0,123.0,124.0
울산광역시,남구,이비인후과의원,19.0,19.0,19.0
울산광역시,남구,일반외과의원,35.0,34.0,36.0
울산광역시,남구,일식음식점,209.0,211.0,207.0
울산광역시,남구,자동차수리점,362.0,363.0,359.0
울산광역시,남구,자전거판매점,11.0,11.0,11.0
울산광역시,남구,장난감가게,19.0,19.0,17.0
울산광역시,남구,정육점,182.0,181.0,189.0
울산광역시,남구,제과점,197.0,197.0,191.0
울산광역시,남구,종합병원,42.0,42.0,42.0
울산광역시,남구,주유소,51.0,51.0,53.0
울산광역시,남구,주차장운영업,128.0,129.0,129.0
울산광역시,남구,중고차판매점,0.0,0.0,0.0
울산광역시,남구,중식음식점,189.0,191.0,187.0
울산광역시,남구,채소가게,43.0,44.0,45.0
울산광역시,남구,철물점,42.0,42.0,43.0
울산광역시,남구,치과의원,167.0,168.0,169.0
울산광역시,남구,침구ㆍ커튼가게,47.0,47.0,46.0
울산광역시,남구,커피음료점,713.0,711.0,734.0
울산광역시,남구,컴퓨터판매점,32.0,32.0,39.0
울산광역시,남구,통신판매업,2510.0,2491.0,2484.0
울산광역시,남구,패스트푸드점,344.0,348.0,351.0
울산광역시,남구,펜션ㆍ게스트하우스,12.0,13.0,7.0
울산광역시,남구,편의점,338.0,343.0,361.0
울산광역시,남구,피부ㆍ비뇨기과의원,64.0,64.0,63.0
울산광역시,남구,피부관리업,777.0,770.0,730.0
울산광역시,남구,한방병원ㆍ한의원,113.0,114.0,112.0
울산광역시,남구,한식음식점,3312.0,3316.0,3364.0
울산광역시,남구,헬스클럽,97.0,99.0,92.0
울산광역시,남구,호프주점,98.0,97.0,102.0
울산광역시,남구,화장품가게,395.0,399.0,448.0
울산광역시,남구,휴대폰가게,175.0,178.0,172.0
울산광역시,동구,LPG 충전소,0.0,0.0,0.0
울산광역시,동구,pc방,19.0,19.0,19.0
울산광역시,동구,가구점,15.0,15.0,14.0
울산광역시,동구,가전제품수리점,26.0,27.0,29.0
울산광역시,동구,가전제품판매점,15.0,16.0,17.0
울산광역시,동구,간이주점,14.0,14.0,14.0
울산광역시,동구,간판광고물업,16.0,16.0,14.0
울산광역시,동구,건강보조식품가게,27.0,28.0,26.0
울산광역시,동구,건어물가게,26.0,25.0,24.0
울산광역시,동구,건축사,0.0,0.0,0.0
울산광역시,동구,결혼상담소,0.0,0.0,0.0
울산광역시,동구,곡물가게,4.0,4.0,4.0
울산광역시,동구,공인노무사,7.0,7.0,7.0
울산광역시,동구,과일가게,24.0,25.0,23.0
울산광역시,동구,교습소ㆍ공부방,192.0,191.0,191.0
울산광역시,동구,교습학원,185.0,185.0,175.0
울산광역시,동구,구내식당,32.0,33.0,35.0
울산광역시,동구,기술ㆍ직업훈련학원,43.0,45.0,46.0
울산광역시,동구,기술사,0.0,0.0,0.0
울산광역시,동구,기타외국식음식점,98.0,97.0,104.0
울산광역시,동구,기타음식점,64.0,64.0,66.0
울산광역시,동구,기타일반의원,8.0,8.0,9.0
울산광역시,동구,꽃가게,59.0,59.0,57.0
울산광역시,동구,내과ㆍ소아과의원,31.0,31.0,30.0
울산광역시,동구,노래방,67.0,68.0,68.0
울산광역시,동구,담배ㆍ복권소매업,29.0,29.0,27.0
울산광역시,동구,당구장,71.0,71.0,75.0
울산광역시,동구,독서실,17.0,17.0,20.0
울산광역시,동구,동물병원,7.0,7.0,6.0
울산광역시,동구,목욕탕,18.0,18.0,18.0
울산광역시,동구,문구점,24.0,24.0,23.0
울산광역시,동구,미용실,391.0,392.0,401.0
울산광역시,동구,법무사,0.0,0.0,0.0
울산광역시,동구,변호사,0.0,0.0,0.0
울산광역시,동구,부동산중개업,163.0,164.0,169.0
울산광역시,동구,분식점,97.0,95.0,101.0
울산광역시,동구,사진촬영업,29.0,28.0,29.0
울산광역시,동구,산부인과의원,4.0,4.0,4.0
울산광역시,동구,생선가게,143.0,142.0,138.0
울산광역시,동구,서점,18.0,18.0,19.0
울산광역시,동구,성형외과의원,0.0,0.0,0.0
울산광역시,동구,세무사,0.0,0.0,0.0
울산광역시,동구,세탁소,61.0,60.0,59.0
울산광역시,동구,슈퍼마켓,130.0,131.0,125.0
울산광역시,동구,스포츠교육기관,114.0,114.0,111.0
울산광역시,동구,스포츠시설운영업,18.0,18.0,20.0
울산광역시,동구,스포츠용품점,28.0,28.0,28.0
울산광역시,동구,시계ㆍ귀금속점,26.0,26.0,30.0
울산광역시,동구,식료품가게,89.0,91.0,92.0
울산광역시,동구,신경정신과의원,0.0,0.0,0.0
울산광역시,동구,신발가게,12.0,12.0,12.0
울산광역시,동구,실내스크린골프점,16.0,16.0,17.0
울산광역시,동구,실내장식가게,166.0,164.0,157.0
울산광역시,동구,실외골프연습장,3.0,3.0,4.0
울산광역시,동구,안경점,28.0,28.0,28.0
울산광역시,동구,안과의원,3.0,3.0,3.0
울산광역시,동구,애완용품점,28.0,28.0,28.0
울산광역시,동구,약국,73.0,72.0,71.0
울산광역시,동구,여관ㆍ모텔,52.0,52.0,51.0
울산광역시,동구,여행사,15.0,15.0,16.0
울산광역시,동구,예술학원,92.0,92.0,90.0
울산광역시,동구,옷가게,178.0,178.0,190.0
울산광역시,동구,의료용품가게,9.0,10.0,8.0
울산광역시,동구,이륜자동차판매점,31.0,31.0,29.0
울산광역시,동구,이발소,64.0,65.0,67.0
울산광역시,동구,이비인후과의원,6.0,6.0,6.0
울산광역시,동구,일반외과의원,16.0,16.0,16.0
울산광역시,동구,일식음식점,42.0,42.0,42.0
울산광역시,동구,자동차수리점,98.0,97.0,96.0
울산광역시,동구,자전거판매점,3.0,3.0,4.0
울산광역시,동구,장난감가게,7.0,7.0,8.0
울산광역시,동구,정육점,87.0,87.0,90.0
울산광역시,동구,제과점,52.0,52.0,52.0
울산광역시,동구,종합병원,4.0,4.0,4.0
울산광역시,동구,주유소,8.0,8.0,8.0
울산광역시,동구,주차장운영업,30.0,30.0,28.0
울산광역시,동구,중고차판매점,3.0,3.0,3.0
울산광역시,동구,중식음식점,88.0,86.0,91.0
울산광역시,동구,채소가게,28.0,29.0,28.0
울산광역시,동구,철물점,33.0,33.0,34.0
울산광역시,동구,치과의원,45.0,45.0,45.0
울산광역시,동구,침구ㆍ커튼가게,20.0,20.0,21.0
울산광역시,동구,커피음료점,225.0,224.0,229.0
울산광역시,동구,컴퓨터판매점,12.0,13.0,14.0
울산광역시,동구,통신판매업,870.0,862.0,833.0
울산광역시,동구,패스트푸드점,134.0,133.0,140.0
울산광역시,동구,펜션ㆍ게스트하우스,15.0,16.0,11.0
울산광역시,동구,편의점,156.0,154.0,161.0
울산광역시,동구,피부ㆍ비뇨기과의원,10.0,10.0,10.0
울산광역시,동구,피부관리업,171.0,167.0,157.0
울산광역시,동구,한방병원ㆍ한의원,38.0,38.0,39.0
울산광역시,동구,한식음식점,1392.0,1407.0,1428.0
울산광역시,동구,헬스클럽,29.0,29.0,29.0
울산광역시,동구,호프주점,22.0,23.0,29.0
울산광역시,동구,화장품가게,105.0,107.0,117.0
울산광역시,동구,휴대폰가게,53.0,54.0,55.0
울산광역시,북구,LPG 충전소,7.0,7.0,7.0
울산광역시,북구,pc방,26.0,25.0,32.0
울산광역시,북구,가구점,11.0,11.0,12.0
울산광역시,북구,가전제품수리점,54.0,55.0,54.0
울산광역시,북구,가전제품판매점,29.0,29.0,31.0
울산광역시,북구,간이주점,7.0,7.0,9.0
울산광역시,북구,간판광고물업,25.0,25.0,26.0
울산광역시,북구,건강보조식품가게,26.0,27.0,29.0
울산광역시,북구,건어물가게,18.0,18.0,16.0
울산광역시,북구,건축사,16.0,16.0,16.0
울산광역시,북구,결혼상담소,0.0,0.0,0.0
울산광역시,북구,곡물가게,3.0,3.0,3.0
울산광역시,북구,공인노무사,0.0,0.0,0.0
울산광역시,북구,공인회계사,4.0,4.0,4.0
울산광역시,북구,과일가게,20.0,20.0,18.0
울산광역시,북구,교습소ㆍ공부방,343.0,341.0,331.0
울산광역시,북구,교습학원,379.0,377.0,365.0
울산광역시,북구,구내식당,56.0,56.0,55.0
울산광역시,북구,기술ㆍ직업훈련학원,80.0,81.0,81.0
울산광역시,북구,기술사,0.0,0.0,0.0
울산광역시,북구,기타외국식음식점,49.0,49.0,49.0
울산광역시,북구,기타음식점,48.0,48.0,60.0
울산광역시,북구,기타일반의원,9.0,9.0,9.0
울산광역시,북구,꽃가게,96.0,97.0,100.0
울산광역시,북구,내과ㆍ소아과의원,31.0,31.0,32.0
울산광역시,북구,노래방,88.0,89.0,92.0
울산광역시,북구,담배ㆍ복권소매업,31.0,31.0,30.0
울산광역시,북구,당구장,95.0,93.0,95.0
울산광역시,북구,독서실,20.0,20.0,24.0
울산광역시,북구,동물병원,9.0,9.0,9.0
울산광역시,북구,목욕탕,16.0,15.0,18.0
울산광역시,북구,문구점,39.0,39.0,38.0
울산광역시,북구,미용실,437.0,439.0,432.0
울산광역시,북구,법무사,4.0,4.0,3.0
울산광역시,북구,변호사,0.0,0.0,0.0
울산광역시,북구,부동산중개업,315.0,322.0,316.0
울산광역시,북구,분식점,130.0,132.0,137.0
울산광역시,북구,사진촬영업,50.0,50.0,45.0
울산광역시,북구,산부인과의원,5.0,5.0,5.0
울산광역시,북구,생선가게,105.0,106.0,106.0
울산광역시,북구,서점,23.0,24.0,24.0
울산광역시,북구,세무사,16.0,16.0,17.0
울산광역시,북구,세탁소,78.0,77.0,79.0
울산광역시,북구,슈퍼마켓,107.0,108.0,107.0
울산광역시,북구,스포츠교육기관,188.0,186.0,188.0
울산광역시,북구,스포츠시설운영업,32.0,33.0,33.0
울산광역시,북구,스포츠용품점,65.0,63.0,64.0
울산광역시,북구,시계ㆍ귀금속점,24.0,25.0,24.0
울산광역시,북구,식료품가게,122.0,125.0,131.0
울산광역시,북구,신경정신과의원,0.0,0.0,0.0
울산광역시,북구,신발가게,8.0,8.0,11.0
울산광역시,북구,실내스크린골프점,55.0,52.0,49.0
울산광역시,북구,실내장식가게,201.0,204.0,199.0
울산광역시,북구,실외골프연습장,10.0,10.0,10.0
울산광역시,북구,안경점,36.0,36.0,36.0
울산광역시,북구,안과의원,4.0,4.0,4.0
울산광역시,북구,애완용품점,29.0,30.0,34.0
울산광역시,북구,약국,62.0,59.0,59.0
울산광역시,북구,여관ㆍ모텔,25.0,25.0,24.0
울산광역시,북구,여행사,15.0,15.0,15.0
울산광역시,북구,예술학원,160.0,161.0,161.0
울산광역시,북구,예식장,5.0,5.0,4.0
울산광역시,북구,옷가게,179.0,183.0,189.0
울산광역시,북구,의료용품가게,13.0,13.0,12.0
울산광역시,북구,이륜자동차판매점,14.0,14.0,15.0
울산광역시,북구,이발소,52.0,52.0,52.0
울산광역시,북구,이비인후과의원,10.0,10.0,9.0
울산광역시,북구,일반외과의원,11.0,11.0,11.0
울산광역시,북구,일식음식점,47.0,46.0,40.0
울산광역시,북구,자동차수리점,300.0,300.0,295.0
울산광역시,북구,자전거판매점,9.0,9.0,10.0
울산광역시,북구,장난감가게,12.0,12.0,11.0
울산광역시,북구,정육점,87.0,89.0,89.0
울산광역시,북구,제과점,81.0,82.0,81.0
울산광역시,북구,종합병원,14.0,14.0,13.0
울산광역시,북구,주유소,32.0,32.0,34.0
울산광역시,북구,주차장운영업,40.0,41.0,43.0
울산광역시,북구,중고차판매점,135.0,136.0,137.0
울산광역시,북구,중식음식점,69.0,68.0,65.0
울산광역시,북구,채소가게,17.0,17.0,19.0
울산광역시,북구,철물점,18.0,18.0,18.0
울산광역시,북구,치과의원,57.0,57.0,56.0
울산광역시,북구,침구ㆍ커튼가게,26.0,25.0,26.0
울산광역시,북구,커피음료점,289.0,287.0,303.0
울산광역시,북구,컴퓨터판매점,8.0,9.0,10.0
울산광역시,북구,통신판매업,1474.0,1475.0,1488.0
울산광역시,북구,패스트푸드점,194.0,192.0,203.0
울산광역시,북구,펜션ㆍ게스트하우스,77.0,77.0,71.0
울산광역시,북구,편의점,173.0,176.0,172.0
울산광역시,북구,피부ㆍ비뇨기과의원,8.0,8.0,8.0
울산광역시,북구,피부관리업,249.0,248.0,229.0
울산광역시,북구,한방병원ㆍ한의원,38.0,39.0,40.0
울산광역시,북구,한식음식점,1746.0,1749.0,1799.0
울산광역시,북구,헬스클럽,50.0,50.0,50.0
울산광역시,북구,호프주점,27.0,27.0,31.0
울산광역시,북구,화장품가게,111.0,112.0,121.0
울산광역시,북구,휴대폰가게,62.0,59.0,56.0
울산광역시,울주군,LPG 충전소,8.0,8.0,8.0
울산광역시,울주군,pc방,24.0,25.0,29.0
울산광역시,울주군,가구점,23.0,24.0,25.0
울산광역시,울주군,가전제품수리점,67.0,65.0,66.0
울산광역시,울주군,가전제품판매점,41.0,41.0,35.0
울산광역시,울주군,간이주점,11.0,9.0,11.0
울산광역시,울주군,간판광고물업,50.0,50.0,50.0
울산광역시,울주군,감정평가사,7.0,7.0,7.0
울산광역시,울주군,건강보조식품가게,48.0,48.0,43.0
울산광역시,울주군,건어물가게,30.0,30.0,31.0
울산광역시,울주군,건축사,45.0,44.0,44.0
울산광역시,울주군,결혼상담소,4.0,4.0,5.0
울산광역시,울주군,곡물가게,14.0,14.0,16.0
울산광역시,울주군,공인노무사,0.0,0.0,0.0
울산광역시,울주군,공인회계사,0.0,0.0,0.0
울산광역시,울주군,과일가게,52.0,51.0,44.0
울산광역시,울주군,교습소ㆍ공부방,236.0,233.0,223.0
울산광역시,울주군,교습학원,305.0,306.0,289.0
울산광역시,울주군,구내식당,71.0,70.0,72.0
울산광역시,울주군,기술ㆍ직업훈련학원,96.0,96.0,90.0
울산광역시,울주군,기술사,7.0,6.0,5.0
울산광역시,울주군,기타외국식음식점,87.0,88.0,86.0
울산광역시,울주군,기타음식점,87.0,86.0,88.0
울산광역시,울주군,기타일반의원,10.0,10.0,9.0
울산광역시,울주군,꽃가게,126.0,126.0,129.0
울산광역시,울주군,내과ㆍ소아과의원,30.0,30.0,33.0
울산광역시,울주군,노래방,89.0,90.0,92.0
울산광역시,울주군,담배ㆍ복권소매업,45.0,44.0,44.0
울산광역시,울주군,당구장,82.0,83.0,82.0
울산광역시,울주군,독서실,24.0,26.0,26.0
울산광역시,울주군,동물병원,22.0,21.0,21.0
울산광역시,울주군,목욕탕,40.0,40.0,40.0
울산광역시,울주군,문구점,28.0,28.0,30.0
울산광역시,울주군,미용실,472.0,470.0,458.0
울산광역시,울주군,법무사,9.0,9.0,9.0
울산광역시,울주군,변리사,0.0,0.0,0.0
울산광역시,울주군,변호사,3.0,3.0,0.0
울산광역시,울주군,부동산중개업,452.0,450.0,456.0
울산광역시,울주군,분식점,169.0,167.0,173.0
울산광역시,울주군,사진촬영업,35.0,37.0,37.0
울산광역시,울주군,산부인과의원,4.0,4.0,4.0
울산광역시,울주군,생선가게,50.0,50.0,52.0
울산광역시,울주군,서점,34.0,34.0,40.0
울산광역시,울주군,세무사,14.0,14.0,14.0
울산광역시,울주군,세탁소,105.0,107.0,106.0
울산광역시,울주군,슈퍼마켓,132.0,132.0,138.0
울산광역시,울주군,스포츠교육기관,149.0,149.0,145.0
울산광역시,울주군,스포츠시설운영업,35.0,33.0,29.0
울산광역시,울주군,스포츠용품점,59.0,60.0,64.0
울산광역시,울주군,시계ㆍ귀금속점,33.0,33.0,36.0
울산광역시,울주군,식료품가게,217.0,222.0,217.0
울산광역시,울주군,신경정신과의원,0.0,0.0,0.0
울산광역시,울주군,신발가게,11.0,11.0,11.0
울산광역시,울주군,실내스크린골프점,53.0,53.0,55.0
울산광역시,울주군,실내장식가게,293.0,290.0,278.0
울산광역시,울주군,실외골프연습장,12.0,12.0,12.0
울산광역시,울주군,안경점,33.0,33.0,33.0
울산광역시,울주군,안과의원,5.0,5.0,5.0
울산광역시,울주군,애완용품점,38.0,40.0,37.0
울산광역시,울주군,약국,72.0,71.0,70.0
울산광역시,울주군,여관ㆍ모텔,130.0,131.0,132.0
울산광역시,울주군,여행사,26.0,26.0,27.0
울산광역시,울주군,예술학원,140.0,140.0,140.0
울산광역시,울주군,예식장,3.0,3.0,3.0
울산광역시,울주군,옷가게,200.0,199.0,203.0
울산광역시,울주군,의료용품가게,17.0,16.0,17.0
울산광역시,울주군,이륜자동차판매점,8.0,9.0,6.0
울산광역시,울주군,이발소,44.0,44.0,46.0
울산광역시,울주군,이비인후과의원,8.0,8.0,8.0
울산광역시,울주군,일반외과의원,12.0,12.0,13.0
울산광역시,울주군,일식음식점,48.0,51.0,51.0
울산광역시,울주군,자동차수리점,252.0,253.0,259.0
울산광역시,울주군,자전거판매점,7.0,7.0,8.0
울산광역시,울주군,장난감가게,5.0,5.0,5.0
울산광역시,울주군,정육점,142.0,145.0,148.0
울산광역시,울주군,제과점,89.0,88.0,83.0
울산광역시,울주군,종합병원,20.0,20.0,19.0
울산광역시,울주군,주유소,101.0,103.0,104.0
울산광역시,울주군,주차장운영업,57.0,59.0,57.0
울산광역시,울주군,중고차판매점,0.0,0.0,0.0
울산광역시,울주군,중식음식점,127.0,130.0,135.0
울산광역시,울주군,채소가게,55.0,54.0,53.0
울산광역시,울주군,철물점,35.0,35.0,35.0
울산광역시,울주군,치과의원,49.0,48.0,47.0
울산광역시,울주군,침구ㆍ커튼가게,34.0,33.0,38.0
울산광역시,울주군,커피음료점,445.0,444.0,453.0
울산광역시,울주군,컴퓨터판매점,16.0,16.0,14.0
울산광역시,울주군,통신판매업,1501.0,1478.0,1467.0
울산광역시,울주군,패스트푸드점,217.0,216.0,221.0
울산광역시,울주군,펜션ㆍ게스트하우스,172.0,172.0,165.0
울산광역시,울주군,편의점,243.0,243.0,247.0
울산광역시,울주군,피부ㆍ비뇨기과의원,5.0,5.0,5.0
울산광역시,울주군,피부관리업,195.0,192.0,189.0
울산광역시,울주군,한방병원ㆍ한의원,45.0,45.0,43.0
울산광역시,울주군,한식음식점,2416.0,2414.0,2427.0
울산광역시,울주군,헬스클럽,37.0,38.0,34.0
울산광역시,울주군,호프주점,40.0,42.0,39.0
울산광역시,울주군,화장품가게,126.0,128.0,128.0
울산광역시,울주군,휴대폰가게,70.0,71.0,69.0
울산광역시,중구,LPG 충전소,0.0,0.0,0.0
울산광역시,중구,pc방,26.0,26.0,28.0
울산광역시,중구,가구점,64.0,61.0,60.0
울산광역시,중구,가전제품수리점,104.0,104.0,111.0
울산광역시,중구,가전제품판매점,64.0,64.0,63.0
울산광역시,중구,간이주점,11.0,11.0,11.0
울산광역시,중구,간판광고물업,69.0,68.0,71.0
울산광역시,중구,감정평가사,10.0,10.0,10.0
울산광역시,중구,건강보조식품가게,31.0,31.0,35.0
울산광역시,중구,건어물가게,26.0,27.0,30.0
울산광역시,중구,건축사,71.0,71.0,68.0
울산광역시,중구,결혼상담소,3.0,3.0,3.0
울산광역시,중구,곡물가게,14.0,14.0,13.0
울산광역시,중구,공인노무사,3.0,3.0,0.0
울산광역시,중구,공인회계사,0.0,0.0,0.0
울산광역시,중구,과일가게,43.0,42.0,42.0
울산광역시,중구,교습소ㆍ공부방,208.0,211.0,215.0
울산광역시,중구,교습학원,301.0,301.0,293.0
울산광역시,중구,구내식당,33.0,33.0,33.0
울산광역시,중구,기술ㆍ직업훈련학원,123.0,123.0,121.0
울산광역시,중구,기술사,0.0,0.0,0.0
울산광역시,중구,기타외국식음식점,100.0,102.0,101.0
울산광역시,중구,기타음식점,79.0,83.0,88.0
울산광역시,중구,기타일반의원,13.0,12.0,11.0
울산광역시,중구,꽃가게,111.0,113.0,113.0
울산광역시,중구,내과ㆍ소아과의원,46.0,46.0,51.0
울산광역시,중구,노래방,94.0,96.0,108.0
울산광역시,중구,담배ㆍ복권소매업,52.0,52.0,53.0
울산광역시,중구,당구장,66.0,68.0,73.0
울산광역시,중구,독서실,17.0,17.0,17.0
울산광역시,중구,동물병원,13.0,13.0,13.0
울산광역시,중구,목욕탕,36.0,36.0,37.0
울산광역시,중구,문구점,49.0,50.0,54.0
울산광역시,중구,미용실,618.0,620.0,620.0
울산광역시,중구,법무사,4.0,4.0,4.0
울산광역시,중구,변리사,0.0,0.0,0.0
울산광역시,중구,변호사,3.0,3.0,0.0
울산광역시,중구,부동산중개업,360.0,361.0,377.0
울산광역시,중구,분식점,143.0,144.0,137.0
울산광역시,중구,사진촬영업,84.0,85.0,85.0
울산광역시,중구,산부인과의원,6.0,6.0,7.0
울산광역시,중구,생선가게,59.0,60.0,59.0
울산광역시,중구,서점,47.0,47.0,47.0
울산광역시,중구,성형외과의원,0.0,0.0,0.0
울산광역시,중구,세무사,17.0,17.0,16.0
울산광역시,중구,세탁소,75.0,76.0,79.0
울산광역시,중구,슈퍼마켓,104.0,108.0,113.0
울산광역시,중구,스포츠교육기관,139.0,138.0,137.0
울산광역시,중구,스포츠시설운영업,38.0,37.0,37.0
울산광역시,중구,스포츠용품점,34.0,33.0,34.0
울산광역시,중구,시계ㆍ귀금속점,57.0,57.0,61.0
울산광역시,중구,식료품가게,150.0,148.0,158.0
울산광역시,중구,신경정신과의원,5.0,5.0,5.0
울산광역시,중구,신발가게,29.0,29.0,30.0
울산광역시,중구,실내스크린골프점,34.0,35.0,35.0
울산광역시,중구,실내장식가게,401.0,402.0,393.0
울산광역시,중구,실외골프연습장,6.0,6.0,5.0
울산광역시,중구,안경점,45.0,45.0,45.0
울산광역시,중구,안과의원,5.0,5.0,5.0
울산광역시,중구,애완용품점,40.0,41.0,36.0
울산광역시,중구,약국,84.0,84.0,83.0
울산광역시,중구,여관ㆍ모텔,62.0,62.0,64.0
울산광역시,중구,여행사,37.0,37.0,35.0
울산광역시,중구,예술학원,148.0,151.0,156.0
울산광역시,중구,예식장,0.0,0.0,0.0
울산광역시,중구,옷가게,432.0,435.0,464.0
울산광역시,중구,의료용품가게,29.0,30.0,29.0
울산광역시,중구,이륜자동차판매점,14.0,14.0,13.0
울산광역시,중구,이발소,83.0,82.0,84.0
울산광역시,중구,이비인후과의원,8.0,8.0,8.0
울산광역시,중구,일반외과의원,13.0,13.0,12.0
울산광역시,중구,일식음식점,60.0,59.0,51.0
울산광역시,중구,자동차수리점,155.0,156.0,156.0
울산광역시,중구,자전거판매점,11.0,11.0,13.0
울산광역시,중구,장난감가게,19.0,19.0,12.0
울산광역시,중구,정육점,121.0,119.0,125.0
울산광역시,중구,제과점,94.0,93.0,94.0
울산광역시,중구,종합병원,13.0,13.0,13.0
울산광역시,중구,주유소,24.0,23.0,24.0
울산광역시,중구,주차장운영업,52.0,52.0,54.0
울산광역시,중구,중고차판매점,0.0,0.0,0.0
울산광역시,중구,중식음식점,83.0,83.0,86.0
울산광역시,중구,채소가게,52.0,51.0,51.0
울산광역시,중구,철물점,39.0,39.0,40.0
울산광역시,중구,치과의원,69.0,69.0,68.0
울산광역시,중구,침구ㆍ커튼가게,80.0,80.0,82.0
울산광역시,중구,커피음료점,322.0,327.0,331.0
울산광역시,중구,컴퓨터판매점,16.0,16.0,17.0
울산광역시,중구,통신판매업,1438.0,1421.0,1412.0
울산광역시,중구,패스트푸드점,167.0,165.0,172.0
울산광역시,중구,펜션ㆍ게스트하우스,8.0,8.0,7.0
울산광역시,중구,편의점,166.0,166.0,169.0
울산광역시,중구,피부ㆍ비뇨기과의원,8.0,8.0,8.0
울산광역시,중구,피부관리업,236.0,232.0,223.0
울산광역시,중구,한방병원ㆍ한의원,47.0,47.0,47.0
울산광역시,중구,한식음식점,1760.0,1760.0,1843.0
울산광역시,중구,헬스클럽,43.0,43.0,43.0
울산광역시,중구,호프주점,34.0,34.0,38.0
울산광역시,중구,화장품가게,145.0,149.0,162.0
울산광역시,중구,휴대폰가게,104.0,102.0,104.0
인천광역시,강화군,LPG 충전소,3.0,3.0,3.0
인천광역시,강화군,pc방,3.0,3.0,3.0
인천광역시,강화군,가구점,6.0,5.0,5.0
인천광역시,강화군,가전제품수리점,19.0,19.0,14.0
인천광역시,강화군,가전제품판매점,20.0,21.0,21.0
인천광역시,강화군,간이주점,15.0,15.0,20.0
인천광역시,강화군,간판광고물업,15.0,15.0,15.0
인천광역시,강화군,건강보조식품가게,137.0,138.0,148.0
인천광역시,강화군,건어물가게,61.0,60.0,59.0
인천광역시,강화군,건축사,23.0,23.0,24.0
인천광역시,강화군,결혼상담소,0.0,0.0,0.0
인천광역시,강화군,곡물가게,48.0,48.0,47.0
인천광역시,강화군,공인회계사,0.0,0.0,0.0
인천광역시,강화군,과일가게,22.0,22.0,20.0
인천광역시,강화군,교습소ㆍ공부방,41.0,42.0,45.0
인천광역시,강화군,교습학원,41.0,42.0,38.0
인천광역시,강화군,구내식당,24.0,24.0,26.0
인천광역시,강화군,기술ㆍ직업훈련학원,31.0,31.0,33.0
인천광역시,강화군,기술사,3.0,3.0,3.0
인천광역시,강화군,기타외국식음식점,45.0,46.0,46.0
인천광역시,강화군,기타음식점,44.0,46.0,52.0
인천광역시,강화군,기타일반의원,0.0,0.0,0.0
인천광역시,강화군,꽃가게,50.0,49.0,51.0
인천광역시,강화군,내과ㆍ소아과의원,7.0,7.0,7.0
인천광역시,강화군,노래방,22.0,22.0,22.0
인천광역시,강화군,담배ㆍ복권소매업,11.0,11.0,11.0
인천광역시,강화군,당구장,20.0,20.0,23.0
인천광역시,강화군,독서실,0.0,0.0,0.0
인천광역시,강화군,동물병원,8.0,8.0,8.0
인천광역시,강화군,목욕탕,13.0,14.0,13.0
인천광역시,강화군,문구점,14.0,14.0,14.0
인천광역시,강화군,미용실,133.0,133.0,130.0
인천광역시,강화군,법무사,9.0,9.0,9.0
인천광역시,강화군,부동산중개업,331.0,329.0,351.0
인천광역시,강화군,분식점,58.0,58.0,56.0
인천광역시,강화군,사진촬영업,15.0,15.0,15.0
인천광역시,강화군,산부인과의원,0.0,0.0,0.0
인천광역시,강화군,생선가게,50.0,51.0,52.0
인천광역시,강화군,서점,19.0,19.0,15.0
인천광역시,강화군,세무사,0.0,0.0,0.0
인천광역시,강화군,세탁소,23.0,23.0,22.0
인천광역시,강화군,슈퍼마켓,49.0,48.0,48.0
인천광역시,강화군,스포츠교육기관,29.0,27.0,26.0
인천광역시,강화군,스포츠시설운영업,7.0,7.0,5.0
인천광역시,강화군,스포츠용품점,27.0,27.0,29.0
인천광역시,강화군,시계ㆍ귀금속점,8.0,8.0,8.0
인천광역시,강화군,식료품가게,146.0,146.0,155.0
인천광역시,강화군,신경정신과의원,0.0,0.0,0.0
인천광역시,강화군,신발가게,10.0,9.0,8.0
인천광역시,강화군,실내스크린골프점,3.0,0.0,0.0
인천광역시,강화군,실내장식가게,143.0,141.0,148.0
인천광역시,강화군,실외골프연습장,0.0,0.0,0.0
인천광역시,강화군,안경점,4.0,5.0,5.0
인천광역시,강화군,안과의원,0.0,0.0,0.0
인천광역시,강화군,애완용품점,11.0,11.0,12.0
인천광역시,강화군,약국,29.0,29.0,28.0
인천광역시,강화군,여관ㆍ모텔,65.0,65.0,65.0
인천광역시,강화군,여행사,11.0,11.0,11.0
인천광역시,강화군,예술학원,22.0,23.0,23.0
인천광역시,강화군,예식장,0.0,0.0,0.0
인천광역시,강화군,옷가게,79.0,81.0,83.0
인천광역시,강화군,의료용품가게,11.0,11.0,10.0
인천광역시,강화군,이륜자동차판매점,6.0,6.0,5.0
인천광역시,강화군,이발소,12.0,13.0,13.0
인천광역시,강화군,이비인후과의원,0.0,0.0,0.0
인천광역시,강화군,일반외과의원,5.0,5.0,5.0
인천광역시,강화군,일식음식점,71.0,71.0,72.0
인천광역시,강화군,자동차수리점,72.0,72.0,70.0
인천광역시,강화군,자전거판매점,0.0,0.0,0.0
인천광역시,강화군,장난감가게,9.0,8.0,6.0
인천광역시,강화군,정육점,48.0,48.0,48.0
인천광역시,강화군,제과점,42.0,43.0,45.0
인천광역시,강화군,종합병원,5.0,5.0,5.0
인천광역시,강화군,주유소,20.0,20.0,19.0
인천광역시,강화군,주차장운영업,9.0,9.0,10.0
인천광역시,강화군,중식음식점,44.0,45.0,45.0
인천광역시,강화군,채소가게,206.0,205.0,190.0
인천광역시,강화군,철물점,22.0,22.0,22.0
인천광역시,강화군,치과의원,16.0,16.0,16.0
인천광역시,강화군,침구ㆍ커튼가게,13.0,13.0,12.0
인천광역시,강화군,커피음료점,257.0,263.0,265.0
인천광역시,강화군,컴퓨터판매점,9.0,9.0,9.0
인천광역시,강화군,통신판매업,620.0,603.0,572.0
인천광역시,강화군,패스트푸드점,67.0,65.0,64.0
인천광역시,강화군,펜션ㆍ게스트하우스,669.0,663.0,598.0
인천광역시,강화군,편의점,118.0,117.0,121.0
인천광역시,강화군,피부관리업,47.0,47.0,46.0
인천광역시,강화군,한방병원ㆍ한의원,20.0,20.0,18.0
인천광역시,강화군,한식음식점,973.0,970.0,987.0
인천광역시,강화군,헬스클럽,12.0,12.0,11.0
인천광역시,강화군,호프주점,16.0,16.0,18.0
인천광역시,강화군,화장품가게,36.0,37.0,39.0
인천광역시,강화군,휴대폰가게,19.0,19.0,19.0
인천광역시,계양구,LPG 충전소,5.0,6.0,5.0
인천광역시,계양구,pc방,30.0,31.0,37.0
인천광역시,계양구,가구점,29.0,30.0,31.0
인천광역시,계양구,가전제품수리점,229.0,228.0,221.0
인천광역시,계양구,가전제품판매점,51.0,50.0,49.0
인천광역시,계양구,간이주점,77.0,76.0,78.0
인천광역시,계양구,간판광고물업,57.0,57.0,63.0
인천광역시,계양구,감정평가사,14.0,15.0,17.0
인천광역시,계양구,건강보조식품가게,44.0,42.0,47.0
인천광역시,계양구,건어물가게,26.0,25.0,27.0
인천광역시,계양구,건축사,28.0,28.0,30.0
인천광역시,계양구,결혼상담소,4.0,4.0,4.0
인천광역시,계양구,곡물가게,17.0,17.0,16.0
인천광역시,계양구,공인노무사,16.0,16.0,15.0
인천광역시,계양구,공인회계사,10.0,11.0,9.0
인천광역시,계양구,과일가게,61.0,62.0,68.0
인천광역시,계양구,교습소ㆍ공부방,195.0,195.0,191.0
인천광역시,계양구,교습학원,245.0,245.0,238.0
인천광역시,계양구,구내식당,51.0,51.0,54.0
인천광역시,계양구,기술ㆍ직업훈련학원,76.0,76.0,76.0
인천광역시,계양구,기술사,3.0,3.0,3.0
인천광역시,계양구,기타외국식음식점,62.0,64.0,53.0
인천광역시,계양구,기타음식점,85.0,83.0,87.0
인천광역시,계양구,기타일반의원,23.0,23.0,24.0
인천광역시,계양구,꽃가게,93.0,95.0,90.0
인천광역시,계양구,내과ㆍ소아과의원,64.0,65.0,66.0
인천광역시,계양구,노래방,219.0,221.0,227.0
인천광역시,계양구,담배ㆍ복권소매업,57.0,58.0,54.0
인천광역시,계양구,당구장,124.0,125.0,119.0
인천광역시,계양구,독서실,34.0,34.0,37.0
인천광역시,계양구,동물병원,20.0,20.0,20.0
인천광역시,계양구,목욕탕,18.0,18.0,19.0
인천광역시,계양구,문구점,35.0,37.0,39.0
인천광역시,계양구,미용실,627.0,629.0,604.0
인천광역시,계양구,법무사,22.0,22.0,21.0
인천광역시,계양구,변호사,6.0,6.0,5.0
인천광역시,계양구,부동산중개업,531.0,536.0,556.0
인천광역시,계양구,분식점,221.0,219.0,243.0
인천광역시,계양구,사진촬영업,94.0,97.0,98.0
인천광역시,계양구,산부인과의원,8.0,8.0,8.0
인천광역시,계양구,생선가게,31.0,32.0,33.0
인천광역시,계양구,서점,40.0,38.0,36.0
인천광역시,계양구,성형외과의원,0.0,0.0,0.0
인천광역시,계양구,세무사,88.0,88.0,92.0
인천광역시,계양구,세탁소,149.0,149.0,148.0
인천광역시,계양구,슈퍼마켓,125.0,127.0,123.0
인천광역시,계양구,스포츠교육기관,192.0,193.0,186.0
인천광역시,계양구,스포츠시설운영업,43.0,44.0,46.0
인천광역시,계양구,스포츠용품점,47.0,47.0,48.0
인천광역시,계양구,시계ㆍ귀금속점,38.0,38.0,37.0
인천광역시,계양구,식료품가게,158.0,158.0,157.0
인천광역시,계양구,신경정신과의원,8.0,8.0,8.0
인천광역시,계양구,신발가게,20.0,20.0,20.0
인천광역시,계양구,실내스크린골프점,37.0,37.0,36.0
인천광역시,계양구,실내장식가게,615.0,615.0,578.0
인천광역시,계양구,실외골프연습장,6.0,6.0,6.0
인천광역시,계양구,안경점,42.0,42.0,41.0
인천광역시,계양구,안과의원,9.0,8.0,8.0
인천광역시,계양구,애완용품점,63.0,63.0,63.0
인천광역시,계양구,약국,127.0,125.0,126.0
인천광역시,계양구,여관ㆍ모텔,44.0,44.0,48.0
인천광역시,계양구,여행사,35.0,35.0,29.0
인천광역시,계양구,예술학원,148.0,147.0,142.0
인천광역시,계양구,예식장,0.0,0.0,0.0
인천광역시,계양구,옷가게,278.0,279.0,281.0
인천광역시,계양구,의료용품가게,38.0,38.0,36.0
인천광역시,계양구,이륜자동차판매점,6.0,6.0,8.0
인천광역시,계양구,이발소,40.0,40.0,37.0
인천광역시,계양구,이비인후과의원,15.0,15.0,16.0
인천광역시,계양구,일반외과의원,33.0,33.0,31.0
인천광역시,계양구,일식음식점,67.0,68.0,65.0
인천광역시,계양구,자동차수리점,252.0,251.0,242.0
인천광역시,계양구,자전거판매점,10.0,10.0,10.0
인천광역시,계양구,장난감가게,18.0,17.0,12.0
인천광역시,계양구,정육점,122.0,122.0,126.0
인천광역시,계양구,제과점,91.0,94.0,86.0
인천광역시,계양구,종합병원,14.0,14.0,14.0
인천광역시,계양구,주유소,24.0,23.0,24.0
인천광역시,계양구,주차장운영업,28.0,26.0,23.0
인천광역시,계양구,중고차판매점,5.0,5.0,5.0
인천광역시,계양구,중식음식점,105.0,105.0,104.0
인천광역시,계양구,채소가게,66.0,66.0,65.0
인천광역시,계양구,철물점,51.0,51.0,55.0
인천광역시,계양구,치과의원,112.0,112.0,109.0
인천광역시,계양구,침구ㆍ커튼가게,40.0,39.0,33.0
인천광역시,계양구,커피음료점,332.0,336.0,341.0
인천광역시,계양구,컴퓨터판매점,24.0,26.0,25.0
인천광역시,계양구,통신판매업,3775.0,3748.0,3676.0
인천광역시,계양구,패스트푸드점,213.0,214.0,213.0
인천광역시,계양구,펜션ㆍ게스트하우스,7.0,7.0,3.0
인천광역시,계양구,편의점,241.0,238.0,254.0
인천광역시,계양구,피부ㆍ비뇨기과의원,15.0,15.0,15.0
인천광역시,계양구,피부관리업,349.0,344.0,324.0
인천광역시,계양구,한방병원ㆍ한의원,81.0,80.0,81.0
인천광역시,계양구,한식음식점,1495.0,1505.0,1541.0
인천광역시,계양구,헬스클럽,71.0,70.0,68.0
인천광역시,계양구,호프주점,139.0,138.0,153.0
인천광역시,계양구,화장품가게,123.0,125.0,135.0
인천광역시,계양구,휴대폰가게,94.0,95.0,88.0
인천광역시,남동구,LPG 충전소,10.0,11.0,11.0
인천광역시,남동구,pc방,70.0,67.0,67.0
인천광역시,남동구,가구점,67.0,70.0,66.0
인천광역시,남동구,가전제품수리점,340.0,342.0,337.0
인천광역시,남동구,가전제품판매점,82.0,82.0,77.0
인천광역시,남동구,간이주점,119.0,120.0,136.0
인천광역시,남동구,간판광고물업,100.0,100.0,96.0
인천광역시,남동구,감정평가사,22.0,22.0,21.0
인천광역시,남동구,건강보조식품가게,94.0,94.0,101.0
인천광역시,남동구,건어물가게,113.0,114.0,117.0
인천광역시,남동구,건축사,115.0,115.0,112.0
인천광역시,남동구,결혼상담소,29.0,29.0,25.0
인천광역시,남동구,곡물가게,29.0,28.0,29.0
인천광역시,남동구,공인노무사,20.0,19.0,14.0
인천광역시,남동구,공인회계사,16.0,16.0,17.0
인천광역시,남동구,과일가게,103.0,100.0,107.0
인천광역시,남동구,교습소ㆍ공부방,478.0,472.0,473.0
인천광역시,남동구,교습학원,559.0,559.0,554.0
인천광역시,남동구,구내식당,300.0,299.0,311.0
인천광역시,남동구,기술ㆍ직업훈련학원,178.0,179.0,184.0
인천광역시,남동구,기술사,12.0,12.0,11.0
인천광역시,남동구,기타외국식음식점,142.0,141.0,145.0
인천광역시,남동구,기타음식점,99.0,100.0,109.0
인천광역시,남동구,기타일반의원,54.0,55.0,53.0
인천광역시,남동구,꽃가게,350.0,351.0,357.0
인천광역시,남동구,내과ㆍ소아과의원,119.0,119.0,123.0
인천광역시,남동구,노래방,418.0,420.0,431.0
인천광역시,남동구,담배ㆍ복권소매업,79.0,79.0,71.0
인천광역시,남동구,당구장,173.0,175.0,177.0
인천광역시,남동구,독서실,30.0,31.0,31.0
인천광역시,남동구,동물병원,44.0,44.0,44.0
인천광역시,남동구,목욕탕,35.0,35.0,35.0
인천광역시,남동구,문구점,96.0,97.0,100.0
인천광역시,남동구,미용실,1186.0,1185.0,1193.0
인천광역시,남동구,법무사,44.0,44.0,44.0
인천광역시,남동구,변리사,4.0,4.0,5.0
인천광역시,남동구,변호사,16.0,16.0,14.0
인천광역시,남동구,부동산중개업,1015.0,1018.0,1051.0
인천광역시,남동구,분식점,380.0,381.0,407.0
인천광역시,남동구,사진촬영업,168.0,166.0,167.0
인천광역시,남동구,산부인과의원,14.0,14.0,13.0
인천광역시,남동구,생선가게,371.0,369.0,366.0
인천광역시,남동구,서점,70.0,71.0,70.0
인천광역시,남동구,성형외과의원,18.0,18.0,20.0
인천광역시,남동구,세무사,173.0,173.0,172.0
인천광역시,남동구,세탁소,260.0,259.0,252.0
인천광역시,남동구,슈퍼마켓,247.0,248.0,235.0
인천광역시,남동구,스포츠교육기관,325.0,329.0,344.0
인천광역시,남동구,스포츠시설운영업,69.0,69.0,75.0
인천광역시,남동구,스포츠용품점,95.0,98.0,104.0
인천광역시,남동구,시계ㆍ귀금속점,80.0,79.0,79.0
인천광역시,남동구,식료품가게,290.0,292.0,293.0
인천광역시,남동구,신경정신과의원,21.0,21.0,21.0
인천광역시,남동구,신발가게,36.0,38.0,42.0
인천광역시,남동구,실내스크린골프점,74.0,74.0,74.0
인천광역시,남동구,실내장식가게,1105.0,1104.0,1044.0
인천광역시,남동구,실외골프연습장,10.0,10.0,9.0
인천광역시,남동구,안경점,75.0,75.0,74.0
인천광역시,남동구,안과의원,14.0,14.0,14.0
인천광역시,남동구,애완용품점,130.0,130.0,138.0
인천광역시,남동구,약국,240.0,239.0,242.0
인천광역시,남동구,여관ㆍ모텔,43.0,43.0,45.0
인천광역시,남동구,여행사,88.0,85.0,88.0
인천광역시,남동구,예술학원,277.0,275.0,274.0
인천광역시,남동구,예식장,0.0,0.0,0.0
인천광역시,남동구,옷가게,537.0,530.0,542.0
인천광역시,남동구,의료용품가게,55.0,57.0,52.0
인천광역시,남동구,이륜자동차판매점,29.0,27.0,19.0
인천광역시,남동구,이발소,60.0,61.0,63.0
인천광역시,남동구,이비인후과의원,32.0,32.0,32.0
인천광역시,남동구,일반외과의원,66.0,66.0,67.0
인천광역시,남동구,일식음식점,195.0,198.0,200.0
인천광역시,남동구,자동차수리점,457.0,461.0,437.0
인천광역시,남동구,자전거판매점,18.0,18.0,17.0
인천광역시,남동구,장난감가게,36.0,38.0,26.0
인천광역시,남동구,정육점,166.0,167.0,171.0
인천광역시,남동구,제과점,181.0,180.0,165.0
인천광역시,남동구,종합병원,34.0,34.0,35.0
인천광역시,남동구,주유소,41.0,42.0,40.0
인천광역시,남동구,주차장운영업,81.0,81.0,75.0
인천광역시,남동구,중고차판매점,30.0,30.0,32.0
인천광역시,남동구,중식음식점,252.0,256.0,255.0
인천광역시,남동구,채소가게,156.0,153.0,138.0
인천광역시,남동구,철물점,96.0,98.0,95.0
인천광역시,남동구,치과의원,194.0,194.0,194.0
인천광역시,남동구,침구ㆍ커튼가게,64.0,65.0,66.0
인천광역시,남동구,커피음료점,751.0,756.0,755.0
인천광역시,남동구,컴퓨터판매점,44.0,43.0,44.0
인천광역시,남동구,통신판매업,7233.0,7222.0,7193.0
인천광역시,남동구,패스트푸드점,420.0,420.0,421.0
인천광역시,남동구,펜션ㆍ게스트하우스,6.0,6.0,4.0
인천광역시,남동구,편의점,446.0,450.0,482.0
인천광역시,남동구,피부ㆍ비뇨기과의원,61.0,61.0,59.0
인천광역시,남동구,피부관리업,730.0,733.0,722.0
인천광역시,남동구,한방병원ㆍ한의원,159.0,159.0,161.0
인천광역시,남동구,한식음식점,3092.0,3116.0,3232.0
인천광역시,남동구,헬스클럽,139.0,140.0,136.0
인천광역시,남동구,호프주점,268.0,267.0,283.0
인천광역시,남동구,화장품가게,273.0,277.0,308.0
인천광역시,남동구,휴대폰가게,199.0,201.0,195.0
인천광역시,동구,LPG 충전소,1.6227054504377294,1.6227054504377294,1.217029087828297
인천광역시,동구,pc방,4.462439988703756,4.462439988703756,4.462439988703756
인천광역시,동구,가구점,8.113527252188646,8.113527252188646,9.736232702626376
인천광역시,동구,가전제품수리점,29.20869810787913,27.991669020050832,27.5859926574414
인천광역시,동구,가전제품판매점,10.141909065235808,10.141909065235808,10.953261790454674
인천광역시,동구,간이주점,20.283818130471616,20.68949449308105,23.529229031347075
인천광역시,동구,간판광고물업,20.283818130471616,20.283818130471616,19.472465405252752
인천광역시,동구,감정평가사,0.0,0.0,0.0
인천광역시,동구,건강보조식품가게,10.547585427845242,10.547585427845242,10.953261790454674
인천광역시,동구,건어물가게,31.23707992092629,31.23707992092629,32.04843264614516
인천광역시,동구,건축사,6.490821801750918,6.490821801750918,5.679469076532053
인천광역시,동구,결혼상담소,0.0,0.0,0.0
인천광역시,동구,곡물가게,7.707850889579214,8.113527252188646,8.113527252188646
인천광역시,동구,공인노무사,0.0,0.0,0.0
인천광역시,동구,공인회계사,1.217029087828297,1.217029087828297,1.217029087828297
인천광역시,동구,과일가게,10.141909065235808,10.547585427845242,11.358938153064106
인천광역시,동구,교습소ㆍ공부방,21.500847218299914,21.906523580909347,21.095170855690483
인천광역시,동구,교습학원,17.849759954815024,17.849759954815024,17.849759954815024
인천광역시,동구,구내식당,25.96328720700367,27.180316294831968,29.20869810787913
인천광역시,동구,기술ㆍ직업훈련학원,21.500847218299914,21.500847218299914,19.472465405252752
인천광역시,동구,기술사,0.0,0.0,0.0
인천광역시,동구,기타외국식음식점,19.878141767862186,19.06678904264332,19.472465405252752
인천광역시,동구,기타음식점,18.255436317424454,18.255436317424454,17.849759954815024
인천광역시,동구,기타일반의원,0.0,0.0,0.0
인천광역시,동구,꽃가게,18.661112680033888,18.661112680033888,16.632730866986726
인천광역시,동구,내과ㆍ소아과의원,10.141909065235808,10.141909065235808,10.547585427845242
인천광역시,동구,노래방,22.31219994351878,22.31219994351878,22.31219994351878
인천광역시,동구,담배ㆍ복권소매업,16.632730866986726,16.632730866986726,15.415701779158429
인천광역시,동구,당구장,19.06678904264332,19.472465405252752,19.878141767862186
인천광역시,동구,독서실,2.434058175656594,3.245410900875459,4.056763626094323
인천광역시,동구,동물병원,2.8397345382660264,2.8397345382660264,2.8397345382660264
인천광역시,동구,목욕탕,4.868116351313188,4.868116351313188,4.868116351313188
인천광역시,동구,문구점,13.7929963287207,13.7929963287207,15.415701779158429
인천광역시,동구,미용실,104.25882519062411,104.25882519062411,104.66450155323355
인천광역시,동구,법무사,2.0283818130471616,2.0283818130471616,2.0283818130471616
인천광역시,동구,부동산중개업,78.70121434622988,81.13527252188646,82.35230160971477
인천광역시,동구,분식점,64.50254165489974,64.50254165489974,68.9649816436035
인천광역시,동구,사진촬영업,24.746258119175373,24.746258119175373,22.71787630612821
인천광역시,동구,산부인과의원,1.6227054504377294,1.6227054504377294,1.6227054504377294
인천광역시,동구,생선가게,57.20036712792996,57.60604349053939,55.1719853148828
인천광역시,동구,서점,12.981643603501835,12.170290878282971,11.358938153064106
인천광역시,동구,성형외과의원,0.0,0.0,0.0
인천광역시,동구,세무사,12.575967240892403,12.575967240892403,12.981643603501835
인천광역시,동구,세탁소,23.123552668737645,21.906523580909347,22.31219994351878
인천광역시,동구,슈퍼마켓,36.51087263484891,36.91654899745834,34.48249082180175
인천광역시,동구,스포츠교육기관,17.03840722959616,16.632730866986726,17.44408359220559
인천광역시,동구,스포츠시설운영업,4.056763626094323,4.056763626094323,4.462439988703756
인천광역시,동구,스포츠용품점,15.821378141767863,15.821378141767863,17.849759954815024
인천광역시,동구,시계ㆍ귀금속점,11.358938153064106,11.358938153064106,12.170290878282971
인천광역시,동구,식료품가게,77.48418525840158,76.26715617057329,81.5409488844959
인천광역시,동구,신경정신과의원,0.0,0.0,0.0
인천광역시,동구,신발가게,12.981643603501835,12.981643603501835,14.604349053939565
인천광역시,동구,실내스크린골프점,1.6227054504377294,1.6227054504377294,2.0283818130471616
인천광역시,동구,실내장식가게,111.96667608020333,112.7780288054222,112.37235244281275
인천광역시,동구,실외골프연습장,0.0,0.0,0.0
인천광역시,동구,안경점,8.51920361479808,8.51920361479808,8.924879977407512
인천광역시,동구,안과의원,1.217029087828297,1.217029087828297,1.217029087828297
인천광역시,동구,애완용품점,11.764614515673538,11.764614515673538,11.358938153064106
인천광역시,동구,약국,28.397345382660266,27.991669020050832,27.991669020050832
인천광역시,동구,여관ㆍ모텔,32.85978537136402,33.26546173397345,32.85978537136402
인천광역시,동구,여행사,15.415701779158429,15.415701779158429,13.387319966111267
인천광역시,동구,예술학원,12.575967240892403,12.575967240892403,13.387319966111267
인천광역시,동구,예식장,0.0,0.0,0.0
인천광역시,동구,옷가게,146.04349053939563,146.04349053939563,150.10025416548996
인천광역시,동구,의료용품가게,6.490821801750918,6.085145439141486,5.273792713922621
인천광역시,동구,이륜자동차판매점,2.434058175656594,2.434058175656594,3.651087263484891
인천광역시,동구,이발소,15.821378141767863,15.010025416548997,14.198672691330133
인천광역시,동구,이비인후과의원,2.0283818130471616,2.0283818130471616,2.0283818130471616
인천광역시,동구,일반외과의원,6.085145439141486,5.679469076532053,6.085145439141486
인천광역시,동구,일식음식점,36.10519627223948,36.10519627223948,38.13357808528664
인천광역시,동구,자동차수리점,70.99336345665066,71.3990398192601,71.3990398192601
인천광역시,동구,자전거판매점,1.217029087828297,1.217029087828297,1.6227054504377294
인천광역시,동구,장난감가게,6.490821801750918,5.679469076532053,6.085145439141486
인천광역시,동구,정육점,19.472465405252752,19.06678904264332,19.06678904264332
인천광역시,동구,제과점,20.68949449308105,20.68949449308105,21.500847218299914
인천광역시,동구,종합병원,4.056763626094323,4.056763626094323,4.056763626094323
인천광역시,동구,주유소,10.953261790454674,10.547585427845242,10.141909065235808
인천광역시,동구,주차장운영업,14.198672691330133,14.198672691330133,13.7929963287207
인천광역시,동구,중고차판매점,7.707850889579214,7.707850889579214,7.707850889579214
인천광역시,동구,중식음식점,38.53925444789607,38.944930810505504,39.35060717311494
인천광역시,동구,채소가게,14.198672691330133,13.7929963287207,12.981643603501835
인천광역시,동구,철물점,13.7929963287207,13.7929963287207,15.821378141767863
인천광역시,동구,치과의원,17.849759954815024,17.849759954815024,18.255436317424454
인천광역시,동구,침구ㆍ커튼가게,15.821378141767863,15.821378141767863,17.44408359220559
인천광역시,동구,커피음료점,100.60773792713923,99.79638520192036,99.79638520192036
인천광역시,동구,컴퓨터판매점,6.085145439141486,6.085145439141486,6.085145439141486
인천광역시,동구,통신판매업,535.4927986444507,539.9552386331544,544.4176786218582
인천광역시,동구,패스트푸드점,34.48249082180175,33.67113809658289,33.26546173397345
인천광역시,동구,펜션ㆍ게스트하우스,7.707850889579214,7.707850889579214,5.679469076532053
인천광역시,동구,편의점,52.73792713922621,51.92657441400734,55.1719853148828
인천광역시,동구,피부ㆍ비뇨기과의원,1.6227054504377294,1.6227054504377294,1.6227054504377294
인천광역시,동구,피부관리업,30.425727195707427,30.425727195707427,28.803021745269696
인천광역시,동구,한방병원ㆍ한의원,10.141909065235808,10.141909065235808,10.547585427845242
인천광역시,동구,한식음식점,429.2055916407794,431.2339734538266,447.8667043208133
인천광역시,동구,헬스클럽,3.651087263484891,3.651087263484891,4.056763626094323
인천광역시,동구,호프주점,23.529229031347075,23.529229031347075,27.180316294831968
인천광역시,동구,화장품가게,35.69951990963005,35.69951990963005,34.88816718441118
인천광역시,동구,휴대폰가게,23.123552668737645,22.31219994351878,25.151934481784807
인천광역시,미추홀구,LPG 충전소,6.0,7.0,6.0
인천광역시,미추홀구,pc방,54.0,55.0,66.0
인천광역시,미추홀구,가구점,45.0,45.0,44.0
인천광역시,미추홀구,가전제품수리점,277.0,273.0,246.0
인천광역시,미추홀구,가전제품판매점,44.0,43.0,45.0
인천광역시,미추홀구,간이주점,112.0,112.0,127.0
인천광역시,미추홀구,간판광고물업,97.0,97.0,100.0
인천광역시,미추홀구,감정평가사,14.0,14.0,12.0
인천광역시,미추홀구,건강보조식품가게,96.0,99.0,102.0
인천광역시,미추홀구,건어물가게,47.0,47.0,45.0
인천광역시,미추홀구,건축사,35.0,36.0,42.0
인천광역시,미추홀구,결혼상담소,11.0,12.0,10.0
인천광역시,미추홀구,곡물가게,41.0,41.0,40.0
인천광역시,미추홀구,공인노무사,15.0,14.0,13.0
인천광역시,미추홀구,공인회계사,4.0,4.0,4.0
인천광역시,미추홀구,과일가게,90.0,89.0,83.0
인천광역시,미추홀구,교습소ㆍ공부방,349.0,342.0,320.0
인천광역시,미추홀구,교습학원,304.0,304.0,287.0
인천광역시,미추홀구,구내식당,86.0,86.0,93.0
인천광역시,미추홀구,기술ㆍ직업훈련학원,161.0,159.0,161.0
인천광역시,미추홀구,기술사,0.0,0.0,0.0
인천광역시,미추홀구,기타외국식음식점,110.0,114.0,112.0
인천광역시,미추홀구,기타음식점,88.0,90.0,106.0
인천광역시,미추홀구,기타일반의원,24.0,23.0,19.0
인천광역시,미추홀구,꽃가게,136.0,138.0,126.0
인천광역시,미추홀구,내과ㆍ소아과의원,97.0,96.0,97.0
인천광역시,미추홀구,노래방,284.0,284.0,282.0
인천광역시,미추홀구,담배ㆍ복권소매업,89.0,89.0,80.0
인천광역시,미추홀구,당구장,137.0,137.0,141.0
인천광역시,미추홀구,독서실,39.0,39.0,47.0
인천광역시,미추홀구,동물병원,25.0,25.0,24.0
인천광역시,미추홀구,목욕탕,28.0,28.0,29.0
인천광역시,미추홀구,문구점,72.0,72.0,70.0
인천광역시,미추홀구,미용실,999.0,1000.0,976.0
인천광역시,미추홀구,법무사,162.0,161.0,163.0
인천광역시,미추홀구,변리사,0.0,0.0,0.0
인천광역시,미추홀구,변호사,250.0,247.0,242.0
인천광역시,미추홀구,부동산중개업,893.0,900.0,948.0
인천광역시,미추홀구,분식점,351.0,349.0,359.0
인천광역시,미추홀구,사진촬영업,152.0,152.0,146.0
인천광역시,미추홀구,산부인과의원,11.0,11.0,11.0
인천광역시,미추홀구,생선가게,82.0,83.0,85.0
인천광역시,미추홀구,서점,50.0,51.0,45.0
인천광역시,미추홀구,성형외과의원,0.0,0.0,0.0
인천광역시,미추홀구,세무사,50.0,49.0,48.0
인천광역시,미추홀구,세탁소,229.0,229.0,228.0
인천광역시,미추홀구,슈퍼마켓,234.0,234.0,234.0
인천광역시,미추홀구,스포츠교육기관,225.0,222.0,219.0
인천광역시,미추홀구,스포츠시설운영업,63.0,62.0,59.0
인천광역시,미추홀구,스포츠용품점,57.0,56.0,52.0
인천광역시,미추홀구,시계ㆍ귀금속점,58.0,58.0,60.0
인천광역시,미추홀구,식료품가게,305.0,306.0,322.0
인천광역시,미추홀구,신경정신과의원,18.0,18.0,18.0
인천광역시,미추홀구,신발가게,63.0,62.0,63.0
인천광역시,미추홀구,실내스크린골프점,41.0,41.0,42.0
인천광역시,미추홀구,실내장식가게,932.0,925.0,887.0
인천광역시,미추홀구,실외골프연습장,5.0,5.0,7.0
인천광역시,미추홀구,안경점,63.0,62.0,57.0
인천광역시,미추홀구,안과의원,13.0,13.0,12.0
인천광역시,미추홀구,애완용품점,111.0,109.0,110.0
인천광역시,미추홀구,약국,204.0,204.0,198.0
인천광역시,미추홀구,여관ㆍ모텔,134.0,138.0,140.0
인천광역시,미추홀구,여행사,43.0,45.0,41.0
인천광역시,미추홀구,예술학원,160.0,162.0,165.0
인천광역시,미추홀구,예식장,0.0,0.0,0.0
인천광역시,미추홀구,옷가게,672.0,670.0,671.0
인천광역시,미추홀구,의료용품가게,50.0,50.0,48.0
인천광역시,미추홀구,이륜자동차판매점,20.0,19.0,13.0
인천광역시,미추홀구,이발소,85.0,86.0,79.0
인천광역시,미추홀구,이비인후과의원,20.0,20.0,19.0
인천광역시,미추홀구,일반외과의원,47.0,48.0,48.0
인천광역시,미추홀구,일식음식점,151.0,150.0,146.0
인천광역시,미추홀구,자동차수리점,374.0,374.0,364.0
인천광역시,미추홀구,자전거판매점,12.0,12.0,13.0
인천광역시,미추홀구,장난감가게,40.0,37.0,29.0
인천광역시,미추홀구,정육점,173.0,175.0,185.0
인천광역시,미추홀구,제과점,151.0,144.0,141.0
인천광역시,미추홀구,종합병원,30.0,30.0,30.0
인천광역시,미추홀구,주유소,27.0,27.0,24.0
인천광역시,미추홀구,주차장운영업,77.0,77.0,70.0
인천광역시,미추홀구,중고차판매점,50.0,49.0,47.0
인천광역시,미추홀구,중식음식점,232.0,234.0,239.0
인천광역시,미추홀구,채소가게,101.0,100.0,100.0
인천광역시,미추홀구,철물점,73.0,73.0,73.0
인천광역시,미추홀구,치과의원,142.0,141.0,136.0
인천광역시,미추홀구,침구ㆍ커튼가게,53.0,53.0,47.0
인천광역시,미추홀구,커피음료점,564.0,567.0,603.0
인천광역시,미추홀구,컴퓨터판매점,30.0,30.0,32.0
인천광역시,미추홀구,통신판매업,5795.0,5740.0,5564.0
인천광역시,미추홀구,패스트푸드점,305.0,304.0,299.0
인천광역시,미추홀구,펜션ㆍ게스트하우스,16.0,16.0,9.0
인천광역시,미추홀구,편의점,405.0,412.0,417.0
인천광역시,미추홀구,피부ㆍ비뇨기과의원,20.0,20.0,20.0
인천광역시,미추홀구,피부관리업,545.0,540.0,539.0
인천광역시,미추홀구,한방병원ㆍ한의원,105.0,105.0,103.0
인천광역시,미추홀구,한식음식점,2713.0,2722.0,2758.0
인천광역시,미추홀구,헬스클럽,91.0,90.0,84.0
인천광역시,미추홀구,호프주점,180.0,182.0,194.0
인천광역시,미추홀구,화장품가게,209.0,210.0,216.0
인천광역시,미추홀구,휴대폰가게,191.0,190.0,176.0
인천광역시,부평구,LPG 충전소,12.0,12.0,14.0
인천광역시,부평구,pc방,67.0,66.0,57.0
인천광역시,부평구,가구점,45.0,47.0,44.0
인천광역시,부평구,가전제품수리점,361.0,355.0,344.0
인천광역시,부평구,가전제품판매점,63.0,62.0,65.0
인천광역시,부평구,간이주점,111.0,111.0,124.0
인천광역시,부평구,간판광고물업,85.0,83.0,88.0
인천광역시,부평구,감정평가사,24.0,23.0,19.0
인천광역시,부평구,건강보조식품가게,103.0,102.0,107.0
인천광역시,부평구,건어물가게,44.0,44.0,42.0
인천광역시,부평구,건축사,61.0,60.0,63.0
인천광역시,부평구,결혼상담소,17.0,17.0,21.0
인천광역시,부평구,곡물가게,34.0,34.0,34.0
인천광역시,부평구,공인노무사,18.0,18.0,16.0
인천광역시,부평구,공인회계사,5.0,5.0,5.0
인천광역시,부평구,과일가게,73.0,73.0,85.0
인천광역시,부평구,교습소ㆍ공부방,382.0,378.0,367.0
인천광역시,부평구,교습학원,422.0,422.0,423.0
인천광역시,부평구,구내식당,100.0,101.0,111.0
인천광역시,부평구,기술ㆍ직업훈련학원,183.0,182.0,164.0
인천광역시,부평구,기술사,9.0,9.0,8.0
인천광역시,부평구,기타외국식음식점,142.0,142.0,143.0
인천광역시,부평구,기타음식점,115.0,115.0,118.0
인천광역시,부평구,기타일반의원,30.0,29.0,30.0
인천광역시,부평구,꽃가게,142.0,144.0,144.0
인천광역시,부평구,내과ㆍ소아과의원,121.0,120.0,125.0
인천광역시,부평구,노래방,321.0,322.0,334.0
인천광역시,부평구,담배ㆍ복권소매업,105.0,103.0,86.0
인천광역시,부평구,당구장,169.0,171.0,174.0
인천광역시,부평구,독서실,45.0,45.0,53.0
인천광역시,부평구,동물병원,31.0,30.0,29.0
인천광역시,부평구,목욕탕,24.0,24.0,22.0
인천광역시,부평구,문구점,84.0,86.0,89.0
인천광역시,부평구,미용실,1110.0,1114.0,1098.0
인천광역시,부평구,법무사,35.0,34.0,31.0
인천광역시,부평구,변리사,4.0,4.0,4.0
인천광역시,부평구,변호사,18.0,18.0,20.0
인천광역시,부평구,부동산중개업,1053.0,1059.0,1099.0
인천광역시,부평구,분식점,336.0,339.0,375.0
인천광역시,부평구,사진촬영업,186.0,180.0,179.0
인천광역시,부평구,산부인과의원,17.0,17.0,17.0
인천광역시,부평구,생선가게,67.0,69.0,71.0
인천광역시,부평구,서점,95.0,98.0,84.0
인천광역시,부평구,성형외과의원,14.0,14.0,16.0
인천광역시,부평구,세무사,73.0,74.0,72.0
인천광역시,부평구,세탁소,230.0,231.0,231.0
인천광역시,부평구,슈퍼마켓,308.0,313.0,331.0
인천광역시,부평구,스포츠교육기관,290.0,287.0,294.0
인천광역시,부평구,스포츠시설운영업,91.0,92.0,97.0
인천광역시,부평구,스포츠용품점,110.0,111.0,111.0
인천광역시,부평구,시계ㆍ귀금속점,75.0,75.0,69.0
인천광역시,부평구,식료품가게,312.0,315.0,323.0
인천광역시,부평구,신경정신과의원,18.0,18.0,16.0
인천광역시,부평구,신발가게,69.0,71.0,73.0
인천광역시,부평구,실내스크린골프점,38.0,36.0,40.0
인천광역시,부평구,실내장식가게,901.0,906.0,883.0
인천광역시,부평구,실외골프연습장,7.0,7.0,8.0
인천광역시,부평구,안경점,80.0,82.0,86.0
인천광역시,부평구,안과의원,14.0,14.0,15.0
인천광역시,부평구,애완용품점,155.0,153.0,148.0
인천광역시,부평구,약국,246.0,245.0,248.0
인천광역시,부평구,여관ㆍ모텔,132.0,131.0,130.0
인천광역시,부평구,여행사,89.0,90.0,90.0
인천광역시,부평구,예술학원,248.0,250.0,260.0
인천광역시,부평구,예식장,9.0,10.0,6.0
인천광역시,부평구,옷가게,1091.0,1081.0,1098.0
인천광역시,부평구,의료용품가게,78.0,78.0,77.0
인천광역시,부평구,이륜자동차판매점,17.0,18.0,19.0
인천광역시,부평구,이발소,88.0,88.0,82.0
인천광역시,부평구,이비인후과의원,27.0,27.0,27.0
인천광역시,부평구,일반외과의원,68.0,67.0,64.0
인천광역시,부평구,일식음식점,126.0,129.0,144.0
인천광역시,부평구,자동차수리점,327.0,325.0,324.0
인천광역시,부평구,자전거판매점,12.0,12.0,12.0
인천광역시,부평구,장난감가게,49.0,47.0,36.0
인천광역시,부평구,정육점,192.0,193.0,197.0
인천광역시,부평구,제과점,156.0,155.0,146.0
인천광역시,부평구,종합병원,17.0,17.0,17.0
인천광역시,부평구,주유소,35.0,35.0,36.0
인천광역시,부평구,주차장운영업,54.0,55.0,54.0
인천광역시,부평구,중고차판매점,31.0,30.0,25.0
인천광역시,부평구,중식음식점,257.0,262.0,255.0
인천광역시,부평구,채소가게,158.0,156.0,149.0
인천광역시,부평구,철물점,94.0,93.0,92.0
인천광역시,부평구,치과의원,187.0,187.0,190.0
인천광역시,부평구,침구ㆍ커튼가게,82.0,81.0,76.0
인천광역시,부평구,커피음료점,621.0,625.0,638.0
인천광역시,부평구,컴퓨터판매점,40.0,40.0,43.0
인천광역시,부평구,통신판매업,8235.0,8179.0,8175.0
인천광역시,부평구,패스트푸드점,310.0,310.0,318.0
인천광역시,부평구,펜션ㆍ게스트하우스,13.0,12.0,10.0
인천광역시,부평구,편의점,427.0,428.0,441.0
인천광역시,부평구,피부ㆍ비뇨기과의원,42.0,42.0,44.0
인천광역시,부평구,피부관리업,825.0,827.0,784.0
인천광역시,부평구,한방병원ㆍ한의원,132.0,132.0,134.0
인천광역시,부평구,한식음식점,2836.0,2838.0,2813.0
인천광역시,부평구,헬스클럽,120.0,120.0,123.0
인천광역시,부평구,호프주점,213.0,218.0,234.0
인천광역시,부평구,화장품가게,299.0,304.0,296.0
인천광역시,부평구,휴대폰가게,250.0,250.0,245.0
인천광역시,서구,LPG 충전소,21.0,21.0,20.0
인천광역시,서구,pc방,67.0,64.0,59.0
인천광역시,서구,가구점,78.0,78.0,78.0
인천광역시,서구,가전제품수리점,392.0,387.0,348.0
인천광역시,서구,가전제품판매점,88.0,90.0,82.0
인천광역시,서구,간이주점,159.0,156.0,167.0
인천광역시,서구,간판광고물업,123.0,123.0,118.0
인천광역시,서구,감정평가사,13.0,12.0,12.0
인천광역시,서구,건강보조식품가게,120.0,118.0,115.0
인천광역시,서구,건어물가게,47.0,46.0,48.0
인천광역시,서구,건축사,77.0,77.0,78.0
인천광역시,서구,결혼상담소,14.0,15.0,11.0
인천광역시,서구,곡물가게,28.0,28.0,26.0
인천광역시,서구,공인노무사,16.0,16.0,14.0
인천광역시,서구,공인회계사,15.0,15.0,15.0
인천광역시,서구,과일가게,106.0,104.0,103.0
인천광역시,서구,교습소ㆍ공부방,1049.0,1050.0,961.0
인천광역시,서구,교습학원,1015.0,1007.0,935.0
인천광역시,서구,구내식당,180.0,180.0,192.0
인천광역시,서구,기술ㆍ직업훈련학원,244.0,248.0,240.0
인천광역시,서구,기술사,13.0,13.0,8.0
인천광역시,서구,기타외국식음식점,261.0,255.0,237.0
인천광역시,서구,기타음식점,108.0,109.0,109.0
인천광역시,서구,기타일반의원,28.0,28.0,29.0
인천광역시,서구,꽃가게,200.0,198.0,204.0
인천광역시,서구,내과ㆍ소아과의원,120.0,120.0,117.0
인천광역시,서구,노래방,388.0,390.0,393.0
인천광역시,서구,담배ㆍ복권소매업,107.0,107.0,91.0
인천광역시,서구,당구장,231.0,228.0,220.0
인천광역시,서구,독서실,32.0,32.0,37.0
인천광역시,서구,동물병원,56.0,56.0,49.0
인천광역시,서구,목욕탕,23.0,24.0,25.0
인천광역시,서구,문구점,103.0,103.0,104.0
인천광역시,서구,미용실,1290.0,1283.0,1223.0
인천광역시,서구,법무사,49.0,50.0,44.0
인천광역시,서구,변리사,3.0,3.0,3.0
인천광역시,서구,변호사,24.0,24.0,18.0
인천광역시,서구,부동산중개업,1819.0,1823.0,1847.0
인천광역시,서구,분식점,413.0,416.0,443.0
인천광역시,서구,사진촬영업,256.0,252.0,227.0
인천광역시,서구,산부인과의원,19.0,19.0,19.0
인천광역시,서구,생선가게,71.0,67.0,69.0
인천광역시,서구,서점,115.0,115.0,102.0
인천광역시,서구,성형외과의원,6.0,3.0,0.0
인천광역시,서구,세무사,160.0,157.0,148.0
인천광역시,서구,세탁소,318.0,318.0,314.0
인천광역시,서구,슈퍼마켓,335.0,333.0,301.0
인천광역시,서구,스포츠교육기관,532.0,527.0,483.0
인천광역시,서구,스포츠시설운영업,118.0,118.0,118.0
인천광역시,서구,스포츠용품점,163.0,161.0,158.0
인천광역시,서구,시계ㆍ귀금속점,61.0,61.0,60.0
인천광역시,서구,식료품가게,349.0,341.0,337.0
인천광역시,서구,신경정신과의원,18.0,18.0,16.0
인천광역시,서구,신발가게,43.0,43.0,43.0
인천광역시,서구,실내스크린골프점,102.0,103.0,99.0
인천광역시,서구,실내장식가게,1358.0,1356.0,1241.0
인천광역시,서구,실외골프연습장,13.0,14.0,17.0
인천광역시,서구,안경점,80.0,79.0,81.0
인천광역시,서구,안과의원,17.0,17.0,17.0
인천광역시,서구,애완용품점,193.0,196.0,192.0
인천광역시,서구,약국,217.0,217.0,213.0
인천광역시,서구,여관ㆍ모텔,56.0,56.0,60.0
인천광역시,서구,여행사,108.0,106.0,93.0
인천광역시,서구,예술학원,429.0,428.0,421.0
인천광역시,서구,예식장,0.0,0.0,0.0
인천광역시,서구,옷가게,732.0,728.0,739.0
인천광역시,서구,의료용품가게,69.0,68.0,61.0
인천광역시,서구,이륜자동차판매점,32.0,32.0,25.0
인천광역시,서구,이발소,80.0,79.0,79.0
인천광역시,서구,이비인후과의원,31.0,31.0,32.0
인천광역시,서구,일반외과의원,62.0,62.0,57.0
인천광역시,서구,일식음식점,223.0,221.0,233.0
인천광역시,서구,자동차수리점,733.0,735.0,705.0
인천광역시,서구,자전거판매점,35.0,35.0,31.0
인천광역시,서구,장난감가게,69.0,66.0,49.0
인천광역시,서구,정육점,264.0,264.0,257.0
인천광역시,서구,제과점,247.0,248.0,220.0
인천광역시,서구,종합병원,32.0,32.0,32.0
인천광역시,서구,주유소,62.0,59.0,60.0
인천광역시,서구,주차장운영업,134.0,133.0,121.0
인천광역시,서구,중고차판매점,108.0,109.0,98.0
인천광역시,서구,중식음식점,281.0,281.0,281.0
인천광역시,서구,채소가게,104.0,99.0,102.0
인천광역시,서구,철물점,84.0,83.0,82.0
인천광역시,서구,치과의원,186.0,185.0,182.0
인천광역시,서구,침구ㆍ커튼가게,80.0,81.0,70.0
인천광역시,서구,커피음료점,922.0,914.0,949.0
인천광역시,서구,컴퓨터판매점,72.0,73.0,54.0
인천광역시,서구,통신판매업,13245.0,13026.0,11690.0
인천광역시,서구,패스트푸드점,557.0,565.0,534.0
인천광역시,서구,펜션ㆍ게스트하우스,10.0,7.0,6.0
인천광역시,서구,편의점,572.0,570.0,579.0
인천광역시,서구,피부ㆍ비뇨기과의원,46.0,46.0,48.0
인천광역시,서구,피부관리업,932.0,933.0,906.0
인천광역시,서구,한방병원ㆍ한의원,133.0,133.0,126.0
인천광역시,서구,한식음식점,3388.0,3394.0,3441.0
인천광역시,서구,헬스클럽,151.0,151.0,151.0
인천광역시,서구,호프주점,156.0,158.0,177.0
인천광역시,서구,화장품가게,342.0,347.0,350.0
인천광역시,서구,휴대폰가게,262.0,264.0,243.0
인천광역시,연수구,LPG 충전소,0.0,0.0,0.0
인천광역시,연수구,pc방,38.0,39.0,43.0
인천광역시,연수구,가구점,34.0,33.0,32.0
인천광역시,연수구,가전제품수리점,144.0,140.0,129.0
인천광역시,연수구,가전제품판매점,40.0,40.0,42.0
인천광역시,연수구,간이주점,58.0,59.0,68.0
인천광역시,연수구,간판광고물업,30.0,31.0,31.0
인천광역시,연수구,감정평가사,19.0,20.0,13.0
인천광역시,연수구,건강보조식품가게,92.0,93.0,102.0
인천광역시,연수구,건어물가게,12.0,12.0,15.0
인천광역시,연수구,건축사,66.0,67.0,57.0
인천광역시,연수구,결혼상담소,16.0,16.0,16.0
인천광역시,연수구,곡물가게,7.0,7.0,9.0
인천광역시,연수구,공인노무사,10.0,11.0,11.0
인천광역시,연수구,공인회계사,17.0,17.0,15.0
인천광역시,연수구,과일가게,35.0,34.0,32.0
인천광역시,연수구,교습소ㆍ공부방,936.0,937.0,901.0
인천광역시,연수구,교습학원,758.0,756.0,716.0
인천광역시,연수구,구내식당,79.0,80.0,79.0
인천광역시,연수구,기술ㆍ직업훈련학원,184.0,181.0,152.0
인천광역시,연수구,기술사,15.0,14.0,14.0
인천광역시,연수구,기타외국식음식점,287.0,285.0,299.0
인천광역시,연수구,기타음식점,120.0,119.0,103.0
인천광역시,연수구,기타일반의원,24.0,24.0,23.0
인천광역시,연수구,꽃가게,170.0,168.0,161.0
인천광역시,연수구,내과ㆍ소아과의원,85.0,85.0,85.0
인천광역시,연수구,노래방,231.0,231.0,242.0
인천광역시,연수구,담배ㆍ복권소매업,63.0,63.0,54.0
인천광역시,연수구,당구장,120.0,119.0,125.0
인천광역시,연수구,독서실,49.0,48.0,50.0
인천광역시,연수구,동물병원,44.0,44.0,43.0
인천광역시,연수구,목욕탕,17.0,17.0,19.0
인천광역시,연수구,문구점,75.0,74.0,66.0
인천광역시,연수구,미용실,744.0,742.0,706.0
인천광역시,연수구,법무사,18.0,18.0,11.0
인천광역시,연수구,변리사,6.0,6.0,6.0
인천광역시,연수구,변호사,35.0,35.0,29.0
인천광역시,연수구,부동산중개업,1388.0,1399.0,1359.0
인천광역시,연수구,분식점,238.0,241.0,265.0
인천광역시,연수구,사진촬영업,132.0,134.0,147.0
인천광역시,연수구,산부인과의원,12.0,12.0,11.0
인천광역시,연수구,생선가게,29.0,28.0,23.0
인천광역시,연수구,서점,72.0,71.0,79.0
인천광역시,연수구,성형외과의원,13.0,13.0,12.0
인천광역시,연수구,세무사,82.0,81.0,77.0
인천광역시,연수구,세탁소,173.0,174.0,174.0
인천광역시,연수구,슈퍼마켓,162.0,163.0,156.0
인천광역시,연수구,스포츠교육기관,394.0,394.0,384.0
인천광역시,연수구,스포츠시설운영업,86.0,87.0,89.0
인천광역시,연수구,스포츠용품점,88.0,89.0,98.0
인천광역시,연수구,시계ㆍ귀금속점,55.0,57.0,52.0
인천광역시,연수구,식료품가게,205.0,206.0,192.0
인천광역시,연수구,신경정신과의원,16.0,16.0,16.0
인천광역시,연수구,신발가게,18.0,18.0,17.0
인천광역시,연수구,실내스크린골프점,54.0,55.0,58.0
인천광역시,연수구,실내장식가게,707.0,708.0,651.0
인천광역시,연수구,실외골프연습장,8.0,9.0,8.0
인천광역시,연수구,안경점,60.0,61.0,63.0
인천광역시,연수구,안과의원,13.0,13.0,13.0
인천광역시,연수구,애완용품점,118.0,121.0,117.0
인천광역시,연수구,약국,149.0,147.0,146.0
인천광역시,연수구,여관ㆍ모텔,36.0,34.0,33.0
인천광역시,연수구,여행사,140.0,140.0,120.0
인천광역시,연수구,예술학원,300.0,297.0,292.0
인천광역시,연수구,예식장,5.0,5.0,5.0
인천광역시,연수구,옷가게,473.0,472.0,511.0
인천광역시,연수구,의료용품가게,31.0,30.0,29.0
인천광역시,연수구,이륜자동차판매점,9.0,9.0,8.0
인천광역시,연수구,이발소,51.0,50.0,41.0
인천광역시,연수구,이비인후과의원,26.0,26.0,26.0
인천광역시,연수구,일반외과의원,43.0,43.0,40.0
인천광역시,연수구,일식음식점,182.0,181.0,182.0
인천광역시,연수구,자동차수리점,231.0,232.0,223.0
인천광역시,연수구,자전거판매점,14.0,14.0,14.0
인천광역시,연수구,장난감가게,28.0,25.0,25.0
인천광역시,연수구,정육점,117.0,113.0,120.0
인천광역시,연수구,제과점,183.0,183.0,171.0
인천광역시,연수구,종합병원,12.0,12.0,11.0
인천광역시,연수구,주유소,23.0,23.0,25.0
인천광역시,연수구,주차장운영업,75.0,75.0,71.0
인천광역시,연수구,중고차판매점,75.0,74.0,48.0
인천광역시,연수구,중식음식점,178.0,181.0,172.0
인천광역시,연수구,채소가게,64.0,64.0,59.0
인천광역시,연수구,철물점,30.0,31.0,30.0
인천광역시,연수구,치과의원,139.0,140.0,138.0
인천광역시,연수구,침구ㆍ커튼가게,59.0,59.0,60.0
인천광역시,연수구,커피음료점,569.0,570.0,567.0
인천광역시,연수구,컴퓨터판매점,37.0,38.0,43.0
인천광역시,연수구,통신판매업,9348.0,9336.0,8571.0
인천광역시,연수구,패스트푸드점,301.0,300.0,298.0
인천광역시,연수구,펜션ㆍ게스트하우스,20.0,20.0,23.0
인천광역시,연수구,편의점,364.0,367.0,365.0
인천광역시,연수구,피부ㆍ비뇨기과의원,46.0,45.0,40.0
인천광역시,연수구,피부관리업,608.0,600.0,543.0
인천광역시,연수구,한방병원ㆍ한의원,98.0,98.0,99.0
인천광역시,연수구,한식음식점,2346.0,2357.0,2341.0
인천광역시,연수구,헬스클럽,131.0,130.0,128.0
인천광역시,연수구,호프주점,171.0,173.0,194.0
인천광역시,연수구,화장품가게,252.0,253.0,247.0
인천광역시,연수구,휴대폰가게,115.0,115.0,108.0
인천광역시,옹진군,LPG 충전소,4.0,4.0,3.0
인천광역시,옹진군,pc방,7.0,7.0,7.0
인천광역시,옹진군,가구점,0.0,0.0,0.0
인천광역시,옹진군,가전제품수리점,6.0,6.0,7.0
인천광역시,옹진군,가전제품판매점,7.0,7.0,7.0
인천광역시,옹진군,간이주점,8.0,8.0,11.0
인천광역시,옹진군,간판광고물업,0.0,0.0,0.0
인천광역시,옹진군,건강보조식품가게,0.0,0.0,0.0
인천광역시,옹진군,건어물가게,9.0,9.0,9.0
인천광역시,옹진군,건축사,0.0,0.0,0.0
인천광역시,옹진군,과일가게,5.0,5.0,5.0
인천광역시,옹진군,교습소ㆍ공부방,5.0,5.0,4.0
인천광역시,옹진군,교습학원,0.0,0.0,0.0
인천광역시,옹진군,구내식당,4.0,4.0,5.0
인천광역시,옹진군,기술사,0.0,0.0,0.0
인천광역시,옹진군,기타외국식음식점,8.0,9.0,8.0
인천광역시,옹진군,기타음식점,11.0,11.0,10.0
인천광역시,옹진군,기타일반의원,0.0,0.0,0.0
인천광역시,옹진군,꽃가게,6.0,6.0,7.0
인천광역시,옹진군,노래방,14.0,14.0,16.0
인천광역시,옹진군,담배ㆍ복권소매업,4.0,4.0,5.0
인천광역시,옹진군,당구장,10.0,10.0,10.0
인천광역시,옹진군,독서실,0.0,0.0,0.0
인천광역시,옹진군,동물병원,0.0,0.0,0.0
인천광역시,옹진군,목욕탕,0.0,0.0,0.0
인천광역시,옹진군,문구점,6.0,6.0,5.0
인천광역시,옹진군,미용실,23.0,23.0,22.0
인천광역시,옹진군,부동산중개업,47.0,47.0,53.0
인천광역시,옹진군,분식점,16.0,16.0,13.0
인천광역시,옹진군,사진촬영업,0.0,0.0,0.0
인천광역시,옹진군,생선가게,16.0,16.0,13.0
인천광역시,옹진군,세탁소,7.0,7.0,6.0
인천광역시,옹진군,슈퍼마켓,47.0,46.0,50.0
인천광역시,옹진군,스포츠교육기관,0.0,0.0,0.0
인천광역시,옹진군,스포츠용품점,11.0,12.0,13.0
인천광역시,옹진군,식료품가게,56.0,55.0,59.0
인천광역시,옹진군,실내스크린골프점,0.0,0.0,0.0
인천광역시,옹진군,실내장식가게,55.0,57.0,56.0
인천광역시,옹진군,안경점,0.0,0.0,0.0
인천광역시,옹진군,애완용품점,0.0,0.0,0.0
인천광역시,옹진군,약국,4.0,4.0,4.0
인천광역시,옹진군,여관ㆍ모텔,44.0,44.0,49.0
인천광역시,옹진군,여행사,23.0,23.0,21.0
인천광역시,옹진군,예술학원,3.0,3.0,3.0
인천광역시,옹진군,의료용품가게,0.0,0.0,0.0
인천광역시,옹진군,이발소,4.0,3.0,3.0
인천광역시,옹진군,일식음식점,14.0,14.0,16.0
인천광역시,옹진군,자동차수리점,13.0,13.0,14.0
인천광역시,옹진군,정육점,8.0,8.0,7.0
인천광역시,옹진군,제과점,5.0,5.0,5.0
인천광역시,옹진군,종합병원,0.0,0.0,0.0
인천광역시,옹진군,주유소,8.0,8.0,8.0
인천광역시,옹진군,주차장운영업,4.0,4.0,4.0
인천광역시,옹진군,중식음식점,17.0,17.0,17.0
인천광역시,옹진군,채소가게,7.0,7.0,7.0
인천광역시,옹진군,철물점,6.0,6.0,7.0
인천광역시,옹진군,치과의원,0.0,0.0,0.0
인천광역시,옹진군,침구ㆍ커튼가게,0.0,0.0,0.0
인천광역시,옹진군,커피음료점,59.0,59.0,59.0
인천광역시,옹진군,통신판매업,105.0,106.0,89.0
인천광역시,옹진군,패스트푸드점,25.0,26.0,23.0
인천광역시,옹진군,펜션ㆍ게스트하우스,448.0,446.0,431.0
인천광역시,옹진군,편의점,34.0,35.0,37.0
인천광역시,옹진군,피부관리업,3.0,3.0,4.0
인천광역시,옹진군,한방병원ㆍ한의원,0.0,0.0,0.0
인천광역시,옹진군,한식음식점,389.0,389.0,399.0
인천광역시,옹진군,호프주점,12.0,13.0,12.0
인천광역시,옹진군,화장품가게,0.0,0.0,0.0
인천광역시,옹진군,휴대폰가게,0.0,0.0,0.0
인천광역시,중구,LPG 충전소,2.3772945495622704,2.3772945495622704,1.7829709121717028
인천광역시,중구,pc방,17.537560011296243,16.537560011296243,20.537560011296243
인천광역시,중구,가구점,16.886472747811354,16.886472747811354,20.263767297373622
인천광역시,중구,가전제품수리점,84.79130189212087,83.00833097994916,76.41400734255859
인천광역시,중구,가전제품판매점,25.858090934764192,24.858090934764192,22.046738209545325
인천광역시,중구,간이주점,34.716181869528384,35.31050550691894,42.47077096865292
인천광역시,중구,간판광고물업,39.716181869528384,39.716181869528384,38.527534594747245
인천광역시,중구,감정평가사,0.0,0.0,0.0
인천광역시,중구,건강보조식품가게,27.45241457215476,27.45241457215476,31.046738209545325
인천광역시,중구,건어물가게,51.7629200790737,51.7629200790737,50.95156735385484
인천광역시,중구,건축사,22.50917819824908,22.50917819824908,20.320530923467945
인천광역시,중구,결혼상담소,0.0,0.0,0.0
인천광역시,중구,곡물가게,15.292149110420784,15.886472747811352,15.886472747811352
인천광역시,중구,공인노무사,0.0,0.0,0.0
인천광역시,중구,공인회계사,1.7829709121717028,1.7829709121717028,1.7829709121717028
인천광역시,중구,과일가게,34.85809093476419,34.45241457215476,32.64106184693589
인천광역시,중구,교습소ㆍ공부방,352.4991527817001,358.0934764190906,316.90482914430953
인천광역시,중구,교습학원,183.15024004518497,179.15024004518497,177.15024004518497
인천광역시,중구,구내식당,60.036712792996326,62.81968370516803,67.79130189212087
인천광역시,중구,기술ㆍ직업훈련학원,84.49915278170008,83.49915278170008,83.52753459474724
인천광역시,중구,기술사,0.0,0.0,0.0
인천광역시,중구,기타외국식음식점,75.12185823213781,74.93321095735668,80.52753459474724
인천광역시,중구,기타음식점,68.74456368257555,67.74456368257555,70.15024004518497
인천광역시,중구,기타일반의원,4.0,4.0,4.0
인천광역시,중구,꽃가게,74.3388873199661,72.3388873199661,67.36726913301327
인천광역시,중구,내과ㆍ소아과의원,31.858090934764192,32.85809093476419,33.45241457215476
인천광역시,중구,노래방,63.687800056481215,63.687800056481215,62.687800056481215
인천광역시,중구,담배ㆍ복권소매업,52.36726913301327,51.36726913301327,46.58429822084157
인천광역시,중구,당구장,62.93321095735668,63.527534594747245,60.12185823213781
인천광역시,중구,독서실,13.565941824343405,14.75458909912454,15.943236373905677
인천광역시,중구,동물병원,13.160265461733973,13.160265461733973,11.160265461733973
인천광역시,중구,목욕탕,10.131883648686811,10.131883648686811,11.131883648686811
인천광역시,중구,문구점,35.207003671279296,35.207003671279296,38.58429822084157
인천광역시,중구,미용실,339.7411748093759,336.7411748093759,325.33549844676645
인천광역시,중구,법무사,7.971618186952838,7.971618186952838,6.971618186952838
인천광역시,중구,변호사,0.0,0.0,0.0
인천광역시,중구,부동산중개업,558.2987856537701,559.8647274781135,575.6476983902852
인천광역시,중구,분식점,172.49745834510026,170.49745834510026,169.0350183563965
인천광역시,중구,사진촬영업,74.25374188082462,73.25374188082462,64.28212369387178
인천광역시,중구,산부인과의원,6.37729454956227,6.37729454956227,6.37729454956227
인천광역시,중구,생선가게,110.79963287207003,111.3939565094606,109.8280146851172
인천광역시,중구,서점,53.01835639649816,52.82970912171703,43.64106184693589
인천광역시,중구,성형외과의원,0.0,0.0,0.0
인천광역시,중구,세무사,24.424032759107597,24.424032759107597,25.018356396498163
인천광역시,중구,세탁소,87.87644733126236,87.09347641909065,81.68780005648122
인천광역시,중구,슈퍼마켓,120.48912736515109,121.08345100254165,112.51750917819825
인천광역시,중구,스포츠교육기관,119.96159277040384,118.36726913301327,105.5559164077944
인천광역시,중구,스포츠시설운영업,44.94323637390568,44.94323637390568,42.53756001129624
인천광역시,중구,스포츠용품점,49.178621858232134,49.178621858232134,51.15024004518497
인천광역시,중구,시계ㆍ귀금속점,25.64106184693589,25.64106184693589,26.829709121717027
인천광역시,중구,식료품가게,236.5158147415984,235.7328438294267,243.45905111550408
인천광역시,중구,신경정신과의원,0.0,0.0,0.0
인천광역시,중구,신발가게,23.018356396498163,23.018356396498163,21.395650946060435
인천광역시,중구,실내스크린골프점,27.377294549562272,28.377294549562272,28.97161818695284
인천광역시,중구,실내장식가게,372.03332391979666,372.2219711945778,358.62764755718723
인천광역시,중구,실외골프연습장,0.0,0.0,0.0
인천광역시,중구,안경점,26.48079638520192,26.48079638520192,27.075120022592486
인천광역시,중구,안과의원,4.782970912171702,4.782970912171702,4.782970912171702
인천광역시,중구,애완용품점,61.23538548432646,59.23538548432646,55.64106184693589
인천광역시,중구,약국,82.60265461733974,82.00833097994916,79.00833097994916
인천광역시,중구,여관ㆍ모텔,71.14021462863597,71.73453826602653,71.14021462863597
인천광역시,중구,여행사,112.58429822084156,109.58429822084156,101.61268003388872
인천광역시,중구,예술학원,77.4240327591076,76.4240327591076,70.61268003388872
인천광역시,중구,예식장,0.0,0.0,0.0
인천광역시,중구,옷가게,316.95650946060437,316.95650946060437,328.89974583451
인천광역시,중구,의료용품가게,13.509178198249082,12.914854560858513,13.72620728607738
인천광역시,중구,이륜자동차판매점,3.5659418243434056,3.5659418243434056,5.348912736515109
인천광역시,중구,이발소,38.178621858232134,35.989974583451,33.80132730866987
인천광역시,중구,이비인후과의원,7.971618186952838,7.971618186952838,7.971618186952838
인천광역시,중구,일반외과의원,15.914854560858513,15.320530923467945,15.914854560858513
인천광역시,중구,일식음식점,106.89480372776052,105.89480372776052,107.86642191471336
인천광역시,중구,자동차수리점,193.00663654334932,189.6009601807399,186.6009601807399
인천광역시,중구,자전거판매점,7.782970912171702,7.782970912171702,8.37729454956227
인천광역시,중구,장난감가게,21.50917819824908,20.320530923467945,20.914854560858515
인천광역시,중구,정육점,52.527534594747245,52.93321095735668,54.93321095735668
인천광역시,중구,제과점,91.31050550691894,91.31050550691894,96.49915278170008
인천광역시,중구,종합병원,5.943236373905676,5.943236373905676,5.943236373905676
인천광역시,중구,주유소,29.046738209545325,28.45241457215476,27.858090934764192
인천광역시,중구,주차장운영업,143.80132730866987,141.80132730866987,125.2070036712793
인천광역시,중구,중고차판매점,14.292149110420784,14.292149110420784,11.292149110420784
인천광역시,중구,중식음식점,112.46074555210393,112.05506918949449,117.64939282688505
인천광역시,중구,채소가게,44.80132730866987,44.207003671279296,39.01835639649816
인천광역시,중구,철물점,30.2070036712793,30.2070036712793,31.178621858232137
인천광역시,중구,치과의원,50.15024004518497,50.15024004518497,48.744563682575546
인천광역시,중구,침구ㆍ커튼가게,36.178621858232134,37.178621858232134,38.555916407794406
인천광역시,중구,커피음료점,406.3922620728608,413.2036147980796,404.2036147980796
인천광역시,중구,컴퓨터판매점,20.914854560858515,20.914854560858515,19.914854560858515
인천광역시,중구,통신판매업,3123.507201355549,3101.0447613668457,2925.582321378142
인천광역시,중구,패스트푸드점,152.51750917819825,153.3288619034171,154.73453826602653
인천광역시,중구,펜션ㆍ게스트하우스,167.29214911042078,166.29214911042078,129.32053092346794
인천광역시,중구,편의점,276.2620728607738,276.07342558599265,277.8280146851172
인천광역시,중구,피부ㆍ비뇨기과의원,9.37729454956227,9.37729454956227,8.37729454956227
인천광역시,중구,피부관리업,198.57427280429258,195.57427280429258,191.1969782547303
인천광역시,중구,한방병원ㆍ한의원,27.858090934764192,28.858090934764192,28.45241457215476
인천광역시,중구,한식음식점,2080.7944083592206,2083.7660265461736,2078.1332956791866
인천광역시,중구,헬스클럽,34.34891273651511,34.34891273651511,36.94323637390568
인천광역시,중구,호프주점,51.47077096865292,51.47077096865292,58.81968370516803
인천광역시,중구,화장품가게,115.30048009036994,116.30048009036994,110.11183281558881
인천광역시,중구,휴대폰가게,54.876447331262355,53.687800056481215,56.84806551821519
전라남도,강진군,LPG 충전소,5.0,5.0,5.0
전라남도,강진군,pc방,0.0,0.0,0.0
전라남도,강진군,가구점,3.0,3.0,3.0
전라남도,강진군,가전제품수리점,4.0,4.0,4.0
전라남도,강진군,가전제품판매점,18.0,18.0,15.0
전라남도,강진군,간이주점,5.0,5.0,6.0
전라남도,강진군,간판광고물업,11.0,11.0,11.0
전라남도,강진군,건강보조식품가게,8.0,9.0,8.0
전라남도,강진군,건어물가게,35.0,35.0,35.0
전라남도,강진군,건축사,8.0,8.0,9.0
전라남도,강진군,곡물가게,13.0,13.0,16.0
전라남도,강진군,과일가게,9.0,9.0,13.0
전라남도,강진군,교습소ㆍ공부방,14.0,14.0,7.0
전라남도,강진군,교습학원,16.0,16.0,18.0
전라남도,강진군,구내식당,8.0,8.0,10.0
전라남도,강진군,기술ㆍ직업훈련학원,12.0,11.0,8.0
전라남도,강진군,기술사,0.0,0.0,0.0
전라남도,강진군,기타외국식음식점,7.0,8.0,6.0
전라남도,강진군,기타음식점,15.0,15.0,15.0
전라남도,강진군,기타일반의원,0.0,0.0,0.0
전라남도,강진군,꽃가게,27.0,27.0,24.0
전라남도,강진군,내과ㆍ소아과의원,12.0,12.0,12.0
전라남도,강진군,노래방,8.0,8.0,8.0
전라남도,강진군,담배ㆍ복권소매업,26.0,27.0,29.0
전라남도,강진군,당구장,17.0,17.0,17.0
전라남도,강진군,동물병원,6.0,6.0,6.0
전라남도,강진군,목욕탕,5.0,5.0,5.0
전라남도,강진군,문구점,6.0,6.0,6.0
전라남도,강진군,미용실,72.0,72.0,67.0
전라남도,강진군,법무사,5.0,5.0,5.0
전라남도,강진군,부동산중개업,15.0,15.0,17.0
전라남도,강진군,분식점,33.0,33.0,34.0
전라남도,강진군,사진촬영업,5.0,5.0,5.0
전라남도,강진군,생선가게,42.0,42.0,39.0
전라남도,강진군,서점,0.0,0.0,0.0
전라남도,강진군,세무사,0.0,0.0,0.0
전라남도,강진군,세탁소,18.0,18.0,19.0
전라남도,강진군,슈퍼마켓,33.0,32.0,29.0
전라남도,강진군,스포츠교육기관,16.0,15.0,16.0
전라남도,강진군,스포츠용품점,27.0,27.0,26.0
전라남도,강진군,시계ㆍ귀금속점,8.0,8.0,8.0
전라남도,강진군,식료품가게,79.0,78.0,86.0
전라남도,강진군,신경정신과의원,0.0,0.0,0.0
전라남도,강진군,신발가게,3.0,3.0,5.0
전라남도,강진군,실내스크린골프점,0.0,0.0,0.0
전라남도,강진군,실내장식가게,42.0,42.0,42.0
전라남도,강진군,실외골프연습장,0.0,0.0,0.0
전라남도,강진군,안경점,5.0,5.0,5.0
전라남도,강진군,안과의원,0.0,0.0,0.0
전라남도,강진군,애완용품점,4.0,4.0,3.0
전라남도,강진군,약국,13.0,13.0,13.0
전라남도,강진군,여관ㆍ모텔,23.0,22.0,24.0
전라남도,강진군,여행사,15.0,15.0,16.0
전라남도,강진군,예술학원,11.0,11.0,12.0
전라남도,강진군,예식장,0.0,0.0,0.0
전라남도,강진군,옷가게,41.0,41.0,44.0
전라남도,강진군,의료용품가게,8.0,8.0,8.0
전라남도,강진군,이륜자동차판매점,4.0,4.0,4.0
전라남도,강진군,이발소,20.0,20.0,20.0
전라남도,강진군,이비인후과의원,0.0,0.0,0.0
전라남도,강진군,일반외과의원,0.0,0.0,0.0
전라남도,강진군,일식음식점,6.0,6.0,6.0
전라남도,강진군,자동차수리점,40.0,40.0,39.0
전라남도,강진군,자전거판매점,0.0,0.0,0.0
전라남도,강진군,장난감가게,0.0,0.0,0.0
전라남도,강진군,정육점,18.0,18.0,18.0
전라남도,강진군,제과점,12.0,12.0,11.0
전라남도,강진군,종합병원,0.0,0.0,0.0
전라남도,강진군,주유소,24.0,24.0,22.0
전라남도,강진군,중고차판매점,0.0,0.0,0.0
전라남도,강진군,중식음식점,14.0,14.0,14.0
전라남도,강진군,채소가게,37.0,38.0,36.0
전라남도,강진군,철물점,16.0,16.0,16.0
전라남도,강진군,치과의원,8.0,8.0,8.0
전라남도,강진군,침구ㆍ커튼가게,15.0,15.0,14.0
전라남도,강진군,커피음료점,79.0,79.0,74.0
전라남도,강진군,컴퓨터판매점,3.0,3.0,3.0
전라남도,강진군,통신판매업,149.0,152.0,150.0
전라남도,강진군,패스트푸드점,27.0,27.0,27.0
전라남도,강진군,펜션ㆍ게스트하우스,109.0,109.0,101.0
전라남도,강진군,편의점,23.0,23.0,25.0
전라남도,강진군,피부ㆍ비뇨기과의원,0.0,0.0,0.0
전라남도,강진군,피부관리업,26.0,26.0,24.0
전라남도,강진군,한방병원ㆍ한의원,7.0,7.0,7.0
전라남도,강진군,한식음식점,369.0,373.0,373.0
전라남도,강진군,헬스클럽,0.0,0.0,0.0
전라남도,강진군,호프주점,23.0,23.0,22.0
전라남도,강진군,화장품가게,14.0,13.0,14.0
전라남도,강진군,휴대폰가게,9.0,9.0,9.0
전라남도,고흥군,LPG 충전소,5.0,5.0,5.0
전라남도,고흥군,pc방,5.0,4.0,5.0
전라남도,고흥군,가구점,7.0,7.0,7.0
전라남도,고흥군,가전제품수리점,20.0,19.0,20.0
전라남도,고흥군,가전제품판매점,25.0,25.0,26.0
전라남도,고흥군,간이주점,17.0,17.0,15.0
전라남도,고흥군,간판광고물업,12.0,12.0,13.0
전라남도,고흥군,건강보조식품가게,11.0,11.0,10.0
전라남도,고흥군,건어물가게,56.0,56.0,55.0
전라남도,고흥군,건축사,8.0,8.0,8.0
전라남도,고흥군,곡물가게,17.0,17.0,17.0
전라남도,고흥군,과일가게,26.0,26.0,27.0
전라남도,고흥군,교습소ㆍ공부방,14.0,14.0,11.0
전라남도,고흥군,교습학원,24.0,25.0,27.0
전라남도,고흥군,구내식당,16.0,16.0,16.0
전라남도,고흥군,기술ㆍ직업훈련학원,7.0,7.0,8.0
전라남도,고흥군,기타외국식음식점,12.0,11.0,11.0
전라남도,고흥군,기타음식점,22.0,22.0,23.0
전라남도,고흥군,기타일반의원,3.0,3.0,3.0
전라남도,고흥군,꽃가게,51.0,51.0,53.0
전라남도,고흥군,내과ㆍ소아과의원,15.0,15.0,15.0
전라남도,고흥군,노래방,10.0,10.0,11.0
전라남도,고흥군,담배ㆍ복권소매업,45.0,45.0,48.0
전라남도,고흥군,당구장,25.0,25.0,23.0
전라남도,고흥군,독서실,0.0,0.0,0.0
전라남도,고흥군,동물병원,10.0,10.0,9.0
전라남도,고흥군,목욕탕,11.0,11.0,11.0
전라남도,고흥군,문구점,9.0,9.0,10.0
전라남도,고흥군,미용실,121.0,121.0,116.0
전라남도,고흥군,법무사,6.0,6.0,6.0
전라남도,고흥군,변호사,0.0,0.0,0.0
전라남도,고흥군,부동산중개업,27.0,27.0,28.0
전라남도,고흥군,분식점,60.0,60.0,54.0
전라남도,고흥군,사진촬영업,11.0,11.0,11.0
전라남도,고흥군,산부인과의원,0.0,0.0,0.0
전라남도,고흥군,생선가게,80.0,80.0,79.0
전라남도,고흥군,서점,0.0,0.0,0.0
전라남도,고흥군,세무사,0.0,0.0,0.0
전라남도,고흥군,세탁소,20.0,19.0,19.0
전라남도,고흥군,슈퍼마켓,40.0,40.0,36.0
전라남도,고흥군,스포츠교육기관,19.0,19.0,21.0
전라남도,고흥군,스포츠시설운영업,3.0,3.0,3.0
전라남도,고흥군,스포츠용품점,39.0,38.0,40.0
전라남도,고흥군,시계ㆍ귀금속점,8.0,8.0,8.0
전라남도,고흥군,식료품가게,150.0,150.0,161.0
전라남도,고흥군,신경정신과의원,0.0,0.0,0.0
전라남도,고흥군,신발가게,9.0,10.0,9.0
전라남도,고흥군,실내스크린골프점,9.0,9.0,9.0
전라남도,고흥군,실내장식가게,58.0,63.0,61.0
전라남도,고흥군,실외골프연습장,4.0,4.0,4.0
전라남도,고흥군,안경점,9.0,9.0,9.0
전라남도,고흥군,안과의원,0.0,0.0,0.0
전라남도,고흥군,애완용품점,8.0,8.0,8.0
전라남도,고흥군,약국,29.0,29.0,28.0
전라남도,고흥군,여관ㆍ모텔,42.0,42.0,43.0
전라남도,고흥군,여행사,17.0,18.0,18.0
전라남도,고흥군,예술학원,15.0,15.0,14.0
전라남도,고흥군,예식장,0.0,0.0,0.0
전라남도,고흥군,옷가게,64.0,64.0,71.0
전라남도,고흥군,의료용품가게,4.0,4.0,5.0
전라남도,고흥군,이륜자동차판매점,7.0,7.0,7.0
전라남도,고흥군,이발소,21.0,21.0,19.0
전라남도,고흥군,이비인후과의원,0.0,0.0,0.0
전라남도,고흥군,일반외과의원,6.0,6.0,7.0
전라남도,고흥군,일식음식점,3.0,3.0,4.0
전라남도,고흥군,자동차수리점,61.0,61.0,60.0
전라남도,고흥군,자전거판매점,0.0,0.0,0.0
전라남도,고흥군,장난감가게,4.0,4.0,4.0
전라남도,고흥군,정육점,28.0,28.0,29.0
전라남도,고흥군,제과점,20.0,21.0,17.0
전라남도,고흥군,종합병원,5.0,5.0,5.0
전라남도,고흥군,주유소,40.0,40.0,38.0
전라남도,고흥군,주차장운영업,3.0,3.0,0.0
전라남도,고흥군,중고차판매점,3.0,3.0,3.0
전라남도,고흥군,중식음식점,33.0,33.0,35.0
전라남도,고흥군,채소가게,58.0,56.0,51.0
전라남도,고흥군,철물점,24.0,24.0,22.0
전라남도,고흥군,치과의원,14.0,14.0,13.0
전라남도,고흥군,침구ㆍ커튼가게,20.0,20.0,21.0
전라남도,고흥군,커피음료점,90.0,90.0,87.0
전라남도,고흥군,컴퓨터판매점,4.0,4.0,4.0
전라남도,고흥군,통신판매업,262.0,261.0,256.0
전라남도,고흥군,패스트푸드점,43.0,44.0,43.0
전라남도,고흥군,펜션ㆍ게스트하우스,132.0,132.0,121.0
전라남도,고흥군,편의점,52.0,52.0,52.0
전라남도,고흥군,피부ㆍ비뇨기과의원,0.0,0.0,0.0
전라남도,고흥군,피부관리업,35.0,34.0,34.0
전라남도,고흥군,한방병원ㆍ한의원,10.0,10.0,10.0
전라남도,고흥군,한식음식점,600.0,602.0,575.0
전라남도,고흥군,헬스클럽,7.0,7.0,7.0
전라남도,고흥군,호프주점,65.0,66.0,69.0
전라남도,고흥군,화장품가게,27.0,26.0,25.0
전라남도,고흥군,휴대폰가게,21.0,20.0,17.0
전라남도,곡성군,LPG 충전소,0.0,0.0,0.0
전라남도,곡성군,pc방,0.0,0.0,0.0
전라남도,곡성군,가구점,0.0,0.0,0.0
전라남도,곡성군,가전제품수리점,6.0,6.0,6.0
전라남도,곡성군,가전제품판매점,10.0,10.0,10.0
전라남도,곡성군,간이주점,3.0,3.0,3.0
전라남도,곡성군,간판광고물업,9.0,9.0,9.0
전라남도,곡성군,건강보조식품가게,7.0,6.0,9.0
전라남도,곡성군,건어물가게,6.0,6.0,4.0
전라남도,곡성군,건축사,5.0,5.0,4.0
전라남도,곡성군,곡물가게,11.0,10.0,11.0
전라남도,곡성군,과일가게,15.0,15.0,17.0
전라남도,곡성군,교습소ㆍ공부방,10.0,10.0,12.0
전라남도,곡성군,교습학원,16.0,16.0,14.0
전라남도,곡성군,구내식당,6.0,6.0,6.0
전라남도,곡성군,기술ㆍ직업훈련학원,17.0,17.0,12.0
전라남도,곡성군,기술사,3.0,3.0,3.0
전라남도,곡성군,기타외국식음식점,4.0,4.0,4.0
전라남도,곡성군,기타음식점,9.0,9.0,10.0
전라남도,곡성군,기타일반의원,3.0,3.0,3.0
전라남도,곡성군,꽃가게,25.0,24.0,22.0
전라남도,곡성군,내과ㆍ소아과의원,7.0,7.0,7.0
전라남도,곡성군,노래방,6.0,6.0,6.0
전라남도,곡성군,담배ㆍ복권소매업,28.0,29.0,29.0
전라남도,곡성군,당구장,10.0,10.0,9.0
전라남도,곡성군,동물병원,6.0,6.0,6.0
전라남도,곡성군,목욕탕,3.0,3.0,3.0
전라남도,곡성군,문구점,5.0,5.0,4.0
전라남도,곡성군,미용실,39.0,39.0,38.0
전라남도,곡성군,법무사,3.0,3.0,3.0
전라남도,곡성군,부동산중개업,19.0,19.0,18.0
전라남도,곡성군,분식점,24.0,24.0,27.0
전라남도,곡성군,사진촬영업,8.0,7.0,9.0
전라남도,곡성군,생선가게,8.0,8.0,4.0
전라남도,곡성군,서점,6.0,6.0,5.0
전라남도,곡성군,세탁소,8.0,8.0,8.0
전라남도,곡성군,슈퍼마켓,14.0,14.0,8.0
전라남도,곡성군,스포츠교육기관,7.0,6.0,5.0
전라남도,곡성군,스포츠시설운영업,3.0,3.0,3.0
전라남도,곡성군,스포츠용품점,8.0,7.0,8.0
전라남도,곡성군,시계ㆍ귀금속점,0.0,0.0,0.0
전라남도,곡성군,식료품가게,49.0,49.0,50.0
전라남도,곡성군,신발가게,3.0,3.0,3.0
전라남도,곡성군,실내스크린골프점,5.0,5.0,4.0
전라남도,곡성군,실내장식가게,38.0,38.0,35.0
전라남도,곡성군,실외골프연습장,0.0,0.0,0.0
전라남도,곡성군,안경점,0.0,0.0,0.0
전라남도,곡성군,애완용품점,4.0,4.0,4.0
전라남도,곡성군,약국,15.0,15.0,15.0
전라남도,곡성군,여관ㆍ모텔,13.0,13.0,13.0
전라남도,곡성군,여행사,10.0,9.0,8.0
전라남도,곡성군,예술학원,9.0,9.0,9.0
전라남도,곡성군,예식장,0.0,0.0,0.0
전라남도,곡성군,옷가게,22.0,22.0,20.0
전라남도,곡성군,의료용품가게,4.0,4.0,3.0
전라남도,곡성군,이륜자동차판매점,4.0,4.0,4.0
전라남도,곡성군,이발소,0.0,0.0,0.0
전라남도,곡성군,일반외과의원,0.0,0.0,0.0
전라남도,곡성군,자동차수리점,27.0,27.0,28.0
전라남도,곡성군,자전거판매점,0.0,0.0,0.0
전라남도,곡성군,장난감가게,0.0,0.0,0.0
전라남도,곡성군,정육점,15.0,15.0,13.0
전라남도,곡성군,제과점,8.0,8.0,9.0
전라남도,곡성군,종합병원,0.0,0.0,0.0
전라남도,곡성군,주유소,17.0,18.0,16.0
전라남도,곡성군,중고차판매점,0.0,0.0,0.0
전라남도,곡성군,중식음식점,24.0,24.0,22.0
전라남도,곡성군,채소가게,20.0,20.0,21.0
전라남도,곡성군,철물점,15.0,15.0,14.0
전라남도,곡성군,치과의원,9.0,9.0,9.0
전라남도,곡성군,침구ㆍ커튼가게,7.0,7.0,6.0
전라남도,곡성군,커피음료점,61.0,61.0,56.0
전라남도,곡성군,통신판매업,136.0,139.0,131.0
전라남도,곡성군,패스트푸드점,23.0,23.0,24.0
전라남도,곡성군,펜션ㆍ게스트하우스,44.0,43.0,39.0
전라남도,곡성군,편의점,22.0,22.0,22.0
전라남도,곡성군,피부관리업,10.0,10.0,10.0
전라남도,곡성군,한방병원ㆍ한의원,5.0,5.0,5.0
전라남도,곡성군,한식음식점,242.0,241.0,237.0
전라남도,곡성군,헬스클럽,0.0,0.0,0.0
전라남도,곡성군,호프주점,13.0,14.0,16.0
전라남도,곡성군,화장품가게,7.0,7.0,6.0
전라남도,곡성군,휴대폰가게,5.0,5.0,6.0
전라남도,광양시,LPG 충전소,12.0,12.0,12.0
전라남도,광양시,pc방,32.0,32.0,28.0
전라남도,광양시,가구점,14.0,14.0,16.0
전라남도,광양시,가전제품수리점,45.0,44.0,42.0
전라남도,광양시,가전제품판매점,53.0,53.0,55.0
전라남도,광양시,간이주점,12.0,12.0,13.0
전라남도,광양시,간판광고물업,44.0,44.0,41.0
전라남도,광양시,건강보조식품가게,36.0,36.0,37.0
전라남도,광양시,건어물가게,18.0,18.0,18.0
전라남도,광양시,건축사,30.0,30.0,28.0
전라남도,광양시,결혼상담소,4.0,4.0,5.0
전라남도,광양시,곡물가게,10.0,10.0,12.0
전라남도,광양시,공인노무사,3.0,3.0,3.0
전라남도,광양시,공인회계사,0.0,0.0,0.0
전라남도,광양시,과일가게,67.0,67.0,72.0
전라남도,광양시,교습소ㆍ공부방,163.0,161.0,142.0
전라남도,광양시,교습학원,181.0,182.0,180.0
전라남도,광양시,구내식당,31.0,31.0,28.0
전라남도,광양시,기술ㆍ직업훈련학원,47.0,48.0,40.0
전라남도,광양시,기술사,0.0,0.0,0.0
전라남도,광양시,기타외국식음식점,51.0,51.0,54.0
전라남도,광양시,기타음식점,51.0,51.0,48.0
전라남도,광양시,기타일반의원,5.0,5.0,5.0
전라남도,광양시,꽃가게,99.0,98.0,97.0
전라남도,광양시,내과ㆍ소아과의원,25.0,25.0,27.0
전라남도,광양시,노래방,68.0,68.0,69.0
전라남도,광양시,담배ㆍ복권소매업,21.0,21.0,19.0
전라남도,광양시,당구장,77.0,77.0,73.0
전라남도,광양시,독서실,15.0,15.0,15.0
전라남도,광양시,동물병원,7.0,7.0,7.0
전라남도,광양시,목욕탕,17.0,17.0,18.0
전라남도,광양시,문구점,38.0,40.0,42.0
전라남도,광양시,미용실,355.0,356.0,346.0
전라남도,광양시,법무사,18.0,18.0,18.0
전라남도,광양시,변리사,0.0,0.0,0.0
전라남도,광양시,변호사,0.0,0.0,0.0
전라남도,광양시,부동산중개업,251.0,252.0,259.0
전라남도,광양시,분식점,154.0,152.0,156.0
전라남도,광양시,사진촬영업,29.0,29.0,25.0
전라남도,광양시,산부인과의원,0.0,0.0,0.0
전라남도,광양시,생선가게,52.0,53.0,52.0
전라남도,광양시,서점,29.0,29.0,28.0
전라남도,광양시,세무사,5.0,5.0,5.0
전라남도,광양시,세탁소,78.0,82.0,79.0
전라남도,광양시,슈퍼마켓,95.0,96.0,94.0
전라남도,광양시,스포츠교육기관,109.0,109.0,99.0
전라남도,광양시,스포츠시설운영업,24.0,25.0,28.0
전라남도,광양시,스포츠용품점,61.0,63.0,61.0
전라남도,광양시,시계ㆍ귀금속점,25.0,25.0,24.0
전라남도,광양시,식료품가게,160.0,162.0,162.0
전라남도,광양시,신경정신과의원,3.0,3.0,3.0
전라남도,광양시,신발가게,13.0,12.0,12.0
전라남도,광양시,실내스크린골프점,40.0,40.0,37.0
전라남도,광양시,실내장식가게,149.0,148.0,161.0
전라남도,광양시,실외골프연습장,12.0,12.0,14.0
전라남도,광양시,안경점,32.0,32.0,33.0
전라남도,광양시,안과의원,3.0,3.0,3.0
전라남도,광양시,애완용품점,29.0,29.0,35.0
전라남도,광양시,약국,51.0,52.0,51.0
전라남도,광양시,여관ㆍ모텔,92.0,92.0,89.0
전라남도,광양시,여행사,46.0,46.0,42.0
전라남도,광양시,예술학원,89.0,89.0,89.0
전라남도,광양시,예식장,0.0,0.0,0.0
전라남도,광양시,옷가게,185.0,188.0,200.0
전라남도,광양시,의료용품가게,12.0,12.0,15.0
전라남도,광양시,이륜자동차판매점,4.0,4.0,4.0
전라남도,광양시,이발소,47.0,46.0,48.0
전라남도,광양시,이비인후과의원,3.0,3.0,3.0
전라남도,광양시,일반외과의원,13.0,13.0,13.0
전라남도,광양시,일식음식점,61.0,60.0,57.0
전라남도,광양시,자동차수리점,218.0,219.0,209.0
전라남도,광양시,자전거판매점,7.0,7.0,7.0
전라남도,광양시,장난감가게,4.0,0.0,0.0
전라남도,광양시,정육점,66.0,67.0,66.0
전라남도,광양시,제과점,70.0,71.0,74.0
전라남도,광양시,종합병원,7.0,7.0,8.0
전라남도,광양시,주유소,57.0,57.0,60.0
전라남도,광양시,주차장운영업,6.0,5.0,5.0
전라남도,광양시,중고차판매점,25.0,25.0,25.0
전라남도,광양시,중식음식점,83.0,84.0,89.0
전라남도,광양시,채소가게,47.0,47.0,48.0
전라남도,광양시,철물점,33.0,34.0,34.0
전라남도,광양시,치과의원,43.0,43.0,43.0
전라남도,광양시,침구ㆍ커튼가게,41.0,41.0,43.0
전라남도,광양시,커피음료점,274.0,282.0,293.0
전라남도,광양시,컴퓨터판매점,15.0,15.0,16.0
전라남도,광양시,통신판매업,992.0,975.0,918.0
전라남도,광양시,패스트푸드점,193.0,193.0,187.0
전라남도,광양시,펜션ㆍ게스트하우스,66.0,64.0,62.0
전라남도,광양시,편의점,144.0,143.0,149.0
전라남도,광양시,피부ㆍ비뇨기과의원,6.0,6.0,5.0
전라남도,광양시,피부관리업,270.0,269.0,261.0
전라남도,광양시,한방병원ㆍ한의원,27.0,27.0,26.0
전라남도,광양시,한식음식점,1685.0,1688.0,1667.0
전라남도,광양시,헬스클럽,30.0,31.0,28.0
전라남도,광양시,호프주점,161.0,161.0,179.0
전라남도,광양시,화장품가게,96.0,97.0,101.0
전라남도,광양시,휴대폰가게,36.0,37.0,39.0
전라남도,구례군,LPG 충전소,3.0,3.0,3.0
전라남도,구례군,pc방,3.0,3.0,0.0
전라남도,구례군,가구점,5.0,6.0,5.0
전라남도,구례군,가전제품수리점,5.0,5.0,5.0
전라남도,구례군,가전제품판매점,7.0,7.0,8.0
전라남도,구례군,간이주점,4.0,4.0,4.0
전라남도,구례군,간판광고물업,5.0,5.0,5.0
전라남도,구례군,건강보조식품가게,14.0,14.0,15.0
전라남도,구례군,건어물가게,12.0,12.0,12.0
전라남도,구례군,건축사,5.0,5.0,5.0
전라남도,구례군,곡물가게,15.0,15.0,16.0
전라남도,구례군,과일가게,16.0,15.0,14.0
전라남도,구례군,교습소ㆍ공부방,11.0,11.0,9.0
전라남도,구례군,교습학원,13.0,13.0,13.0
전라남도,구례군,구내식당,8.0,8.0,8.0
전라남도,구례군,기술ㆍ직업훈련학원,13.0,13.0,11.0
전라남도,구례군,기술사,0.0,0.0,0.0
전라남도,구례군,기타외국식음식점,12.0,12.0,11.0
전라남도,구례군,기타음식점,11.0,11.0,11.0
전라남도,구례군,기타일반의원,3.0,3.0,3.0
전라남도,구례군,꽃가게,24.0,24.0,23.0
전라남도,구례군,내과ㆍ소아과의원,4.0,4.0,5.0
전라남도,구례군,노래방,5.0,5.0,5.0
전라남도,구례군,담배ㆍ복권소매업,15.0,15.0,14.0
전라남도,구례군,당구장,9.0,9.0,8.0
전라남도,구례군,동물병원,5.0,5.0,5.0
전라남도,구례군,목욕탕,4.0,4.0,4.0
전라남도,구례군,문구점,7.0,7.0,6.0
전라남도,구례군,미용실,49.0,48.0,47.0
전라남도,구례군,법무사,4.0,4.0,4.0
전라남도,구례군,부동산중개업,18.0,18.0,21.0
전라남도,구례군,분식점,32.0,32.0,32.0
전라남도,구례군,사진촬영업,4.0,4.0,4.0
전라남도,구례군,생선가게,8.0,8.0,9.0
전라남도,구례군,서점,5.0,6.0,5.0
전라남도,구례군,세탁소,16.0,16.0,17.0
전라남도,구례군,슈퍼마켓,17.0,17.0,18.0
전라남도,구례군,스포츠교육기관,8.0,8.0,8.0
전라남도,구례군,스포츠시설운영업,4.0,4.0,3.0
전라남도,구례군,스포츠용품점,11.0,11.0,10.0
전라남도,구례군,시계ㆍ귀금속점,3.0,3.0,3.0
전라남도,구례군,식료품가게,92.0,91.0,91.0
전라남도,구례군,신경정신과의원,0.0,0.0,0.0
전라남도,구례군,신발가게,3.0,3.0,3.0
전라남도,구례군,실내스크린골프점,3.0,3.0,3.0
전라남도,구례군,실내장식가게,21.0,21.0,25.0
전라남도,구례군,실외골프연습장,0.0,0.0,0.0
전라남도,구례군,안경점,3.0,0.0,0.0
전라남도,구례군,안과의원,0.0,0.0,0.0
전라남도,구례군,애완용품점,0.0,0.0,0.0
전라남도,구례군,약국,10.0,10.0,10.0
전라남도,구례군,여관ㆍ모텔,18.0,18.0,19.0
전라남도,구례군,여행사,8.0,8.0,6.0
전라남도,구례군,예술학원,7.0,6.0,8.0
전라남도,구례군,옷가게,27.0,27.0,27.0
전라남도,구례군,이륜자동차판매점,3.0,3.0,3.0
전라남도,구례군,이발소,14.0,14.0,14.0
전라남도,구례군,일반외과의원,0.0,0.0,0.0
전라남도,구례군,일식음식점,0.0,0.0,0.0
전라남도,구례군,자동차수리점,20.0,20.0,21.0
전라남도,구례군,자전거판매점,0.0,0.0,0.0
전라남도,구례군,정육점,14.0,14.0,15.0
전라남도,구례군,제과점,19.0,19.0,17.0
전라남도,구례군,종합병원,4.0,4.0,4.0
전라남도,구례군,주유소,15.0,15.0,15.0
전라남도,구례군,주차장운영업,0.0,0.0,0.0
전라남도,구례군,중식음식점,18.0,18.0,19.0
전라남도,구례군,채소가게,54.0,54.0,49.0
전라남도,구례군,철물점,6.0,6.0,7.0
전라남도,구례군,치과의원,6.0,6.0,5.0
전라남도,구례군,침구ㆍ커튼가게,13.0,13.0,13.0
전라남도,구례군,커피음료점,78.0,80.0,80.0
전라남도,구례군,통신판매업,149.0,148.0,138.0
전라남도,구례군,패스트푸드점,22.0,23.0,23.0
전라남도,구례군,펜션ㆍ게스트하우스,136.0,138.0,130.0
전라남도,구례군,편의점,17.0,17.0,17.0
전라남도,구례군,피부관리업,11.0,12.0,13.0
전라남도,구례군,한방병원ㆍ한의원,8.0,8.0,8.0
전라남도,구례군,한식음식점,366.0,367.0,355.0
전라남도,구례군,헬스클럽,3.0,3.0,0.0
전라남도,구례군,호프주점,5.0,5.0,5.0
전라남도,구례군,화장품가게,11.0,13.0,13.0
전라남도,구례군,휴대폰가게,4.0,4.0,4.0
전라남도,나주시,LPG 충전소,11.0,11.0,11.0
전라남도,나주시,pc방,12.0,11.0,14.0
전라남도,나주시,가구점,16.0,16.0,19.0
전라남도,나주시,가전제품수리점,37.0,35.0,36.0
전라남도,나주시,가전제품판매점,24.0,24.0,27.0
전라남도,나주시,간이주점,3.0,3.0,6.0
전라남도,나주시,간판광고물업,36.0,35.0,34.0
전라남도,나주시,감정평가사,11.0,11.0,13.0
전라남도,나주시,건강보조식품가게,29.0,29.0,30.0
전라남도,나주시,건어물가게,15.0,15.0,14.0
전라남도,나주시,건축사,45.0,45.0,40.0
전라남도,나주시,결혼상담소,6.0,6.0,6.0
전라남도,나주시,곡물가게,23.0,23.0,23.0
전라남도,나주시,공인노무사,0.0,0.0,0.0
전라남도,나주시,공인회계사,0.0,0.0,0.0
전라남도,나주시,과일가게,62.0,63.0,69.0
전라남도,나주시,교습소ㆍ공부방,123.0,123.0,124.0
전라남도,나주시,교습학원,163.0,162.0,160.0
전라남도,나주시,구내식당,20.0,20.0,21.0
전라남도,나주시,기술ㆍ직업훈련학원,89.0,86.0,83.0
전라남도,나주시,기술사,14.0,15.0,15.0
전라남도,나주시,기타외국식음식점,67.0,66.0,65.0
전라남도,나주시,기타음식점,49.0,49.0,45.0
전라남도,나주시,기타일반의원,8.0,8.0,8.0
전라남도,나주시,꽃가게,72.0,73.0,69.0
전라남도,나주시,내과ㆍ소아과의원,28.0,28.0,26.0
전라남도,나주시,노래방,30.0,30.0,30.0
전라남도,나주시,담배ㆍ복권소매업,23.0,24.0,27.0
전라남도,나주시,당구장,43.0,44.0,48.0
전라남도,나주시,독서실,8.0,8.0,8.0
전라남도,나주시,동물병원,26.0,26.0,24.0
전라남도,나주시,목욕탕,22.0,22.0,23.0
전라남도,나주시,문구점,30.0,30.0,24.0
전라남도,나주시,미용실,250.0,246.0,238.0
전라남도,나주시,법무사,14.0,14.0,13.0
전라남도,나주시,변리사,0.0,0.0,0.0
전라남도,나주시,변호사,0.0,0.0,0.0
전라남도,나주시,부동산중개업,246.0,246.0,267.0
전라남도,나주시,분식점,103.0,104.0,109.0
전라남도,나주시,사진촬영업,24.0,23.0,27.0
전라남도,나주시,산부인과의원,3.0,3.0,3.0
전라남도,나주시,생선가게,47.0,47.0,47.0
전라남도,나주시,서점,21.0,21.0,17.0
전라남도,나주시,세무사,8.0,8.0,8.0
전라남도,나주시,세탁소,55.0,56.0,55.0
전라남도,나주시,슈퍼마켓,59.0,58.0,55.0
전라남도,나주시,스포츠교육기관,76.0,76.0,65.0
전라남도,나주시,스포츠시설운영업,14.0,14.0,12.0
전라남도,나주시,스포츠용품점,45.0,46.0,46.0
전라남도,나주시,시계ㆍ귀금속점,18.0,18.0,17.0
전라남도,나주시,식료품가게,191.0,193.0,189.0
전라남도,나주시,신경정신과의원,3.0,3.0,3.0
전라남도,나주시,신발가게,8.0,8.0,8.0
전라남도,나주시,실내스크린골프점,30.0,31.0,29.0
전라남도,나주시,실내장식가게,171.0,167.0,168.0
전라남도,나주시,실외골프연습장,0.0,0.0,0.0
전라남도,나주시,안경점,20.0,20.0,20.0
전라남도,나주시,안과의원,4.0,4.0,4.0
전라남도,나주시,애완용품점,30.0,31.0,31.0
전라남도,나주시,약국,54.0,54.0,51.0
전라남도,나주시,여관ㆍ모텔,37.0,38.0,38.0
전라남도,나주시,여행사,29.0,28.0,29.0
전라남도,나주시,예술학원,75.0,74.0,75.0
전라남도,나주시,옷가게,139.0,142.0,144.0
전라남도,나주시,의료용품가게,19.0,18.0,17.0
전라남도,나주시,이륜자동차판매점,11.0,11.0,11.0
전라남도,나주시,이발소,22.0,22.0,22.0
전라남도,나주시,이비인후과의원,5.0,5.0,5.0
전라남도,나주시,일반외과의원,6.0,6.0,6.0
전라남도,나주시,일식음식점,24.0,24.0,21.0
전라남도,나주시,자동차수리점,147.0,146.0,146.0
전라남도,나주시,자전거판매점,9.0,9.0,9.0
전라남도,나주시,장난감가게,4.0,4.0,4.0
전라남도,나주시,정육점,62.0,60.0,58.0
전라남도,나주시,제과점,49.0,48.0,43.0
전라남도,나주시,종합병원,14.0,14.0,15.0
전라남도,나주시,주유소,59.0,59.0,58.0
전라남도,나주시,주차장운영업,17.0,16.0,15.0
전라남도,나주시,중고차판매점,11.0,11.0,11.0
전라남도,나주시,중식음식점,59.0,59.0,59.0
전라남도,나주시,채소가게,47.0,47.0,45.0
전라남도,나주시,철물점,27.0,27.0,24.0
전라남도,나주시,치과의원,37.0,37.0,35.0
전라남도,나주시,침구ㆍ커튼가게,17.0,17.0,21.0
전라남도,나주시,커피음료점,274.0,275.0,275.0
전라남도,나주시,컴퓨터판매점,13.0,13.0,14.0
전라남도,나주시,통신판매업,1084.0,1095.0,997.0
전라남도,나주시,패스트푸드점,136.0,139.0,141.0
전라남도,나주시,펜션ㆍ게스트하우스,59.0,59.0,57.0
전라남도,나주시,편의점,114.0,112.0,114.0
전라남도,나주시,피부ㆍ비뇨기과의원,7.0,7.0,7.0
전라남도,나주시,피부관리업,151.0,149.0,142.0
전라남도,나주시,한방병원ㆍ한의원,27.0,27.0,27.0
전라남도,나주시,한식음식점,1053.0,1052.0,1082.0
전라남도,나주시,헬스클럽,24.0,24.0,23.0
전라남도,나주시,호프주점,41.0,41.0,44.0
전라남도,나주시,화장품가게,52.0,52.0,54.0
전라남도,나주시,휴대폰가게,31.0,32.0,37.0
전라남도,담양군,LPG 충전소,4.0,4.0,3.0
전라남도,담양군,pc방,3.0,3.0,4.0
전라남도,담양군,가구점,5.0,5.0,6.0
전라남도,담양군,가전제품수리점,19.0,18.0,18.0
전라남도,담양군,가전제품판매점,14.0,14.0,14.0
전라남도,담양군,간이주점,3.0,3.0,4.0
전라남도,담양군,간판광고물업,9.0,10.0,9.0
전라남도,담양군,건강보조식품가게,10.0,11.0,11.0
전라남도,담양군,건어물가게,4.0,4.0,4.0
전라남도,담양군,건축사,11.0,11.0,10.0
전라남도,담양군,곡물가게,14.0,14.0,15.0
전라남도,담양군,과일가게,29.0,29.0,27.0
전라남도,담양군,교습소ㆍ공부방,19.0,19.0,19.0
전라남도,담양군,교습학원,15.0,14.0,13.0
전라남도,담양군,구내식당,10.0,10.0,11.0
전라남도,담양군,기술ㆍ직업훈련학원,33.0,34.0,29.0
전라남도,담양군,기술사,5.0,5.0,6.0
전라남도,담양군,기타외국식음식점,24.0,24.0,25.0
전라남도,담양군,기타음식점,28.0,28.0,28.0
전라남도,담양군,기타일반의원,0.0,0.0,0.0
전라남도,담양군,꽃가게,58.0,59.0,59.0
전라남도,담양군,내과ㆍ소아과의원,14.0,14.0,15.0
전라남도,담양군,노래방,9.0,9.0,9.0
전라남도,담양군,담배ㆍ복권소매업,10.0,11.0,12.0
전라남도,담양군,당구장,10.0,10.0,12.0
전라남도,담양군,독서실,0.0,0.0,0.0
전라남도,담양군,동물병원,6.0,6.0,6.0
전라남도,담양군,목욕탕,6.0,6.0,6.0
전라남도,담양군,문구점,20.0,20.0,19.0
전라남도,담양군,미용실,60.0,59.0,61.0
전라남도,담양군,법무사,9.0,9.0,8.0
전라남도,담양군,부동산중개업,67.0,66.0,72.0
전라남도,담양군,분식점,38.0,38.0,39.0
전라남도,담양군,사진촬영업,13.0,13.0,16.0
전라남도,담양군,생선가게,7.0,7.0,7.0
전라남도,담양군,서점,8.0,8.0,7.0
전라남도,담양군,세무사,0.0,0.0,0.0
전라남도,담양군,세탁소,13.0,13.0,13.0
전라남도,담양군,슈퍼마켓,26.0,26.0,23.0
전라남도,담양군,스포츠교육기관,10.0,10.0,10.0
전라남도,담양군,스포츠시설운영업,0.0,0.0,0.0
전라남도,담양군,스포츠용품점,11.0,11.0,13.0
전라남도,담양군,시계ㆍ귀금속점,6.0,6.0,7.0
전라남도,담양군,식료품가게,91.0,91.0,100.0
전라남도,담양군,신경정신과의원,0.0,0.0,0.0
전라남도,담양군,신발가게,0.0,0.0,0.0
전라남도,담양군,실내스크린골프점,4.0,4.0,3.0
전라남도,담양군,실내장식가게,104.0,103.0,97.0
전라남도,담양군,실외골프연습장,3.0,3.0,3.0
전라남도,담양군,안경점,3.0,3.0,3.0
전라남도,담양군,안과의원,0.0,0.0,0.0
전라남도,담양군,애완용품점,5.0,6.0,7.0
전라남도,담양군,약국,21.0,21.0,21.0
전라남도,담양군,여관ㆍ모텔,17.0,17.0,18.0
전라남도,담양군,여행사,8.0,8.0,10.0
전라남도,담양군,예술학원,10.0,10.0,8.0
전라남도,담양군,옷가게,62.0,64.0,59.0
전라남도,담양군,의료용품가게,4.0,4.0,5.0
전라남도,담양군,이륜자동차판매점,4.0,4.0,4.0
전라남도,담양군,이발소,15.0,15.0,14.0
전라남도,담양군,이비인후과의원,0.0,0.0,0.0
전라남도,담양군,일반외과의원,6.0,7.0,5.0
전라남도,담양군,일식음식점,9.0,9.0,9.0
전라남도,담양군,자동차수리점,45.0,45.0,44.0
전라남도,담양군,자전거판매점,0.0,0.0,0.0
전라남도,담양군,장난감가게,0.0,0.0,0.0
전라남도,담양군,정육점,21.0,21.0,20.0
전라남도,담양군,제과점,27.0,27.0,27.0
전라남도,담양군,종합병원,7.0,7.0,7.0
전라남도,담양군,주유소,19.0,19.0,20.0
전라남도,담양군,주차장운영업,0.0,0.0,0.0
전라남도,담양군,중고차판매점,3.0,3.0,3.0
전라남도,담양군,중식음식점,30.0,29.0,30.0
전라남도,담양군,채소가게,28.0,28.0,30.0
전라남도,담양군,철물점,17.0,16.0,14.0
전라남도,담양군,치과의원,12.0,12.0,12.0
전라남도,담양군,침구ㆍ커튼가게,14.0,14.0,12.0
전라남도,담양군,커피음료점,209.0,211.0,207.0
전라남도,담양군,컴퓨터판매점,4.0,4.0,5.0
전라남도,담양군,통신판매업,319.0,325.0,332.0
전라남도,담양군,패스트푸드점,36.0,34.0,33.0
전라남도,담양군,펜션ㆍ게스트하우스,223.0,223.0,205.0
전라남도,담양군,편의점,29.0,30.0,31.0
전라남도,담양군,피부관리업,23.0,23.0,24.0
전라남도,담양군,한방병원ㆍ한의원,12.0,12.0,12.0
전라남도,담양군,한식음식점,489.0,497.0,493.0
전라남도,담양군,헬스클럽,0.0,0.0,0.0
전라남도,담양군,호프주점,9.0,9.0,9.0
전라남도,담양군,화장품가게,11.0,11.0,12.0
전라남도,담양군,휴대폰가게,6.0,6.0,6.0
전라남도,목포시,LPG 충전소,11.0,11.0,12.0
전라남도,목포시,pc방,49.0,49.0,60.0
전라남도,목포시,가구점,51.0,52.0,48.0
전라남도,목포시,가전제품수리점,137.0,137.0,130.0
전라남도,목포시,가전제품판매점,89.0,90.0,96.0
전라남도,목포시,간이주점,18.0,18.0,22.0
전라남도,목포시,간판광고물업,93.0,93.0,93.0
전라남도,목포시,감정평가사,0.0,0.0,0.0
전라남도,목포시,건강보조식품가게,60.0,60.0,69.0
전라남도,목포시,건어물가게,132.0,133.0,139.0
전라남도,목포시,건축사,34.0,34.0,29.0
전라남도,목포시,결혼상담소,6.0,6.0,8.0
전라남도,목포시,곡물가게,28.0,28.0,27.0
전라남도,목포시,공인노무사,6.0,6.0,6.0
전라남도,목포시,공인회계사,6.0,6.0,6.0
전라남도,목포시,과일가게,67.0,67.0,70.0
전라남도,목포시,교습소ㆍ공부방,174.0,176.0,177.0
전라남도,목포시,교습학원,286.0,286.0,289.0
전라남도,목포시,구내식당,57.0,57.0,58.0
전라남도,목포시,기술ㆍ직업훈련학원,132.0,131.0,127.0
전라남도,목포시,기술사,3.0,3.0,3.0
전라남도,목포시,기타외국식음식점,77.0,78.0,75.0
전라남도,목포시,기타음식점,95.0,97.0,101.0
전라남도,목포시,기타일반의원,14.0,14.0,14.0
전라남도,목포시,꽃가게,146.0,146.0,142.0
전라남도,목포시,내과ㆍ소아과의원,44.0,45.0,45.0
전라남도,목포시,노래방,131.0,131.0,139.0
전라남도,목포시,담배ㆍ복권소매업,79.0,79.0,80.0
전라남도,목포시,당구장,104.0,110.0,114.0
전라남도,목포시,독서실,14.0,14.0,17.0
전라남도,목포시,동물병원,8.0,8.0,9.0
전라남도,목포시,목욕탕,34.0,35.0,36.0
전라남도,목포시,문구점,66.0,68.0,64.0
전라남도,목포시,미용실,659.0,660.0,659.0
전라남도,목포시,법무사,41.0,41.0,40.0
전라남도,목포시,변리사,0.0,0.0,0.0
전라남도,목포시,변호사,27.0,27.0,27.0
전라남도,목포시,부동산중개업,352.0,354.0,364.0
전라남도,목포시,분식점,240.0,239.0,243.0
전라남도,목포시,사진촬영업,75.0,75.0,80.0
전라남도,목포시,산부인과의원,6.0,6.0,6.0
전라남도,목포시,생선가게,422.0,422.0,426.0
전라남도,목포시,서점,55.0,55.0,50.0
전라남도,목포시,성형외과의원,0.0,0.0,0.0
전라남도,목포시,세무사,27.0,27.0,27.0
전라남도,목포시,세탁소,166.0,167.0,168.0
전라남도,목포시,슈퍼마켓,117.0,117.0,121.0
전라남도,목포시,스포츠교육기관,142.0,142.0,134.0
전라남도,목포시,스포츠시설운영업,26.0,26.0,27.0
전라남도,목포시,스포츠용품점,144.0,148.0,145.0
전라남도,목포시,시계ㆍ귀금속점,44.0,44.0,44.0
전라남도,목포시,식료품가게,374.0,376.0,395.0
전라남도,목포시,신경정신과의원,8.0,8.0,8.0
전라남도,목포시,신발가게,26.0,26.0,26.0
전라남도,목포시,실내스크린골프점,23.0,23.0,23.0
전라남도,목포시,실내장식가게,304.0,302.0,273.0
전라남도,목포시,실외골프연습장,11.0,11.0,12.0
전라남도,목포시,안경점,46.0,46.0,44.0
전라남도,목포시,안과의원,7.0,7.0,7.0
전라남도,목포시,애완용품점,40.0,40.0,44.0
전라남도,목포시,약국,116.0,116.0,116.0
전라남도,목포시,여관ㆍ모텔,210.0,212.0,222.0
전라남도,목포시,여행사,90.0,90.0,91.0
전라남도,목포시,예술학원,129.0,127.0,131.0
전라남도,목포시,예식장,3.0,3.0,3.0
전라남도,목포시,옷가게,440.0,452.0,484.0
전라남도,목포시,의료용품가게,41.0,41.0,42.0
전라남도,목포시,이륜자동차판매점,14.0,14.0,14.0
전라남도,목포시,이발소,91.0,91.0,90.0
전라남도,목포시,이비인후과의원,7.0,7.0,8.0
전라남도,목포시,일반외과의원,28.0,28.0,27.0
전라남도,목포시,일식음식점,69.0,68.0,74.0
전라남도,목포시,자동차수리점,294.0,295.0,302.0
전라남도,목포시,자전거판매점,16.0,16.0,16.0
전라남도,목포시,장난감가게,25.0,25.0,26.0
전라남도,목포시,정육점,133.0,130.0,131.0
전라남도,목포시,제과점,98.0,101.0,101.0
전라남도,목포시,종합병원,30.0,30.0,30.0
전라남도,목포시,주유소,47.0,45.0,47.0
전라남도,목포시,주차장운영업,22.0,22.0,21.0
전라남도,목포시,중고차판매점,27.0,27.0,29.0
전라남도,목포시,중식음식점,118.0,118.0,122.0
전라남도,목포시,채소가게,97.0,96.0,84.0
전라남도,목포시,철물점,60.0,60.0,57.0
전라남도,목포시,치과의원,69.0,69.0,69.0
전라남도,목포시,침구ㆍ커튼가게,78.0,79.0,80.0
전라남도,목포시,커피음료점,447.0,448.0,457.0
전라남도,목포시,컴퓨터판매점,31.0,32.0,34.0
전라남도,목포시,통신판매업,1488.0,1490.0,1486.0
전라남도,목포시,패스트푸드점,242.0,246.0,253.0
전라남도,목포시,펜션ㆍ게스트하우스,104.0,99.0,83.0
전라남도,목포시,편의점,224.0,226.0,222.0
전라남도,목포시,피부ㆍ비뇨기과의원,17.0,17.0,17.0
전라남도,목포시,피부관리업,458.0,463.0,455.0
전라남도,목포시,한방병원ㆍ한의원,52.0,52.0,54.0
전라남도,목포시,한식음식점,2241.0,2245.0,2284.0
전라남도,목포시,헬스클럽,40.0,40.0,41.0
전라남도,목포시,호프주점,363.0,370.0,392.0
전라남도,목포시,화장품가게,137.0,136.0,141.0
전라남도,목포시,휴대폰가게,126.0,126.0,128.0
전라남도,무안군,LPG 충전소,3.0,3.0,3.0
전라남도,무안군,pc방,11.0,11.0,13.0
전라남도,무안군,가구점,5.0,5.0,4.0
전라남도,무안군,가전제품수리점,27.0,26.0,23.0
전라남도,무안군,가전제품판매점,23.0,22.0,18.0
전라남도,무안군,간이주점,4.0,4.0,4.0
전라남도,무안군,간판광고물업,18.0,18.0,19.0
전라남도,무안군,감정평가사,0.0,0.0,0.0
전라남도,무안군,건강보조식품가게,13.0,13.0,17.0
전라남도,무안군,건어물가게,29.0,29.0,34.0
전라남도,무안군,건축사,18.0,18.0,15.0
전라남도,무안군,결혼상담소,0.0,0.0,0.0
전라남도,무안군,곡물가게,24.0,24.0,25.0
전라남도,무안군,공인회계사,0.0,0.0,0.0
전라남도,무안군,과일가게,28.0,26.0,25.0
전라남도,무안군,교습소ㆍ공부방,114.0,112.0,92.0
전라남도,무안군,교습학원,214.0,214.0,195.0
전라남도,무안군,구내식당,15.0,16.0,16.0
전라남도,무안군,기술ㆍ직업훈련학원,55.0,55.0,51.0
전라남도,무안군,기타외국식음식점,43.0,45.0,39.0
전라남도,무안군,기타음식점,42.0,41.0,33.0
전라남도,무안군,기타일반의원,6.0,6.0,7.0
전라남도,무안군,꽃가게,75.0,74.0,71.0
전라남도,무안군,내과ㆍ소아과의원,24.0,24.0,25.0
전라남도,무안군,노래방,22.0,23.0,24.0
전라남도,무안군,담배ㆍ복권소매업,30.0,30.0,32.0
전라남도,무안군,당구장,32.0,32.0,33.0
전라남도,무안군,독서실,9.0,9.0,9.0
전라남도,무안군,동물병원,16.0,16.0,13.0
전라남도,무안군,목욕탕,7.0,7.0,7.0
전라남도,무안군,문구점,20.0,20.0,21.0
전라남도,무안군,미용실,209.0,210.0,202.0
전라남도,무안군,법무사,7.0,7.0,6.0
전라남도,무안군,부동산중개업,232.0,233.0,227.0
전라남도,무안군,분식점,80.0,79.0,85.0
전라남도,무안군,사진촬영업,19.0,19.0,23.0
전라남도,무안군,산부인과의원,0.0,0.0,0.0
전라남도,무안군,생선가게,91.0,89.0,95.0
전라남도,무안군,서점,12.0,12.0,11.0
전라남도,무안군,성형외과의원,0.0,0.0,0.0
전라남도,무안군,세무사,7.0,7.0,8.0
전라남도,무안군,세탁소,52.0,52.0,47.0
전라남도,무안군,슈퍼마켓,49.0,48.0,37.0
전라남도,무안군,스포츠교육기관,60.0,60.0,60.0
전라남도,무안군,스포츠시설운영업,10.0,10.0,10.0
전라남도,무안군,스포츠용품점,43.0,45.0,43.0
전라남도,무안군,시계ㆍ귀금속점,12.0,12.0,12.0
전라남도,무안군,식료품가게,126.0,125.0,135.0
전라남도,무안군,신경정신과의원,0.0,0.0,0.0
전라남도,무안군,신발가게,13.0,13.0,14.0
전라남도,무안군,실내스크린골프점,21.0,22.0,21.0
전라남도,무안군,실내장식가게,86.0,86.0,79.0
전라남도,무안군,실외골프연습장,3.0,3.0,0.0
전라남도,무안군,안경점,20.0,20.0,21.0
전라남도,무안군,안과의원,0.0,0.0,0.0
전라남도,무안군,애완용품점,17.0,16.0,15.0
전라남도,무안군,약국,38.0,38.0,37.0
전라남도,무안군,여관ㆍ모텔,32.0,32.0,32.0
전라남도,무안군,여행사,19.0,19.0,18.0
전라남도,무안군,예술학원,92.0,93.0,88.0
전라남도,무안군,예식장,0.0,0.0,0.0
전라남도,무안군,옷가게,113.0,114.0,115.0
전라남도,무안군,의료용품가게,10.0,10.0,10.0
전라남도,무안군,이륜자동차판매점,5.0,5.0,6.0
전라남도,무안군,이발소,15.0,15.0,13.0
전라남도,무안군,이비인후과의원,0.0,0.0,0.0
전라남도,무안군,일반외과의원,7.0,7.0,6.0
전라남도,무안군,일식음식점,33.0,34.0,37.0
전라남도,무안군,자동차수리점,87.0,85.0,83.0
전라남도,무안군,장난감가게,3.0,4.0,0.0
전라남도,무안군,정육점,37.0,37.0,36.0
전라남도,무안군,제과점,49.0,49.0,45.0
전라남도,무안군,종합병원,5.0,5.0,5.0
전라남도,무안군,주유소,29.0,29.0,29.0
전라남도,무안군,주차장운영업,4.0,4.0,4.0
전라남도,무안군,중고차판매점,0.0,0.0,0.0
전라남도,무안군,중식음식점,62.0,62.0,61.0
전라남도,무안군,채소가게,62.0,61.0,64.0
전라남도,무안군,철물점,29.0,29.0,26.0
전라남도,무안군,치과의원,24.0,24.0,24.0
전라남도,무안군,침구ㆍ커튼가게,6.0,7.0,7.0
전라남도,무안군,커피음료점,209.0,207.0,207.0
전라남도,무안군,컴퓨터판매점,5.0,5.0,5.0
전라남도,무안군,통신판매업,630.0,628.0,585.0
전라남도,무안군,패스트푸드점,104.0,105.0,108.0
전라남도,무안군,펜션ㆍ게스트하우스,65.0,65.0,62.0
전라남도,무안군,편의점,87.0,87.0,93.0
전라남도,무안군,피부ㆍ비뇨기과의원,4.0,4.0,4.0
전라남도,무안군,피부관리업,149.0,146.0,138.0
전라남도,무안군,한방병원ㆍ한의원,19.0,19.0,18.0
전라남도,무안군,한식음식점,846.0,844.0,847.0
전라남도,무안군,헬스클럽,15.0,15.0,13.0
전라남도,무안군,호프주점,28.0,29.0,33.0
전라남도,무안군,화장품가게,44.0,46.0,48.0
전라남도,무안군,휴대폰가게,33.0,34.0,34.0
전라남도,보성군,LPG 충전소,6.0,6.0,5.0
전라남도,보성군,pc방,0.0,0.0,0.0
전라남도,보성군,가구점,7.0,7.0,7.0
전라남도,보성군,가전제품수리점,12.0,12.0,15.0
전라남도,보성군,가전제품판매점,19.0,19.0,21.0
전라남도,보성군,간이주점,5.0,3.0,0.0
전라남도,보성군,간판광고물업,8.0,8.0,8.0
전라남도,보성군,건강보조식품가게,13.0,13.0,14.0
전라남도,보성군,건어물가게,22.0,22.0,27.0
전라남도,보성군,건축사,9.0,8.0,8.0
전라남도,보성군,곡물가게,14.0,14.0,11.0
전라남도,보성군,과일가게,23.0,23.0,22.0
전라남도,보성군,교습소ㆍ공부방,17.0,17.0,15.0
전라남도,보성군,교습학원,18.0,18.0,19.0
전라남도,보성군,구내식당,9.0,9.0,11.0
전라남도,보성군,기술ㆍ직업훈련학원,11.0,10.0,11.0
전라남도,보성군,기타외국식음식점,15.0,15.0,15.0
전라남도,보성군,기타음식점,11.0,12.0,12.0
전라남도,보성군,기타일반의원,0.0,0.0,0.0
전라남도,보성군,꽃가게,41.0,42.0,41.0
전라남도,보성군,내과ㆍ소아과의원,13.0,13.0,12.0
전라남도,보성군,노래방,10.0,10.0,11.0
전라남도,보성군,담배ㆍ복권소매업,21.0,21.0,20.0
전라남도,보성군,당구장,14.0,14.0,14.0
전라남도,보성군,동물병원,9.0,9.0,9.0
전라남도,보성군,목욕탕,5.0,5.0,5.0
전라남도,보성군,문구점,8.0,8.0,8.0
전라남도,보성군,미용실,66.0,66.0,67.0
전라남도,보성군,법무사,7.0,7.0,7.0
전라남도,보성군,부동산중개업,19.0,19.0,18.0
전라남도,보성군,분식점,25.0,25.0,30.0
전라남도,보성군,사진촬영업,6.0,6.0,6.0
전라남도,보성군,생선가게,53.0,53.0,54.0
전라남도,보성군,서점,4.0,4.0,4.0
전라남도,보성군,세무사,0.0,0.0,0.0
전라남도,보성군,세탁소,18.0,18.0,18.0
전라남도,보성군,슈퍼마켓,43.0,43.0,32.0
전라남도,보성군,스포츠교육기관,11.0,11.0,10.0
전라남도,보성군,스포츠시설운영업,0.0,0.0,0.0
전라남도,보성군,스포츠용품점,11.0,11.0,12.0
전라남도,보성군,시계ㆍ귀금속점,9.0,9.0,9.0
전라남도,보성군,식료품가게,101.0,104.0,111.0
전라남도,보성군,신발가게,8.0,7.0,7.0
전라남도,보성군,실내스크린골프점,4.0,4.0,4.0
전라남도,보성군,실내장식가게,30.0,30.0,32.0
전라남도,보성군,실외골프연습장,3.0,3.0,3.0
전라남도,보성군,안경점,6.0,6.0,6.0
전라남도,보성군,안과의원,0.0,0.0,0.0
전라남도,보성군,애완용품점,0.0,0.0,0.0
전라남도,보성군,약국,23.0,23.0,23.0
전라남도,보성군,여관ㆍ모텔,21.0,21.0,21.0
전라남도,보성군,여행사,7.0,7.0,9.0
전라남도,보성군,예술학원,10.0,10.0,10.0
전라남도,보성군,예식장,0.0,0.0,0.0
전라남도,보성군,옷가게,40.0,40.0,38.0
전라남도,보성군,의료용품가게,3.0,3.0,3.0
전라남도,보성군,이륜자동차판매점,3.0,3.0,4.0
전라남도,보성군,이발소,20.0,20.0,20.0
전라남도,보성군,일반외과의원,0.0,0.0,0.0
전라남도,보성군,일식음식점,3.0,3.0,3.0
전라남도,보성군,자동차수리점,43.0,44.0,44.0
전라남도,보성군,자전거판매점,3.0,3.0,3.0
전라남도,보성군,장난감가게,0.0,0.0,0.0
전라남도,보성군,정육점,26.0,24.0,31.0
전라남도,보성군,제과점,9.0,10.0,10.0
전라남도,보성군,종합병원,7.0,7.0,7.0
전라남도,보성군,주유소,33.0,33.0,34.0
전라남도,보성군,주차장운영업,0.0,0.0,0.0
전라남도,보성군,중고차판매점,0.0,0.0,0.0
전라남도,보성군,중식음식점,24.0,24.0,20.0
전라남도,보성군,채소가게,40.0,39.0,34.0
전라남도,보성군,철물점,26.0,26.0,26.0
전라남도,보성군,치과의원,9.0,9.0,9.0
전라남도,보성군,침구ㆍ커튼가게,12.0,12.0,12.0
전라남도,보성군,커피음료점,59.0,59.0,61.0
전라남도,보성군,통신판매업,186.0,180.0,172.0
전라남도,보성군,패스트푸드점,31.0,33.0,34.0
전라남도,보성군,펜션ㆍ게스트하우스,57.0,57.0,55.0
전라남도,보성군,편의점,25.0,25.0,25.0
전라남도,보성군,피부ㆍ비뇨기과의원,0.0,0.0,0.0
전라남도,보성군,피부관리업,17.0,17.0,16.0
전라남도,보성군,한방병원ㆍ한의원,9.0,9.0,9.0
전라남도,보성군,한식음식점,420.0,423.0,413.0
전라남도,보성군,헬스클럽,6.0,6.0,6.0
전라남도,보성군,호프주점,20.0,20.0,22.0
전라남도,보성군,화장품가게,13.0,13.0,12.0
전라남도,보성군,휴대폰가게,7.0,7.0,8.0
전라남도,순천시,LPG 충전소,12.0,12.0,12.0
전라남도,순천시,pc방,52.0,51.0,50.0
전라남도,순천시,가구점,66.0,68.0,64.0
전라남도,순천시,가전제품수리점,143.0,143.0,136.0
전라남도,순천시,가전제품판매점,83.0,83.0,83.0
전라남도,순천시,간이주점,23.0,23.0,23.0
전라남도,순천시,간판광고물업,87.0,86.0,85.0
전라남도,순천시,감정평가사,4.0,4.0,4.0
전라남도,순천시,건강보조식품가게,66.0,67.0,71.0
전라남도,순천시,건어물가게,43.0,44.0,45.0
전라남도,순천시,건축사,74.0,74.0,73.0
전라남도,순천시,결혼상담소,13.0,12.0,12.0
전라남도,순천시,곡물가게,35.0,35.0,34.0
전라남도,순천시,공인노무사,9.0,9.0,7.0
전라남도,순천시,공인회계사,7.0,7.0,7.0
전라남도,순천시,과일가게,87.0,86.0,83.0
전라남도,순천시,교습소ㆍ공부방,376.0,377.0,353.0
전라남도,순천시,교습학원,388.0,389.0,395.0
전라남도,순천시,구내식당,58.0,58.0,64.0
전라남도,순천시,기술ㆍ직업훈련학원,152.0,155.0,147.0
전라남도,순천시,기술사,4.0,4.0,4.0
전라남도,순천시,기타외국식음식점,106.0,106.0,107.0
전라남도,순천시,기타음식점,89.0,89.0,94.0
전라남도,순천시,기타일반의원,18.0,18.0,18.0
전라남도,순천시,꽃가게,231.0,234.0,240.0
전라남도,순천시,내과ㆍ소아과의원,45.0,45.0,45.0
전라남도,순천시,노래방,121.0,121.0,130.0
전라남도,순천시,담배ㆍ복권소매업,53.0,54.0,55.0
전라남도,순천시,당구장,120.0,120.0,117.0
전라남도,순천시,독서실,23.0,23.0,26.0
전라남도,순천시,동물병원,19.0,19.0,18.0
전라남도,순천시,목욕탕,28.0,28.0,30.0
전라남도,순천시,문구점,67.0,66.0,62.0
전라남도,순천시,미용실,730.0,729.0,710.0
전라남도,순천시,법무사,44.0,44.0,45.0
전라남도,순천시,변호사,51.0,49.0,45.0
전라남도,순천시,부동산중개업,540.0,542.0,555.0
전라남도,순천시,분식점,212.0,217.0,214.0
전라남도,순천시,사진촬영업,101.0,100.0,100.0
전라남도,순천시,산부인과의원,6.0,6.0,8.0
전라남도,순천시,생선가게,92.0,93.0,94.0
전라남도,순천시,서점,64.0,64.0,65.0
전라남도,순천시,성형외과의원,5.0,5.0,6.0
전라남도,순천시,세무사,43.0,43.0,42.0
전라남도,순천시,세탁소,142.0,143.0,145.0
전라남도,순천시,슈퍼마켓,182.0,179.0,176.0
전라남도,순천시,스포츠교육기관,213.0,207.0,201.0
전라남도,순천시,스포츠시설운영업,60.0,60.0,61.0
전라남도,순천시,스포츠용품점,150.0,152.0,150.0
전라남도,순천시,시계ㆍ귀금속점,51.0,51.0,52.0
전라남도,순천시,식료품가게,344.0,350.0,364.0
전라남도,순천시,신경정신과의원,16.0,16.0,16.0
전라남도,순천시,신발가게,31.0,31.0,34.0
전라남도,순천시,실내스크린골프점,50.0,50.0,50.0
전라남도,순천시,실내장식가게,417.0,411.0,392.0
전라남도,순천시,실외골프연습장,13.0,14.0,14.0
전라남도,순천시,안경점,60.0,61.0,63.0
전라남도,순천시,안과의원,7.0,7.0,7.0
전라남도,순천시,애완용품점,66.0,65.0,65.0
전라남도,순천시,약국,115.0,115.0,118.0
전라남도,순천시,여관ㆍ모텔,136.0,138.0,140.0
전라남도,순천시,여행사,82.0,83.0,78.0
전라남도,순천시,예술학원,188.0,187.0,193.0
전라남도,순천시,예식장,7.0,7.0,6.0
전라남도,순천시,옷가게,504.0,504.0,550.0
전라남도,순천시,의료용품가게,45.0,46.0,44.0
전라남도,순천시,이륜자동차판매점,19.0,19.0,17.0
전라남도,순천시,이발소,85.0,85.0,87.0
전라남도,순천시,이비인후과의원,10.0,10.0,10.0
전라남도,순천시,일반외과의원,17.0,17.0,18.0
전라남도,순천시,일식음식점,109.0,108.0,107.0
전라남도,순천시,자동차수리점,363.0,367.0,366.0
전라남도,순천시,자전거판매점,15.0,15.0,15.0
전라남도,순천시,장난감가게,15.0,15.0,17.0
전라남도,순천시,정육점,110.0,112.0,103.0
전라남도,순천시,제과점,153.0,151.0,142.0
전라남도,순천시,종합병원,35.0,35.0,35.0
전라남도,순천시,주유소,81.0,82.0,80.0
전라남도,순천시,주차장운영업,62.0,63.0,61.0
전라남도,순천시,중고차판매점,66.0,66.0,68.0
전라남도,순천시,중식음식점,154.0,151.0,146.0
전라남도,순천시,채소가게,94.0,93.0,87.0
전라남도,순천시,철물점,58.0,57.0,60.0
전라남도,순천시,치과의원,99.0,100.0,101.0
전라남도,순천시,침구ㆍ커튼가게,67.0,68.0,68.0
전라남도,순천시,커피음료점,673.0,667.0,656.0
전라남도,순천시,컴퓨터판매점,33.0,33.0,35.0
전라남도,순천시,통신판매업,1917.0,1906.0,1841.0
전라남도,순천시,패스트푸드점,298.0,297.0,294.0
전라남도,순천시,펜션ㆍ게스트하우스,165.0,165.0,160.0
전라남도,순천시,편의점,241.0,242.0,252.0
전라남도,순천시,피부ㆍ비뇨기과의원,23.0,23.0,23.0
전라남도,순천시,피부관리업,526.0,522.0,504.0
전라남도,순천시,한방병원ㆍ한의원,59.0,59.0,59.0
전라남도,순천시,한식음식점,2491.0,2495.0,2506.0
전라남도,순천시,헬스클럽,73.0,72.0,64.0
전라남도,순천시,호프주점,220.0,226.0,249.0
전라남도,순천시,화장품가게,212.0,211.0,230.0
전라남도,순천시,휴대폰가게,107.0,108.0,110.0
전라남도,신안군,가전제품수리점,17.0,17.0,16.0
전라남도,신안군,가전제품판매점,12.0,13.0,8.0
전라남도,신안군,간이주점,3.0,3.0,0.0
전라남도,신안군,간판광고물업,0.0,0.0,0.0
전라남도,신안군,건강보조식품가게,3.0,3.0,3.0
전라남도,신안군,건어물가게,65.0,65.0,65.0
전라남도,신안군,건축사,6.0,6.0,8.0
전라남도,신안군,곡물가게,20.0,21.0,21.0
전라남도,신안군,과일가게,9.0,9.0,9.0
전라남도,신안군,교습소ㆍ공부방,6.0,6.0,5.0
전라남도,신안군,교습학원,0.0,0.0,0.0
전라남도,신안군,구내식당,9.0,9.0,9.0
전라남도,신안군,기술ㆍ직업훈련학원,10.0,10.0,10.0
전라남도,신안군,기타외국식음식점,4.0,4.0,4.0
전라남도,신안군,기타음식점,14.0,14.0,18.0
전라남도,신안군,기타일반의원,0.0,0.0,0.0
전라남도,신안군,꽃가게,8.0,8.0,8.0
전라남도,신안군,내과ㆍ소아과의원,9.0,9.0,9.0
전라남도,신안군,노래방,12.0,12.0,13.0
전라남도,신안군,담배ㆍ복권소매업,33.0,33.0,36.0
전라남도,신안군,당구장,10.0,10.0,10.0
전라남도,신안군,동물병원,0.0,0.0,0.0
전라남도,신안군,목욕탕,0.0,0.0,0.0
전라남도,신안군,문구점,0.0,0.0,0.0
전라남도,신안군,미용실,32.0,32.0,32.0
전라남도,신안군,부동산중개업,15.0,15.0,12.0
전라남도,신안군,분식점,17.0,17.0,13.0
전라남도,신안군,사진촬영업,0.0,0.0,0.0
전라남도,신안군,생선가게,107.0,107.0,107.0
전라남도,신안군,서점,0.0,0.0,0.0
전라남도,신안군,세탁소,3.0,3.0,3.0
전라남도,신안군,슈퍼마켓,32.0,32.0,21.0
전라남도,신안군,스포츠교육기관,3.0,3.0,3.0
전라남도,신안군,스포츠용품점,11.0,11.0,11.0
전라남도,신안군,식료품가게,108.0,109.0,113.0
전라남도,신안군,신발가게,0.0,0.0,0.0
전라남도,신안군,실내스크린골프점,0.0,0.0,0.0
전라남도,신안군,실내장식가게,32.0,32.0,31.0
전라남도,신안군,안경점,0.0,0.0,0.0
전라남도,신안군,약국,10.0,10.0,10.0
전라남도,신안군,여관ㆍ모텔,46.0,46.0,47.0
전라남도,신안군,여행사,6.0,6.0,6.0
전라남도,신안군,예술학원,5.0,5.0,5.0
전라남도,신안군,옷가게,10.0,9.0,7.0
전라남도,신안군,의료용품가게,0.0,0.0,0.0
전라남도,신안군,이륜자동차판매점,0.0,0.0,0.0
전라남도,신안군,이발소,6.0,6.0,8.0
전라남도,신안군,일반외과의원,0.0,0.0,0.0
전라남도,신안군,일식음식점,4.0,4.0,5.0
전라남도,신안군,자동차수리점,24.0,24.0,24.0
전라남도,신안군,자전거판매점,0.0,0.0,0.0
전라남도,신안군,장난감가게,4.0,4.0,3.0
전라남도,신안군,정육점,11.0,11.0,11.0
전라남도,신안군,제과점,8.0,8.0,8.0
전라남도,신안군,종합병원,4.0,4.0,4.0
전라남도,신안군,주유소,15.0,15.0,9.0
전라남도,신안군,주차장운영업,0.0,0.0,0.0
전라남도,신안군,중식음식점,23.0,23.0,26.0
전라남도,신안군,채소가게,46.0,46.0,47.0
전라남도,신안군,철물점,12.0,12.0,13.0
전라남도,신안군,치과의원,4.0,4.0,4.0
전라남도,신안군,침구ㆍ커튼가게,0.0,0.0,0.0
전라남도,신안군,커피음료점,43.0,42.0,41.0
전라남도,신안군,통신판매업,229.0,235.0,221.0
전라남도,신안군,패스트푸드점,18.0,18.0,16.0
전라남도,신안군,펜션ㆍ게스트하우스,170.0,170.0,172.0
전라남도,신안군,편의점,17.0,17.0,19.0
전라남도,신안군,피부관리업,0.0,0.0,0.0
전라남도,신안군,한방병원ㆍ한의원,4.0,4.0,5.0
전라남도,신안군,한식음식점,383.0,387.0,390.0
전라남도,신안군,호프주점,8.0,8.0,10.0
전라남도,신안군,화장품가게,0.0,0.0,0.0
전라남도,신안군,휴대폰가게,3.0,3.0,0.0
전라남도,여수시,LPG 충전소,13.0,13.0,13.0
전라남도,여수시,pc방,42.0,41.0,43.0
전라남도,여수시,가구점,38.0,38.0,45.0
전라남도,여수시,가전제품수리점,106.0,106.0,101.0
전라남도,여수시,가전제품판매점,70.0,70.0,71.0
전라남도,여수시,간이주점,26.0,27.0,30.0
전라남도,여수시,간판광고물업,80.0,79.0,80.0
전라남도,여수시,감정평가사,0.0,0.0,0.0
전라남도,여수시,건강보조식품가게,47.0,49.0,52.0
전라남도,여수시,건어물가게,148.0,147.0,147.0
전라남도,여수시,건축사,57.0,57.0,56.0
전라남도,여수시,결혼상담소,10.0,10.0,10.0
전라남도,여수시,곡물가게,31.0,31.0,32.0
전라남도,여수시,공인노무사,7.0,7.0,6.0
전라남도,여수시,공인회계사,6.0,6.0,6.0
전라남도,여수시,과일가게,68.0,68.0,72.0
전라남도,여수시,교습소ㆍ공부방,214.0,215.0,211.0
전라남도,여수시,교습학원,367.0,368.0,365.0
전라남도,여수시,구내식당,91.0,91.0,99.0
전라남도,여수시,기술ㆍ직업훈련학원,106.0,107.0,104.0
전라남도,여수시,기술사,5.0,5.0,5.0
전라남도,여수시,기타외국식음식점,81.0,81.0,87.0
전라남도,여수시,기타음식점,76.0,77.0,75.0
전라남도,여수시,기타일반의원,12.0,13.0,13.0
전라남도,여수시,꽃가게,163.0,162.0,161.0
전라남도,여수시,내과ㆍ소아과의원,64.0,64.0,65.0
전라남도,여수시,노래방,96.0,97.0,103.0
전라남도,여수시,담배ㆍ복권소매업,56.0,58.0,63.0
전라남도,여수시,당구장,116.0,116.0,113.0
전라남도,여수시,독서실,23.0,23.0,23.0
전라남도,여수시,동물병원,13.0,13.0,12.0
전라남도,여수시,목욕탕,76.0,76.0,77.0
전라남도,여수시,문구점,52.0,52.0,51.0
전라남도,여수시,미용실,727.0,728.0,720.0
전라남도,여수시,법무사,22.0,22.0,22.0
전라남도,여수시,변리사,0.0,0.0,0.0
전라남도,여수시,변호사,15.0,15.0,15.0
전라남도,여수시,부동산중개업,367.0,368.0,379.0
전라남도,여수시,분식점,178.0,182.0,195.0
전라남도,여수시,사진촬영업,79.0,78.0,81.0
전라남도,여수시,산부인과의원,3.0,3.0,3.0
전라남도,여수시,생선가게,281.0,281.0,284.0
전라남도,여수시,서점,39.0,39.0,38.0
전라남도,여수시,성형외과의원,0.0,0.0,0.0
전라남도,여수시,세무사,31.0,31.0,30.0
전라남도,여수시,세탁소,161.0,162.0,159.0
전라남도,여수시,슈퍼마켓,233.0,231.0,235.0
전라남도,여수시,스포츠교육기관,137.0,138.0,145.0
전라남도,여수시,스포츠시설운영업,34.0,33.0,35.0
전라남도,여수시,스포츠용품점,162.0,161.0,166.0
전라남도,여수시,시계ㆍ귀금속점,35.0,36.0,35.0
전라남도,여수시,식료품가게,415.0,415.0,432.0
전라남도,여수시,신경정신과의원,7.0,7.0,7.0
전라남도,여수시,신발가게,43.0,43.0,42.0
전라남도,여수시,실내스크린골프점,53.0,53.0,52.0
전라남도,여수시,실내장식가게,311.0,311.0,289.0
전라남도,여수시,실외골프연습장,16.0,16.0,16.0
전라남도,여수시,안경점,59.0,59.0,59.0
전라남도,여수시,안과의원,9.0,9.0,9.0
전라남도,여수시,애완용품점,48.0,50.0,45.0
전라남도,여수시,약국,122.0,122.0,124.0
전라남도,여수시,여관ㆍ모텔,189.0,189.0,191.0
전라남도,여수시,여행사,93.0,92.0,86.0
전라남도,여수시,예술학원,148.0,149.0,153.0
전라남도,여수시,예식장,8.0,8.0,8.0
전라남도,여수시,옷가게,465.0,470.0,496.0
전라남도,여수시,의료용품가게,40.0,41.0,44.0
전라남도,여수시,이륜자동차판매점,7.0,7.0,8.0
전라남도,여수시,이발소,79.0,78.0,79.0
전라남도,여수시,이비인후과의원,13.0,13.0,13.0
전라남도,여수시,일반외과의원,26.0,26.0,27.0
전라남도,여수시,일식음식점,94.0,92.0,96.0
전라남도,여수시,자동차수리점,292.0,292.0,287.0
전라남도,여수시,자전거판매점,10.0,10.0,9.0
전라남도,여수시,장난감가게,21.0,21.0,18.0
전라남도,여수시,정육점,145.0,146.0,145.0
전라남도,여수시,제과점,123.0,121.0,120.0
전라남도,여수시,종합병원,22.0,22.0,22.0
전라남도,여수시,주유소,93.0,93.0,90.0
전라남도,여수시,주차장운영업,23.0,23.0,25.0
전라남도,여수시,중고차판매점,32.0,33.0,35.0
전라남도,여수시,중식음식점,125.0,127.0,128.0
전라남도,여수시,채소가게,115.0,116.0,118.0
전라남도,여수시,철물점,50.0,50.0,50.0
전라남도,여수시,치과의원,87.0,87.0,89.0
전라남도,여수시,침구ㆍ커튼가게,65.0,65.0,68.0
전라남도,여수시,커피음료점,616.0,617.0,605.0
전라남도,여수시,컴퓨터판매점,23.0,23.0,23.0
전라남도,여수시,통신판매업,1761.0,1737.0,1637.0
전라남도,여수시,패스트푸드점,255.0,254.0,243.0
전라남도,여수시,펜션ㆍ게스트하우스,694.0,693.0,663.0
전라남도,여수시,편의점,344.0,339.0,352.0
전라남도,여수시,피부ㆍ비뇨기과의원,19.0,20.0,20.0
전라남도,여수시,피부관리업,510.0,508.0,501.0
전라남도,여수시,한방병원ㆍ한의원,60.0,59.0,59.0
전라남도,여수시,한식음식점,3728.0,3740.0,3792.0
전라남도,여수시,헬스클럽,49.0,49.0,48.0
전라남도,여수시,호프주점,128.0,128.0,146.0
전라남도,여수시,화장품가게,161.0,162.0,185.0
전라남도,여수시,휴대폰가게,97.0,97.0,100.0
전라남도,영광군,LPG 충전소,5.0,5.0,5.0
전라남도,영광군,pc방,4.0,4.0,5.0
전라남도,영광군,가구점,7.0,7.0,7.0
전라남도,영광군,가전제품수리점,21.0,21.0,19.0
전라남도,영광군,가전제품판매점,11.0,11.0,10.0
전라남도,영광군,간이주점,0.0,0.0,0.0
전라남도,영광군,간판광고물업,12.0,12.0,12.0
전라남도,영광군,건강보조식품가게,15.0,16.0,15.0
전라남도,영광군,건어물가게,80.0,81.0,84.0
전라남도,영광군,건축사,7.0,7.0,7.0
전라남도,영광군,결혼상담소,0.0,0.0,0.0
전라남도,영광군,곡물가게,19.0,19.0,20.0
전라남도,영광군,과일가게,17.0,16.0,18.0
전라남도,영광군,교습소ㆍ공부방,38.0,38.0,37.0
전라남도,영광군,교습학원,38.0,39.0,38.0
전라남도,영광군,구내식당,9.0,9.0,10.0
전라남도,영광군,기술ㆍ직업훈련학원,23.0,23.0,20.0
전라남도,영광군,기술사,0.0,0.0,0.0
전라남도,영광군,기타외국식음식점,14.0,14.0,13.0
전라남도,영광군,기타음식점,25.0,21.0,22.0
전라남도,영광군,기타일반의원,7.0,7.0,7.0
전라남도,영광군,꽃가게,44.0,45.0,47.0
전라남도,영광군,내과ㆍ소아과의원,13.0,13.0,13.0
전라남도,영광군,노래방,6.0,6.0,6.0
전라남도,영광군,담배ㆍ복권소매업,22.0,22.0,25.0
전라남도,영광군,당구장,18.0,18.0,21.0
전라남도,영광군,독서실,4.0,4.0,4.0
전라남도,영광군,동물병원,15.0,15.0,13.0
전라남도,영광군,목욕탕,10.0,10.0,11.0
전라남도,영광군,문구점,8.0,8.0,9.0
전라남도,영광군,미용실,121.0,122.0,115.0
전라남도,영광군,법무사,8.0,8.0,9.0
전라남도,영광군,부동산중개업,33.0,34.0,36.0
전라남도,영광군,분식점,34.0,33.0,31.0
전라남도,영광군,사진촬영업,9.0,9.0,9.0
전라남도,영광군,산부인과의원,0.0,0.0,0.0
전라남도,영광군,생선가게,258.0,256.0,256.0
전라남도,영광군,서점,12.0,12.0,11.0
전라남도,영광군,세무사,3.0,3.0,0.0
전라남도,영광군,세탁소,24.0,24.0,24.0
전라남도,영광군,슈퍼마켓,32.0,32.0,31.0
전라남도,영광군,스포츠교육기관,27.0,27.0,29.0
전라남도,영광군,스포츠시설운영업,0.0,0.0,0.0
전라남도,영광군,스포츠용품점,34.0,34.0,35.0
전라남도,영광군,시계ㆍ귀금속점,6.0,6.0,7.0
전라남도,영광군,식료품가게,91.0,92.0,94.0
전라남도,영광군,신경정신과의원,0.0,0.0,0.0
전라남도,영광군,신발가게,8.0,8.0,7.0
전라남도,영광군,실내스크린골프점,8.0,8.0,8.0
전라남도,영광군,실내장식가게,40.0,39.0,36.0
전라남도,영광군,안경점,7.0,7.0,7.0
전라남도,영광군,안과의원,0.0,0.0,0.0
전라남도,영광군,애완용품점,8.0,8.0,9.0
전라남도,영광군,약국,25.0,26.0,24.0
전라남도,영광군,여관ㆍ모텔,33.0,33.0,32.0
전라남도,영광군,여행사,15.0,15.0,14.0
전라남도,영광군,예술학원,24.0,24.0,23.0
전라남도,영광군,예식장,0.0,0.0,0.0
전라남도,영광군,옷가게,67.0,66.0,64.0
전라남도,영광군,의료용품가게,14.0,13.0,12.0
전라남도,영광군,이륜자동차판매점,7.0,7.0,8.0
전라남도,영광군,이발소,16.0,16.0,13.0
전라남도,영광군,이비인후과의원,0.0,0.0,0.0
전라남도,영광군,일반외과의원,6.0,6.0,5.0
전라남도,영광군,일식음식점,7.0,7.0,5.0
전라남도,영광군,자동차수리점,56.0,57.0,59.0
전라남도,영광군,자전거판매점,0.0,0.0,0.0
전라남도,영광군,장난감가게,5.0,5.0,4.0
전라남도,영광군,정육점,25.0,25.0,25.0
전라남도,영광군,제과점,20.0,20.0,19.0
전라남도,영광군,종합병원,3.0,3.0,3.0
전라남도,영광군,주유소,31.0,31.0,33.0
전라남도,영광군,중고차판매점,0.0,0.0,0.0
전라남도,영광군,중식음식점,31.0,31.0,30.0
전라남도,영광군,채소가게,33.0,33.0,29.0
전라남도,영광군,철물점,13.0,13.0,13.0
전라남도,영광군,치과의원,18.0,18.0,17.0
전라남도,영광군,침구ㆍ커튼가게,15.0,15.0,15.0
전라남도,영광군,커피음료점,91.0,89.0,84.0
전라남도,영광군,컴퓨터판매점,4.0,4.0,3.0
전라남도,영광군,통신판매업,261.0,265.0,257.0
전라남도,영광군,패스트푸드점,56.0,56.0,46.0
전라남도,영광군,펜션ㆍ게스트하우스,60.0,60.0,58.0
전라남도,영광군,편의점,40.0,39.0,42.0
전라남도,영광군,피부ㆍ비뇨기과의원,0.0,0.0,0.0
전라남도,영광군,피부관리업,41.0,41.0,37.0
전라남도,영광군,한방병원ㆍ한의원,14.0,14.0,14.0
전라남도,영광군,한식음식점,499.0,496.0,504.0
전라남도,영광군,헬스클럽,5.0,5.0,5.0
전라남도,영광군,호프주점,21.0,21.0,23.0
전라남도,영광군,화장품가게,41.0,42.0,44.0
전라남도,영광군,휴대폰가게,10.0,10.0,12.0
전라남도,영암군,LPG 충전소,7.0,7.0,7.0
전라남도,영암군,pc방,6.0,6.0,8.0
전라남도,영암군,가구점,10.0,11.0,9.0
전라남도,영암군,가전제품수리점,11.0,11.0,10.0
전라남도,영암군,가전제품판매점,16.0,16.0,16.0
전라남도,영암군,간이주점,4.0,4.0,5.0
전라남도,영암군,간판광고물업,14.0,14.0,14.0
전라남도,영암군,건강보조식품가게,12.0,11.0,11.0
전라남도,영암군,건어물가게,3.0,3.0,4.0
전라남도,영암군,건축사,9.0,9.0,6.0
전라남도,영암군,결혼상담소,0.0,0.0,0.0
전라남도,영암군,곡물가게,15.0,15.0,17.0
전라남도,영암군,공인노무사,0.0,0.0,0.0
전라남도,영암군,과일가게,34.0,34.0,29.0
전라남도,영암군,교습소ㆍ공부방,15.0,16.0,17.0
전라남도,영암군,교습학원,29.0,30.0,33.0
전라남도,영암군,구내식당,29.0,29.0,26.0
전라남도,영암군,기술ㆍ직업훈련학원,24.0,24.0,25.0
전라남도,영암군,기타외국식음식점,42.0,42.0,36.0
전라남도,영암군,기타음식점,18.0,18.0,17.0
전라남도,영암군,기타일반의원,3.0,3.0,3.0
전라남도,영암군,꽃가게,28.0,27.0,33.0
전라남도,영암군,내과ㆍ소아과의원,15.0,15.0,15.0
전라남도,영암군,노래방,7.0,7.0,7.0
전라남도,영암군,담배ㆍ복권소매업,14.0,14.0,17.0
전라남도,영암군,당구장,22.0,20.0,19.0
전라남도,영암군,독서실,0.0,0.0,0.0
전라남도,영암군,동물병원,11.0,11.0,10.0
전라남도,영암군,목욕탕,4.0,4.0,5.0
전라남도,영암군,문구점,9.0,9.0,8.0
전라남도,영암군,미용실,108.0,108.0,104.0
전라남도,영암군,법무사,9.0,9.0,9.0
전라남도,영암군,부동산중개업,51.0,51.0,49.0
전라남도,영암군,분식점,51.0,50.0,51.0
전라남도,영암군,사진촬영업,0.0,0.0,0.0
전라남도,영암군,생선가게,19.0,19.0,14.0
전라남도,영암군,서점,7.0,7.0,6.0
전라남도,영암군,세무사,3.0,3.0,0.0
전라남도,영암군,세탁소,37.0,37.0,39.0
전라남도,영암군,슈퍼마켓,43.0,43.0,38.0
전라남도,영암군,스포츠교육기관,23.0,24.0,22.0
전라남도,영암군,스포츠시설운영업,0.0,0.0,0.0
전라남도,영암군,스포츠용품점,27.0,27.0,28.0
전라남도,영암군,시계ㆍ귀금속점,9.0,9.0,9.0
전라남도,영암군,식료품가게,125.0,121.0,131.0
전라남도,영암군,신발가게,5.0,5.0,5.0
전라남도,영암군,실내스크린골프점,6.0,6.0,8.0
전라남도,영암군,실내장식가게,52.0,52.0,52.0
전라남도,영암군,실외골프연습장,4.0,4.0,4.0
전라남도,영암군,안경점,6.0,6.0,6.0
전라남도,영암군,안과의원,0.0,0.0,0.0
전라남도,영암군,애완용품점,5.0,5.0,5.0
전라남도,영암군,약국,25.0,25.0,24.0
전라남도,영암군,여관ㆍ모텔,44.0,44.0,45.0
전라남도,영암군,여행사,10.0,10.0,10.0
전라남도,영암군,예술학원,12.0,12.0,14.0
전라남도,영암군,예식장,0.0,0.0,0.0
전라남도,영암군,옷가게,40.0,39.0,39.0
전라남도,영암군,의료용품가게,5.0,5.0,3.0
전라남도,영암군,이륜자동차판매점,7.0,7.0,8.0
전라남도,영암군,이발소,32.0,32.0,32.0
전라남도,영암군,일반외과의원,5.0,5.0,5.0
전라남도,영암군,일식음식점,5.0,6.0,4.0
전라남도,영암군,자동차수리점,72.0,72.0,73.0
전라남도,영암군,자전거판매점,8.0,8.0,8.0
전라남도,영암군,장난감가게,0.0,0.0,0.0
전라남도,영암군,정육점,22.0,23.0,25.0
전라남도,영암군,제과점,16.0,16.0,15.0
전라남도,영암군,종합병원,0.0,0.0,0.0
전라남도,영암군,주유소,43.0,42.0,43.0
전라남도,영암군,주차장운영업,0.0,0.0,0.0
전라남도,영암군,중고차판매점,0.0,0.0,0.0
전라남도,영암군,중식음식점,56.0,56.0,55.0
전라남도,영암군,채소가게,43.0,41.0,37.0
전라남도,영암군,철물점,20.0,20.0,20.0
전라남도,영암군,치과의원,13.0,13.0,13.0
전라남도,영암군,침구ㆍ커튼가게,6.0,6.0,6.0
전라남도,영암군,커피음료점,83.0,81.0,72.0
전라남도,영암군,컴퓨터판매점,3.0,0.0,3.0
전라남도,영암군,통신판매업,284.0,284.0,276.0
전라남도,영암군,패스트푸드점,62.0,63.0,65.0
전라남도,영암군,펜션ㆍ게스트하우스,38.0,38.0,32.0
전라남도,영암군,편의점,59.0,59.0,62.0
전라남도,영암군,피부관리업,26.0,28.0,27.0
전라남도,영암군,한방병원ㆍ한의원,13.0,13.0,14.0
전라남도,영암군,한식음식점,527.0,528.0,519.0
전라남도,영암군,헬스클럽,4.0,4.0,3.0
전라남도,영암군,호프주점,31.0,34.0,37.0
전라남도,영암군,화장품가게,18.0,17.0,16.0
전라남도,영암군,휴대폰가게,16.0,16.0,16.0
전라남도,완도군,pc방,5.0,5.0,7.0
전라남도,완도군,가구점,4.0,4.0,4.0
전라남도,완도군,가전제품수리점,16.0,16.0,17.0
전라남도,완도군,가전제품판매점,9.0,9.0,9.0
전라남도,완도군,간이주점,0.0,0.0,0.0
전라남도,완도군,간판광고물업,10.0,10.0,10.0
전라남도,완도군,건강보조식품가게,12.0,12.0,15.0
전라남도,완도군,건어물가게,142.0,140.0,144.0
전라남도,완도군,건축사,6.0,6.0,6.0
전라남도,완도군,결혼상담소,0.0,0.0,0.0
전라남도,완도군,곡물가게,9.0,10.0,10.0
전라남도,완도군,과일가게,11.0,11.0,8.0
전라남도,완도군,교습소ㆍ공부방,34.0,32.0,25.0
전라남도,완도군,교습학원,27.0,27.0,29.0
전라남도,완도군,구내식당,8.0,8.0,9.0
전라남도,완도군,기술ㆍ직업훈련학원,13.0,13.0,12.0
전라남도,완도군,기타외국식음식점,0.0,0.0,0.0
전라남도,완도군,기타음식점,13.0,13.0,14.0
전라남도,완도군,기타일반의원,3.0,3.0,3.0
전라남도,완도군,꽃가게,34.0,35.0,32.0
전라남도,완도군,내과ㆍ소아과의원,14.0,14.0,15.0
전라남도,완도군,노래방,6.0,6.0,7.0
전라남도,완도군,담배ㆍ복권소매업,62.0,63.0,71.0
전라남도,완도군,당구장,26.0,26.0,27.0
전라남도,완도군,동물병원,4.0,4.0,3.0
전라남도,완도군,목욕탕,9.0,9.0,9.0
전라남도,완도군,문구점,17.0,17.0,17.0
전라남도,완도군,미용실,96.0,96.0,98.0
전라남도,완도군,법무사,7.0,7.0,8.0
전라남도,완도군,변호사,0.0,0.0,0.0
전라남도,완도군,부동산중개업,13.0,13.0,15.0
전라남도,완도군,분식점,35.0,34.0,35.0
전라남도,완도군,사진촬영업,8.0,8.0,8.0
전라남도,완도군,생선가게,230.0,232.0,223.0
전라남도,완도군,서점,7.0,7.0,8.0
전라남도,완도군,세무사,0.0,0.0,0.0
전라남도,완도군,세탁소,22.0,22.0,21.0
전라남도,완도군,슈퍼마켓,42.0,42.0,45.0
전라남도,완도군,스포츠교육기관,18.0,18.0,19.0
전라남도,완도군,스포츠용품점,42.0,42.0,42.0
전라남도,완도군,시계ㆍ귀금속점,3.0,3.0,3.0
전라남도,완도군,식료품가게,155.0,155.0,163.0
전라남도,완도군,신발가게,5.0,5.0,5.0
전라남도,완도군,실내스크린골프점,7.0,7.0,8.0
전라남도,완도군,실내장식가게,38.0,38.0,33.0
전라남도,완도군,실외골프연습장,0.0,0.0,0.0
전라남도,완도군,안경점,8.0,8.0,8.0
전라남도,완도군,안과의원,0.0,0.0,0.0
전라남도,완도군,애완용품점,6.0,5.0,5.0
전라남도,완도군,약국,22.0,21.0,21.0
전라남도,완도군,여관ㆍ모텔,78.0,78.0,79.0
전라남도,완도군,여행사,9.0,9.0,9.0
전라남도,완도군,예술학원,16.0,16.0,16.0
전라남도,완도군,옷가게,50.0,51.0,51.0
전라남도,완도군,의료용품가게,0.0,0.0,0.0
전라남도,완도군,이륜자동차판매점,3.0,3.0,3.0
전라남도,완도군,이발소,22.0,22.0,21.0
전라남도,완도군,이비인후과의원,0.0,0.0,0.0
전라남도,완도군,일반외과의원,0.0,0.0,0.0
전라남도,완도군,일식음식점,10.0,10.0,10.0
전라남도,완도군,자동차수리점,49.0,49.0,50.0
전라남도,완도군,자전거판매점,0.0,0.0,0.0
전라남도,완도군,장난감가게,13.0,13.0,13.0
전라남도,완도군,정육점,28.0,28.0,27.0
전라남도,완도군,제과점,16.0,16.0,16.0
전라남도,완도군,종합병원,0.0,0.0,0.0
전라남도,완도군,주유소,22.0,22.0,22.0
전라남도,완도군,중고차판매점,4.0,4.0,4.0
전라남도,완도군,중식음식점,30.0,30.0,28.0
전라남도,완도군,채소가게,20.0,20.0,20.0
전라남도,완도군,철물점,17.0,17.0,18.0
전라남도,완도군,치과의원,14.0,14.0,12.0
전라남도,완도군,침구ㆍ커튼가게,7.0,8.0,8.0
전라남도,완도군,커피음료점,102.0,102.0,104.0
전라남도,완도군,컴퓨터판매점,5.0,5.0,4.0
전라남도,완도군,통신판매업,230.0,226.0,223.0
전라남도,완도군,패스트푸드점,39.0,40.0,40.0
전라남도,완도군,펜션ㆍ게스트하우스,147.0,146.0,138.0
전라남도,완도군,편의점,48.0,49.0,46.0
전라남도,완도군,피부관리업,52.0,52.0,51.0
전라남도,완도군,한방병원ㆍ한의원,7.0,7.0,7.0
전라남도,완도군,한식음식점,527.0,527.0,537.0
전라남도,완도군,헬스클럽,9.0,9.0,9.0
전라남도,완도군,호프주점,55.0,56.0,62.0
전라남도,완도군,화장품가게,18.0,18.0,21.0
전라남도,완도군,휴대폰가게,13.0,13.0,15.0
전라남도,장성군,LPG 충전소,3.0,3.0,3.0
전라남도,장성군,pc방,3.0,3.0,3.0
전라남도,장성군,가구점,9.0,9.0,10.0
전라남도,장성군,가전제품수리점,20.0,20.0,17.0
전라남도,장성군,가전제품판매점,10.0,10.0,9.0
전라남도,장성군,간이주점,0.0,0.0,0.0
전라남도,장성군,간판광고물업,13.0,13.0,13.0
전라남도,장성군,건강보조식품가게,11.0,11.0,14.0
전라남도,장성군,건어물가게,3.0,3.0,3.0
전라남도,장성군,건축사,11.0,10.0,10.0
전라남도,장성군,결혼상담소,0.0,0.0,0.0
전라남도,장성군,곡물가게,12.0,11.0,11.0
전라남도,장성군,과일가게,47.0,47.0,51.0
전라남도,장성군,교습소ㆍ공부방,23.0,23.0,22.0
전라남도,장성군,교습학원,25.0,25.0,26.0
전라남도,장성군,구내식당,11.0,11.0,12.0
전라남도,장성군,기술ㆍ직업훈련학원,12.0,12.0,11.0
전라남도,장성군,기술사,5.0,5.0,5.0
전라남도,장성군,기타외국식음식점,14.0,14.0,16.0
전라남도,장성군,기타음식점,19.0,19.0,21.0
전라남도,장성군,기타일반의원,0.0,0.0,0.0
전라남도,장성군,꽃가게,40.0,39.0,36.0
전라남도,장성군,내과ㆍ소아과의원,7.0,7.0,8.0
전라남도,장성군,노래방,7.0,7.0,7.0
전라남도,장성군,담배ㆍ복권소매업,20.0,20.0,21.0
전라남도,장성군,당구장,15.0,15.0,14.0
전라남도,장성군,동물병원,7.0,7.0,7.0
전라남도,장성군,목욕탕,4.0,4.0,4.0
전라남도,장성군,문구점,16.0,16.0,16.0
전라남도,장성군,미용실,84.0,84.0,80.0
전라남도,장성군,법무사,5.0,5.0,6.0
전라남도,장성군,변호사,0.0,0.0,0.0
전라남도,장성군,부동산중개업,76.0,78.0,87.0
전라남도,장성군,분식점,42.0,42.0,44.0
전라남도,장성군,사진촬영업,15.0,15.0,14.0
전라남도,장성군,생선가게,9.0,9.0,7.0
전라남도,장성군,서점,4.0,4.0,4.0
전라남도,장성군,세무사,3.0,3.0,0.0
전라남도,장성군,세탁소,16.0,16.0,14.0
전라남도,장성군,슈퍼마켓,22.0,23.0,20.0
전라남도,장성군,스포츠교육기관,10.0,10.0,11.0
전라남도,장성군,스포츠시설운영업,5.0,5.0,4.0
전라남도,장성군,스포츠용품점,8.0,8.0,9.0
전라남도,장성군,시계ㆍ귀금속점,5.0,5.0,5.0
전라남도,장성군,식료품가게,86.0,85.0,85.0
전라남도,장성군,신발가게,4.0,4.0,5.0
전라남도,장성군,실내스크린골프점,5.0,5.0,4.0
전라남도,장성군,실내장식가게,57.0,56.0,52.0
전라남도,장성군,안경점,3.0,3.0,3.0
전라남도,장성군,안과의원,0.0,0.0,0.0
전라남도,장성군,애완용품점,3.0,3.0,5.0
전라남도,장성군,약국,18.0,19.0,18.0
전라남도,장성군,여관ㆍ모텔,19.0,19.0,19.0
전라남도,장성군,여행사,8.0,8.0,8.0
전라남도,장성군,예술학원,12.0,12.0,11.0
전라남도,장성군,옷가게,32.0,32.0,31.0
전라남도,장성군,의료용품가게,3.0,3.0,0.0
전라남도,장성군,이륜자동차판매점,0.0,0.0,0.0
전라남도,장성군,이발소,17.0,17.0,18.0
전라남도,장성군,일반외과의원,4.0,4.0,5.0
전라남도,장성군,일식음식점,4.0,3.0,3.0
전라남도,장성군,자동차수리점,48.0,48.0,44.0
전라남도,장성군,자전거판매점,0.0,0.0,0.0
전라남도,장성군,장난감가게,0.0,0.0,0.0
전라남도,장성군,정육점,22.0,21.0,21.0
전라남도,장성군,제과점,14.0,15.0,10.0
전라남도,장성군,종합병원,5.0,5.0,5.0
전라남도,장성군,주유소,31.0,31.0,31.0
전라남도,장성군,주차장운영업,0.0,0.0,0.0
전라남도,장성군,중고차판매점,5.0,5.0,7.0
전라남도,장성군,중식음식점,20.0,19.0,19.0
전라남도,장성군,채소가게,25.0,25.0,25.0
전라남도,장성군,철물점,11.0,10.0,8.0
전라남도,장성군,치과의원,10.0,10.0,10.0
전라남도,장성군,침구ㆍ커튼가게,9.0,9.0,9.0
전라남도,장성군,커피음료점,101.0,101.0,97.0
전라남도,장성군,컴퓨터판매점,3.0,3.0,0.0
전라남도,장성군,통신판매업,260.0,255.0,232.0
전라남도,장성군,패스트푸드점,38.0,38.0,38.0
전라남도,장성군,펜션ㆍ게스트하우스,77.0,77.0,73.0
전라남도,장성군,편의점,28.0,28.0,29.0
전라남도,장성군,피부ㆍ비뇨기과의원,0.0,0.0,0.0
전라남도,장성군,피부관리업,21.0,21.0,20.0
전라남도,장성군,한방병원ㆍ한의원,9.0,9.0,9.0
전라남도,장성군,한식음식점,371.0,374.0,360.0
전라남도,장성군,헬스클럽,0.0,0.0,0.0
전라남도,장성군,호프주점,4.0,4.0,4.0
전라남도,장성군,화장품가게,11.0,11.0,10.0
전라남도,장성군,휴대폰가게,9.0,9.0,10.0
전라남도,장흥군,LPG 충전소,3.0,3.0,3.0
전라남도,장흥군,pc방,3.0,3.0,4.0
전라남도,장흥군,가구점,3.0,3.0,3.0
전라남도,장흥군,가전제품수리점,13.0,14.0,14.0
전라남도,장흥군,가전제품판매점,9.0,9.0,11.0
전라남도,장흥군,간이주점,0.0,0.0,0.0
전라남도,장흥군,간판광고물업,11.0,11.0,11.0
전라남도,장흥군,건강보조식품가게,19.0,21.0,23.0
전라남도,장흥군,건어물가게,22.0,22.0,23.0
전라남도,장흥군,건축사,11.0,11.0,10.0
전라남도,장흥군,결혼상담소,0.0,0.0,0.0
전라남도,장흥군,곡물가게,14.0,14.0,14.0
전라남도,장흥군,과일가게,19.0,19.0,15.0
전라남도,장흥군,교습소ㆍ공부방,11.0,11.0,10.0
전라남도,장흥군,교습학원,18.0,18.0,16.0
전라남도,장흥군,구내식당,16.0,16.0,16.0
전라남도,장흥군,기술ㆍ직업훈련학원,6.0,6.0,6.0
전라남도,장흥군,기술사,0.0,0.0,0.0
전라남도,장흥군,기타외국식음식점,13.0,13.0,12.0
전라남도,장흥군,기타음식점,13.0,13.0,14.0
전라남도,장흥군,기타일반의원,3.0,3.0,0.0
전라남도,장흥군,꽃가게,34.0,34.0,34.0
전라남도,장흥군,내과ㆍ소아과의원,11.0,11.0,12.0
전라남도,장흥군,노래방,8.0,8.0,9.0
전라남도,장흥군,담배ㆍ복권소매업,34.0,34.0,37.0
전라남도,장흥군,당구장,21.0,22.0,21.0
전라남도,장흥군,동물병원,11.0,11.0,11.0
전라남도,장흥군,목욕탕,4.0,4.0,4.0
전라남도,장흥군,문구점,8.0,8.0,9.0
전라남도,장흥군,미용실,72.0,73.0,72.0
전라남도,장흥군,법무사,10.0,10.0,11.0
전라남도,장흥군,변호사,3.0,3.0,3.0
전라남도,장흥군,부동산중개업,32.0,32.0,31.0
전라남도,장흥군,분식점,27.0,27.0,29.0
전라남도,장흥군,사진촬영업,7.0,7.0,8.0
전라남도,장흥군,산부인과의원,0.0,0.0,0.0
전라남도,장흥군,생선가게,34.0,35.0,37.0
전라남도,장흥군,서점,4.0,4.0,3.0
전라남도,장흥군,세무사,3.0,3.0,3.0
전라남도,장흥군,세탁소,23.0,23.0,22.0
전라남도,장흥군,슈퍼마켓,26.0,26.0,23.0
전라남도,장흥군,스포츠교육기관,16.0,16.0,14.0
전라남도,장흥군,스포츠시설운영업,0.0,0.0,0.0
전라남도,장흥군,스포츠용품점,24.0,24.0,25.0
전라남도,장흥군,시계ㆍ귀금속점,4.0,4.0,4.0
전라남도,장흥군,식료품가게,78.0,77.0,77.0
전라남도,장흥군,신경정신과의원,0.0,0.0,0.0
전라남도,장흥군,신발가게,6.0,6.0,8.0
전라남도,장흥군,실내스크린골프점,5.0,5.0,5.0
전라남도,장흥군,실내장식가게,29.0,29.0,33.0
전라남도,장흥군,실외골프연습장,0.0,0.0,0.0
전라남도,장흥군,안경점,5.0,5.0,5.0
전라남도,장흥군,안과의원,0.0,0.0,0.0
전라남도,장흥군,애완용품점,0.0,0.0,0.0
전라남도,장흥군,약국,15.0,15.0,16.0
전라남도,장흥군,여관ㆍ모텔,23.0,23.0,22.0
전라남도,장흥군,여행사,13.0,13.0,12.0
전라남도,장흥군,예술학원,7.0,7.0,7.0
전라남도,장흥군,옷가게,48.0,47.0,46.0
전라남도,장흥군,의료용품가게,6.0,6.0,6.0
전라남도,장흥군,이륜자동차판매점,6.0,6.0,6.0
전라남도,장흥군,이발소,21.0,21.0,20.0
전라남도,장흥군,이비인후과의원,0.0,0.0,0.0
전라남도,장흥군,일반외과의원,3.0,3.0,3.0
전라남도,장흥군,일식음식점,5.0,5.0,6.0
전라남도,장흥군,자동차수리점,44.0,44.0,45.0
전라남도,장흥군,자전거판매점,0.0,0.0,0.0
전라남도,장흥군,장난감가게,0.0,0.0,0.0
전라남도,장흥군,정육점,32.0,32.0,32.0
전라남도,장흥군,제과점,15.0,16.0,13.0
전라남도,장흥군,종합병원,3.0,3.0,3.0
전라남도,장흥군,주유소,20.0,20.0,21.0
전라남도,장흥군,중고차판매점,4.0,4.0,4.0
전라남도,장흥군,중식음식점,13.0,13.0,15.0
전라남도,장흥군,채소가게,19.0,19.0,23.0
전라남도,장흥군,철물점,12.0,12.0,13.0
전라남도,장흥군,치과의원,9.0,9.0,8.0
전라남도,장흥군,침구ㆍ커튼가게,5.0,5.0,5.0
전라남도,장흥군,커피음료점,69.0,69.0,69.0
전라남도,장흥군,컴퓨터판매점,0.0,0.0,0.0
전라남도,장흥군,통신판매업,152.0,150.0,140.0
전라남도,장흥군,패스트푸드점,31.0,30.0,30.0
전라남도,장흥군,펜션ㆍ게스트하우스,40.0,39.0,36.0
전라남도,장흥군,편의점,27.0,28.0,25.0
전라남도,장흥군,피부ㆍ비뇨기과의원,0.0,0.0,0.0
전라남도,장흥군,피부관리업,34.0,34.0,34.0
전라남도,장흥군,한방병원ㆍ한의원,10.0,10.0,10.0
전라남도,장흥군,한식음식점,404.0,405.0,406.0
전라남도,장흥군,헬스클럽,4.0,4.0,4.0
전라남도,장흥군,호프주점,13.0,12.0,18.0
전라남도,장흥군,화장품가게,22.0,22.0,21.0
전라남도,장흥군,휴대폰가게,10.0,10.0,10.0
전라남도,진도군,LPG 충전소,0.0,0.0,0.0
전라남도,진도군,pc방,3.0,3.0,5.0
전라남도,진도군,가구점,4.0,4.0,4.0
전라남도,진도군,가전제품수리점,7.0,7.0,7.0
전라남도,진도군,가전제품판매점,6.0,6.0,6.0
전라남도,진도군,간이주점,4.0,4.0,5.0
전라남도,진도군,간판광고물업,12.0,12.0,11.0
전라남도,진도군,건강보조식품가게,10.0,10.0,7.0
전라남도,진도군,건어물가게,32.0,32.0,32.0
전라남도,진도군,건축사,10.0,10.0,7.0
전라남도,진도군,결혼상담소,0.0,0.0,0.0
전라남도,진도군,곡물가게,16.0,16.0,13.0
전라남도,진도군,과일가게,9.0,9.0,10.0
전라남도,진도군,교습소ㆍ공부방,20.0,20.0,20.0
전라남도,진도군,교습학원,14.0,14.0,13.0
전라남도,진도군,구내식당,7.0,7.0,8.0
전라남도,진도군,기술ㆍ직업훈련학원,7.0,7.0,6.0
전라남도,진도군,기술사,0.0,0.0,0.0
전라남도,진도군,기타외국식음식점,4.0,5.0,6.0
전라남도,진도군,기타음식점,7.0,7.0,9.0
전라남도,진도군,기타일반의원,3.0,3.0,3.0
전라남도,진도군,꽃가게,28.0,28.0,28.0
전라남도,진도군,내과ㆍ소아과의원,8.0,8.0,8.0
전라남도,진도군,노래방,7.0,7.0,6.0
전라남도,진도군,담배ㆍ복권소매업,24.0,24.0,23.0
전라남도,진도군,당구장,9.0,9.0,9.0
전라남도,진도군,독서실,0.0,0.0,0.0
전라남도,진도군,동물병원,0.0,0.0,0.0
전라남도,진도군,목욕탕,3.0,3.0,3.0
전라남도,진도군,문구점,7.0,7.0,8.0
전라남도,진도군,미용실,60.0,60.0,61.0
전라남도,진도군,법무사,5.0,5.0,5.0
전라남도,진도군,부동산중개업,18.0,18.0,18.0
전라남도,진도군,분식점,25.0,25.0,22.0
전라남도,진도군,사진촬영업,5.0,5.0,4.0
전라남도,진도군,생선가게,44.0,44.0,42.0
전라남도,진도군,서점,0.0,0.0,0.0
전라남도,진도군,세무사,0.0,0.0,0.0
전라남도,진도군,세탁소,9.0,9.0,8.0
전라남도,진도군,슈퍼마켓,34.0,34.0,38.0
전라남도,진도군,스포츠교육기관,9.0,9.0,9.0
전라남도,진도군,스포츠시설운영업,3.0,3.0,0.0
전라남도,진도군,스포츠용품점,23.0,23.0,23.0
전라남도,진도군,시계ㆍ귀금속점,3.0,3.0,3.0
전라남도,진도군,식료품가게,72.0,72.0,78.0
전라남도,진도군,신경정신과의원,0.0,0.0,0.0
전라남도,진도군,신발가게,3.0,3.0,3.0
전라남도,진도군,실내스크린골프점,0.0,0.0,0.0
전라남도,진도군,실내장식가게,20.0,20.0,21.0
전라남도,진도군,실외골프연습장,0.0,0.0,0.0
전라남도,진도군,안경점,0.0,0.0,0.0
전라남도,진도군,안과의원,0.0,0.0,0.0
전라남도,진도군,애완용품점,5.0,5.0,5.0
전라남도,진도군,약국,13.0,13.0,14.0
전라남도,진도군,여관ㆍ모텔,30.0,30.0,29.0
전라남도,진도군,여행사,4.0,4.0,5.0
전라남도,진도군,예술학원,11.0,11.0,11.0
전라남도,진도군,옷가게,20.0,20.0,18.0
전라남도,진도군,이륜자동차판매점,3.0,3.0,3.0
전라남도,진도군,이발소,7.0,7.0,7.0
전라남도,진도군,일반외과의원,0.0,0.0,0.0
전라남도,진도군,일식음식점,8.0,8.0,9.0
전라남도,진도군,자동차수리점,31.0,31.0,33.0
전라남도,진도군,장난감가게,4.0,5.0,5.0
전라남도,진도군,정육점,10.0,10.0,11.0
전라남도,진도군,제과점,15.0,14.0,14.0
전라남도,진도군,종합병원,3.0,3.0,3.0
전라남도,진도군,주유소,17.0,17.0,18.0
전라남도,진도군,주차장운영업,0.0,0.0,0.0
전라남도,진도군,중고차판매점,0.0,0.0,0.0
전라남도,진도군,중식음식점,16.0,15.0,15.0
전라남도,진도군,채소가게,36.0,34.0,32.0
전라남도,진도군,철물점,7.0,7.0,7.0
전라남도,진도군,치과의원,7.0,7.0,8.0
전라남도,진도군,침구ㆍ커튼가게,6.0,6.0,8.0
전라남도,진도군,커피음료점,87.0,90.0,81.0
전라남도,진도군,컴퓨터판매점,0.0,0.0,0.0
전라남도,진도군,통신판매업,173.0,173.0,169.0
전라남도,진도군,패스트푸드점,25.0,25.0,27.0
전라남도,진도군,펜션ㆍ게스트하우스,71.0,71.0,65.0
전라남도,진도군,편의점,23.0,22.0,23.0
전라남도,진도군,피부관리업,19.0,20.0,18.0
전라남도,진도군,한방병원ㆍ한의원,5.0,5.0,5.0
전라남도,진도군,한식음식점,344.0,344.0,352.0
전라남도,진도군,헬스클럽,4.0,4.0,3.0
전라남도,진도군,호프주점,23.0,23.0,26.0
전라남도,진도군,화장품가게,12.0,12.0,11.0
전라남도,진도군,휴대폰가게,7.0,7.0,7.0
전라남도,함평군,LPG 충전소,4.0,5.0,4.0
전라남도,함평군,pc방,0.0,0.0,0.0
전라남도,함평군,가구점,0.0,0.0,0.0
전라남도,함평군,가전제품수리점,6.0,6.0,4.0
전라남도,함평군,가전제품판매점,10.0,10.0,9.0
전라남도,함평군,간이주점,3.0,3.0,4.0
전라남도,함평군,간판광고물업,9.0,10.0,11.0
전라남도,함평군,건강보조식품가게,10.0,10.0,10.0
전라남도,함평군,건어물가게,10.0,10.0,9.0
전라남도,함평군,건축사,6.0,6.0,5.0
전라남도,함평군,결혼상담소,0.0,0.0,0.0
전라남도,함평군,곡물가게,19.0,19.0,15.0
전라남도,함평군,과일가게,10.0,10.0,8.0
전라남도,함평군,교습소ㆍ공부방,8.0,8.0,10.0
전라남도,함평군,교습학원,7.0,7.0,6.0
전라남도,함평군,구내식당,9.0,9.0,7.0
전라남도,함평군,기술ㆍ직업훈련학원,10.0,11.0,11.0
전라남도,함평군,기타외국식음식점,8.0,8.0,7.0
전라남도,함평군,기타음식점,24.0,24.0,20.0
전라남도,함평군,기타일반의원,3.0,3.0,3.0
전라남도,함평군,꽃가게,26.0,27.0,25.0
전라남도,함평군,내과ㆍ소아과의원,5.0,5.0,6.0
전라남도,함평군,노래방,4.0,4.0,4.0
전라남도,함평군,담배ㆍ복권소매업,11.0,11.0,10.0
전라남도,함평군,당구장,5.0,5.0,6.0
전라남도,함평군,동물병원,13.0,13.0,12.0
전라남도,함평군,목욕탕,5.0,5.0,5.0
전라남도,함평군,문구점,3.0,3.0,0.0
전라남도,함평군,미용실,45.0,45.0,46.0
전라남도,함평군,법무사,6.0,6.0,7.0
전라남도,함평군,부동산중개업,28.0,27.0,27.0
전라남도,함평군,분식점,24.0,24.0,24.0
전라남도,함평군,사진촬영업,4.0,4.0,5.0
전라남도,함평군,생선가게,41.0,41.0,35.0
전라남도,함평군,서점,0.0,0.0,0.0
전라남도,함평군,세무사,0.0,0.0,0.0
전라남도,함평군,세탁소,12.0,12.0,9.0
전라남도,함평군,슈퍼마켓,18.0,18.0,14.0
전라남도,함평군,스포츠교육기관,5.0,5.0,7.0
전라남도,함평군,스포츠시설운영업,0.0,0.0,0.0
전라남도,함평군,스포츠용품점,6.0,6.0,5.0
전라남도,함평군,시계ㆍ귀금속점,0.0,0.0,0.0
전라남도,함평군,식료품가게,58.0,58.0,56.0
전라남도,함평군,신경정신과의원,0.0,0.0,0.0
전라남도,함평군,신발가게,6.0,6.0,7.0
전라남도,함평군,실내스크린골프점,4.0,4.0,4.0
전라남도,함평군,실내장식가게,30.0,31.0,31.0
전라남도,함평군,실외골프연습장,0.0,0.0,0.0
전라남도,함평군,안경점,3.0,3.0,3.0
전라남도,함평군,애완용품점,0.0,0.0,0.0
전라남도,함평군,약국,14.0,14.0,14.0
전라남도,함평군,여관ㆍ모텔,9.0,9.0,9.0
전라남도,함평군,여행사,12.0,12.0,12.0
전라남도,함평군,예술학원,7.0,7.0,8.0
전라남도,함평군,옷가게,21.0,21.0,24.0
전라남도,함평군,의료용품가게,0.0,0.0,0.0
전라남도,함평군,이륜자동차판매점,5.0,5.0,5.0
전라남도,함평군,이발소,8.0,8.0,9.0
전라남도,함평군,일반외과의원,0.0,0.0,0.0
전라남도,함평군,일식음식점,0.0,0.0,0.0
전라남도,함평군,자동차수리점,34.0,34.0,34.0
전라남도,함평군,자전거판매점,0.0,0.0,0.0
전라남도,함평군,장난감가게,0.0,0.0,0.0
전라남도,함평군,정육점,15.0,15.0,14.0
전라남도,함평군,제과점,9.0,9.0,7.0
전라남도,함평군,종합병원,4.0,4.0,4.0
전라남도,함평군,주유소,17.0,17.0,19.0
전라남도,함평군,주차장운영업,0.0,0.0,0.0
전라남도,함평군,중식음식점,17.0,17.0,17.0
전라남도,함평군,채소가게,27.0,27.0,19.0
전라남도,함평군,철물점,8.0,8.0,9.0
전라남도,함평군,치과의원,7.0,7.0,7.0
전라남도,함평군,침구ㆍ커튼가게,3.0,3.0,4.0
전라남도,함평군,커피음료점,58.0,58.0,52.0
전라남도,함평군,컴퓨터판매점,0.0,0.0,0.0
전라남도,함평군,통신판매업,147.0,149.0,140.0
전라남도,함평군,패스트푸드점,18.0,19.0,18.0
전라남도,함평군,펜션ㆍ게스트하우스,42.0,42.0,43.0
전라남도,함평군,편의점,13.0,13.0,13.0
전라남도,함평군,피부관리업,11.0,11.0,8.0
전라남도,함평군,한방병원ㆍ한의원,7.0,7.0,7.0
전라남도,함평군,한식음식점,219.0,222.0,233.0
전라남도,함평군,헬스클럽,0.0,0.0,0.0
전라남도,함평군,호프주점,5.0,5.0,5.0
전라남도,함평군,화장품가게,4.0,4.0,5.0
전라남도,함평군,휴대폰가게,4.0,4.0,3.0
전라남도,해남군,LPG 충전소,0.0,0.0,0.0
전라남도,해남군,pc방,6.0,6.0,6.0
전라남도,해남군,가구점,9.0,9.0,9.0
전라남도,해남군,가전제품수리점,18.0,17.0,15.0
전라남도,해남군,가전제품판매점,29.0,29.0,33.0
전라남도,해남군,간이주점,5.0,5.0,5.0
전라남도,해남군,간판광고물업,24.0,25.0,23.0
전라남도,해남군,건강보조식품가게,17.0,17.0,17.0
전라남도,해남군,건어물가게,47.0,47.0,46.0
전라남도,해남군,건축사,13.0,13.0,12.0
전라남도,해남군,결혼상담소,0.0,0.0,0.0
전라남도,해남군,곡물가게,30.0,30.0,33.0
전라남도,해남군,과일가게,18.0,18.0,20.0
전라남도,해남군,교습소ㆍ공부방,35.0,34.0,33.0
전라남도,해남군,교습학원,42.0,42.0,42.0
전라남도,해남군,구내식당,11.0,11.0,11.0
전라남도,해남군,기술ㆍ직업훈련학원,32.0,31.0,29.0
전라남도,해남군,기술사,0.0,0.0,0.0
전라남도,해남군,기타외국식음식점,15.0,15.0,13.0
전라남도,해남군,기타음식점,24.0,24.0,24.0
전라남도,해남군,기타일반의원,5.0,5.0,5.0
전라남도,해남군,꽃가게,42.0,42.0,49.0
전라남도,해남군,내과ㆍ소아과의원,23.0,23.0,23.0
전라남도,해남군,노래방,5.0,5.0,5.0
전라남도,해남군,담배ㆍ복권소매업,53.0,54.0,58.0
전라남도,해남군,당구장,18.0,18.0,19.0
전라남도,해남군,독서실,0.0,0.0,0.0
전라남도,해남군,동물병원,11.0,11.0,10.0
전라남도,해남군,목욕탕,6.0,6.0,6.0
전라남도,해남군,문구점,15.0,15.0,15.0
전라남도,해남군,미용실,129.0,127.0,124.0
전라남도,해남군,법무사,15.0,15.0,13.0
전라남도,해남군,변호사,5.0,5.0,5.0
전라남도,해남군,부동산중개업,54.0,54.0,53.0
전라남도,해남군,분식점,59.0,59.0,65.0
전라남도,해남군,사진촬영업,13.0,13.0,11.0
전라남도,해남군,산부인과의원,0.0,0.0,0.0
전라남도,해남군,생선가게,61.0,61.0,53.0
전라남도,해남군,서점,11.0,11.0,9.0
전라남도,해남군,성형외과의원,0.0,0.0,0.0
전라남도,해남군,세무사,4.0,4.0,4.0
전라남도,해남군,세탁소,36.0,36.0,34.0
전라남도,해남군,슈퍼마켓,56.0,56.0,47.0
전라남도,해남군,스포츠교육기관,23.0,23.0,26.0
전라남도,해남군,스포츠시설운영업,0.0,0.0,0.0
전라남도,해남군,스포츠용품점,56.0,56.0,54.0
전라남도,해남군,시계ㆍ귀금속점,12.0,12.0,12.0
전라남도,해남군,식료품가게,150.0,150.0,154.0
전라남도,해남군,신경정신과의원,0.0,0.0,0.0
전라남도,해남군,신발가게,11.0,11.0,12.0
전라남도,해남군,실내스크린골프점,8.0,8.0,8.0
전라남도,해남군,실내장식가게,48.0,47.0,42.0
전라남도,해남군,실외골프연습장,0.0,0.0,0.0
전라남도,해남군,안경점,7.0,8.0,8.0
전라남도,해남군,안과의원,0.0,0.0,0.0
전라남도,해남군,애완용품점,4.0,4.0,4.0
전라남도,해남군,약국,32.0,32.0,33.0
전라남도,해남군,여관ㆍ모텔,58.0,58.0,56.0
전라남도,해남군,여행사,16.0,16.0,15.0
전라남도,해남군,예술학원,20.0,19.0,21.0
전라남도,해남군,예식장,3.0,3.0,4.0
전라남도,해남군,옷가게,83.0,83.0,82.0
전라남도,해남군,의료용품가게,10.0,10.0,10.0
전라남도,해남군,이륜자동차판매점,9.0,9.0,9.0
전라남도,해남군,이발소,33.0,33.0,33.0
전라남도,해남군,이비인후과의원,0.0,0.0,0.0
전라남도,해남군,일반외과의원,3.0,3.0,3.0
전라남도,해남군,일식음식점,5.0,5.0,5.0
전라남도,해남군,자동차수리점,77.0,76.0,76.0
전라남도,해남군,자전거판매점,0.0,0.0,0.0
전라남도,해남군,장난감가게,7.0,7.0,7.0
전라남도,해남군,정육점,41.0,41.0,42.0
전라남도,해남군,제과점,19.0,19.0,19.0
전라남도,해남군,종합병원,6.0,6.0,6.0
전라남도,해남군,주유소,34.0,34.0,33.0
전라남도,해남군,중고차판매점,0.0,0.0,0.0
전라남도,해남군,중식음식점,36.0,35.0,34.0
전라남도,해남군,채소가게,127.0,127.0,127.0
전라남도,해남군,철물점,25.0,25.0,24.0
전라남도,해남군,치과의원,17.0,17.0,16.0
전라남도,해남군,침구ㆍ커튼가게,19.0,18.0,15.0
전라남도,해남군,커피음료점,137.0,135.0,141.0
전라남도,해남군,컴퓨터판매점,7.0,7.0,7.0
전라남도,해남군,통신판매업,417.0,412.0,417.0
전라남도,해남군,패스트푸드점,70.0,71.0,69.0
전라남도,해남군,펜션ㆍ게스트하우스,83.0,83.0,75.0
전라남도,해남군,편의점,68.0,67.0,66.0
전라남도,해남군,피부ㆍ비뇨기과의원,0.0,0.0,0.0
전라남도,해남군,피부관리업,73.0,74.0,73.0
전라남도,해남군,한방병원ㆍ한의원,9.0,9.0,9.0
전라남도,해남군,한식음식점,625.0,629.0,630.0
전라남도,해남군,헬스클럽,4.0,4.0,3.0
전라남도,해남군,호프주점,56.0,56.0,63.0
전라남도,해남군,화장품가게,39.0,38.0,26.0
전라남도,해남군,휴대폰가게,21.0,21.0,20.0
전라남도,화순군,LPG 충전소,6.0,6.0,6.0
전라남도,화순군,pc방,6.0,6.0,6.0
전라남도,화순군,가구점,4.0,4.0,0.0
전라남도,화순군,가전제품수리점,13.0,13.0,12.0
전라남도,화순군,가전제품판매점,9.0,9.0,10.0
전라남도,화순군,간이주점,4.0,4.0,4.0
전라남도,화순군,간판광고물업,18.0,18.0,19.0
전라남도,화순군,감정평가사,5.0,5.0,4.0
전라남도,화순군,건강보조식품가게,20.0,20.0,19.0
전라남도,화순군,건어물가게,6.0,6.0,6.0
전라남도,화순군,건축사,19.0,19.0,16.0
전라남도,화순군,결혼상담소,0.0,0.0,0.0
전라남도,화순군,곡물가게,13.0,14.0,12.0
전라남도,화순군,공인노무사,0.0,0.0,0.0
전라남도,화순군,과일가게,12.0,12.0,12.0
전라남도,화순군,교습소ㆍ공부방,17.0,17.0,21.0
전라남도,화순군,교습학원,46.0,47.0,44.0
전라남도,화순군,구내식당,12.0,12.0,12.0
전라남도,화순군,기술ㆍ직업훈련학원,27.0,29.0,23.0
전라남도,화순군,기술사,9.0,8.0,6.0
전라남도,화순군,기타외국식음식점,13.0,13.0,14.0
전라남도,화순군,기타음식점,33.0,33.0,34.0
전라남도,화순군,기타일반의원,5.0,5.0,5.0
전라남도,화순군,꽃가게,52.0,52.0,46.0
전라남도,화순군,내과ㆍ소아과의원,13.0,13.0,13.0
전라남도,화순군,노래방,14.0,14.0,14.0
전라남도,화순군,담배ㆍ복권소매업,19.0,19.0,20.0
전라남도,화순군,당구장,10.0,10.0,10.0
전라남도,화순군,독서실,0.0,0.0,0.0
전라남도,화순군,동물병원,12.0,12.0,13.0
전라남도,화순군,목욕탕,8.0,8.0,8.0
전라남도,화순군,문구점,7.0,7.0,8.0
전라남도,화순군,미용실,137.0,137.0,132.0
전라남도,화순군,법무사,8.0,8.0,8.0
전라남도,화순군,변호사,0.0,0.0,0.0
전라남도,화순군,부동산중개업,91.0,90.0,93.0
전라남도,화순군,분식점,59.0,59.0,62.0
전라남도,화순군,사진촬영업,10.0,10.0,12.0
전라남도,화순군,산부인과의원,0.0,0.0,0.0
전라남도,화순군,생선가게,9.0,9.0,8.0
전라남도,화순군,서점,9.0,9.0,8.0
전라남도,화순군,세무사,3.0,3.0,3.0
전라남도,화순군,세탁소,33.0,33.0,30.0
전라남도,화순군,슈퍼마켓,39.0,39.0,38.0
전라남도,화순군,스포츠교육기관,29.0,29.0,27.0
전라남도,화순군,스포츠시설운영업,12.0,12.0,12.0
전라남도,화순군,스포츠용품점,27.0,26.0,24.0
전라남도,화순군,시계ㆍ귀금속점,6.0,6.0,6.0
전라남도,화순군,식료품가게,78.0,78.0,82.0
전라남도,화순군,신발가게,4.0,4.0,4.0
전라남도,화순군,실내스크린골프점,5.0,5.0,5.0
전라남도,화순군,실내장식가게,100.0,98.0,93.0
전라남도,화순군,실외골프연습장,3.0,3.0,3.0
전라남도,화순군,안경점,10.0,10.0,10.0
전라남도,화순군,안과의원,0.0,0.0,0.0
전라남도,화순군,애완용품점,6.0,6.0,7.0
전라남도,화순군,약국,34.0,34.0,34.0
전라남도,화순군,여관ㆍ모텔,29.0,30.0,35.0
전라남도,화순군,여행사,12.0,11.0,10.0
전라남도,화순군,예술학원,16.0,18.0,21.0
전라남도,화순군,옷가게,73.0,73.0,81.0
전라남도,화순군,의료용품가게,11.0,11.0,10.0
전라남도,화순군,이륜자동차판매점,3.0,3.0,4.0
전라남도,화순군,이발소,18.0,18.0,18.0
전라남도,화순군,이비인후과의원,3.0,3.0,3.0
전라남도,화순군,일반외과의원,4.0,4.0,4.0
전라남도,화순군,일식음식점,6.0,6.0,6.0
전라남도,화순군,자동차수리점,65.0,66.0,62.0
전라남도,화순군,자전거판매점,3.0,3.0,3.0
전라남도,화순군,장난감가게,3.0,3.0,3.0
전라남도,화순군,정육점,29.0,29.0,28.0
전라남도,화순군,제과점,27.0,27.0,28.0
전라남도,화순군,종합병원,19.0,19.0,18.0
전라남도,화순군,주유소,31.0,31.0,30.0
전라남도,화순군,주차장운영업,3.0,3.0,4.0
전라남도,화순군,중고차판매점,3.0,3.0,4.0
전라남도,화순군,중식음식점,32.0,32.0,31.0
전라남도,화순군,채소가게,30.0,30.0,27.0
전라남도,화순군,철물점,18.0,18.0,21.0
전라남도,화순군,치과의원,17.0,17.0,17.0
전라남도,화순군,침구ㆍ커튼가게,8.0,8.0,9.0
전라남도,화순군,커피음료점,165.0,166.0,165.0
전라남도,화순군,컴퓨터판매점,6.0,6.0,6.0
전라남도,화순군,통신판매업,363.0,363.0,361.0
전라남도,화순군,패스트푸드점,52.0,51.0,54.0
전라남도,화순군,펜션ㆍ게스트하우스,46.0,46.0,41.0
전라남도,화순군,편의점,36.0,36.0,37.0
전라남도,화순군,피부ㆍ비뇨기과의원,3.0,3.0,3.0
전라남도,화순군,피부관리업,52.0,53.0,43.0
전라남도,화순군,한방병원ㆍ한의원,15.0,15.0,15.0
전라남도,화순군,한식음식점,517.0,523.0,535.0
전라남도,화순군,헬스클럽,10.0,9.0,9.0
전라남도,화순군,호프주점,37.0,37.0,33.0
전라남도,화순군,화장품가게,30.0,30.0,26.0
전라남도,화순군,휴대폰가게,13.0,13.0,14.0
전북특별자치도,고창군,LPG 충전소,4.0,4.0,4.0
전북특별자치도,고창군,pc방,0.0,0.0,0.0
전북특별자치도,고창군,가구점,8.0,8.0,8.0
전북특별자치도,고창군,가전제품수리점,14.0,15.0,13.0
전북특별자치도,고창군,가전제품판매점,13.0,13.0,14.0
전북특별자치도,고창군,간이주점,0.0,0.0,0.0
전북특별자치도,고창군,간판광고물업,18.0,18.0,19.0
전북특별자치도,고창군,건강보조식품가게,16.0,16.0,16.0
전북특별자치도,고창군,건어물가게,14.0,14.0,13.0
전북특별자치도,고창군,건축사,11.0,11.0,10.0
전북특별자치도,고창군,결혼상담소,0.0,0.0,0.0
전북특별자치도,고창군,곡물가게,22.0,22.0,21.0
전북특별자치도,고창군,과일가게,14.0,14.0,15.0
전북특별자치도,고창군,교습소ㆍ공부방,34.0,34.0,26.0
전북특별자치도,고창군,교습학원,32.0,32.0,32.0
전북특별자치도,고창군,구내식당,5.0,5.0,6.0
전북특별자치도,고창군,기술ㆍ직업훈련학원,32.0,31.0,30.0
전북특별자치도,고창군,기술사,0.0,0.0,0.0
전북특별자치도,고창군,기타외국식음식점,20.0,20.0,21.0
전북특별자치도,고창군,기타음식점,14.0,13.0,12.0
전북특별자치도,고창군,기타일반의원,8.0,8.0,8.0
전북특별자치도,고창군,꽃가게,31.0,31.0,29.0
전북특별자치도,고창군,내과ㆍ소아과의원,12.0,12.0,13.0
전북특별자치도,고창군,노래방,7.0,7.0,7.0
전북특별자치도,고창군,담배ㆍ복권소매업,22.0,22.0,20.0
전북특별자치도,고창군,당구장,20.0,19.0,20.0
전북특별자치도,고창군,독서실,0.0,0.0,0.0
전북특별자치도,고창군,동물병원,9.0,9.0,9.0
전북특별자치도,고창군,목욕탕,6.0,6.0,6.0
전북특별자치도,고창군,문구점,9.0,9.0,12.0
전북특별자치도,고창군,미용실,112.0,111.0,114.0
전북특별자치도,고창군,법무사,5.0,5.0,6.0
전북특별자치도,고창군,부동산중개업,57.0,57.0,57.0
전북특별자치도,고창군,분식점,35.0,35.0,34.0
전북특별자치도,고창군,사진촬영업,8.0,7.0,8.0
전북특별자치도,고창군,생선가게,55.0,55.0,54.0
전북특별자치도,고창군,서점,10.0,10.0,7.0
전북특별자치도,고창군,세무사,0.0,0.0,0.0
전북특별자치도,고창군,세탁소,21.0,21.0,23.0
전북특별자치도,고창군,슈퍼마켓,39.0,40.0,40.0
전북특별자치도,고창군,스포츠교육기관,22.0,22.0,22.0
전북특별자치도,고창군,스포츠시설운영업,3.0,3.0,0.0
전북특별자치도,고창군,스포츠용품점,27.0,27.0,27.0
전북특별자치도,고창군,시계ㆍ귀금속점,7.0,7.0,6.0
전북특별자치도,고창군,식료품가게,127.0,128.0,137.0
전북특별자치도,고창군,신경정신과의원,0.0,0.0,0.0
전북특별자치도,고창군,신발가게,7.0,7.0,7.0
전북특별자치도,고창군,실내스크린골프점,9.0,9.0,10.0
전북특별자치도,고창군,실내장식가게,20.0,20.0,14.0
전북특별자치도,고창군,실외골프연습장,3.0,3.0,3.0
전북특별자치도,고창군,안경점,10.0,10.0,10.0
전북특별자치도,고창군,안과의원,0.0,0.0,0.0
전북특별자치도,고창군,애완용품점,4.0,4.0,7.0
전북특별자치도,고창군,약국,23.0,23.0,24.0
전북특별자치도,고창군,여관ㆍ모텔,26.0,25.0,25.0
전북특별자치도,고창군,여행사,11.0,11.0,13.0
전북특별자치도,고창군,예술학원,15.0,15.0,14.0
전북특별자치도,고창군,예식장,0.0,0.0,0.0
전북특별자치도,고창군,옷가게,61.0,62.0,67.0
전북특별자치도,고창군,의료용품가게,6.0,6.0,6.0
전북특별자치도,고창군,이륜자동차판매점,4.0,4.0,4.0
전북특별자치도,고창군,이발소,23.0,23.0,24.0
전북특별자치도,고창군,이비인후과의원,0.0,0.0,0.0
전북특별자치도,고창군,일반외과의원,3.0,3.0,3.0
전북특별자치도,고창군,일식음식점,11.0,11.0,14.0
전북특별자치도,고창군,자동차수리점,55.0,56.0,54.0
전북특별자치도,고창군,자전거판매점,0.0,0.0,0.0
전북특별자치도,고창군,장난감가게,0.0,0.0,0.0
전북특별자치도,고창군,정육점,26.0,26.0,29.0
전북특별자치도,고창군,제과점,15.0,15.0,17.0
전북특별자치도,고창군,종합병원,4.0,4.0,4.0
전북특별자치도,고창군,주유소,42.0,42.0,43.0
전북특별자치도,고창군,중고차판매점,3.0,3.0,3.0
전북특별자치도,고창군,중식음식점,32.0,32.0,31.0
전북특별자치도,고창군,채소가게,34.0,34.0,33.0
전북특별자치도,고창군,철물점,26.0,26.0,26.0
전북특별자치도,고창군,치과의원,12.0,12.0,12.0
전북특별자치도,고창군,침구ㆍ커튼가게,8.0,8.0,9.0
전북특별자치도,고창군,커피음료점,105.0,105.0,94.0
전북특별자치도,고창군,컴퓨터판매점,4.0,4.0,6.0
전북특별자치도,고창군,통신판매업,276.0,277.0,263.0
전북특별자치도,고창군,패스트푸드점,52.0,53.0,53.0
전북특별자치도,고창군,펜션ㆍ게스트하우스,96.0,94.0,84.0
전북특별자치도,고창군,편의점,51.0,53.0,51.0
전북특별자치도,고창군,피부ㆍ비뇨기과의원,0.0,0.0,0.0
전북특별자치도,고창군,피부관리업,37.0,37.0,32.0
전북특별자치도,고창군,한방병원ㆍ한의원,10.0,10.0,10.0
전북특별자치도,고창군,한식음식점,511.0,510.0,506.0
전북특별자치도,고창군,헬스클럽,5.0,5.0,5.0
전북특별자치도,고창군,호프주점,9.0,9.0,12.0
전북특별자치도,고창군,화장품가게,24.0,25.0,27.0
전북특별자치도,고창군,휴대폰가게,12.0,12.0,10.0
전북특별자치도,군산시,LPG 충전소,13.0,13.0,12.0
전북특별자치도,군산시,pc방,41.0,41.0,36.0
전북특별자치도,군산시,가구점,60.0,60.0,62.0
전북특별자치도,군산시,가전제품수리점,91.0,91.0,86.0
전북특별자치도,군산시,가전제품판매점,78.0,77.0,74.0
전북특별자치도,군산시,간이주점,4.0,4.0,7.0
전북특별자치도,군산시,간판광고물업,75.0,75.0,73.0
전북특별자치도,군산시,감정평가사,3.0,3.0,4.0
전북특별자치도,군산시,건강보조식품가게,81.0,80.0,83.0
전북특별자치도,군산시,건어물가게,112.0,112.0,115.0
전북특별자치도,군산시,건축사,50.0,50.0,51.0
전북특별자치도,군산시,결혼상담소,11.0,11.0,13.0
전북특별자치도,군산시,곡물가게,43.0,43.0,38.0
전북특별자치도,군산시,공인노무사,4.0,4.0,4.0
전북특별자치도,군산시,공인회계사,4.0,4.0,4.0
전북특별자치도,군산시,과일가게,65.0,65.0,63.0
전북특별자치도,군산시,교습소ㆍ공부방,276.0,274.0,248.0
전북특별자치도,군산시,교습학원,357.0,356.0,340.0
전북특별자치도,군산시,구내식당,111.0,112.0,114.0
전북특별자치도,군산시,기술ㆍ직업훈련학원,101.0,101.0,99.0
전북특별자치도,군산시,기술사,3.0,3.0,3.0
전북특별자치도,군산시,기타외국식음식점,103.0,103.0,102.0
전북특별자치도,군산시,기타음식점,85.0,87.0,97.0
전북특별자치도,군산시,기타일반의원,23.0,23.0,23.0
전북특별자치도,군산시,꽃가게,153.0,152.0,145.0
전북특별자치도,군산시,내과ㆍ소아과의원,58.0,58.0,59.0
전북특별자치도,군산시,노래방,92.0,94.0,96.0
전북특별자치도,군산시,담배ㆍ복권소매업,86.0,89.0,88.0
전북특별자치도,군산시,당구장,91.0,92.0,91.0
전북특별자치도,군산시,독서실,22.0,22.0,25.0
전북특별자치도,군산시,동물병원,17.0,17.0,17.0
전북특별자치도,군산시,목욕탕,36.0,37.0,39.0
전북특별자치도,군산시,문구점,81.0,82.0,82.0
전북특별자치도,군산시,미용실,687.0,684.0,691.0
전북특별자치도,군산시,법무사,32.0,32.0,33.0
전북특별자치도,군산시,변호사,31.0,30.0,29.0
전북특별자치도,군산시,부동산중개업,595.0,599.0,617.0
전북특별자치도,군산시,분식점,320.0,320.0,324.0
전북특별자치도,군산시,사진촬영업,80.0,80.0,73.0
전북특별자치도,군산시,산부인과의원,7.0,7.0,7.0
전북특별자치도,군산시,생선가게,209.0,202.0,201.0
전북특별자치도,군산시,서점,54.0,55.0,53.0
전북특별자치도,군산시,성형외과의원,0.0,0.0,0.0
전북특별자치도,군산시,세무사,43.0,43.0,42.0
전북특별자치도,군산시,세탁소,167.0,168.0,165.0
전북특별자치도,군산시,슈퍼마켓,210.0,209.0,208.0
전북특별자치도,군산시,스포츠교육기관,161.0,158.0,161.0
전북특별자치도,군산시,스포츠시설운영업,35.0,35.0,39.0
전북특별자치도,군산시,스포츠용품점,137.0,137.0,139.0
전북특별자치도,군산시,시계ㆍ귀금속점,47.0,47.0,47.0
전북특별자치도,군산시,식료품가게,450.0,454.0,475.0
전북특별자치도,군산시,신경정신과의원,10.0,10.0,10.0
전북특별자치도,군산시,신발가게,32.0,32.0,34.0
전북특별자치도,군산시,실내스크린골프점,51.0,52.0,54.0
전북특별자치도,군산시,실내장식가게,87.0,82.0,68.0
전북특별자치도,군산시,실외골프연습장,7.0,7.0,7.0
전북특별자치도,군산시,안경점,62.0,62.0,63.0
전북특별자치도,군산시,안과의원,10.0,10.0,10.0
전북특별자치도,군산시,애완용품점,70.0,72.0,60.0
전북특별자치도,군산시,약국,138.0,139.0,139.0
전북특별자치도,군산시,여관ㆍ모텔,121.0,122.0,125.0
전북특별자치도,군산시,여행사,51.0,51.0,50.0
전북특별자치도,군산시,예술학원,219.0,218.0,222.0
전북특별자치도,군산시,예식장,7.0,7.0,5.0
전북특별자치도,군산시,옷가게,477.0,480.0,507.0
전북특별자치도,군산시,의료용품가게,37.0,38.0,36.0
전북특별자치도,군산시,이륜자동차판매점,7.0,7.0,7.0
전북특별자치도,군산시,이발소,110.0,112.0,106.0
전북특별자치도,군산시,이비인후과의원,14.0,14.0,14.0
전북특별자치도,군산시,일반외과의원,28.0,28.0,28.0
전북특별자치도,군산시,일식음식점,73.0,73.0,66.0
전북특별자치도,군산시,자동차수리점,322.0,323.0,315.0
전북특별자치도,군산시,자전거판매점,18.0,18.0,19.0
전북특별자치도,군산시,장난감가게,26.0,26.0,24.0
전북특별자치도,군산시,정육점,171.0,171.0,169.0
전북특별자치도,군산시,제과점,106.0,107.0,104.0
전북특별자치도,군산시,종합병원,19.0,19.0,20.0
전북특별자치도,군산시,주유소,91.0,90.0,93.0
전북특별자치도,군산시,주차장운영업,19.0,19.0,19.0
전북특별자치도,군산시,중고차판매점,25.0,25.0,25.0
전북특별자치도,군산시,중식음식점,193.0,193.0,192.0
전북특별자치도,군산시,채소가게,112.0,110.0,112.0
전북특별자치도,군산시,철물점,55.0,54.0,51.0
전북특별자치도,군산시,치과의원,82.0,82.0,81.0
전북특별자치도,군산시,침구ㆍ커튼가게,74.0,74.0,79.0
전북특별자치도,군산시,커피음료점,607.0,606.0,597.0
전북특별자치도,군산시,컴퓨터판매점,30.0,27.0,27.0
전북특별자치도,군산시,통신판매업,1938.0,1911.0,1699.0
전북특별자치도,군산시,패스트푸드점,276.0,274.0,275.0
전북특별자치도,군산시,펜션ㆍ게스트하우스,149.0,148.0,128.0
전북특별자치도,군산시,편의점,266.0,268.0,261.0
전북특별자치도,군산시,피부ㆍ비뇨기과의원,15.0,15.0,14.0
전북특별자치도,군산시,피부관리업,402.0,399.0,390.0
전북특별자치도,군산시,한방병원ㆍ한의원,73.0,74.0,75.0
전북특별자치도,군산시,한식음식점,2534.0,2531.0,2526.0
전북특별자치도,군산시,헬스클럽,49.0,49.0,51.0
전북특별자치도,군산시,호프주점,204.0,209.0,233.0
전북특별자치도,군산시,화장품가게,210.0,208.0,216.0
전북특별자치도,군산시,휴대폰가게,110.0,109.0,114.0
전북특별자치도,김제시,LPG 충전소,4.0,4.0,3.0
전북특별자치도,김제시,pc방,7.0,7.0,7.0
전북특별자치도,김제시,가구점,45.0,43.0,43.0
전북특별자치도,김제시,가전제품수리점,40.0,40.0,31.0
전북특별자치도,김제시,가전제품판매점,15.0,16.0,15.0
전북특별자치도,김제시,간이주점,4.0,4.0,5.0
전북특별자치도,김제시,간판광고물업,23.0,23.0,22.0
전북특별자치도,김제시,건강보조식품가게,20.0,20.0,21.0
전북특별자치도,김제시,건어물가게,13.0,13.0,13.0
전북특별자치도,김제시,건축사,10.0,10.0,10.0
전북특별자치도,김제시,결혼상담소,5.0,5.0,4.0
전북특별자치도,김제시,곡물가게,41.0,41.0,42.0
전북특별자치도,김제시,공인회계사,0.0,0.0,0.0
전북특별자치도,김제시,과일가게,16.0,17.0,17.0
전북특별자치도,김제시,교습소ㆍ공부방,43.0,43.0,44.0
전북특별자치도,김제시,교습학원,42.0,41.0,40.0
전북특별자치도,김제시,구내식당,29.0,29.0,34.0
전북특별자치도,김제시,기술ㆍ직업훈련학원,42.0,42.0,38.0
전북특별자치도,김제시,기술사,0.0,0.0,0.0
전북특별자치도,김제시,기타외국식음식점,20.0,19.0,17.0
전북특별자치도,김제시,기타음식점,48.0,47.0,41.0
전북특별자치도,김제시,기타일반의원,11.0,11.0,11.0
전북특별자치도,김제시,꽃가게,70.0,71.0,71.0
전북특별자치도,김제시,내과ㆍ소아과의원,17.0,18.0,18.0
전북특별자치도,김제시,노래방,14.0,14.0,14.0
전북특별자치도,김제시,담배ㆍ복권소매업,33.0,33.0,35.0
전북특별자치도,김제시,당구장,28.0,28.0,28.0
전북특별자치도,김제시,독서실,3.0,3.0,3.0
전북특별자치도,김제시,동물병원,11.0,11.0,11.0
전북특별자치도,김제시,목욕탕,9.0,9.0,8.0
전북특별자치도,김제시,문구점,18.0,19.0,17.0
전북특별자치도,김제시,미용실,162.0,162.0,162.0
전북특별자치도,김제시,법무사,11.0,11.0,11.0
전북특별자치도,김제시,변호사,0.0,0.0,0.0
전북특별자치도,김제시,부동산중개업,86.0,86.0,88.0
전북특별자치도,김제시,분식점,70.0,71.0,64.0
전북특별자치도,김제시,사진촬영업,17.0,17.0,16.0
전북특별자치도,김제시,산부인과의원,0.0,0.0,0.0
전북특별자치도,김제시,생선가게,19.0,19.0,17.0
전북특별자치도,김제시,서점,9.0,9.0,8.0
전북특별자치도,김제시,세무사,5.0,5.0,5.0
전북특별자치도,김제시,세탁소,33.0,33.0,34.0
전북특별자치도,김제시,슈퍼마켓,36.0,37.0,34.0
전북특별자치도,김제시,스포츠교육기관,31.0,32.0,31.0
전북특별자치도,김제시,스포츠시설운영업,12.0,12.0,11.0
전북특별자치도,김제시,스포츠용품점,57.0,57.0,51.0
전북특별자치도,김제시,시계ㆍ귀금속점,6.0,6.0,7.0
전북특별자치도,김제시,식료품가게,142.0,143.0,151.0
전북특별자치도,김제시,신경정신과의원,3.0,3.0,3.0
전북특별자치도,김제시,신발가게,7.0,7.0,8.0
전북특별자치도,김제시,실내스크린골프점,9.0,9.0,9.0
전북특별자치도,김제시,실내장식가게,24.0,25.0,21.0
전북특별자치도,김제시,실외골프연습장,0.0,0.0,0.0
전북특별자치도,김제시,안경점,10.0,10.0,10.0
전북특별자치도,김제시,안과의원,3.0,3.0,3.0
전북특별자치도,김제시,애완용품점,14.0,14.0,12.0
전북특별자치도,김제시,약국,44.0,44.0,42.0
전북특별자치도,김제시,여관ㆍ모텔,52.0,52.0,52.0
전북특별자치도,김제시,여행사,14.0,14.0,15.0
전북특별자치도,김제시,예술학원,41.0,41.0,41.0
전북특별자치도,김제시,예식장,4.0,4.0,4.0
전북특별자치도,김제시,옷가게,88.0,87.0,100.0
전북특별자치도,김제시,의료용품가게,17.0,17.0,17.0
전북특별자치도,김제시,이륜자동차판매점,10.0,10.0,10.0
전북특별자치도,김제시,이발소,24.0,24.0,26.0
전북특별자치도,김제시,이비인후과의원,3.0,3.0,3.0
전북특별자치도,김제시,일반외과의원,8.0,8.0,8.0
전북특별자치도,김제시,일식음식점,14.0,14.0,15.0
전북특별자치도,김제시,자동차수리점,89.0,90.0,92.0
전북특별자치도,김제시,자전거판매점,5.0,5.0,5.0
전북특별자치도,김제시,장난감가게,6.0,6.0,5.0
전북특별자치도,김제시,정육점,59.0,59.0,62.0
전북특별자치도,김제시,제과점,29.0,29.0,26.0
전북특별자치도,김제시,종합병원,10.0,10.0,10.0
전북특별자치도,김제시,주유소,65.0,66.0,68.0
전북특별자치도,김제시,중고차판매점,7.0,7.0,7.0
전북특별자치도,김제시,중식음식점,61.0,61.0,58.0
전북특별자치도,김제시,채소가게,38.0,38.0,37.0
전북특별자치도,김제시,철물점,17.0,17.0,17.0
전북특별자치도,김제시,치과의원,20.0,19.0,19.0
전북특별자치도,김제시,침구ㆍ커튼가게,13.0,13.0,15.0
전북특별자치도,김제시,커피음료점,134.0,134.0,128.0
전북특별자치도,김제시,컴퓨터판매점,0.0,0.0,0.0
전북특별자치도,김제시,통신판매업,439.0,433.0,392.0
전북특별자치도,김제시,패스트푸드점,111.0,111.0,120.0
전북특별자치도,김제시,펜션ㆍ게스트하우스,22.0,22.0,20.0
전북특별자치도,김제시,편의점,79.0,78.0,75.0
전북특별자치도,김제시,피부ㆍ비뇨기과의원,4.0,4.0,4.0
전북특별자치도,김제시,피부관리업,47.0,48.0,45.0
전북특별자치도,김제시,한방병원ㆍ한의원,21.0,21.0,21.0
전북특별자치도,김제시,한식음식점,694.0,691.0,673.0
전북특별자치도,김제시,헬스클럽,10.0,9.0,7.0
전북특별자치도,김제시,호프주점,7.0,7.0,7.0
전북특별자치도,김제시,화장품가게,40.0,41.0,38.0
전북특별자치도,김제시,휴대폰가게,29.0,29.0,31.0
전북특별자치도,남원시,LPG 충전소,9.0,8.0,8.0
전북특별자치도,남원시,pc방,9.0,9.0,9.0
전북특별자치도,남원시,가구점,15.0,15.0,15.0
전북특별자치도,남원시,가전제품수리점,30.0,31.0,33.0
전북특별자치도,남원시,가전제품판매점,25.0,25.0,25.0
전북특별자치도,남원시,간이주점,8.0,8.0,10.0
전북특별자치도,남원시,간판광고물업,25.0,25.0,24.0
전북특별자치도,남원시,감정평가사,0.0,0.0,0.0
전북특별자치도,남원시,건강보조식품가게,39.0,40.0,41.0
전북특별자치도,남원시,건어물가게,26.0,26.0,25.0
전북특별자치도,남원시,건축사,19.0,19.0,19.0
전북특별자치도,남원시,결혼상담소,4.0,4.0,4.0
전북특별자치도,남원시,곡물가게,26.0,26.0,27.0
전북특별자치도,남원시,공인회계사,0.0,0.0,0.0
전북특별자치도,남원시,과일가게,28.0,28.0,29.0
전북특별자치도,남원시,교습소ㆍ공부방,40.0,39.0,35.0
전북특별자치도,남원시,교습학원,59.0,60.0,60.0
전북특별자치도,남원시,구내식당,32.0,32.0,33.0
전북특별자치도,남원시,기술ㆍ직업훈련학원,35.0,34.0,36.0
전북특별자치도,남원시,기술사,4.0,4.0,4.0
전북특별자치도,남원시,기타외국식음식점,16.0,16.0,15.0
전북특별자치도,남원시,기타음식점,39.0,40.0,37.0
전북특별자치도,남원시,기타일반의원,9.0,9.0,9.0
전북특별자치도,남원시,꽃가게,58.0,59.0,57.0
전북특별자치도,남원시,내과ㆍ소아과의원,19.0,19.0,19.0
전북특별자치도,남원시,노래방,22.0,22.0,22.0
전북특별자치도,남원시,담배ㆍ복권소매업,47.0,47.0,50.0
전북특별자치도,남원시,당구장,27.0,27.0,29.0
전북특별자치도,남원시,독서실,8.0,8.0,9.0
전북특별자치도,남원시,동물병원,5.0,5.0,6.0
전북특별자치도,남원시,목욕탕,13.0,13.0,13.0
전북특별자치도,남원시,문구점,18.0,18.0,18.0
전북특별자치도,남원시,미용실,177.0,177.0,181.0
전북특별자치도,남원시,법무사,16.0,16.0,17.0
전북특별자치도,남원시,변호사,5.0,5.0,4.0
전북특별자치도,남원시,부동산중개업,62.0,62.0,68.0
전북특별자치도,남원시,분식점,95.0,95.0,97.0
전북특별자치도,남원시,사진촬영업,22.0,22.0,21.0
전북특별자치도,남원시,산부인과의원,0.0,0.0,0.0
전북특별자치도,남원시,생선가게,34.0,34.0,32.0
전북특별자치도,남원시,서점,12.0,12.0,12.0
전북특별자치도,남원시,세무사,11.0,11.0,11.0
전북특별자치도,남원시,세탁소,47.0,48.0,49.0
전북특별자치도,남원시,슈퍼마켓,40.0,40.0,40.0
전북특별자치도,남원시,스포츠교육기관,44.0,44.0,44.0
전북특별자치도,남원시,스포츠시설운영업,11.0,11.0,11.0
전북특별자치도,남원시,스포츠용품점,64.0,62.0,66.0
전북특별자치도,남원시,시계ㆍ귀금속점,13.0,13.0,14.0
전북특별자치도,남원시,식료품가게,204.0,207.0,222.0
전북특별자치도,남원시,신경정신과의원,4.0,4.0,4.0
전북특별자치도,남원시,신발가게,17.0,17.0,18.0
전북특별자치도,남원시,실내스크린골프점,14.0,15.0,16.0
전북특별자치도,남원시,실내장식가게,47.0,47.0,47.0
전북특별자치도,남원시,실외골프연습장,5.0,5.0,4.0
전북특별자치도,남원시,안경점,12.0,12.0,13.0
전북특별자치도,남원시,안과의원,4.0,4.0,4.0
전북특별자치도,남원시,애완용품점,15.0,15.0,14.0
전북특별자치도,남원시,약국,39.0,39.0,40.0
전북특별자치도,남원시,여관ㆍ모텔,45.0,45.0,48.0
전북특별자치도,남원시,여행사,10.0,9.0,10.0
전북특별자치도,남원시,예술학원,36.0,35.0,36.0
전북특별자치도,남원시,예식장,0.0,0.0,0.0
전북특별자치도,남원시,옷가게,156.0,157.0,152.0
전북특별자치도,남원시,의료용품가게,19.0,19.0,21.0
전북특별자치도,남원시,이륜자동차판매점,7.0,7.0,8.0
전북특별자치도,남원시,이발소,37.0,37.0,38.0
전북특별자치도,남원시,이비인후과의원,4.0,4.0,4.0
전북특별자치도,남원시,일반외과의원,11.0,11.0,11.0
전북특별자치도,남원시,일식음식점,28.0,29.0,30.0
전북특별자치도,남원시,자동차수리점,98.0,98.0,100.0
전북특별자치도,남원시,자전거판매점,7.0,7.0,7.0
전북특별자치도,남원시,장난감가게,0.0,0.0,0.0
전북특별자치도,남원시,정육점,65.0,66.0,65.0
전북특별자치도,남원시,제과점,41.0,40.0,38.0
전북특별자치도,남원시,종합병원,7.0,7.0,7.0
전북특별자치도,남원시,주유소,56.0,55.0,51.0
전북특별자치도,남원시,주차장운영업,5.0,5.0,6.0
전북특별자치도,남원시,중고차판매점,9.0,9.0,10.0
전북특별자치도,남원시,중식음식점,62.0,62.0,63.0
전북특별자치도,남원시,채소가게,66.0,68.0,67.0
전북특별자치도,남원시,철물점,37.0,38.0,37.0
전북특별자치도,남원시,치과의원,20.0,20.0,20.0
전북특별자치도,남원시,침구ㆍ커튼가게,28.0,28.0,28.0
전북특별자치도,남원시,커피음료점,203.0,203.0,198.0
전북특별자치도,남원시,컴퓨터판매점,15.0,15.0,14.0
전북특별자치도,남원시,통신판매업,355.0,352.0,354.0
전북특별자치도,남원시,패스트푸드점,77.0,78.0,77.0
전북특별자치도,남원시,펜션ㆍ게스트하우스,108.0,106.0,78.0
전북특별자치도,남원시,편의점,58.0,57.0,58.0
전북특별자치도,남원시,피부ㆍ비뇨기과의원,4.0,4.0,4.0
전북특별자치도,남원시,피부관리업,91.0,88.0,82.0
전북특별자치도,남원시,한방병원ㆍ한의원,15.0,15.0,15.0
전북특별자치도,남원시,한식음식점,843.0,839.0,837.0
전북특별자치도,남원시,헬스클럽,14.0,14.0,13.0
전북특별자치도,남원시,호프주점,32.0,33.0,36.0
전북특별자치도,남원시,화장품가게,57.0,55.0,63.0
전북특별자치도,남원시,휴대폰가게,33.0,33.0,37.0
전북특별자치도,무주군,LPG 충전소,0.0,0.0,0.0
전북특별자치도,무주군,pc방,3.0,4.0,5.0
전북특별자치도,무주군,가구점,0.0,0.0,0.0
전북특별자치도,무주군,가전제품수리점,5.0,4.0,3.0
전북특별자치도,무주군,가전제품판매점,7.0,7.0,7.0
전북특별자치도,무주군,간이주점,0.0,0.0,0.0
전북특별자치도,무주군,간판광고물업,8.0,8.0,6.0
전북특별자치도,무주군,건강보조식품가게,16.0,16.0,15.0
전북특별자치도,무주군,건어물가게,3.0,3.0,3.0
전북특별자치도,무주군,건축사,5.0,5.0,5.0
전북특별자치도,무주군,곡물가게,8.0,8.0,8.0
전북특별자치도,무주군,과일가게,21.0,20.0,19.0
전북특별자치도,무주군,교습소ㆍ공부방,7.0,6.0,5.0
전북특별자치도,무주군,교습학원,18.0,19.0,18.0
전북특별자치도,무주군,구내식당,11.0,11.0,10.0
전북특별자치도,무주군,기술ㆍ직업훈련학원,4.0,4.0,3.0
전북특별자치도,무주군,기타외국식음식점,8.0,8.0,7.0
전북특별자치도,무주군,기타음식점,17.0,17.0,18.0
전북특별자치도,무주군,꽃가게,16.0,16.0,16.0
전북특별자치도,무주군,내과ㆍ소아과의원,4.0,4.0,4.0
전북특별자치도,무주군,노래방,9.0,9.0,9.0
전북특별자치도,무주군,담배ㆍ복권소매업,12.0,12.0,12.0
전북특별자치도,무주군,당구장,13.0,13.0,12.0
전북특별자치도,무주군,독서실,0.0,0.0,0.0
전북특별자치도,무주군,동물병원,0.0,0.0,0.0
전북특별자치도,무주군,목욕탕,0.0,0.0,0.0
전북특별자치도,무주군,문구점,6.0,6.0,7.0
전북특별자치도,무주군,미용실,49.0,50.0,49.0
전북특별자치도,무주군,법무사,4.0,4.0,4.0
전북특별자치도,무주군,부동산중개업,16.0,16.0,16.0
전북특별자치도,무주군,분식점,32.0,32.0,30.0
전북특별자치도,무주군,사진촬영업,4.0,4.0,5.0
전북특별자치도,무주군,생선가게,4.0,4.0,0.0
전북특별자치도,무주군,서점,0.0,0.0,0.0
전북특별자치도,무주군,세탁소,5.0,5.0,6.0
전북특별자치도,무주군,슈퍼마켓,6.0,6.0,5.0
전북특별자치도,무주군,스포츠교육기관,10.0,10.0,10.0
전북특별자치도,무주군,스포츠시설운영업,0.0,0.0,0.0
전북특별자치도,무주군,스포츠용품점,24.0,24.0,21.0
전북특별자치도,무주군,시계ㆍ귀금속점,4.0,4.0,4.0
전북특별자치도,무주군,식료품가게,88.0,88.0,90.0
전북특별자치도,무주군,신경정신과의원,0.0,0.0,0.0
전북특별자치도,무주군,신발가게,5.0,5.0,5.0
전북특별자치도,무주군,실내스크린골프점,5.0,5.0,5.0
전북특별자치도,무주군,실내장식가게,12.0,13.0,9.0
전북특별자치도,무주군,실외골프연습장,0.0,0.0,0.0
전북특별자치도,무주군,안경점,3.0,3.0,3.0
전북특별자치도,무주군,안과의원,0.0,0.0,0.0
전북특별자치도,무주군,애완용품점,0.0,0.0,0.0
전북특별자치도,무주군,약국,12.0,12.0,12.0
전북특별자치도,무주군,여관ㆍ모텔,39.0,38.0,38.0
전북특별자치도,무주군,여행사,6.0,6.0,6.0
전북특별자치도,무주군,예술학원,6.0,6.0,6.0
전북특별자치도,무주군,옷가게,25.0,24.0,30.0
전북특별자치도,무주군,의료용품가게,5.0,5.0,5.0
전북특별자치도,무주군,이륜자동차판매점,0.0,0.0,0.0
전북특별자치도,무주군,이발소,11.0,11.0,11.0
전북특별자치도,무주군,일반외과의원,3.0,3.0,4.0
전북특별자치도,무주군,일식음식점,0.0,0.0,0.0
전북특별자치도,무주군,자동차수리점,24.0,24.0,24.0
전북특별자치도,무주군,자전거판매점,0.0,0.0,0.0
전북특별자치도,무주군,장난감가게,0.0,0.0,0.0
전북특별자치도,무주군,정육점,16.0,16.0,19.0
전북특별자치도,무주군,제과점,10.0,10.0,11.0
전북특별자치도,무주군,종합병원,0.0,0.0,0.0
전북특별자치도,무주군,주유소,24.0,24.0,24.0
전북특별자치도,무주군,중고차판매점,0.0,0.0,0.0
전북특별자치도,무주군,중식음식점,20.0,21.0,20.0
전북특별자치도,무주군,채소가게,20.0,20.0,21.0
전북특별자치도,무주군,철물점,6.0,6.0,7.0
전북특별자치도,무주군,치과의원,5.0,5.0,5.0
전북특별자치도,무주군,침구ㆍ커튼가게,5.0,5.0,5.0
전북특별자치도,무주군,커피음료점,53.0,53.0,50.0
전북특별자치도,무주군,컴퓨터판매점,3.0,3.0,4.0
전북특별자치도,무주군,통신판매업,125.0,126.0,117.0
전북특별자치도,무주군,패스트푸드점,39.0,40.0,40.0
전북특별자치도,무주군,펜션ㆍ게스트하우스,126.0,126.0,127.0
전북특별자치도,무주군,편의점,33.0,34.0,34.0
전북특별자치도,무주군,피부관리업,13.0,13.0,11.0
전북특별자치도,무주군,한방병원ㆍ한의원,7.0,7.0,8.0
전북특별자치도,무주군,한식음식점,319.0,320.0,318.0
전북특별자치도,무주군,헬스클럽,0.0,0.0,0.0
전북특별자치도,무주군,호프주점,13.0,13.0,14.0
전북특별자치도,무주군,화장품가게,4.0,3.0,5.0
전북특별자치도,무주군,휴대폰가게,5.0,5.0,5.0
전북특별자치도,부안군,LPG 충전소,7.0,7.0,6.0
전북특별자치도,부안군,pc방,3.0,3.0,3.0
전북특별자치도,부안군,가구점,6.0,6.0,6.0
전북특별자치도,부안군,가전제품수리점,12.0,12.0,10.0
전북특별자치도,부안군,가전제품판매점,10.0,10.0,10.0
전북특별자치도,부안군,간이주점,5.0,5.0,5.0
전북특별자치도,부안군,간판광고물업,16.0,16.0,16.0
전북특별자치도,부안군,건강보조식품가게,12.0,13.0,14.0
전북특별자치도,부안군,건어물가게,66.0,65.0,68.0
전북특별자치도,부안군,건축사,7.0,7.0,10.0
전북특별자치도,부안군,결혼상담소,0.0,0.0,0.0
전북특별자치도,부안군,곡물가게,21.0,20.0,21.0
전북특별자치도,부안군,과일가게,20.0,19.0,19.0
전북특별자치도,부안군,교습소ㆍ공부방,12.0,11.0,10.0
전북특별자치도,부안군,교습학원,30.0,31.0,32.0
전북특별자치도,부안군,구내식당,22.0,22.0,23.0
전북특별자치도,부안군,기술ㆍ직업훈련학원,22.0,24.0,19.0
전북특별자치도,부안군,기술사,0.0,0.0,0.0
전북특별자치도,부안군,기타외국식음식점,19.0,18.0,17.0
전북특별자치도,부안군,기타음식점,20.0,20.0,20.0
전북특별자치도,부안군,기타일반의원,0.0,0.0,0.0
전북특별자치도,부안군,꽃가게,40.0,41.0,41.0
전북특별자치도,부안군,내과ㆍ소아과의원,8.0,8.0,8.0
전북특별자치도,부안군,노래방,9.0,9.0,10.0
전북특별자치도,부안군,담배ㆍ복권소매업,25.0,26.0,24.0
전북특별자치도,부안군,당구장,16.0,16.0,17.0
전북특별자치도,부안군,독서실,3.0,4.0,4.0
전북특별자치도,부안군,동물병원,8.0,8.0,8.0
전북특별자치도,부안군,목욕탕,11.0,11.0,10.0
전북특별자치도,부안군,문구점,14.0,14.0,13.0
전북특별자치도,부안군,미용실,95.0,95.0,99.0
전북특별자치도,부안군,법무사,9.0,9.0,8.0
전북특별자치도,부안군,변호사,0.0,0.0,0.0
전북특별자치도,부안군,부동산중개업,71.0,71.0,80.0
전북특별자치도,부안군,분식점,60.0,59.0,65.0
전북특별자치도,부안군,사진촬영업,10.0,10.0,10.0
전북특별자치도,부안군,산부인과의원,0.0,0.0,0.0
전북특별자치도,부안군,생선가게,114.0,114.0,110.0
전북특별자치도,부안군,서점,7.0,7.0,8.0
전북특별자치도,부안군,성형외과의원,0.0,0.0,0.0
전북특별자치도,부안군,세무사,3.0,3.0,3.0
전북특별자치도,부안군,세탁소,25.0,25.0,24.0
전북특별자치도,부안군,슈퍼마켓,29.0,30.0,29.0
전북특별자치도,부안군,스포츠교육기관,12.0,12.0,10.0
전북특별자치도,부안군,스포츠시설운영업,3.0,3.0,5.0
전북특별자치도,부안군,스포츠용품점,31.0,31.0,32.0
전북특별자치도,부안군,시계ㆍ귀금속점,8.0,9.0,9.0
전북특별자치도,부안군,식료품가게,143.0,143.0,143.0
전북특별자치도,부안군,신경정신과의원,0.0,0.0,0.0
전북특별자치도,부안군,신발가게,12.0,12.0,12.0
전북특별자치도,부안군,실내스크린골프점,9.0,9.0,7.0
전북특별자치도,부안군,실내장식가게,8.0,8.0,8.0
전북특별자치도,부안군,실외골프연습장,5.0,5.0,5.0
전북특별자치도,부안군,안경점,9.0,9.0,9.0
전북특별자치도,부안군,안과의원,0.0,0.0,0.0
전북특별자치도,부안군,애완용품점,5.0,5.0,6.0
전북특별자치도,부안군,약국,29.0,29.0,31.0
전북특별자치도,부안군,여관ㆍ모텔,66.0,66.0,72.0
전북특별자치도,부안군,여행사,6.0,6.0,7.0
전북특별자치도,부안군,예술학원,19.0,19.0,17.0
전북특별자치도,부안군,예식장,0.0,0.0,0.0
전북특별자치도,부안군,옷가게,66.0,65.0,65.0
전북특별자치도,부안군,의료용품가게,8.0,8.0,8.0
전북특별자치도,부안군,이륜자동차판매점,5.0,5.0,5.0
전북특별자치도,부안군,이발소,21.0,21.0,20.0
전북특별자치도,부안군,이비인후과의원,0.0,0.0,0.0
전북특별자치도,부안군,일반외과의원,7.0,7.0,7.0
전북특별자치도,부안군,일식음식점,20.0,21.0,22.0
전북특별자치도,부안군,자동차수리점,64.0,64.0,68.0
전북특별자치도,부안군,자전거판매점,0.0,0.0,0.0
전북특별자치도,부안군,장난감가게,8.0,8.0,6.0
전북특별자치도,부안군,정육점,40.0,40.0,39.0
전북특별자치도,부안군,제과점,19.0,20.0,20.0
전북특별자치도,부안군,종합병원,4.0,4.0,6.0
전북특별자치도,부안군,주유소,36.0,36.0,37.0
전북특별자치도,부안군,주차장운영업,3.0,3.0,3.0
전북특별자치도,부안군,중고차판매점,0.0,0.0,0.0
전북특별자치도,부안군,중식음식점,34.0,34.0,36.0
전북특별자치도,부안군,채소가게,24.0,25.0,25.0
전북특별자치도,부안군,철물점,21.0,21.0,21.0
전북특별자치도,부안군,치과의원,16.0,16.0,16.0
전북특별자치도,부안군,침구ㆍ커튼가게,19.0,18.0,18.0
전북특별자치도,부안군,커피음료점,113.0,111.0,113.0
전북특별자치도,부안군,컴퓨터판매점,3.0,3.0,4.0
전북특별자치도,부안군,통신판매업,268.0,267.0,239.0
전북특별자치도,부안군,패스트푸드점,59.0,62.0,60.0
전북특별자치도,부안군,펜션ㆍ게스트하우스,152.0,153.0,154.0
전북특별자치도,부안군,편의점,60.0,60.0,60.0
전북특별자치도,부안군,피부ㆍ비뇨기과의원,0.0,0.0,0.0
전북특별자치도,부안군,피부관리업,39.0,39.0,37.0
전북특별자치도,부안군,한방병원ㆍ한의원,15.0,16.0,16.0
전북특별자치도,부안군,한식음식점,593.0,605.0,589.0
전북특별자치도,부안군,헬스클럽,7.0,7.0,5.0
전북특별자치도,부안군,호프주점,34.0,33.0,38.0
전북특별자치도,부안군,화장품가게,30.0,30.0,33.0
전북특별자치도,부안군,휴대폰가게,21.0,21.0,19.0
전북특별자치도,순창군,LPG 충전소,0.0,0.0,0.0
전북특별자치도,순창군,pc방,0.0,0.0,0.0
전북특별자치도,순창군,가구점,0.0,0.0,0.0
전북특별자치도,순창군,가전제품수리점,9.0,9.0,9.0
전북특별자치도,순창군,가전제품판매점,5.0,5.0,6.0
전북특별자치도,순창군,간판광고물업,9.0,9.0,9.0
전북특별자치도,순창군,건강보조식품가게,11.0,11.0,12.0
전북특별자치도,순창군,건어물가게,6.0,6.0,7.0
전북특별자치도,순창군,건축사,5.0,5.0,5.0
전북특별자치도,순창군,결혼상담소,0.0,0.0,0.0
전북특별자치도,순창군,곡물가게,9.0,9.0,8.0
전북특별자치도,순창군,과일가게,21.0,21.0,21.0
전북특별자치도,순창군,교습소ㆍ공부방,9.0,8.0,9.0
전북특별자치도,순창군,교습학원,17.0,17.0,16.0
전북특별자치도,순창군,구내식당,7.0,7.0,7.0
전북특별자치도,순창군,기술ㆍ직업훈련학원,11.0,11.0,8.0
전북특별자치도,순창군,기타외국식음식점,4.0,4.0,3.0
전북특별자치도,순창군,기타음식점,15.0,15.0,13.0
전북특별자치도,순창군,기타일반의원,3.0,3.0,3.0
전북특별자치도,순창군,꽃가게,21.0,21.0,20.0
전북특별자치도,순창군,내과ㆍ소아과의원,6.0,6.0,7.0
전북특별자치도,순창군,노래방,3.0,3.0,4.0
전북특별자치도,순창군,담배ㆍ복권소매업,22.0,22.0,22.0
전북특별자치도,순창군,당구장,8.0,8.0,6.0
전북특별자치도,순창군,독서실,0.0,0.0,0.0
전북특별자치도,순창군,동물병원,9.0,9.0,9.0
전북특별자치도,순창군,목욕탕,3.0,3.0,3.0
전북특별자치도,순창군,문구점,3.0,3.0,3.0
전북특별자치도,순창군,미용실,49.0,48.0,47.0
전북특별자치도,순창군,법무사,6.0,6.0,6.0
전북특별자치도,순창군,부동산중개업,13.0,13.0,13.0
전북특별자치도,순창군,분식점,24.0,25.0,25.0
전북특별자치도,순창군,사진촬영업,0.0,0.0,0.0
전북특별자치도,순창군,생선가게,8.0,8.0,7.0
전북특별자치도,순창군,서점,0.0,0.0,0.0
전북특별자치도,순창군,세탁소,13.0,13.0,13.0
전북특별자치도,순창군,슈퍼마켓,13.0,13.0,11.0
전북특별자치도,순창군,스포츠교육기관,3.0,3.0,3.0
전북특별자치도,순창군,스포츠용품점,15.0,15.0,17.0
전북특별자치도,순창군,시계ㆍ귀금속점,6.0,6.0,6.0
전북특별자치도,순창군,식료품가게,58.0,59.0,57.0
전북특별자치도,순창군,신경정신과의원,0.0,0.0,0.0
전북특별자치도,순창군,신발가게,0.0,0.0,0.0
전북특별자치도,순창군,실내스크린골프점,0.0,0.0,0.0
전북특별자치도,순창군,실내장식가게,17.0,17.0,15.0
전북특별자치도,순창군,실외골프연습장,0.0,0.0,0.0
전북특별자치도,순창군,안경점,0.0,0.0,0.0
전북특별자치도,순창군,안과의원,0.0,0.0,0.0
전북특별자치도,순창군,애완용품점,3.0,3.0,3.0
전북특별자치도,순창군,약국,14.0,14.0,16.0
전북특별자치도,순창군,여관ㆍ모텔,20.0,20.0,19.0
전북특별자치도,순창군,여행사,7.0,7.0,7.0
전북특별자치도,순창군,예술학원,7.0,7.0,6.0
전북특별자치도,순창군,예식장,0.0,0.0,0.0
전북특별자치도,순창군,옷가게,35.0,35.0,33.0
전북특별자치도,순창군,의료용품가게,4.0,4.0,4.0
전북특별자치도,순창군,이륜자동차판매점,4.0,4.0,5.0
전북특별자치도,순창군,이발소,9.0,9.0,9.0
전북특별자치도,순창군,이비인후과의원,0.0,0.0,0.0
전북특별자치도,순창군,일반외과의원,0.0,0.0,0.0
전북특별자치도,순창군,자동차수리점,22.0,22.0,22.0
전북특별자치도,순창군,자전거판매점,3.0,3.0,3.0
전북특별자치도,순창군,장난감가게,0.0,0.0,0.0
전북특별자치도,순창군,정육점,17.0,16.0,18.0
전북특별자치도,순창군,제과점,12.0,12.0,10.0
전북특별자치도,순창군,종합병원,3.0,3.0,3.0
전북특별자치도,순창군,주유소,15.0,15.0,17.0
전북특별자치도,순창군,중고차판매점,0.0,0.0,0.0
전북특별자치도,순창군,중식음식점,21.0,21.0,21.0
전북특별자치도,순창군,채소가게,18.0,18.0,20.0
전북특별자치도,순창군,철물점,8.0,8.0,8.0
전북특별자치도,순창군,치과의원,7.0,7.0,7.0
전북특별자치도,순창군,침구ㆍ커튼가게,6.0,6.0,4.0
전북특별자치도,순창군,커피음료점,53.0,53.0,54.0
전북특별자치도,순창군,컴퓨터판매점,0.0,0.0,0.0
전북특별자치도,순창군,통신판매업,136.0,136.0,128.0
전북특별자치도,순창군,패스트푸드점,21.0,22.0,22.0
전북특별자치도,순창군,펜션ㆍ게스트하우스,39.0,38.0,37.0
전북특별자치도,순창군,편의점,15.0,15.0,14.0
전북특별자치도,순창군,피부ㆍ비뇨기과의원,0.0,0.0,0.0
전북특별자치도,순창군,피부관리업,12.0,12.0,12.0
전북특별자치도,순창군,한방병원ㆍ한의원,7.0,7.0,7.0
전북특별자치도,순창군,한식음식점,258.0,258.0,255.0
전북특별자치도,순창군,호프주점,8.0,7.0,9.0
전북특별자치도,순창군,화장품가게,12.0,12.0,14.0
전북특별자치도,순창군,휴대폰가게,6.0,6.0,4.0
전북특별자치도,완주군,LPG 충전소,11.0,11.0,11.0
전북특별자치도,완주군,pc방,7.0,7.0,7.0
전북특별자치도,완주군,가구점,16.0,16.0,15.0
전북특별자치도,완주군,가전제품수리점,38.0,37.0,35.0
전북특별자치도,완주군,가전제품판매점,20.0,20.0,21.0
전북특별자치도,완주군,간이주점,6.0,6.0,5.0
전북특별자치도,완주군,간판광고물업,17.0,17.0,14.0
전북특별자치도,완주군,건강보조식품가게,28.0,27.0,30.0
전북특별자치도,완주군,건어물가게,9.0,9.0,9.0
전북특별자치도,완주군,건축사,32.0,32.0,30.0
전북특별자치도,완주군,결혼상담소,0.0,0.0,0.0
전북특별자치도,완주군,곡물가게,20.0,20.0,21.0
전북특별자치도,완주군,과일가게,109.0,107.0,86.0
전북특별자치도,완주군,교습소ㆍ공부방,63.0,62.0,60.0
전북특별자치도,완주군,교습학원,135.0,135.0,127.0
전북특별자치도,완주군,구내식당,38.0,36.0,41.0
전북특별자치도,완주군,기술ㆍ직업훈련학원,61.0,62.0,60.0
전북특별자치도,완주군,기술사,6.0,6.0,6.0
전북특별자치도,완주군,기타외국식음식점,36.0,35.0,36.0
전북특별자치도,완주군,기타음식점,44.0,45.0,37.0
전북특별자치도,완주군,기타일반의원,16.0,16.0,16.0
전북특별자치도,완주군,꽃가게,87.0,87.0,82.0
전북특별자치도,완주군,내과ㆍ소아과의원,22.0,22.0,22.0
전북특별자치도,완주군,노래방,18.0,19.0,19.0
전북특별자치도,완주군,담배ㆍ복권소매업,26.0,27.0,30.0
전북특별자치도,완주군,당구장,25.0,24.0,25.0
전북특별자치도,완주군,독서실,5.0,6.0,7.0
전북특별자치도,완주군,동물병원,11.0,11.0,11.0
전북특별자치도,완주군,목욕탕,9.0,9.0,9.0
전북특별자치도,완주군,문구점,24.0,23.0,26.0
전북특별자치도,완주군,미용실,152.0,152.0,146.0
전북특별자치도,완주군,법무사,5.0,5.0,6.0
전북특별자치도,완주군,부동산중개업,165.0,163.0,163.0
전북특별자치도,완주군,분식점,93.0,95.0,86.0
전북특별자치도,완주군,사진촬영업,18.0,19.0,21.0
전북특별자치도,완주군,산부인과의원,0.0,0.0,0.0
전북특별자치도,완주군,생선가게,16.0,16.0,19.0
전북특별자치도,완주군,서점,24.0,24.0,22.0
전북특별자치도,완주군,성형외과의원,0.0,0.0,0.0
전북특별자치도,완주군,세무사,4.0,4.0,4.0
전북특별자치도,완주군,세탁소,36.0,35.0,37.0
전북특별자치도,완주군,슈퍼마켓,75.0,77.0,74.0
전북특별자치도,완주군,스포츠교육기관,60.0,59.0,54.0
전북특별자치도,완주군,스포츠시설운영업,16.0,16.0,18.0
전북특별자치도,완주군,스포츠용품점,32.0,33.0,26.0
전북특별자치도,완주군,시계ㆍ귀금속점,8.0,8.0,8.0
전북특별자치도,완주군,식료품가게,214.0,216.0,228.0
전북특별자치도,완주군,신경정신과의원,0.0,0.0,0.0
전북특별자치도,완주군,신발가게,6.0,6.0,7.0
전북특별자치도,완주군,실내스크린골프점,24.0,24.0,24.0
전북특별자치도,완주군,실내장식가게,45.0,42.0,39.0
전북특별자치도,완주군,실외골프연습장,6.0,6.0,8.0
전북특별자치도,완주군,안경점,14.0,14.0,14.0
전북특별자치도,완주군,안과의원,0.0,0.0,0.0
전북특별자치도,완주군,애완용품점,10.0,9.0,9.0
전북특별자치도,완주군,약국,42.0,41.0,43.0
전북특별자치도,완주군,여관ㆍ모텔,39.0,39.0,44.0
전북특별자치도,완주군,여행사,22.0,22.0,20.0
전북특별자치도,완주군,예술학원,50.0,50.0,55.0
전북특별자치도,완주군,예식장,0.0,0.0,0.0
전북특별자치도,완주군,옷가게,66.0,68.0,66.0
전북특별자치도,완주군,의료용품가게,11.0,11.0,11.0
전북특별자치도,완주군,이륜자동차판매점,9.0,9.0,10.0
전북특별자치도,완주군,이발소,13.0,13.0,13.0
전북특별자치도,완주군,이비인후과의원,0.0,0.0,0.0
전북특별자치도,완주군,일반외과의원,7.0,7.0,6.0
전북특별자치도,완주군,일식음식점,24.0,24.0,24.0
전북특별자치도,완주군,자동차수리점,92.0,93.0,92.0
전북특별자치도,완주군,자전거판매점,7.0,7.0,6.0
전북특별자치도,완주군,장난감가게,7.0,7.0,6.0
전북특별자치도,완주군,정육점,65.0,63.0,62.0
전북특별자치도,완주군,제과점,30.0,28.0,29.0
전북특별자치도,완주군,종합병원,8.0,8.0,10.0
전북특별자치도,완주군,주유소,63.0,62.0,62.0
전북특별자치도,완주군,주차장운영업,8.0,8.0,8.0
전북특별자치도,완주군,중고차판매점,7.0,7.0,7.0
전북특별자치도,완주군,중식음식점,61.0,60.0,62.0
전북특별자치도,완주군,채소가게,89.0,89.0,85.0
전북특별자치도,완주군,철물점,22.0,22.0,21.0
전북특별자치도,완주군,치과의원,20.0,20.0,20.0
전북특별자치도,완주군,침구ㆍ커튼가게,11.0,11.0,14.0
전북특별자치도,완주군,커피음료점,244.0,246.0,246.0
전북특별자치도,완주군,컴퓨터판매점,11.0,11.0,11.0
전북특별자치도,완주군,통신판매업,710.0,711.0,677.0
전북특별자치도,완주군,패스트푸드점,100.0,100.0,104.0
전북특별자치도,완주군,펜션ㆍ게스트하우스,115.0,112.0,96.0
전북특별자치도,완주군,편의점,94.0,94.0,95.0
전북특별자치도,완주군,피부ㆍ비뇨기과의원,0.0,0.0,0.0
전북특별자치도,완주군,피부관리업,58.0,55.0,55.0
전북특별자치도,완주군,한방병원ㆍ한의원,25.0,25.0,25.0
전북특별자치도,완주군,한식음식점,985.0,983.0,985.0
전북특별자치도,완주군,헬스클럽,17.0,17.0,17.0
전북특별자치도,완주군,호프주점,17.0,17.0,19.0
전북특별자치도,완주군,화장품가게,37.0,36.0,39.0
전북특별자치도,완주군,휴대폰가게,23.0,22.0,21.0
전북특별자치도,익산시,LPG 충전소,20.0,20.0,19.0
전북특별자치도,익산시,pc방,46.0,47.0,49.0
전북특별자치도,익산시,가구점,52.0,51.0,57.0
전북특별자치도,익산시,가전제품수리점,113.0,114.0,108.0
전북특별자치도,익산시,가전제품판매점,95.0,95.0,94.0
전북특별자치도,익산시,간이주점,9.0,9.0,11.0
전북특별자치도,익산시,간판광고물업,94.0,94.0,92.0
전북특별자치도,익산시,감정평가사,0.0,0.0,0.0
전북특별자치도,익산시,건강보조식품가게,100.0,99.0,101.0
전북특별자치도,익산시,건어물가게,39.0,38.0,36.0
전북특별자치도,익산시,건축사,47.0,47.0,47.0
전북특별자치도,익산시,결혼상담소,13.0,13.0,12.0
전북특별자치도,익산시,곡물가게,55.0,56.0,61.0
전북특별자치도,익산시,공인노무사,5.0,5.0,6.0
전북특별자치도,익산시,공인회계사,6.0,6.0,6.0
전북특별자치도,익산시,과일가게,73.0,73.0,71.0
전북특별자치도,익산시,교습소ㆍ공부방,159.0,152.0,153.0
전북특별자치도,익산시,교습학원,384.0,385.0,389.0
전북특별자치도,익산시,구내식당,84.0,86.0,88.0
전북특별자치도,익산시,기술ㆍ직업훈련학원,111.0,110.0,112.0
전북특별자치도,익산시,기술사,9.0,9.0,7.0
전북특별자치도,익산시,기타외국식음식점,143.0,143.0,148.0
전북특별자치도,익산시,기타음식점,77.0,78.0,81.0
전북특별자치도,익산시,기타일반의원,20.0,20.0,19.0
전북특별자치도,익산시,꽃가게,174.0,174.0,175.0
전북특별자치도,익산시,내과ㆍ소아과의원,67.0,67.0,68.0
전북특별자치도,익산시,노래방,152.0,151.0,154.0
전북특별자치도,익산시,담배ㆍ복권소매업,62.0,62.0,64.0
전북특별자치도,익산시,당구장,92.0,91.0,97.0
전북특별자치도,익산시,독서실,21.0,22.0,24.0
전북특별자치도,익산시,동물병원,22.0,22.0,22.0
전북특별자치도,익산시,목욕탕,30.0,31.0,32.0
전북특별자치도,익산시,문구점,58.0,57.0,60.0
전북특별자치도,익산시,미용실,749.0,751.0,735.0
전북특별자치도,익산시,법무사,31.0,31.0,30.0
전북특별자치도,익산시,변호사,14.0,14.0,13.0
전북특별자치도,익산시,부동산중개업,442.0,449.0,460.0
전북특별자치도,익산시,분식점,282.0,285.0,308.0
전북특별자치도,익산시,사진촬영업,65.0,66.0,64.0
전북특별자치도,익산시,산부인과의원,11.0,11.0,11.0
전북특별자치도,익산시,생선가게,59.0,58.0,58.0
전북특별자치도,익산시,서점,55.0,57.0,58.0
전북특별자치도,익산시,성형외과의원,5.0,5.0,4.0
전북특별자치도,익산시,세무사,44.0,43.0,44.0
전북특별자치도,익산시,세탁소,161.0,161.0,154.0
전북특별자치도,익산시,슈퍼마켓,146.0,148.0,144.0
전북특별자치도,익산시,스포츠교육기관,165.0,167.0,167.0
전북특별자치도,익산시,스포츠시설운영업,38.0,38.0,38.0
전북특별자치도,익산시,스포츠용품점,132.0,131.0,139.0
전북특별자치도,익산시,시계ㆍ귀금속점,84.0,84.0,84.0
전북특별자치도,익산시,식료품가게,344.0,341.0,354.0
전북특별자치도,익산시,신경정신과의원,11.0,11.0,11.0
전북특별자치도,익산시,신발가게,40.0,40.0,42.0
전북특별자치도,익산시,실내스크린골프점,56.0,56.0,55.0
전북특별자치도,익산시,실내장식가게,65.0,66.0,58.0
전북특별자치도,익산시,실외골프연습장,17.0,18.0,21.0
전북특별자치도,익산시,안경점,55.0,55.0,57.0
전북특별자치도,익산시,안과의원,6.0,6.0,6.0
전북특별자치도,익산시,애완용품점,66.0,65.0,64.0
전북특별자치도,익산시,약국,159.0,160.0,159.0
전북특별자치도,익산시,여관ㆍ모텔,139.0,139.0,134.0
전북특별자치도,익산시,여행사,49.0,50.0,48.0
전북특별자치도,익산시,예술학원,170.0,172.0,177.0
전북특별자치도,익산시,예식장,0.0,0.0,0.0
전북특별자치도,익산시,옷가게,502.0,504.0,529.0
전북특별자치도,익산시,의료용품가게,46.0,45.0,47.0
전북특별자치도,익산시,이륜자동차판매점,24.0,24.0,23.0
전북특별자치도,익산시,이발소,46.0,46.0,48.0
전북특별자치도,익산시,이비인후과의원,13.0,13.0,13.0
전북특별자치도,익산시,일반외과의원,28.0,28.0,29.0
전북특별자치도,익산시,일식음식점,66.0,68.0,72.0
전북특별자치도,익산시,자동차수리점,328.0,328.0,330.0
전북특별자치도,익산시,자전거판매점,22.0,22.0,22.0
전북특별자치도,익산시,장난감가게,14.0,14.0,12.0
전북특별자치도,익산시,정육점,168.0,168.0,168.0
전북특별자치도,익산시,제과점,123.0,122.0,112.0
전북특별자치도,익산시,종합병원,19.0,19.0,19.0
전북특별자치도,익산시,주유소,126.0,125.0,127.0
전북특별자치도,익산시,주차장운영업,23.0,23.0,20.0
전북특별자치도,익산시,중고차판매점,36.0,36.0,36.0
전북특별자치도,익산시,중식음식점,160.0,161.0,160.0
전북특별자치도,익산시,채소가게,100.0,101.0,103.0
전북특별자치도,익산시,철물점,69.0,69.0,68.0
전북특별자치도,익산시,치과의원,90.0,90.0,90.0
전북특별자치도,익산시,침구ㆍ커튼가게,69.0,67.0,65.0
전북특별자치도,익산시,커피음료점,508.0,504.0,509.0
전북특별자치도,익산시,컴퓨터판매점,45.0,46.0,44.0
전북특별자치도,익산시,통신판매업,1819.0,1805.0,1707.0
전북특별자치도,익산시,패스트푸드점,259.0,258.0,261.0
전북특별자치도,익산시,펜션ㆍ게스트하우스,46.0,46.0,42.0
전북특별자치도,익산시,편의점,226.0,226.0,232.0
전북특별자치도,익산시,피부ㆍ비뇨기과의원,13.0,14.0,13.0
전북특별자치도,익산시,피부관리업,347.0,346.0,336.0
전북특별자치도,익산시,한방병원ㆍ한의원,82.0,82.0,83.0
전북특별자치도,익산시,한식음식점,2240.0,2242.0,2271.0
전북특별자치도,익산시,헬스클럽,48.0,50.0,51.0
전북특별자치도,익산시,호프주점,127.0,130.0,150.0
전북특별자치도,익산시,화장품가게,238.0,241.0,256.0
전북특별자치도,익산시,휴대폰가게,113.0,115.0,122.0
전북특별자치도,임실군,LPG 충전소,0.0,0.0,0.0
전북특별자치도,임실군,pc방,0.0,0.0,0.0
전북특별자치도,임실군,가구점,3.0,3.0,3.0
전북특별자치도,임실군,가전제품수리점,11.0,12.0,13.0
전북특별자치도,임실군,가전제품판매점,4.0,4.0,4.0
전북특별자치도,임실군,간이주점,0.0,0.0,0.0
전북특별자치도,임실군,간판광고물업,4.0,4.0,5.0
전북특별자치도,임실군,건강보조식품가게,8.0,8.0,8.0
전북특별자치도,임실군,건어물가게,4.0,4.0,3.0
전북특별자치도,임실군,건축사,7.0,7.0,8.0
전북특별자치도,임실군,결혼상담소,0.0,0.0,0.0
전북특별자치도,임실군,곡물가게,14.0,14.0,17.0
전북특별자치도,임실군,과일가게,6.0,6.0,7.0
전북특별자치도,임실군,교습소ㆍ공부방,6.0,6.0,6.0
전북특별자치도,임실군,교습학원,9.0,9.0,9.0
전북특별자치도,임실군,구내식당,11.0,11.0,13.0
전북특별자치도,임실군,기술ㆍ직업훈련학원,9.0,9.0,9.0
전북특별자치도,임실군,기술사,0.0,0.0,0.0
전북특별자치도,임실군,기타외국식음식점,15.0,15.0,14.0
전북특별자치도,임실군,기타음식점,19.0,19.0,15.0
전북특별자치도,임실군,기타일반의원,6.0,6.0,6.0
전북특별자치도,임실군,꽃가게,22.0,21.0,20.0
전북특별자치도,임실군,내과ㆍ소아과의원,5.0,5.0,5.0
전북특별자치도,임실군,노래방,5.0,5.0,5.0
전북특별자치도,임실군,담배ㆍ복권소매업,35.0,35.0,35.0
전북특별자치도,임실군,당구장,8.0,8.0,8.0
전북특별자치도,임실군,동물병원,6.0,6.0,6.0
전북특별자치도,임실군,목욕탕,0.0,0.0,0.0
전북특별자치도,임실군,문구점,5.0,5.0,4.0
전북특별자치도,임실군,미용실,39.0,39.0,41.0
전북특별자치도,임실군,법무사,3.0,3.0,3.0
전북특별자치도,임실군,부동산중개업,13.0,13.0,12.0
전북특별자치도,임실군,분식점,33.0,33.0,25.0
전북특별자치도,임실군,사진촬영업,3.0,3.0,3.0
전북특별자치도,임실군,생선가게,5.0,4.0,3.0
전북특별자치도,임실군,서점,3.0,3.0,0.0
전북특별자치도,임실군,세탁소,12.0,12.0,12.0
전북특별자치도,임실군,슈퍼마켓,13.0,13.0,12.0
전북특별자치도,임실군,스포츠교육기관,4.0,4.0,5.0
전북특별자치도,임실군,스포츠시설운영업,0.0,0.0,0.0
전북특별자치도,임실군,스포츠용품점,9.0,9.0,10.0
전북특별자치도,임실군,시계ㆍ귀금속점,3.0,3.0,4.0
전북특별자치도,임실군,식료품가게,61.0,62.0,65.0
전북특별자치도,임실군,신발가게,0.0,0.0,0.0
전북특별자치도,임실군,실내스크린골프점,0.0,0.0,0.0
전북특별자치도,임실군,실내장식가게,16.0,15.0,13.0
전북특별자치도,임실군,실외골프연습장,0.0,0.0,0.0
전북특별자치도,임실군,안경점,3.0,3.0,3.0
전북특별자치도,임실군,애완용품점,3.0,3.0,0.0
전북특별자치도,임실군,약국,14.0,14.0,14.0
전북특별자치도,임실군,여관ㆍ모텔,19.0,19.0,18.0
전북특별자치도,임실군,여행사,8.0,8.0,7.0
전북특별자치도,임실군,예술학원,10.0,11.0,11.0
전북특별자치도,임실군,옷가게,15.0,15.0,16.0
전북특별자치도,임실군,의료용품가게,0.0,0.0,0.0
전북특별자치도,임실군,이륜자동차판매점,4.0,4.0,4.0
전북특별자치도,임실군,이발소,13.0,13.0,13.0
전북특별자치도,임실군,일반외과의원,0.0,0.0,0.0
전북특별자치도,임실군,일식음식점,3.0,4.0,3.0
전북특별자치도,임실군,자동차수리점,27.0,27.0,29.0
전북특별자치도,임실군,자전거판매점,0.0,0.0,0.0
전북특별자치도,임실군,정육점,16.0,16.0,15.0
전북특별자치도,임실군,제과점,6.0,6.0,8.0
전북특별자치도,임실군,종합병원,3.0,3.0,3.0
전북특별자치도,임실군,주유소,22.0,23.0,20.0
전북특별자치도,임실군,중식음식점,23.0,25.0,23.0
전북특별자치도,임실군,채소가게,21.0,20.0,17.0
전북특별자치도,임실군,철물점,11.0,12.0,12.0
전북특별자치도,임실군,치과의원,6.0,6.0,6.0
전북특별자치도,임실군,침구ㆍ커튼가게,9.0,9.0,8.0
전북특별자치도,임실군,커피음료점,51.0,49.0,44.0
전북특별자치도,임실군,컴퓨터판매점,0.0,0.0,0.0
전북특별자치도,임실군,통신판매업,106.0,105.0,99.0
전북특별자치도,임실군,패스트푸드점,18.0,18.0,17.0
전북특별자치도,임실군,펜션ㆍ게스트하우스,20.0,20.0,19.0
전북특별자치도,임실군,편의점,23.0,21.0,21.0
전북특별자치도,임실군,피부관리업,7.0,7.0,7.0
전북특별자치도,임실군,한방병원ㆍ한의원,8.0,8.0,9.0
전북특별자치도,임실군,한식음식점,236.0,238.0,239.0
전북특별자치도,임실군,헬스클럽,0.0,0.0,0.0
전북특별자치도,임실군,호프주점,7.0,8.0,9.0
전북특별자치도,임실군,화장품가게,5.0,5.0,7.0
전북특별자치도,임실군,휴대폰가게,6.0,6.0,6.0
전북특별자치도,장수군,pc방,0.0,0.0,0.0
전북특별자치도,장수군,가구점,0.0,0.0,0.0
전북특별자치도,장수군,가전제품수리점,3.0,0.0,0.0
전북특별자치도,장수군,가전제품판매점,4.0,4.0,5.0
전북특별자치도,장수군,간이주점,0.0,0.0,0.0
전북특별자치도,장수군,간판광고물업,5.0,5.0,6.0
전북특별자치도,장수군,건강보조식품가게,8.0,8.0,9.0
전북특별자치도,장수군,건어물가게,3.0,3.0,0.0
전북특별자치도,장수군,건축사,6.0,6.0,6.0
전북특별자치도,장수군,곡물가게,8.0,8.0,10.0
전북특별자치도,장수군,과일가게,35.0,35.0,36.0
전북특별자치도,장수군,교습소ㆍ공부방,6.0,6.0,7.0
전북특별자치도,장수군,교습학원,16.0,16.0,17.0
전북특별자치도,장수군,구내식당,9.0,9.0,8.0
전북특별자치도,장수군,기술ㆍ직업훈련학원,9.0,9.0,9.0
전북특별자치도,장수군,기타외국식음식점,0.0,0.0,0.0
전북특별자치도,장수군,기타음식점,8.0,8.0,7.0
전북특별자치도,장수군,기타일반의원,0.0,0.0,0.0
전북특별자치도,장수군,꽃가게,22.0,22.0,26.0
전북특별자치도,장수군,내과ㆍ소아과의원,6.0,6.0,6.0
전북특별자치도,장수군,노래방,0.0,0.0,0.0
전북특별자치도,장수군,담배ㆍ복권소매업,19.0,19.0,20.0
전북특별자치도,장수군,당구장,7.0,7.0,7.0
전북특별자치도,장수군,동물병원,5.0,5.0,4.0
전북특별자치도,장수군,목욕탕,0.0,0.0,0.0
전북특별자치도,장수군,문구점,4.0,4.0,3.0
전북특별자치도,장수군,미용실,41.0,41.0,40.0
전북특별자치도,장수군,법무사,3.0,3.0,3.0
전북특별자치도,장수군,부동산중개업,15.0,15.0,16.0
전북특별자치도,장수군,분식점,27.0,27.0,25.0
전북특별자치도,장수군,사진촬영업,5.0,5.0,5.0
전북특별자치도,장수군,생선가게,6.0,6.0,4.0
전북특별자치도,장수군,서점,4.0,4.0,3.0
전북특별자치도,장수군,세탁소,8.0,8.0,6.0
전북특별자치도,장수군,슈퍼마켓,7.0,7.0,7.0
전북특별자치도,장수군,스포츠교육기관,4.0,4.0,5.0
전북특별자치도,장수군,스포츠시설운영업,0.0,0.0,0.0
전북특별자치도,장수군,스포츠용품점,6.0,5.0,6.0
전북특별자치도,장수군,시계ㆍ귀금속점,0.0,0.0,0.0
전북특별자치도,장수군,식료품가게,41.0,41.0,38.0
전북특별자치도,장수군,신발가게,0.0,0.0,0.0
전북특별자치도,장수군,실내스크린골프점,3.0,3.0,3.0
전북특별자치도,장수군,실내장식가게,8.0,8.0,7.0
전북특별자치도,장수군,실외골프연습장,0.0,0.0,0.0
전북특별자치도,장수군,안경점,0.0,0.0,0.0
전북특별자치도,장수군,애완용품점,0.0,0.0,0.0
전북특별자치도,장수군,약국,9.0,9.0,9.0
전북특별자치도,장수군,여관ㆍ모텔,7.0,7.0,7.0
전북특별자치도,장수군,여행사,8.0,8.0,9.0
전북특별자치도,장수군,예술학원,5.0,5.0,5.0
전북특별자치도,장수군,예식장,0.0,0.0,0.0
전북특별자치도,장수군,옷가게,15.0,15.0,14.0
전북특별자치도,장수군,의료용품가게,0.0,0.0,0.0
전북특별자치도,장수군,이륜자동차판매점,0.0,0.0,0.0
전북특별자치도,장수군,이발소,13.0,13.0,14.0
전북특별자치도,장수군,일식음식점,3.0,3.0,0.0
전북특별자치도,장수군,자동차수리점,23.0,23.0,23.0
전북특별자치도,장수군,자전거판매점,0.0,0.0,0.0
전북특별자치도,장수군,장난감가게,0.0,0.0,0.0
전북특별자치도,장수군,정육점,10.0,10.0,10.0
전북특별자치도,장수군,제과점,6.0,6.0,6.0
전북특별자치도,장수군,주유소,8.0,8.0,9.0
전북특별자치도,장수군,중식음식점,21.0,21.0,21.0
전북특별자치도,장수군,채소가게,18.0,17.0,15.0
전북특별자치도,장수군,철물점,11.0,11.0,10.0
전북특별자치도,장수군,치과의원,5.0,5.0,5.0
전북특별자치도,장수군,침구ㆍ커튼가게,7.0,7.0,7.0
전북특별자치도,장수군,커피음료점,35.0,35.0,38.0
전북특별자치도,장수군,컴퓨터판매점,3.0,3.0,3.0
전북특별자치도,장수군,통신판매업,96.0,94.0,92.0
전북특별자치도,장수군,패스트푸드점,20.0,21.0,20.0
전북특별자치도,장수군,펜션ㆍ게스트하우스,28.0,28.0,27.0
전북특별자치도,장수군,편의점,16.0,16.0,18.0
전북특별자치도,장수군,피부관리업,11.0,11.0,11.0
전북특별자치도,장수군,한방병원ㆍ한의원,4.0,4.0,4.0
전북특별자치도,장수군,한식음식점,188.0,189.0,195.0
전북특별자치도,장수군,헬스클럽,0.0,0.0,0.0
전북특별자치도,장수군,호프주점,8.0,8.0,11.0
전북특별자치도,장수군,화장품가게,7.0,7.0,7.0
전북특별자치도,장수군,휴대폰가게,3.0,3.0,3.0
전북특별자치도,전주시 덕진구,LPG 충전소,14.0,14.0,14.0
전북특별자치도,전주시 덕진구,pc방,55.0,56.0,65.0
전북특별자치도,전주시 덕진구,가구점,46.0,46.0,49.0
전북특별자치도,전주시 덕진구,가전제품수리점,152.0,154.0,137.0
전북특별자치도,전주시 덕진구,가전제품판매점,92.0,92.0,94.0
전북특별자치도,전주시 덕진구,간이주점,33.0,33.0,31.0
전북특별자치도,전주시 덕진구,간판광고물업,97.0,97.0,97.0
전북특별자치도,전주시 덕진구,감정평가사,16.0,15.0,13.0
전북특별자치도,전주시 덕진구,건강보조식품가게,85.0,85.0,89.0
전북특별자치도,전주시 덕진구,건어물가게,24.0,24.0,25.0
전북특별자치도,전주시 덕진구,건축사,71.0,71.0,70.0
전북특별자치도,전주시 덕진구,결혼상담소,19.0,18.0,15.0
전북특별자치도,전주시 덕진구,곡물가게,24.0,25.0,25.0
전북특별자치도,전주시 덕진구,공인노무사,23.0,23.0,19.0
전북특별자치도,전주시 덕진구,공인회계사,7.0,7.0,7.0
전북특별자치도,전주시 덕진구,과일가게,71.0,70.0,66.0
전북특별자치도,전주시 덕진구,교습소ㆍ공부방,307.0,306.0,304.0
전북특별자치도,전주시 덕진구,교습학원,709.0,707.0,695.0
전북특별자치도,전주시 덕진구,구내식당,53.0,53.0,59.0
전북특별자치도,전주시 덕진구,기술ㆍ직업훈련학원,175.0,175.0,163.0
전북특별자치도,전주시 덕진구,기술사,7.0,7.0,8.0
전북특별자치도,전주시 덕진구,기타외국식음식점,134.0,134.0,132.0
전북특별자치도,전주시 덕진구,기타음식점,90.0,93.0,91.0
전북특별자치도,전주시 덕진구,기타일반의원,38.0,38.0,37.0
전북특별자치도,전주시 덕진구,꽃가게,172.0,172.0,170.0
전북특별자치도,전주시 덕진구,내과ㆍ소아과의원,85.0,86.0,85.0
전북특별자치도,전주시 덕진구,노래방,121.0,123.0,130.0
전북특별자치도,전주시 덕진구,담배ㆍ복권소매업,62.0,62.0,60.0
전북특별자치도,전주시 덕진구,당구장,113.0,112.0,115.0
전북특별자치도,전주시 덕진구,독서실,69.0,69.0,73.0
전북특별자치도,전주시 덕진구,동물병원,20.0,20.0,21.0
전북특별자치도,전주시 덕진구,목욕탕,16.0,16.0,16.0
전북특별자치도,전주시 덕진구,문구점,81.0,80.0,76.0
전북특별자치도,전주시 덕진구,미용실,801.0,799.0,793.0
전북특별자치도,전주시 덕진구,법무사,97.0,98.0,99.0
전북특별자치도,전주시 덕진구,변리사,6.0,6.0,6.0
전북특별자치도,전주시 덕진구,변호사,138.0,137.0,137.0
전북특별자치도,전주시 덕진구,부동산중개업,876.0,882.0,898.0
전북특별자치도,전주시 덕진구,분식점,341.0,340.0,360.0
전북특별자치도,전주시 덕진구,사진촬영업,109.0,108.0,100.0
전북특별자치도,전주시 덕진구,산부인과의원,15.0,15.0,14.0
전북특별자치도,전주시 덕진구,생선가게,41.0,39.0,39.0
전북특별자치도,전주시 덕진구,서점,79.0,80.0,72.0
전북특별자치도,전주시 덕진구,성형외과의원,0.0,0.0,0.0
전북특별자치도,전주시 덕진구,세무사,74.0,76.0,75.0
전북특별자치도,전주시 덕진구,세탁소,203.0,203.0,199.0
전북특별자치도,전주시 덕진구,슈퍼마켓,174.0,174.0,175.0
전북특별자치도,전주시 덕진구,스포츠교육기관,266.0,266.0,260.0
전북특별자치도,전주시 덕진구,스포츠시설운영업,85.0,84.0,84.0
전북특별자치도,전주시 덕진구,스포츠용품점,144.0,145.0,141.0
전북특별자치도,전주시 덕진구,시계ㆍ귀금속점,42.0,42.0,44.0
전북특별자치도,전주시 덕진구,식료품가게,316.0,320.0,317.0
전북특별자치도,전주시 덕진구,신경정신과의원,19.0,19.0,18.0
전북특별자치도,전주시 덕진구,신발가게,18.0,18.0,20.0
전북특별자치도,전주시 덕진구,실내스크린골프점,71.0,71.0,72.0
전북특별자치도,전주시 덕진구,실내장식가게,89.0,90.0,87.0
전북특별자치도,전주시 덕진구,실외골프연습장,17.0,18.0,17.0
전북특별자치도,전주시 덕진구,안경점,68.0,68.0,69.0
전북특별자치도,전주시 덕진구,안과의원,11.0,11.0,11.0
전북특별자치도,전주시 덕진구,애완용품점,56.0,55.0,60.0
전북특별자치도,전주시 덕진구,약국,180.0,179.0,179.0
전북특별자치도,전주시 덕진구,여관ㆍ모텔,165.0,171.0,175.0
전북특별자치도,전주시 덕진구,여행사,92.0,91.0,91.0
전북특별자치도,전주시 덕진구,예술학원,289.0,290.0,298.0
전북특별자치도,전주시 덕진구,예식장,9.0,9.0,9.0
전북특별자치도,전주시 덕진구,옷가게,406.0,408.0,455.0
전북특별자치도,전주시 덕진구,의료용품가게,71.0,73.0,72.0
전북특별자치도,전주시 덕진구,이륜자동차판매점,22.0,21.0,22.0
전북특별자치도,전주시 덕진구,이발소,55.0,54.0,58.0
전북특별자치도,전주시 덕진구,이비인후과의원,18.0,18.0,19.0
전북특별자치도,전주시 덕진구,일반외과의원,25.0,25.0,27.0
전북특별자치도,전주시 덕진구,일식음식점,104.0,106.0,105.0
전북특별자치도,전주시 덕진구,자동차수리점,516.0,515.0,502.0
전북특별자치도,전주시 덕진구,자전거판매점,22.0,22.0,24.0
전북특별자치도,전주시 덕진구,장난감가게,16.0,16.0,16.0
전북특별자치도,전주시 덕진구,정육점,134.0,132.0,127.0
전북특별자치도,전주시 덕진구,제과점,143.0,142.0,133.0
전북특별자치도,전주시 덕진구,종합병원,24.0,24.0,26.0
전북특별자치도,전주시 덕진구,주유소,82.0,82.0,79.0
전북특별자치도,전주시 덕진구,주차장운영업,41.0,40.0,38.0
전북특별자치도,전주시 덕진구,중고차판매점,127.0,128.0,125.0
전북특별자치도,전주시 덕진구,중식음식점,166.0,167.0,164.0
전북특별자치도,전주시 덕진구,채소가게,117.0,120.0,112.0
전북특별자치도,전주시 덕진구,철물점,61.0,61.0,56.0
전북특별자치도,전주시 덕진구,치과의원,119.0,119.0,121.0
전북특별자치도,전주시 덕진구,침구ㆍ커튼가게,49.0,50.0,45.0
전북특별자치도,전주시 덕진구,커피음료점,693.0,690.0,673.0
전북특별자치도,전주시 덕진구,컴퓨터판매점,61.0,61.0,63.0
전북특별자치도,전주시 덕진구,통신판매업,2947.0,2981.0,2857.0
전북특별자치도,전주시 덕진구,패스트푸드점,367.0,366.0,386.0
전북특별자치도,전주시 덕진구,펜션ㆍ게스트하우스,38.0,38.0,28.0
전북특별자치도,전주시 덕진구,편의점,337.0,336.0,344.0
전북특별자치도,전주시 덕진구,피부ㆍ비뇨기과의원,23.0,23.0,23.0
전북특별자치도,전주시 덕진구,피부관리업,490.0,489.0,471.0
전북특별자치도,전주시 덕진구,한방병원ㆍ한의원,95.0,95.0,97.0
전북특별자치도,전주시 덕진구,한식음식점,2154.0,2161.0,2211.0
전북특별자치도,전주시 덕진구,헬스클럽,111.0,111.0,111.0
전북특별자치도,전주시 덕진구,호프주점,77.0,78.0,87.0
전북특별자치도,전주시 덕진구,화장품가게,242.0,244.0,265.0
전북특별자치도,전주시 덕진구,휴대폰가게,134.0,132.0,124.0
전북특별자치도,전주시 완산구,LPG 충전소,14.0,14.0,13.0
전북특별자치도,전주시 완산구,pc방,47.0,48.0,52.0
전북특별자치도,전주시 완산구,가구점,101.0,103.0,106.0
전북특별자치도,전주시 완산구,가전제품수리점,167.0,167.0,156.0
전북특별자치도,전주시 완산구,가전제품판매점,121.0,121.0,123.0
전북특별자치도,전주시 완산구,간이주점,61.0,61.0,70.0
전북특별자치도,전주시 완산구,간판광고물업,116.0,117.0,116.0
전북특별자치도,전주시 완산구,감정평가사,21.0,22.0,22.0
전북특별자치도,전주시 완산구,건강보조식품가게,137.0,138.0,133.0
전북특별자치도,전주시 완산구,건어물가게,39.0,39.0,44.0
전북특별자치도,전주시 완산구,건축사,149.0,149.0,156.0
전북특별자치도,전주시 완산구,결혼상담소,33.0,33.0,33.0
전북특별자치도,전주시 완산구,곡물가게,41.0,42.0,40.0
전북특별자치도,전주시 완산구,공인노무사,8.0,8.0,7.0
전북특별자치도,전주시 완산구,공인회계사,14.0,14.0,12.0
전북특별자치도,전주시 완산구,과일가게,87.0,86.0,81.0
전북특별자치도,전주시 완산구,교습소ㆍ공부방,336.0,336.0,330.0
전북특별자치도,전주시 완산구,교습학원,663.0,669.0,665.0
전북특별자치도,전주시 완산구,구내식당,63.0,63.0,71.0
전북특별자치도,전주시 완산구,기술ㆍ직업훈련학원,224.0,223.0,213.0
전북특별자치도,전주시 완산구,기술사,11.0,11.0,12.0
전북특별자치도,전주시 완산구,기타외국식음식점,244.0,245.0,240.0
전북특별자치도,전주시 완산구,기타음식점,133.0,135.0,133.0
전북특별자치도,전주시 완산구,기타일반의원,49.0,49.0,49.0
전북특별자치도,전주시 완산구,꽃가게,246.0,249.0,248.0
전북특별자치도,전주시 완산구,내과ㆍ소아과의원,81.0,82.0,80.0
전북특별자치도,전주시 완산구,노래방,214.0,216.0,226.0
전북특별자치도,전주시 완산구,담배ㆍ복권소매업,56.0,56.0,55.0
전북특별자치도,전주시 완산구,당구장,113.0,116.0,118.0
전북특별자치도,전주시 완산구,독서실,45.0,45.0,47.0
전북특별자치도,전주시 완산구,동물병원,25.0,25.0,25.0
전북특별자치도,전주시 완산구,목욕탕,20.0,21.0,21.0
전북특별자치도,전주시 완산구,문구점,83.0,80.0,86.0
전북특별자치도,전주시 완산구,미용실,1052.0,1050.0,1022.0
전북특별자치도,전주시 완산구,법무사,30.0,30.0,30.0
전북특별자치도,전주시 완산구,변호사,21.0,20.0,20.0
전북특별자치도,전주시 완산구,부동산중개업,908.0,912.0,941.0
전북특별자치도,전주시 완산구,분식점,361.0,360.0,373.0
전북특별자치도,전주시 완산구,사진촬영업,177.0,176.0,179.0
전북특별자치도,전주시 완산구,산부인과의원,12.0,12.0,12.0
전북특별자치도,전주시 완산구,생선가게,59.0,57.0,59.0
전북특별자치도,전주시 완산구,서점,121.0,122.0,127.0
전북특별자치도,전주시 완산구,성형외과의원,17.0,17.0,18.0
전북특별자치도,전주시 완산구,세무사,108.0,106.0,103.0
전북특별자치도,전주시 완산구,세탁소,218.0,220.0,221.0
전북특별자치도,전주시 완산구,슈퍼마켓,200.0,206.0,205.0
전북특별자치도,전주시 완산구,스포츠교육기관,246.0,242.0,234.0
전북특별자치도,전주시 완산구,스포츠시설운영업,83.0,83.0,87.0
전북특별자치도,전주시 완산구,스포츠용품점,193.0,194.0,208.0
전북특별자치도,전주시 완산구,시계ㆍ귀금속점,93.0,93.0,89.0
전북특별자치도,전주시 완산구,식료품가게,418.0,423.0,438.0
전북특별자치도,전주시 완산구,신경정신과의원,22.0,22.0,23.0
전북특별자치도,전주시 완산구,신발가게,56.0,56.0,61.0
전북특별자치도,전주시 완산구,실내스크린골프점,76.0,75.0,79.0
전북특별자치도,전주시 완산구,실내장식가게,147.0,146.0,155.0
전북특별자치도,전주시 완산구,실외골프연습장,20.0,20.0,17.0
전북특별자치도,전주시 완산구,안경점,89.0,90.0,91.0
전북특별자치도,전주시 완산구,안과의원,14.0,15.0,15.0
전북특별자치도,전주시 완산구,애완용품점,76.0,77.0,76.0
전북특별자치도,전주시 완산구,약국,218.0,219.0,212.0
전북특별자치도,전주시 완산구,여관ㆍ모텔,94.0,95.0,101.0
전북특별자치도,전주시 완산구,여행사,131.0,131.0,129.0
전북특별자치도,전주시 완산구,예술학원,312.0,312.0,314.0
전북특별자치도,전주시 완산구,예식장,7.0,7.0,6.0
전북특별자치도,전주시 완산구,옷가게,885.0,884.0,930.0
전북특별자치도,전주시 완산구,의료용품가게,101.0,100.0,99.0
전북특별자치도,전주시 완산구,이륜자동차판매점,22.0,22.0,22.0
전북특별자치도,전주시 완산구,이발소,75.0,75.0,73.0
전북특별자치도,전주시 완산구,이비인후과의원,17.0,17.0,16.0
전북특별자치도,전주시 완산구,일반외과의원,44.0,44.0,43.0
전북특별자치도,전주시 완산구,일식음식점,186.0,184.0,176.0
전북특별자치도,전주시 완산구,자동차수리점,240.0,240.0,244.0
전북특별자치도,전주시 완산구,자전거판매점,18.0,18.0,19.0
전북특별자치도,전주시 완산구,장난감가게,28.0,30.0,30.0
전북특별자치도,전주시 완산구,정육점,190.0,193.0,203.0
전북특별자치도,전주시 완산구,제과점,208.0,209.0,202.0
전북특별자치도,전주시 완산구,종합병원,40.0,40.0,39.0
전북특별자치도,전주시 완산구,주유소,70.0,73.0,72.0
전북특별자치도,전주시 완산구,주차장운영업,106.0,102.0,97.0
전북특별자치도,전주시 완산구,중고차판매점,22.0,21.0,20.0
전북특별자치도,전주시 완산구,중식음식점,161.0,161.0,157.0
전북특별자치도,전주시 완산구,채소가게,121.0,123.0,111.0
전북특별자치도,전주시 완산구,철물점,59.0,58.0,59.0
전북특별자치도,전주시 완산구,치과의원,162.0,162.0,164.0
전북특별자치도,전주시 완산구,침구ㆍ커튼가게,115.0,115.0,122.0
전북특별자치도,전주시 완산구,커피음료점,872.0,876.0,910.0
전북특별자치도,전주시 완산구,컴퓨터판매점,64.0,64.0,61.0
전북특별자치도,전주시 완산구,통신판매업,2992.0,3003.0,2914.0
전북특별자치도,전주시 완산구,패스트푸드점,368.0,376.0,382.0
전북특별자치도,전주시 완산구,펜션ㆍ게스트하우스,319.0,321.0,279.0
전북특별자치도,전주시 완산구,편의점,286.0,285.0,303.0
전북특별자치도,전주시 완산구,피부ㆍ비뇨기과의원,45.0,45.0,45.0
전북특별자치도,전주시 완산구,피부관리업,687.0,681.0,659.0
전북특별자치도,전주시 완산구,한방병원ㆍ한의원,134.0,135.0,134.0
전북특별자치도,전주시 완산구,한식음식점,2708.0,2719.0,2805.0
전북특별자치도,전주시 완산구,헬스클럽,91.0,91.0,91.0
전북특별자치도,전주시 완산구,호프주점,74.0,75.0,82.0
전북특별자치도,전주시 완산구,화장품가게,400.0,405.0,432.0
전북특별자치도,전주시 완산구,휴대폰가게,147.0,147.0,135.0
전북특별자치도,정읍시,LPG 충전소,10.0,10.0,10.0
전북특별자치도,정읍시,pc방,12.0,12.0,15.0
전북특별자치도,정읍시,가구점,17.0,17.0,17.0
전북특별자치도,정읍시,가전제품수리점,39.0,40.0,38.0
전북특별자치도,정읍시,가전제품판매점,31.0,31.0,31.0
전북특별자치도,정읍시,간이주점,0.0,0.0,0.0
전북특별자치도,정읍시,간판광고물업,25.0,25.0,26.0
전북특별자치도,정읍시,건강보조식품가게,37.0,39.0,38.0
전북특별자치도,정읍시,건어물가게,16.0,16.0,16.0
전북특별자치도,정읍시,건축사,22.0,22.0,21.0
전북특별자치도,정읍시,결혼상담소,5.0,5.0,4.0
전북특별자치도,정읍시,곡물가게,32.0,33.0,34.0
전북특별자치도,정읍시,공인회계사,0.0,0.0,0.0
전북특별자치도,정읍시,과일가게,34.0,34.0,30.0
전북특별자치도,정읍시,교습소ㆍ공부방,41.0,41.0,40.0
전북특별자치도,정읍시,교습학원,96.0,96.0,99.0
전북특별자치도,정읍시,구내식당,34.0,33.0,36.0
전북특별자치도,정읍시,기술ㆍ직업훈련학원,57.0,56.0,53.0
전북특별자치도,정읍시,기술사,3.0,3.0,3.0
전북특별자치도,정읍시,기타외국식음식점,81.0,83.0,91.0
전북특별자치도,정읍시,기타음식점,22.0,22.0,27.0
전북특별자치도,정읍시,기타일반의원,9.0,9.0,9.0
전북특별자치도,정읍시,꽃가게,74.0,74.0,73.0
전북특별자치도,정읍시,내과ㆍ소아과의원,28.0,28.0,28.0
전북특별자치도,정읍시,노래방,13.0,13.0,13.0
전북특별자치도,정읍시,담배ㆍ복권소매업,37.0,37.0,38.0
전북특별자치도,정읍시,당구장,31.0,31.0,35.0
전북특별자치도,정읍시,독서실,5.0,5.0,7.0
전북특별자치도,정읍시,동물병원,23.0,23.0,22.0
전북특별자치도,정읍시,목욕탕,17.0,17.0,18.0
전북특별자치도,정읍시,문구점,15.0,15.0,17.0
전북특별자치도,정읍시,미용실,274.0,274.0,275.0
전북특별자치도,정읍시,법무사,18.0,18.0,19.0
전북특별자치도,정읍시,변호사,11.0,11.0,11.0
전북특별자치도,정읍시,부동산중개업,95.0,95.0,93.0
전북특별자치도,정읍시,분식점,103.0,102.0,111.0
전북특별자치도,정읍시,사진촬영업,25.0,25.0,26.0
전북특별자치도,정읍시,산부인과의원,3.0,3.0,3.0
전북특별자치도,정읍시,생선가게,40.0,38.0,39.0
전북특별자치도,정읍시,서점,12.0,12.0,13.0
전북특별자치도,정읍시,세무사,17.0,17.0,17.0
전북특별자치도,정읍시,세탁소,65.0,65.0,66.0
전북특별자치도,정읍시,슈퍼마켓,47.0,48.0,48.0
전북특별자치도,정읍시,스포츠교육기관,66.0,66.0,59.0
전북특별자치도,정읍시,스포츠시설운영업,7.0,7.0,7.0
전북특별자치도,정읍시,스포츠용품점,51.0,52.0,55.0
전북특별자치도,정읍시,시계ㆍ귀금속점,15.0,15.0,15.0
전북특별자치도,정읍시,식료품가게,184.0,185.0,195.0
전북특별자치도,정읍시,신경정신과의원,0.0,0.0,0.0
전북특별자치도,정읍시,신발가게,22.0,22.0,25.0
전북특별자치도,정읍시,실내스크린골프점,11.0,11.0,11.0
전북특별자치도,정읍시,실내장식가게,31.0,32.0,21.0
전북특별자치도,정읍시,실외골프연습장,6.0,6.0,6.0
전북특별자치도,정읍시,안경점,22.0,22.0,23.0
전북특별자치도,정읍시,안과의원,3.0,3.0,3.0
전북특별자치도,정읍시,애완용품점,11.0,10.0,11.0
전북특별자치도,정읍시,약국,63.0,64.0,63.0
전북특별자치도,정읍시,여관ㆍ모텔,70.0,71.0,72.0
전북특별자치도,정읍시,여행사,34.0,33.0,32.0
전북특별자치도,정읍시,예술학원,68.0,68.0,66.0
전북특별자치도,정읍시,예식장,0.0,0.0,0.0
전북특별자치도,정읍시,옷가게,178.0,176.0,180.0
전북특별자치도,정읍시,의료용품가게,19.0,20.0,18.0
전북특별자치도,정읍시,이륜자동차판매점,7.0,7.0,6.0
전북특별자치도,정읍시,이발소,44.0,44.0,44.0
전북특별자치도,정읍시,이비인후과의원,4.0,4.0,5.0
전북특별자치도,정읍시,일반외과의원,14.0,14.0,14.0
전북특별자치도,정읍시,일식음식점,35.0,31.0,28.0
전북특별자치도,정읍시,자동차수리점,131.0,131.0,133.0
전북특별자치도,정읍시,자전거판매점,8.0,8.0,7.0
전북특별자치도,정읍시,장난감가게,7.0,7.0,5.0
전북특별자치도,정읍시,정육점,94.0,94.0,93.0
전북특별자치도,정읍시,제과점,37.0,35.0,32.0
전북특별자치도,정읍시,종합병원,10.0,10.0,10.0
전북특별자치도,정읍시,주유소,64.0,64.0,65.0
전북특별자치도,정읍시,주차장운영업,4.0,4.0,5.0
전북특별자치도,정읍시,중고차판매점,13.0,13.0,13.0
전북특별자치도,정읍시,중식음식점,76.0,74.0,77.0
전북특별자치도,정읍시,채소가게,72.0,72.0,64.0
전북특별자치도,정읍시,철물점,30.0,30.0,30.0
전북특별자치도,정읍시,치과의원,35.0,35.0,34.0
전북특별자치도,정읍시,침구ㆍ커튼가게,34.0,34.0,37.0
전북특별자치도,정읍시,커피음료점,203.0,197.0,194.0
전북특별자치도,정읍시,컴퓨터판매점,8.0,8.0,7.0
전북특별자치도,정읍시,통신판매업,590.0,579.0,535.0
전북특별자치도,정읍시,패스트푸드점,103.0,102.0,102.0
전북특별자치도,정읍시,펜션ㆍ게스트하우스,45.0,46.0,41.0
전북특별자치도,정읍시,편의점,97.0,98.0,97.0
전북특별자치도,정읍시,피부ㆍ비뇨기과의원,8.0,8.0,8.0
전북특별자치도,정읍시,피부관리업,87.0,87.0,85.0
전북특별자치도,정읍시,한방병원ㆍ한의원,30.0,30.0,31.0
전북특별자치도,정읍시,한식음식점,856.0,857.0,845.0
전북특별자치도,정읍시,헬스클럽,17.0,16.0,15.0
전북특별자치도,정읍시,호프주점,29.0,30.0,42.0
전북특별자치도,정읍시,화장품가게,63.0,62.0,58.0
전북특별자치도,정읍시,휴대폰가게,51.0,50.0,50.0
전북특별자치도,진안군,LPG 충전소,0.0,0.0,0.0
전북특별자치도,진안군,가구점,0.0,0.0,0.0
전북특별자치도,진안군,가전제품수리점,7.0,7.0,6.0
전북특별자치도,진안군,가전제품판매점,6.0,6.0,5.0
전북특별자치도,진안군,간판광고물업,8.0,8.0,7.0
전북특별자치도,진안군,건강보조식품가게,68.0,68.0,74.0
전북특별자치도,진안군,건어물가게,6.0,6.0,4.0
전북특별자치도,진안군,건축사,6.0,6.0,4.0
전북특별자치도,진안군,결혼상담소,3.0,3.0,3.0
전북특별자치도,진안군,곡물가게,8.0,8.0,8.0
전북특별자치도,진안군,과일가게,15.0,15.0,16.0
전북특별자치도,진안군,교습소ㆍ공부방,9.0,9.0,7.0
전북특별자치도,진안군,교습학원,8.0,8.0,8.0
전북특별자치도,진안군,구내식당,4.0,4.0,4.0
전북특별자치도,진안군,기술ㆍ직업훈련학원,6.0,6.0,4.0
전북특별자치도,진안군,기술사,0.0,0.0,0.0
전북특별자치도,진안군,기타외국식음식점,5.0,5.0,3.0
전북특별자치도,진안군,기타음식점,18.0,18.0,17.0
전북특별자치도,진안군,기타일반의원,4.0,4.0,5.0
전북특별자치도,진안군,꽃가게,22.0,22.0,24.0
전북특별자치도,진안군,내과ㆍ소아과의원,0.0,0.0,0.0
전북특별자치도,진안군,노래방,0.0,0.0,0.0
전북특별자치도,진안군,담배ㆍ복권소매업,10.0,10.0,10.0
전북특별자치도,진안군,당구장,3.0,3.0,3.0
전북특별자치도,진안군,동물병원,6.0,6.0,6.0
전북특별자치도,진안군,목욕탕,0.0,0.0,0.0
전북특별자치도,진안군,문구점,6.0,6.0,7.0
전북특별자치도,진안군,미용실,39.0,39.0,38.0
전북특별자치도,진안군,법무사,5.0,5.0,5.0
전북특별자치도,진안군,부동산중개업,13.0,13.0,15.0
전북특별자치도,진안군,분식점,29.0,29.0,25.0
전북특별자치도,진안군,사진촬영업,3.0,3.0,4.0
전북특별자치도,진안군,생선가게,8.0,8.0,7.0
전북특별자치도,진안군,서점,0.0,0.0,0.0
전북특별자치도,진안군,세무사,0.0,0.0,0.0
전북특별자치도,진안군,세탁소,4.0,4.0,4.0
전북특별자치도,진안군,슈퍼마켓,18.0,18.0,21.0
전북특별자치도,진안군,스포츠교육기관,8.0,8.0,6.0
전북특별자치도,진안군,스포츠시설운영업,0.0,0.0,0.0
전북특별자치도,진안군,스포츠용품점,11.0,11.0,13.0
전북특별자치도,진안군,시계ㆍ귀금속점,0.0,0.0,0.0
전북특별자치도,진안군,식료품가게,71.0,71.0,72.0
전북특별자치도,진안군,신발가게,3.0,3.0,3.0
전북특별자치도,진안군,실내스크린골프점,0.0,0.0,0.0
전북특별자치도,진안군,실내장식가게,4.0,4.0,5.0
전북특별자치도,진안군,안경점,0.0,0.0,0.0
전북특별자치도,진안군,안과의원,0.0,0.0,0.0
전북특별자치도,진안군,애완용품점,3.0,3.0,4.0
전북특별자치도,진안군,약국,10.0,10.0,10.0
전북특별자치도,진안군,여관ㆍ모텔,8.0,8.0,8.0
전북특별자치도,진안군,여행사,11.0,11.0,10.0
전북특별자치도,진안군,예술학원,3.0,3.0,3.0
전북특별자치도,진안군,옷가게,16.0,16.0,19.0
전북특별자치도,진안군,의료용품가게,0.0,0.0,0.0
전북특별자치도,진안군,이발소,5.0,5.0,5.0
전북특별자치도,진안군,일반외과의원,3.0,3.0,3.0
전북특별자치도,진안군,일식음식점,3.0,3.0,3.0
전북특별자치도,진안군,자동차수리점,22.0,22.0,21.0
전북특별자치도,진안군,자전거판매점,0.0,0.0,0.0
전북특별자치도,진안군,장난감가게,0.0,0.0,0.0
전북특별자치도,진안군,정육점,16.0,16.0,19.0
전북특별자치도,진안군,제과점,5.0,5.0,5.0
전북특별자치도,진안군,종합병원,0.0,0.0,0.0
전북특별자치도,진안군,주유소,15.0,15.0,15.0
전북특별자치도,진안군,중식음식점,17.0,18.0,19.0
전북특별자치도,진안군,채소가게,55.0,53.0,53.0
전북특별자치도,진안군,철물점,7.0,7.0,8.0
전북특별자치도,진안군,치과의원,5.0,5.0,5.0
전북특별자치도,진안군,침구ㆍ커튼가게,4.0,4.0,3.0
전북특별자치도,진안군,커피음료점,50.0,49.0,46.0
전북특별자치도,진안군,컴퓨터판매점,0.0,0.0,0.0
전북특별자치도,진안군,통신판매업,105.0,103.0,98.0
전북특별자치도,진안군,패스트푸드점,15.0,15.0,16.0
전북특별자치도,진안군,펜션ㆍ게스트하우스,77.0,76.0,65.0
전북특별자치도,진안군,편의점,13.0,13.0,12.0
전북특별자치도,진안군,피부관리업,8.0,8.0,7.0
전북특별자치도,진안군,한방병원ㆍ한의원,5.0,5.0,5.0
전북특별자치도,진안군,한식음식점,237.0,237.0,235.0
전북특별자치도,진안군,호프주점,4.0,5.0,5.0
전북특별자치도,진안군,화장품가게,9.0,9.0,8.0
전북특별자치도,진안군,휴대폰가게,3.0,3.0,3.0
제주특별자치도,서귀포시,LPG 충전소,13.0,13.0,13.0
제주특별자치도,서귀포시,pc방,30.0,33.0,34.0
제주특별자치도,서귀포시,가구점,33.0,34.0,38.0
제주특별자치도,서귀포시,가전제품수리점,83.0,82.0,62.0
제주특별자치도,서귀포시,가전제품판매점,54.0,54.0,58.0
제주특별자치도,서귀포시,간이주점,29.0,27.0,29.0
제주특별자치도,서귀포시,간판광고물업,41.0,41.0,42.0
제주특별자치도,서귀포시,감정평가사,0.0,0.0,0.0
제주특별자치도,서귀포시,건강보조식품가게,45.0,45.0,48.0
제주특별자치도,서귀포시,건어물가게,29.0,30.0,31.0
제주특별자치도,서귀포시,건축사,62.0,63.0,61.0
제주특별자치도,서귀포시,결혼상담소,7.0,7.0,6.0
제주특별자치도,서귀포시,곡물가게,17.0,17.0,14.0
제주특별자치도,서귀포시,공인회계사,7.0,7.0,6.0
제주특별자치도,서귀포시,과일가게,804.0,804.0,790.0
제주특별자치도,서귀포시,교습소ㆍ공부방,350.0,346.0,322.0
제주특별자치도,서귀포시,교습학원,231.0,230.0,215.0
제주특별자치도,서귀포시,구내식당,35.0,38.0,37.0
제주특별자치도,서귀포시,기술ㆍ직업훈련학원,174.0,176.0,154.0
제주특별자치도,서귀포시,기술사,3.0,4.0,4.0
제주특별자치도,서귀포시,기타외국식음식점,273.0,267.0,279.0
제주특별자치도,서귀포시,기타음식점,92.0,91.0,84.0
제주특별자치도,서귀포시,기타일반의원,24.0,23.0,22.0
제주특별자치도,서귀포시,꽃가게,149.0,146.0,143.0
제주특별자치도,서귀포시,내과ㆍ소아과의원,46.0,46.0,47.0
제주특별자치도,서귀포시,노래방,67.0,67.0,72.0
제주특별자치도,서귀포시,담배ㆍ복권소매업,42.0,42.0,43.0
제주특별자치도,서귀포시,당구장,88.0,90.0,93.0
제주특별자치도,서귀포시,독서실,8.0,8.0,9.0
제주특별자치도,서귀포시,동물병원,20.0,20.0,18.0
제주특별자치도,서귀포시,목욕탕,39.0,38.0,39.0
제주특별자치도,서귀포시,문구점,35.0,35.0,37.0
제주특별자치도,서귀포시,미용실,392.0,391.0,391.0
제주특별자치도,서귀포시,법무사,14.0,14.0,15.0
제주특별자치도,서귀포시,변리사,0.0,0.0,0.0
제주특별자치도,서귀포시,변호사,7.0,7.0,6.0
제주특별자치도,서귀포시,부동산중개업,467.0,468.0,512.0
제주특별자치도,서귀포시,분식점,265.0,266.0,272.0
제주특별자치도,서귀포시,사진촬영업,134.0,133.0,132.0
제주특별자치도,서귀포시,산부인과의원,7.0,7.0,7.0
제주특별자치도,서귀포시,생선가게,152.0,151.0,149.0
제주특별자치도,서귀포시,서점,44.0,45.0,43.0
제주특별자치도,서귀포시,성형외과의원,0.0,0.0,0.0
제주특별자치도,서귀포시,세무사,11.0,11.0,8.0
제주특별자치도,서귀포시,세탁소,148.0,148.0,151.0
제주특별자치도,서귀포시,슈퍼마켓,98.0,98.0,92.0
제주특별자치도,서귀포시,스포츠교육기관,247.0,245.0,224.0
제주특별자치도,서귀포시,스포츠시설운영업,39.0,39.0,43.0
제주특별자치도,서귀포시,스포츠용품점,154.0,156.0,158.0
제주특별자치도,서귀포시,시계ㆍ귀금속점,32.0,34.0,34.0
제주특별자치도,서귀포시,식료품가게,268.0,268.0,285.0
제주특별자치도,서귀포시,신경정신과의원,3.0,3.0,3.0
제주특별자치도,서귀포시,신발가게,19.0,19.0,23.0
제주특별자치도,서귀포시,실내스크린골프점,36.0,36.0,37.0
제주특별자치도,서귀포시,실내장식가게,424.0,426.0,389.0
제주특별자치도,서귀포시,실외골프연습장,17.0,17.0,18.0
제주특별자치도,서귀포시,안경점,36.0,36.0,37.0
제주특별자치도,서귀포시,안과의원,4.0,4.0,4.0
제주특별자치도,서귀포시,애완용품점,33.0,33.0,33.0
제주특별자치도,서귀포시,약국,78.0,78.0,77.0
제주특별자치도,서귀포시,여관ㆍ모텔,100.0,102.0,103.0
제주특별자치도,서귀포시,여행사,64.0,64.0,60.0
제주특별자치도,서귀포시,예술학원,146.0,146.0,145.0
제주특별자치도,서귀포시,예식장,5.0,5.0,5.0
제주특별자치도,서귀포시,옷가게,300.0,305.0,322.0
제주특별자치도,서귀포시,의료용품가게,15.0,14.0,13.0
제주특별자치도,서귀포시,이륜자동차판매점,7.0,7.0,9.0
제주특별자치도,서귀포시,이발소,47.0,48.0,48.0
제주특별자치도,서귀포시,이비인후과의원,7.0,7.0,7.0
제주특별자치도,서귀포시,일반외과의원,17.0,17.0,16.0
제주특별자치도,서귀포시,일식음식점,169.0,167.0,167.0
제주특별자치도,서귀포시,자동차수리점,184.0,184.0,175.0
제주특별자치도,서귀포시,자전거판매점,7.0,7.0,6.0
제주특별자치도,서귀포시,장난감가게,19.0,19.0,17.0
제주특별자치도,서귀포시,정육점,89.0,89.0,90.0
제주특별자치도,서귀포시,제과점,170.0,171.0,156.0
제주특별자치도,서귀포시,종합병원,7.0,7.0,6.0
제주특별자치도,서귀포시,주유소,58.0,59.0,59.0
제주특별자치도,서귀포시,주차장운영업,17.0,17.0,19.0
제주특별자치도,서귀포시,중고차판매점,6.0,6.0,8.0
제주특별자치도,서귀포시,중식음식점,162.0,159.0,151.0
제주특별자치도,서귀포시,채소가게,147.0,149.0,147.0
제주특별자치도,서귀포시,철물점,34.0,36.0,35.0
제주특별자치도,서귀포시,치과의원,60.0,61.0,60.0
제주특별자치도,서귀포시,침구ㆍ커튼가게,61.0,61.0,61.0
제주특별자치도,서귀포시,커피음료점,660.0,661.0,666.0
제주특별자치도,서귀포시,컴퓨터판매점,12.0,12.0,11.0
제주특별자치도,서귀포시,통신판매업,1934.0,1901.0,1782.0
제주특별자치도,서귀포시,패스트푸드점,265.0,265.0,255.0
제주특별자치도,서귀포시,펜션ㆍ게스트하우스,1550.0,1551.0,1447.0
제주특별자치도,서귀포시,편의점,390.0,398.0,407.0
제주특별자치도,서귀포시,피부ㆍ비뇨기과의원,12.0,12.0,12.0
제주특별자치도,서귀포시,피부관리업,302.0,301.0,290.0
제주특별자치도,서귀포시,한방병원ㆍ한의원,56.0,57.0,57.0
제주특별자치도,서귀포시,한식음식점,3046.0,3060.0,3130.0
제주특별자치도,서귀포시,헬스클럽,61.0,61.0,57.0
제주특별자치도,서귀포시,호프주점,111.0,111.0,128.0
제주특별자치도,서귀포시,화장품가게,123.0,124.0,143.0
제주특별자치도,서귀포시,휴대폰가게,50.0,49.0,54.0
제주특별자치도,제주시,LPG 충전소,21.0,21.0,21.0
제주특별자치도,제주시,pc방,83.0,83.0,87.0
제주특별자치도,제주시,가구점,160.0,160.0,162.0
제주특별자치도,제주시,가전제품수리점,260.0,256.0,235.0
제주특별자치도,제주시,가전제품판매점,194.0,194.0,201.0
제주특별자치도,제주시,간이주점,103.0,101.0,106.0
제주특별자치도,제주시,간판광고물업,155.0,155.0,157.0
제주특별자치도,제주시,감정평가사,25.0,25.0,24.0
제주특별자치도,제주시,건강보조식품가게,153.0,152.0,152.0
제주특별자치도,제주시,건어물가게,72.0,72.0,74.0
제주특별자치도,제주시,건축사,313.0,314.0,314.0
제주특별자치도,제주시,결혼상담소,26.0,26.0,23.0
제주특별자치도,제주시,곡물가게,62.0,62.0,56.0
제주특별자치도,제주시,공인노무사,14.0,14.0,12.0
제주특별자치도,제주시,공인회계사,29.0,29.0,30.0
제주특별자치도,제주시,과일가게,408.0,408.0,391.0
제주특별자치도,제주시,교습소ㆍ공부방,763.0,764.0,737.0
제주특별자치도,제주시,교습학원,716.0,714.0,709.0
제주특별자치도,제주시,구내식당,79.0,79.0,83.0
제주특별자치도,제주시,기술ㆍ직업훈련학원,435.0,437.0,420.0
제주특별자치도,제주시,기술사,24.0,21.0,19.0
제주특별자치도,제주시,기타외국식음식점,621.0,628.0,668.0
제주특별자치도,제주시,기타음식점,272.0,269.0,268.0
제주특별자치도,제주시,기타일반의원,39.0,39.0,39.0
제주특별자치도,제주시,꽃가게,362.0,363.0,349.0
제주특별자치도,제주시,내과ㆍ소아과의원,129.0,129.0,130.0
제주특별자치도,제주시,노래방,195.0,196.0,204.0
제주특별자치도,제주시,담배ㆍ복권소매업,114.0,114.0,110.0
제주특별자치도,제주시,당구장,246.0,245.0,245.0
제주특별자치도,제주시,독서실,55.0,56.0,60.0
제주특별자치도,제주시,동물병원,71.0,72.0,76.0
제주특별자치도,제주시,목욕탕,78.0,78.0,76.0
제주특별자치도,제주시,문구점,161.0,161.0,154.0
제주특별자치도,제주시,미용실,1296.0,1291.0,1278.0
제주특별자치도,제주시,법무사,79.0,79.0,74.0
제주특별자치도,제주시,변리사,0.0,0.0,0.0
제주특별자치도,제주시,변호사,93.0,94.0,94.0
제주특별자치도,제주시,부동산중개업,1649.0,1666.0,1725.0
제주특별자치도,제주시,분식점,577.0,581.0,609.0
제주특별자치도,제주시,사진촬영업,555.0,553.0,511.0
제주특별자치도,제주시,산부인과의원,16.0,16.0,16.0
제주특별자치도,제주시,생선가게,409.0,411.0,400.0
제주특별자치도,제주시,서점,169.0,168.0,161.0
제주특별자치도,제주시,성형외과의원,14.0,15.0,17.0
제주특별자치도,제주시,세무사,130.0,129.0,129.0
제주특별자치도,제주시,세탁소,418.0,422.0,428.0
제주특별자치도,제주시,슈퍼마켓,381.0,378.0,352.0
제주특별자치도,제주시,스포츠교육기관,592.0,595.0,574.0
제주특별자치도,제주시,스포츠시설운영업,98.0,95.0,101.0
제주특별자치도,제주시,스포츠용품점,345.0,347.0,351.0
제주특별자치도,제주시,시계ㆍ귀금속점,75.0,76.0,76.0
제주특별자치도,제주시,식료품가게,461.0,467.0,496.0
제주특별자치도,제주시,신경정신과의원,28.0,28.0,27.0
제주특별자치도,제주시,신발가게,61.0,60.0,66.0
제주특별자치도,제주시,실내스크린골프점,151.0,153.0,157.0
제주특별자치도,제주시,실내장식가게,1504.0,1502.0,1484.0
제주특별자치도,제주시,실외골프연습장,35.0,35.0,35.0
제주특별자치도,제주시,안경점,94.0,91.0,94.0
제주특별자치도,제주시,안과의원,18.0,18.0,18.0
제주특별자치도,제주시,애완용품점,128.0,128.0,129.0
제주특별자치도,제주시,약국,251.0,251.0,246.0
제주특별자치도,제주시,여관ㆍ모텔,248.0,251.0,252.0
제주특별자치도,제주시,여행사,911.0,910.0,919.0
제주특별자치도,제주시,예술학원,364.0,363.0,375.0
제주특별자치도,제주시,예식장,18.0,18.0,20.0
제주특별자치도,제주시,옷가게,1228.0,1226.0,1264.0
제주특별자치도,제주시,의료용품가게,72.0,70.0,71.0
제주특별자치도,제주시,이륜자동차판매점,38.0,38.0,38.0
제주특별자치도,제주시,이발소,120.0,121.0,125.0
제주특별자치도,제주시,이비인후과의원,24.0,24.0,23.0
제주특별자치도,제주시,일반외과의원,67.0,67.0,66.0
제주특별자치도,제주시,일식음식점,416.0,413.0,415.0
제주특별자치도,제주시,자동차수리점,506.0,506.0,494.0
제주특별자치도,제주시,자전거판매점,29.0,29.0,28.0
제주특별자치도,제주시,장난감가게,57.0,55.0,50.0
제주특별자치도,제주시,정육점,230.0,231.0,243.0
제주특별자치도,제주시,제과점,475.0,462.0,415.0
제주특별자치도,제주시,종합병원,23.0,23.0,23.0
제주특별자치도,제주시,주유소,118.0,118.0,117.0
제주특별자치도,제주시,주차장운영업,87.0,89.0,86.0
제주특별자치도,제주시,중고차판매점,59.0,59.0,53.0
제주특별자치도,제주시,중식음식점,307.0,307.0,321.0
제주특별자치도,제주시,채소가게,298.0,295.0,286.0
제주특별자치도,제주시,철물점,93.0,93.0,91.0
제주특별자치도,제주시,치과의원,189.0,188.0,188.0
제주특별자치도,제주시,침구ㆍ커튼가게,155.0,156.0,156.0
제주특별자치도,제주시,커피음료점,1459.0,1462.0,1500.0
제주특별자치도,제주시,컴퓨터판매점,84.0,88.0,87.0
제주특별자치도,제주시,통신판매업,4748.0,4710.0,4490.0
제주특별자치도,제주시,패스트푸드점,529.0,529.0,551.0
제주특별자치도,제주시,펜션ㆍ게스트하우스,4090.0,4072.0,3927.0
제주특별자치도,제주시,편의점,898.0,896.0,929.0
제주특별자치도,제주시,피부ㆍ비뇨기과의원,44.0,44.0,45.0
제주특별자치도,제주시,피부관리업,958.0,957.0,943.0
제주특별자치도,제주시,한방병원ㆍ한의원,150.0,150.0,146.0
제주특별자치도,제주시,한식음식점,6928.0,6917.0,6955.0
제주특별자치도,제주시,헬스클럽,172.0,169.0,166.0
제주특별자치도,제주시,호프주점,297.0,300.0,326.0
제주특별자치도,제주시,화장품가게,545.0,549.0,568.0
제주특별자치도,제주시,휴대폰가게,225.0,227.0,206.0
충청남도,계룡시,LPG 충전소,3.0,3.0,4.0
충청남도,계룡시,pc방,3.0,4.0,4.0
충청남도,계룡시,가구점,4.0,4.0,4.0
충청남도,계룡시,가전제품수리점,12.0,12.0,11.0
충청남도,계룡시,가전제품판매점,6.0,6.0,5.0
충청남도,계룡시,간이주점,6.0,6.0,6.0
충청남도,계룡시,간판광고물업,10.0,9.0,9.0
충청남도,계룡시,건강보조식품가게,14.0,14.0,12.0
충청남도,계룡시,건어물가게,5.0,5.0,5.0
충청남도,계룡시,건축사,13.0,13.0,13.0
충청남도,계룡시,결혼상담소,0.0,0.0,0.0
충청남도,계룡시,곡물가게,4.0,4.0,4.0
충청남도,계룡시,과일가게,10.0,7.0,6.0
충청남도,계룡시,교습소ㆍ공부방,100.0,101.0,100.0
충청남도,계룡시,교습학원,56.0,56.0,53.0
충청남도,계룡시,구내식당,12.0,11.0,10.0
충청남도,계룡시,기술ㆍ직업훈련학원,23.0,22.0,23.0
충청남도,계룡시,기타외국식음식점,10.0,10.0,14.0
충청남도,계룡시,기타음식점,12.0,12.0,10.0
충청남도,계룡시,기타일반의원,4.0,4.0,4.0
충청남도,계룡시,꽃가게,22.0,22.0,24.0
충청남도,계룡시,내과ㆍ소아과의원,9.0,9.0,9.0
충청남도,계룡시,노래방,11.0,11.0,11.0
충청남도,계룡시,담배ㆍ복권소매업,10.0,10.0,8.0
충청남도,계룡시,당구장,9.0,9.0,11.0
충청남도,계룡시,독서실,5.0,5.0,6.0
충청남도,계룡시,동물병원,4.0,4.0,4.0
충청남도,계룡시,목욕탕,4.0,4.0,4.0
충청남도,계룡시,문구점,18.0,18.0,18.0
충청남도,계룡시,미용실,76.0,75.0,75.0
충청남도,계룡시,법무사,0.0,0.0,0.0
충청남도,계룡시,변호사,0.0,0.0,0.0
충청남도,계룡시,부동산중개업,59.0,60.0,59.0
충청남도,계룡시,분식점,40.0,39.0,43.0
충청남도,계룡시,사진촬영업,9.0,9.0,10.0
충청남도,계룡시,산부인과의원,0.0,0.0,0.0
충청남도,계룡시,생선가게,4.0,4.0,4.0
충청남도,계룡시,서점,21.0,22.0,18.0
충청남도,계룡시,성형외과의원,0.0,0.0,0.0
충청남도,계룡시,세무사,0.0,0.0,0.0
충청남도,계룡시,세탁소,27.0,27.0,28.0
충청남도,계룡시,슈퍼마켓,11.0,11.0,14.0
충청남도,계룡시,스포츠교육기관,34.0,34.0,35.0
충청남도,계룡시,스포츠시설운영업,7.0,7.0,9.0
충청남도,계룡시,스포츠용품점,28.0,29.0,31.0
충청남도,계룡시,시계ㆍ귀금속점,7.0,7.0,6.0
충청남도,계룡시,식료품가게,25.0,25.0,26.0
충청남도,계룡시,실내스크린골프점,12.0,12.0,12.0
충청남도,계룡시,실내장식가게,55.0,54.0,55.0
충청남도,계룡시,실외골프연습장,3.0,3.0,4.0
충청남도,계룡시,안경점,11.0,11.0,11.0
충청남도,계룡시,안과의원,0.0,0.0,0.0
충청남도,계룡시,애완용품점,8.0,8.0,9.0
충청남도,계룡시,약국,17.0,17.0,18.0
충청남도,계룡시,여관ㆍ모텔,24.0,23.0,22.0
충청남도,계룡시,여행사,12.0,11.0,9.0
충청남도,계룡시,예술학원,28.0,27.0,27.0
충청남도,계룡시,옷가게,57.0,57.0,55.0
충청남도,계룡시,의료용품가게,0.0,0.0,0.0
충청남도,계룡시,이륜자동차판매점,0.0,0.0,0.0
충청남도,계룡시,이발소,12.0,11.0,12.0
충청남도,계룡시,이비인후과의원,3.0,3.0,3.0
충청남도,계룡시,일반외과의원,0.0,0.0,0.0
충청남도,계룡시,일식음식점,7.0,7.0,8.0
충청남도,계룡시,자동차수리점,35.0,36.0,32.0
충청남도,계룡시,자전거판매점,0.0,0.0,0.0
충청남도,계룡시,장난감가게,3.0,3.0,4.0
충청남도,계룡시,정육점,11.0,11.0,12.0
충청남도,계룡시,제과점,19.0,20.0,19.0
충청남도,계룡시,종합병원,0.0,0.0,0.0
충청남도,계룡시,주유소,6.0,6.0,5.0
충청남도,계룡시,주차장운영업,0.0,0.0,0.0
충청남도,계룡시,중고차판매점,0.0,0.0,0.0
충청남도,계룡시,중식음식점,12.0,12.0,15.0
충청남도,계룡시,채소가게,12.0,12.0,11.0
충청남도,계룡시,철물점,6.0,6.0,6.0
충청남도,계룡시,치과의원,17.0,17.0,14.0
충청남도,계룡시,침구ㆍ커튼가게,9.0,8.0,9.0
충청남도,계룡시,커피음료점,72.0,72.0,80.0
충청남도,계룡시,컴퓨터판매점,7.0,7.0,6.0
충청남도,계룡시,통신판매업,407.0,394.0,359.0
충청남도,계룡시,패스트푸드점,56.0,56.0,60.0
충청남도,계룡시,편의점,31.0,31.0,32.0
충청남도,계룡시,피부ㆍ비뇨기과의원,0.0,0.0,0.0
충청남도,계룡시,피부관리업,52.0,52.0,44.0
충청남도,계룡시,한방병원ㆍ한의원,13.0,13.0,13.0
충청남도,계룡시,한식음식점,323.0,323.0,304.0
충청남도,계룡시,헬스클럽,7.0,7.0,7.0
충청남도,계룡시,호프주점,9.0,9.0,10.0
충청남도,계룡시,화장품가게,33.0,33.0,35.0
충청남도,계룡시,휴대폰가게,14.0,14.0,14.0
충청남도,공주시,LPG 충전소,9.0,9.0,8.0
충청남도,공주시,pc방,12.0,12.0,11.0
충청남도,공주시,가구점,17.0,17.0,18.0
충청남도,공주시,가전제품수리점,29.0,29.0,26.0
충청남도,공주시,가전제품판매점,30.0,30.0,34.0
충청남도,공주시,간이주점,7.0,8.0,10.0
충청남도,공주시,간판광고물업,29.0,29.0,27.0
충청남도,공주시,감정평가사,0.0,0.0,0.0
충청남도,공주시,건강보조식품가게,35.0,35.0,31.0
충청남도,공주시,건어물가게,10.0,10.0,9.0
충청남도,공주시,건축사,39.0,39.0,38.0
충청남도,공주시,결혼상담소,4.0,4.0,3.0
충청남도,공주시,곡물가게,29.0,29.0,27.0
충청남도,공주시,공인회계사,3.0,3.0,3.0
충청남도,공주시,과일가게,81.0,79.0,70.0
충청남도,공주시,교습소ㆍ공부방,71.0,72.0,71.0
충청남도,공주시,교습학원,72.0,72.0,71.0
충청남도,공주시,구내식당,58.0,59.0,67.0
충청남도,공주시,기술ㆍ직업훈련학원,67.0,67.0,67.0
충청남도,공주시,기술사,4.0,4.0,4.0
충청남도,공주시,기타외국식음식점,64.0,65.0,64.0
충청남도,공주시,기타음식점,95.0,95.0,98.0
충청남도,공주시,기타일반의원,0.0,0.0,0.0
충청남도,공주시,꽃가게,74.0,74.0,72.0
충청남도,공주시,내과ㆍ소아과의원,24.0,24.0,25.0
충청남도,공주시,노래방,38.0,38.0,39.0
충청남도,공주시,담배ㆍ복권소매업,40.0,40.0,42.0
충청남도,공주시,당구장,31.0,31.0,29.0
충청남도,공주시,독서실,9.0,9.0,9.0
충청남도,공주시,동물병원,17.0,17.0,16.0
충청남도,공주시,목욕탕,11.0,11.0,11.0
충청남도,공주시,문구점,21.0,22.0,26.0
충청남도,공주시,미용실,217.0,215.0,213.0
충청남도,공주시,법무사,12.0,12.0,13.0
충청남도,공주시,변리사,0.0,0.0,0.0
충청남도,공주시,변호사,6.0,6.0,6.0
충청남도,공주시,부동산중개업,200.0,203.0,200.0
충청남도,공주시,분식점,109.0,111.0,109.0
충청남도,공주시,사진촬영업,21.0,21.0,21.0
충청남도,공주시,산부인과의원,4.0,4.0,4.0
충청남도,공주시,생선가게,15.0,14.0,13.0
충청남도,공주시,서점,29.0,29.0,28.0
충청남도,공주시,세무사,11.0,11.0,11.0
충청남도,공주시,세탁소,60.0,60.0,60.0
충청남도,공주시,슈퍼마켓,71.0,70.0,65.0
충청남도,공주시,스포츠교육기관,50.0,51.0,47.0
충청남도,공주시,스포츠시설운영업,19.0,19.0,21.0
충청남도,공주시,스포츠용품점,52.0,54.0,51.0
충청남도,공주시,시계ㆍ귀금속점,12.0,12.0,13.0
충청남도,공주시,식료품가게,192.0,190.0,194.0
충청남도,공주시,신경정신과의원,5.0,5.0,5.0
충청남도,공주시,신발가게,12.0,12.0,12.0
충청남도,공주시,실내스크린골프점,15.0,15.0,16.0
충청남도,공주시,실내장식가게,143.0,144.0,131.0
충청남도,공주시,실외골프연습장,5.0,5.0,6.0
충청남도,공주시,안경점,17.0,17.0,19.0
충청남도,공주시,안과의원,4.0,4.0,4.0
충청남도,공주시,애완용품점,22.0,21.0,24.0
충청남도,공주시,약국,59.0,58.0,58.0
충청남도,공주시,여관ㆍ모텔,107.0,107.0,108.0
충청남도,공주시,여행사,29.0,28.0,24.0
충청남도,공주시,예술학원,32.0,32.0,31.0
충청남도,공주시,예식장,0.0,0.0,0.0
충청남도,공주시,옷가게,158.0,157.0,182.0
충청남도,공주시,의료용품가게,13.0,13.0,12.0
충청남도,공주시,이륜자동차판매점,7.0,7.0,6.0
충청남도,공주시,이발소,41.0,42.0,42.0
충청남도,공주시,이비인후과의원,4.0,4.0,4.0
충청남도,공주시,일반외과의원,13.0,13.0,13.0
충청남도,공주시,일식음식점,29.0,27.0,26.0
충청남도,공주시,자동차수리점,136.0,135.0,132.0
충청남도,공주시,자전거판매점,4.0,4.0,4.0
충청남도,공주시,장난감가게,5.0,5.0,4.0
충청남도,공주시,정육점,65.0,66.0,68.0
충청남도,공주시,제과점,59.0,59.0,52.0
충청남도,공주시,종합병원,11.0,11.0,11.0
충청남도,공주시,주유소,73.0,73.0,76.0
충청남도,공주시,주차장운영업,9.0,9.0,9.0
충청남도,공주시,중고차판매점,4.0,4.0,5.0
충청남도,공주시,중식음식점,89.0,88.0,87.0
충청남도,공주시,채소가게,60.0,60.0,54.0
충청남도,공주시,철물점,30.0,29.0,26.0
충청남도,공주시,치과의원,29.0,29.0,30.0
충청남도,공주시,침구ㆍ커튼가게,26.0,25.0,26.0
충청남도,공주시,커피음료점,320.0,319.0,323.0
충청남도,공주시,컴퓨터판매점,11.0,11.0,10.0
충청남도,공주시,통신판매업,701.0,684.0,609.0
충청남도,공주시,패스트푸드점,101.0,100.0,104.0
충청남도,공주시,펜션ㆍ게스트하우스,171.0,168.0,149.0
충청남도,공주시,편의점,114.0,115.0,118.0
충청남도,공주시,피부ㆍ비뇨기과의원,7.0,7.0,7.0
충청남도,공주시,피부관리업,73.0,72.0,71.0
충청남도,공주시,한방병원ㆍ한의원,33.0,33.0,34.0
충청남도,공주시,한식음식점,1211.0,1221.0,1223.0
충청남도,공주시,헬스클럽,11.0,11.0,12.0
충청남도,공주시,호프주점,51.0,51.0,64.0
충청남도,공주시,화장품가게,54.0,54.0,61.0
충청남도,공주시,휴대폰가게,36.0,36.0,35.0
충청남도,금산군,LPG 충전소,4.0,4.0,4.0
충청남도,금산군,pc방,5.0,5.0,5.0
충청남도,금산군,가구점,5.0,5.0,4.0
충청남도,금산군,가전제품수리점,9.0,9.0,11.0
충청남도,금산군,가전제품판매점,18.0,18.0,20.0
충청남도,금산군,간이주점,5.0,5.0,4.0
충청남도,금산군,간판광고물업,14.0,14.0,14.0
충청남도,금산군,건강보조식품가게,663.0,667.0,679.0
충청남도,금산군,건어물가게,10.0,10.0,12.0
충청남도,금산군,건축사,11.0,11.0,11.0
충청남도,금산군,결혼상담소,0.0,0.0,0.0
충청남도,금산군,곡물가게,10.0,10.0,10.0
충청남도,금산군,과일가게,13.0,13.0,13.0
충청남도,금산군,교습소ㆍ공부방,21.0,21.0,19.0
충청남도,금산군,교습학원,25.0,25.0,24.0
충청남도,금산군,구내식당,14.0,14.0,14.0
충청남도,금산군,기술ㆍ직업훈련학원,34.0,34.0,29.0
충청남도,금산군,기술사,0.0,0.0,0.0
충청남도,금산군,기타외국식음식점,11.0,11.0,12.0
충청남도,금산군,기타음식점,23.0,24.0,30.0
충청남도,금산군,기타일반의원,4.0,4.0,4.0
충청남도,금산군,꽃가게,51.0,51.0,50.0
충청남도,금산군,내과ㆍ소아과의원,20.0,19.0,20.0
충청남도,금산군,노래방,15.0,15.0,16.0
충청남도,금산군,담배ㆍ복권소매업,18.0,18.0,18.0
충청남도,금산군,당구장,14.0,14.0,14.0
충청남도,금산군,독서실,0.0,0.0,0.0
충청남도,금산군,동물병원,6.0,6.0,6.0
충청남도,금산군,목욕탕,8.0,8.0,8.0
충청남도,금산군,문구점,12.0,12.0,12.0
충청남도,금산군,미용실,106.0,105.0,104.0
충청남도,금산군,법무사,7.0,7.0,7.0
충청남도,금산군,변호사,0.0,0.0,0.0
충청남도,금산군,부동산중개업,76.0,76.0,82.0
충청남도,금산군,분식점,59.0,58.0,60.0
충청남도,금산군,사진촬영업,8.0,8.0,8.0
충청남도,금산군,산부인과의원,0.0,0.0,0.0
충청남도,금산군,생선가게,15.0,15.0,13.0
충청남도,금산군,서점,9.0,8.0,8.0
충청남도,금산군,세무사,0.0,0.0,0.0
충청남도,금산군,세탁소,23.0,23.0,24.0
충청남도,금산군,슈퍼마켓,28.0,28.0,30.0
충청남도,금산군,스포츠교육기관,12.0,11.0,13.0
충청남도,금산군,스포츠시설운영업,4.0,4.0,5.0
충청남도,금산군,스포츠용품점,23.0,23.0,20.0
충청남도,금산군,시계ㆍ귀금속점,5.0,5.0,5.0
충청남도,금산군,식료품가게,101.0,100.0,101.0
충청남도,금산군,신경정신과의원,0.0,0.0,0.0
충청남도,금산군,신발가게,7.0,7.0,6.0
충청남도,금산군,실내스크린골프점,5.0,5.0,5.0
충청남도,금산군,실내장식가게,77.0,78.0,70.0
충청남도,금산군,실외골프연습장,5.0,5.0,5.0
충청남도,금산군,안경점,7.0,7.0,7.0
충청남도,금산군,안과의원,0.0,0.0,0.0
충청남도,금산군,애완용품점,10.0,11.0,11.0
충청남도,금산군,약국,35.0,35.0,34.0
충청남도,금산군,여관ㆍ모텔,43.0,43.0,42.0
충청남도,금산군,여행사,14.0,13.0,14.0
충청남도,금산군,예술학원,15.0,15.0,14.0
충청남도,금산군,옷가게,69.0,69.0,76.0
충청남도,금산군,의료용품가게,11.0,11.0,9.0
충청남도,금산군,이륜자동차판매점,4.0,4.0,4.0
충청남도,금산군,이발소,28.0,28.0,28.0
충청남도,금산군,이비인후과의원,0.0,0.0,0.0
충청남도,금산군,일반외과의원,4.0,4.0,4.0
충청남도,금산군,일식음식점,7.0,7.0,6.0
충청남도,금산군,자동차수리점,61.0,60.0,61.0
충청남도,금산군,자전거판매점,4.0,4.0,4.0
충청남도,금산군,장난감가게,3.0,3.0,0.0
충청남도,금산군,정육점,43.0,44.0,43.0
충청남도,금산군,제과점,21.0,22.0,21.0
충청남도,금산군,종합병원,0.0,0.0,0.0
충청남도,금산군,주유소,34.0,34.0,34.0
충청남도,금산군,주차장운영업,0.0,0.0,0.0
충청남도,금산군,중고차판매점,3.0,3.0,3.0
충청남도,금산군,중식음식점,53.0,52.0,51.0
충청남도,금산군,채소가게,44.0,45.0,49.0
충청남도,금산군,철물점,19.0,19.0,19.0
충청남도,금산군,치과의원,11.0,11.0,11.0
충청남도,금산군,침구ㆍ커튼가게,14.0,14.0,14.0
충청남도,금산군,커피음료점,101.0,103.0,105.0
충청남도,금산군,컴퓨터판매점,9.0,8.0,8.0
충청남도,금산군,통신판매업,410.0,414.0,392.0
충청남도,금산군,패스트푸드점,58.0,57.0,59.0
충청남도,금산군,펜션ㆍ게스트하우스,66.0,64.0,57.0
충청남도,금산군,편의점,42.0,42.0,44.0
충청남도,금산군,피부ㆍ비뇨기과의원,0.0,0.0,0.0
충청남도,금산군,피부관리업,29.0,29.0,30.0
충청남도,금산군,한방병원ㆍ한의원,20.0,20.0,19.0
충청남도,금산군,한식음식점,589.0,590.0,581.0
충청남도,금산군,헬스클럽,4.0,4.0,3.0
충청남도,금산군,호프주점,6.0,6.0,7.0
충청남도,금산군,화장품가게,27.0,27.0,24.0
충청남도,금산군,휴대폰가게,17.0,17.0,17.0
충청남도,논산시,LPG 충전소,12.0,12.0,12.0
충청남도,논산시,pc방,19.0,19.0,19.0
충청남도,논산시,가구점,21.0,21.0,22.0
충청남도,논산시,가전제품수리점,45.0,44.0,39.0
충청남도,논산시,가전제품판매점,47.0,47.0,48.0
충청남도,논산시,간이주점,38.0,40.0,47.0
충청남도,논산시,간판광고물업,41.0,41.0,40.0
충청남도,논산시,건강보조식품가게,38.0,39.0,38.0
충청남도,논산시,건어물가게,71.0,71.0,72.0
충청남도,논산시,건축사,26.0,26.0,22.0
충청남도,논산시,결혼상담소,10.0,10.0,7.0
충청남도,논산시,곡물가게,43.0,43.0,41.0
충청남도,논산시,과일가게,74.0,75.0,75.0
충청남도,논산시,교습소ㆍ공부방,97.0,97.0,95.0
충청남도,논산시,교습학원,61.0,61.0,58.0
충청남도,논산시,구내식당,42.0,42.0,41.0
충청남도,논산시,기술ㆍ직업훈련학원,62.0,60.0,60.0
충청남도,논산시,기술사,0.0,0.0,0.0
충청남도,논산시,기타외국식음식점,50.0,50.0,46.0
충청남도,논산시,기타음식점,63.0,60.0,57.0
충청남도,논산시,기타일반의원,9.0,9.0,10.0
충청남도,논산시,꽃가게,86.0,86.0,84.0
충청남도,논산시,내과ㆍ소아과의원,23.0,23.0,23.0
충청남도,논산시,노래방,70.0,70.0,74.0
충청남도,논산시,담배ㆍ복권소매업,51.0,51.0,53.0
충청남도,논산시,당구장,44.0,45.0,39.0
충청남도,논산시,독서실,4.0,5.0,4.0
충청남도,논산시,동물병원,15.0,15.0,15.0
충청남도,논산시,목욕탕,15.0,15.0,15.0
충청남도,논산시,문구점,36.0,37.0,37.0
충청남도,논산시,미용실,296.0,294.0,292.0
충청남도,논산시,법무사,9.0,9.0,9.0
충청남도,논산시,변호사,5.0,5.0,5.0
충청남도,논산시,부동산중개업,171.0,171.0,181.0
충청남도,논산시,분식점,173.0,174.0,182.0
충청남도,논산시,사진촬영업,29.0,29.0,27.0
충청남도,논산시,산부인과의원,3.0,3.0,3.0
충청남도,논산시,생선가게,32.0,32.0,31.0
충청남도,논산시,서점,28.0,28.0,27.0
충청남도,논산시,세무사,14.0,14.0,14.0
충청남도,논산시,세탁소,71.0,72.0,73.0
충청남도,논산시,슈퍼마켓,84.0,86.0,84.0
충청남도,논산시,스포츠교육기관,57.0,57.0,53.0
충청남도,논산시,스포츠시설운영업,11.0,11.0,12.0
충청남도,논산시,스포츠용품점,70.0,72.0,71.0
충청남도,논산시,시계ㆍ귀금속점,27.0,27.0,26.0
충청남도,논산시,식료품가게,210.0,212.0,212.0
충청남도,논산시,신경정신과의원,5.0,5.0,5.0
충청남도,논산시,신발가게,23.0,23.0,24.0
충청남도,논산시,실내스크린골프점,20.0,21.0,20.0
충청남도,논산시,실내장식가게,125.0,125.0,124.0
충청남도,논산시,실외골프연습장,8.0,8.0,6.0
충청남도,논산시,안경점,20.0,20.0,20.0
충청남도,논산시,안과의원,3.0,3.0,3.0
충청남도,논산시,애완용품점,20.0,20.0,21.0
충청남도,논산시,약국,65.0,65.0,66.0
충청남도,논산시,여관ㆍ모텔,74.0,74.0,78.0
충청남도,논산시,여행사,23.0,23.0,21.0
충청남도,논산시,예술학원,47.0,48.0,50.0
충청남도,논산시,예식장,0.0,0.0,0.0
충청남도,논산시,옷가게,212.0,213.0,222.0
충청남도,논산시,의료용품가게,27.0,26.0,27.0
충청남도,논산시,이륜자동차판매점,14.0,14.0,14.0
충청남도,논산시,이발소,48.0,49.0,49.0
충청남도,논산시,이비인후과의원,6.0,6.0,6.0
충청남도,논산시,일반외과의원,18.0,18.0,18.0
충청남도,논산시,일식음식점,23.0,22.0,24.0
충청남도,논산시,자동차수리점,159.0,159.0,158.0
충청남도,논산시,자전거판매점,13.0,13.0,13.0
충청남도,논산시,장난감가게,15.0,15.0,12.0
충청남도,논산시,정육점,85.0,84.0,76.0
충청남도,논산시,제과점,52.0,51.0,45.0
충청남도,논산시,종합병원,13.0,13.0,13.0
충청남도,논산시,주유소,77.0,76.0,77.0
충청남도,논산시,주차장운영업,8.0,8.0,7.0
충청남도,논산시,중고차판매점,10.0,10.0,9.0
충청남도,논산시,중식음식점,85.0,85.0,91.0
충청남도,논산시,채소가게,88.0,88.0,88.0
충청남도,논산시,철물점,42.0,42.0,41.0
충청남도,논산시,치과의원,38.0,38.0,34.0
충청남도,논산시,침구ㆍ커튼가게,35.0,35.0,34.0
충청남도,논산시,커피음료점,261.0,262.0,263.0
충청남도,논산시,컴퓨터판매점,18.0,18.0,19.0
충청남도,논산시,통신판매업,736.0,729.0,687.0
충청남도,논산시,패스트푸드점,111.0,111.0,111.0
충청남도,논산시,펜션ㆍ게스트하우스,98.0,98.0,91.0
충청남도,논산시,편의점,117.0,119.0,124.0
충청남도,논산시,피부ㆍ비뇨기과의원,5.0,5.0,5.0
충청남도,논산시,피부관리업,106.0,104.0,105.0
충청남도,논산시,한방병원ㆍ한의원,37.0,37.0,37.0
충청남도,논산시,한식음식점,1108.0,1111.0,1121.0
충청남도,논산시,헬스클럽,13.0,13.0,12.0
충청남도,논산시,호프주점,27.0,27.0,31.0
충청남도,논산시,화장품가게,79.0,82.0,82.0
충청남도,논산시,휴대폰가게,62.0,61.0,63.0
충청남도,당진시,LPG 충전소,11.0,11.0,11.0
충청남도,당진시,pc방,40.0,41.0,44.0
충청남도,당진시,가구점,20.0,20.0,20.0
충청남도,당진시,가전제품수리점,36.0,38.0,34.0
충청남도,당진시,가전제품판매점,37.0,36.0,37.0
충청남도,당진시,간이주점,60.0,62.0,66.0
충청남도,당진시,간판광고물업,41.0,42.0,40.0
충청남도,당진시,감정평가사,0.0,0.0,0.0
충청남도,당진시,건강보조식품가게,47.0,47.0,45.0
충청남도,당진시,건어물가게,56.0,57.0,52.0
충청남도,당진시,건축사,37.0,37.0,38.0
충청남도,당진시,결혼상담소,9.0,9.0,7.0
충청남도,당진시,곡물가게,44.0,44.0,46.0
충청남도,당진시,공인노무사,0.0,0.0,0.0
충청남도,당진시,공인회계사,0.0,0.0,0.0
충청남도,당진시,과일가게,31.0,30.0,30.0
충청남도,당진시,교습소ㆍ공부방,194.0,195.0,182.0
충청남도,당진시,교습학원,221.0,226.0,218.0
충청남도,당진시,구내식당,52.0,51.0,54.0
충청남도,당진시,기술ㆍ직업훈련학원,64.0,64.0,68.0
충청남도,당진시,기술사,6.0,6.0,6.0
충청남도,당진시,기타외국식음식점,47.0,48.0,43.0
충청남도,당진시,기타음식점,51.0,50.0,54.0
충청남도,당진시,기타일반의원,5.0,5.0,5.0
충청남도,당진시,꽃가게,99.0,99.0,94.0
충청남도,당진시,내과ㆍ소아과의원,39.0,39.0,37.0
충청남도,당진시,노래방,120.0,121.0,124.0
충청남도,당진시,담배ㆍ복권소매업,37.0,37.0,37.0
충청남도,당진시,당구장,72.0,72.0,69.0
충청남도,당진시,독서실,6.0,6.0,6.0
충청남도,당진시,동물병원,19.0,19.0,17.0
충청남도,당진시,목욕탕,17.0,17.0,18.0
충청남도,당진시,문구점,36.0,36.0,37.0
충청남도,당진시,미용실,427.0,428.0,425.0
충청남도,당진시,법무사,21.0,21.0,21.0
충청남도,당진시,변호사,5.0,5.0,5.0
충청남도,당진시,부동산중개업,375.0,376.0,387.0
충청남도,당진시,분식점,237.0,238.0,250.0
충청남도,당진시,사진촬영업,34.0,33.0,35.0
충청남도,당진시,산부인과의원,4.0,4.0,4.0
충청남도,당진시,생선가게,109.0,105.0,104.0
충청남도,당진시,서점,21.0,20.0,21.0
충청남도,당진시,성형외과의원,0.0,0.0,0.0
충청남도,당진시,세무사,18.0,17.0,18.0
충청남도,당진시,세탁소,78.0,77.0,76.0
충청남도,당진시,슈퍼마켓,117.0,117.0,127.0
충청남도,당진시,스포츠교육기관,114.0,120.0,114.0
충청남도,당진시,스포츠시설운영업,24.0,25.0,26.0
충청남도,당진시,스포츠용품점,76.0,76.0,82.0
충청남도,당진시,시계ㆍ귀금속점,15.0,15.0,15.0
충청남도,당진시,식료품가게,218.0,220.0,227.0
충청남도,당진시,신경정신과의원,3.0,3.0,3.0
충청남도,당진시,신발가게,18.0,18.0,18.0
충청남도,당진시,실내스크린골프점,40.0,39.0,38.0
충청남도,당진시,실내장식가게,134.0,135.0,121.0
충청남도,당진시,실외골프연습장,5.0,5.0,6.0
충청남도,당진시,안경점,26.0,26.0,26.0
충청남도,당진시,안과의원,5.0,5.0,5.0
충청남도,당진시,애완용품점,37.0,35.0,40.0
충청남도,당진시,약국,79.0,81.0,73.0
충청남도,당진시,여관ㆍ모텔,86.0,83.0,86.0
충청남도,당진시,여행사,29.0,28.0,28.0
충청남도,당진시,예술학원,87.0,87.0,98.0
충청남도,당진시,예식장,3.0,3.0,0.0
충청남도,당진시,옷가게,216.0,216.0,242.0
충청남도,당진시,의료용품가게,21.0,21.0,18.0
충청남도,당진시,이륜자동차판매점,11.0,10.0,10.0
충청남도,당진시,이발소,54.0,55.0,57.0
충청남도,당진시,이비인후과의원,0.0,0.0,0.0
충청남도,당진시,일반외과의원,14.0,14.0,15.0
충청남도,당진시,일식음식점,45.0,43.0,44.0
충청남도,당진시,자동차수리점,265.0,265.0,265.0
충청남도,당진시,자전거판매점,5.0,5.0,5.0
충청남도,당진시,장난감가게,14.0,12.0,10.0
충청남도,당진시,정육점,86.0,86.0,86.0
충청남도,당진시,제과점,75.0,74.0,65.0
충청남도,당진시,종합병원,10.0,10.0,11.0
충청남도,당진시,주유소,105.0,105.0,102.0
충청남도,당진시,주차장운영업,22.0,21.0,18.0
충청남도,당진시,중고차판매점,12.0,12.0,12.0
충청남도,당진시,중식음식점,112.0,110.0,109.0
충청남도,당진시,채소가게,75.0,75.0,73.0
충청남도,당진시,철물점,53.0,53.0,53.0
충청남도,당진시,치과의원,48.0,47.0,45.0
충청남도,당진시,침구ㆍ커튼가게,44.0,44.0,42.0
충청남도,당진시,커피음료점,233.0,234.0,251.0
충청남도,당진시,컴퓨터판매점,18.0,18.0,18.0
충청남도,당진시,통신판매업,1384.0,1371.0,1237.0
충청남도,당진시,패스트푸드점,166.0,165.0,168.0
충청남도,당진시,펜션ㆍ게스트하우스,60.0,60.0,53.0
충청남도,당진시,편의점,269.0,269.0,270.0
충청남도,당진시,피부ㆍ비뇨기과의원,7.0,7.0,6.0
충청남도,당진시,피부관리업,264.0,263.0,238.0
충청남도,당진시,한방병원ㆍ한의원,36.0,36.0,35.0
충청남도,당진시,한식음식점,2108.0,2110.0,2134.0
충청남도,당진시,헬스클럽,25.0,25.0,21.0
충청남도,당진시,호프주점,54.0,51.0,61.0
충청남도,당진시,화장품가게,102.0,102.0,115.0
충청남도,당진시,휴대폰가게,59.0,59.0,55.0
충청남도,보령시,LPG 충전소,8.0,8.0,8.0
충청남도,보령시,pc방,20.0,19.0,17.0
충청남도,보령시,가구점,13.0,13.0,13.0
충청남도,보령시,가전제품수리점,28.0,28.0,27.0
충청남도,보령시,가전제품판매점,34.0,34.0,36.0
충청남도,보령시,간이주점,3.0,3.0,4.0
충청남도,보령시,간판광고물업,29.0,29.0,29.0
충청남도,보령시,건강보조식품가게,21.0,22.0,25.0
충청남도,보령시,건어물가게,80.0,79.0,82.0
충청남도,보령시,건축사,21.0,21.0,21.0
충청남도,보령시,결혼상담소,4.0,4.0,4.0
충청남도,보령시,곡물가게,17.0,17.0,17.0
충청남도,보령시,공인노무사,3.0,3.0,3.0
충청남도,보령시,공인회계사,3.0,3.0,3.0
충청남도,보령시,과일가게,26.0,26.0,28.0
충청남도,보령시,교습소ㆍ공부방,91.0,89.0,90.0
충청남도,보령시,교습학원,80.0,80.0,78.0
충청남도,보령시,구내식당,33.0,32.0,35.0
충청남도,보령시,기술ㆍ직업훈련학원,60.0,59.0,55.0
충청남도,보령시,기술사,3.0,3.0,3.0
충청남도,보령시,기타외국식음식점,29.0,29.0,27.0
충청남도,보령시,기타음식점,49.0,49.0,48.0
충청남도,보령시,기타일반의원,3.0,3.0,3.0
충청남도,보령시,꽃가게,61.0,62.0,59.0
충청남도,보령시,내과ㆍ소아과의원,22.0,22.0,21.0
충청남도,보령시,노래방,75.0,75.0,79.0
충청남도,보령시,담배ㆍ복권소매업,31.0,32.0,34.0
충청남도,보령시,당구장,34.0,35.0,33.0
충청남도,보령시,독서실,10.0,10.0,11.0
충청남도,보령시,동물병원,10.0,10.0,10.0
충청남도,보령시,목욕탕,13.0,13.0,13.0
충청남도,보령시,문구점,28.0,27.0,26.0
충청남도,보령시,미용실,237.0,241.0,237.0
충청남도,보령시,법무사,13.0,13.0,13.0
충청남도,보령시,변호사,0.0,0.0,0.0
충청남도,보령시,부동산중개업,122.0,120.0,126.0
충청남도,보령시,분식점,62.0,62.0,62.0
충청남도,보령시,사진촬영업,25.0,25.0,22.0
충청남도,보령시,산부인과의원,0.0,0.0,0.0
충청남도,보령시,생선가게,110.0,110.0,103.0
충청남도,보령시,서점,13.0,14.0,12.0
충청남도,보령시,세무사,11.0,11.0,12.0
충청남도,보령시,세탁소,65.0,66.0,65.0
충청남도,보령시,슈퍼마켓,70.0,71.0,71.0
충청남도,보령시,스포츠교육기관,48.0,48.0,48.0
충청남도,보령시,스포츠시설운영업,11.0,11.0,8.0
충청남도,보령시,스포츠용품점,91.0,91.0,94.0
충청남도,보령시,시계ㆍ귀금속점,12.0,12.0,13.0
충청남도,보령시,식료품가게,261.0,260.0,275.0
충청남도,보령시,신경정신과의원,0.0,0.0,0.0
충청남도,보령시,신발가게,14.0,14.0,15.0
충청남도,보령시,실내스크린골프점,27.0,27.0,29.0
충청남도,보령시,실내장식가게,82.0,83.0,80.0
충청남도,보령시,실외골프연습장,4.0,4.0,4.0
충청남도,보령시,안경점,13.0,13.0,13.0
충청남도,보령시,안과의원,0.0,0.0,0.0
충청남도,보령시,애완용품점,13.0,13.0,13.0
충청남도,보령시,약국,50.0,52.0,50.0
충청남도,보령시,여관ㆍ모텔,146.0,146.0,148.0
충청남도,보령시,여행사,16.0,16.0,13.0
충청남도,보령시,예술학원,45.0,44.0,47.0
충청남도,보령시,예식장,0.0,0.0,0.0
충청남도,보령시,옷가게,185.0,185.0,191.0
충청남도,보령시,의료용품가게,15.0,15.0,15.0
충청남도,보령시,이륜자동차판매점,6.0,6.0,5.0
충청남도,보령시,이발소,37.0,38.0,37.0
충청남도,보령시,이비인후과의원,3.0,3.0,3.0
충청남도,보령시,일반외과의원,18.0,18.0,18.0
충청남도,보령시,일식음식점,54.0,54.0,56.0
충청남도,보령시,자동차수리점,112.0,112.0,110.0
충청남도,보령시,자전거판매점,8.0,8.0,8.0
충청남도,보령시,장난감가게,28.0,28.0,24.0
충청남도,보령시,정육점,43.0,44.0,44.0
충청남도,보령시,제과점,52.0,52.0,49.0
충청남도,보령시,종합병원,7.0,7.0,7.0
충청남도,보령시,주유소,48.0,48.0,49.0
충청남도,보령시,주차장운영업,9.0,9.0,7.0
충청남도,보령시,중고차판매점,8.0,8.0,10.0
충청남도,보령시,중식음식점,77.0,77.0,74.0
충청남도,보령시,채소가게,50.0,50.0,50.0
충청남도,보령시,철물점,27.0,27.0,27.0
충청남도,보령시,치과의원,26.0,26.0,27.0
충청남도,보령시,침구ㆍ커튼가게,24.0,24.0,25.0
충청남도,보령시,커피음료점,216.0,216.0,213.0
충청남도,보령시,컴퓨터판매점,11.0,11.0,10.0
충청남도,보령시,통신판매업,564.0,557.0,524.0
충청남도,보령시,패스트푸드점,105.0,104.0,106.0
충청남도,보령시,펜션ㆍ게스트하우스,309.0,308.0,306.0
충청남도,보령시,편의점,151.0,153.0,160.0
충청남도,보령시,피부ㆍ비뇨기과의원,4.0,4.0,5.0
충청남도,보령시,피부관리업,79.0,79.0,83.0
충청남도,보령시,한방병원ㆍ한의원,27.0,27.0,28.0
충청남도,보령시,한식음식점,1470.0,1473.0,1478.0
충청남도,보령시,헬스클럽,18.0,18.0,15.0
충청남도,보령시,호프주점,31.0,32.0,43.0
충청남도,보령시,화장품가게,76.0,73.0,69.0
충청남도,보령시,휴대폰가게,23.0,23.0,18.0
충청남도,부여군,LPG 충전소,4.0,4.0,4.0
충청남도,부여군,pc방,0.0,0.0,0.0
충청남도,부여군,가구점,4.0,4.0,4.0
충청남도,부여군,가전제품수리점,9.0,9.0,8.0
충청남도,부여군,가전제품판매점,17.0,17.0,16.0
충청남도,부여군,간이주점,4.0,4.0,4.0
충청남도,부여군,간판광고물업,10.0,9.0,9.0
충청남도,부여군,건강보조식품가게,19.0,19.0,18.0
충청남도,부여군,건어물가게,11.0,11.0,10.0
충청남도,부여군,건축사,16.0,16.0,15.0
충청남도,부여군,결혼상담소,0.0,0.0,0.0
충청남도,부여군,곡물가게,19.0,19.0,19.0
충청남도,부여군,공인회계사,0.0,0.0,0.0
충청남도,부여군,과일가게,43.0,44.0,39.0
충청남도,부여군,교습소ㆍ공부방,24.0,24.0,26.0
충청남도,부여군,교습학원,24.0,24.0,24.0
충청남도,부여군,구내식당,18.0,18.0,19.0
충청남도,부여군,기술ㆍ직업훈련학원,36.0,36.0,37.0
충청남도,부여군,기타외국식음식점,17.0,17.0,20.0
충청남도,부여군,기타음식점,24.0,23.0,21.0
충청남도,부여군,기타일반의원,0.0,0.0,0.0
충청남도,부여군,꽃가게,51.0,50.0,48.0
충청남도,부여군,내과ㆍ소아과의원,13.0,14.0,15.0
충청남도,부여군,노래방,10.0,10.0,11.0
충청남도,부여군,담배ㆍ복권소매업,25.0,25.0,27.0
충청남도,부여군,당구장,16.0,16.0,16.0
충청남도,부여군,독서실,4.0,4.0,4.0
충청남도,부여군,동물병원,11.0,11.0,12.0
충청남도,부여군,목욕탕,8.0,8.0,8.0
충청남도,부여군,문구점,12.0,13.0,12.0
충청남도,부여군,미용실,130.0,130.0,130.0
충청남도,부여군,법무사,5.0,5.0,6.0
충청남도,부여군,부동산중개업,55.0,54.0,55.0
충청남도,부여군,분식점,52.0,53.0,54.0
충청남도,부여군,사진촬영업,10.0,10.0,9.0
충청남도,부여군,생선가게,14.0,14.0,15.0
충청남도,부여군,서점,11.0,11.0,13.0
충청남도,부여군,세무사,3.0,3.0,3.0
충청남도,부여군,세탁소,29.0,29.0,28.0
충청남도,부여군,슈퍼마켓,28.0,28.0,29.0
충청남도,부여군,스포츠교육기관,34.0,34.0,31.0
충청남도,부여군,스포츠시설운영업,0.0,0.0,0.0
충청남도,부여군,스포츠용품점,33.0,34.0,34.0
충청남도,부여군,시계ㆍ귀금속점,16.0,16.0,16.0
충청남도,부여군,식료품가게,105.0,106.0,110.0
충청남도,부여군,신경정신과의원,0.0,0.0,0.0
충청남도,부여군,신발가게,12.0,12.0,12.0
충청남도,부여군,실내스크린골프점,6.0,6.0,7.0
충청남도,부여군,실내장식가게,70.0,70.0,66.0
충청남도,부여군,안경점,7.0,7.0,7.0
충청남도,부여군,안과의원,0.0,0.0,0.0
충청남도,부여군,애완용품점,9.0,9.0,9.0
충청남도,부여군,약국,36.0,37.0,35.0
충청남도,부여군,여관ㆍ모텔,45.0,45.0,45.0
충청남도,부여군,여행사,16.0,16.0,17.0
충청남도,부여군,예술학원,16.0,16.0,17.0
충청남도,부여군,예식장,3.0,3.0,3.0
충청남도,부여군,옷가게,85.0,87.0,89.0
충청남도,부여군,의료용품가게,8.0,8.0,8.0
충청남도,부여군,이륜자동차판매점,5.0,5.0,5.0
충청남도,부여군,이발소,22.0,22.0,23.0
충청남도,부여군,이비인후과의원,0.0,0.0,0.0
충청남도,부여군,일반외과의원,9.0,9.0,9.0
충청남도,부여군,일식음식점,6.0,7.0,6.0
충청남도,부여군,자동차수리점,69.0,69.0,68.0
충청남도,부여군,자전거판매점,6.0,6.0,6.0
충청남도,부여군,장난감가게,0.0,0.0,0.0
충청남도,부여군,정육점,45.0,47.0,45.0
충청남도,부여군,제과점,15.0,15.0,14.0
충청남도,부여군,종합병원,7.0,7.0,6.0
충청남도,부여군,주유소,44.0,44.0,42.0
충청남도,부여군,주차장운영업,4.0,4.0,3.0
충청남도,부여군,중고차판매점,3.0,3.0,3.0
충청남도,부여군,중식음식점,38.0,37.0,38.0
충청남도,부여군,채소가게,56.0,55.0,52.0
충청남도,부여군,철물점,23.0,24.0,21.0
충청남도,부여군,치과의원,18.0,18.0,18.0
충청남도,부여군,침구ㆍ커튼가게,13.0,13.0,14.0
충청남도,부여군,커피음료점,124.0,126.0,122.0
충청남도,부여군,컴퓨터판매점,8.0,8.0,6.0
충청남도,부여군,통신판매업,340.0,339.0,336.0
충청남도,부여군,패스트푸드점,46.0,46.0,47.0
충청남도,부여군,펜션ㆍ게스트하우스,90.0,86.0,69.0
충청남도,부여군,편의점,49.0,50.0,54.0
충청남도,부여군,피부ㆍ비뇨기과의원,0.0,0.0,0.0
충청남도,부여군,피부관리업,35.0,34.0,33.0
충청남도,부여군,한방병원ㆍ한의원,13.0,13.0,13.0
충청남도,부여군,한식음식점,612.0,612.0,608.0
충청남도,부여군,헬스클럽,4.0,4.0,5.0
충청남도,부여군,호프주점,26.0,25.0,27.0
충청남도,부여군,화장품가게,27.0,27.0,25.0
충청남도,부여군,휴대폰가게,25.0,25.0,23.0
충청남도,서산시,LPG 충전소,6.0,6.0,6.0
충청남도,서산시,pc방,35.0,35.0,35.0
충청남도,서산시,가구점,29.0,29.0,28.0
충청남도,서산시,가전제품수리점,99.0,99.0,95.0
충청남도,서산시,가전제품판매점,52.0,53.0,52.0
충청남도,서산시,간이주점,42.0,42.0,47.0
충청남도,서산시,간판광고물업,40.0,40.0,40.0
충청남도,서산시,감정평가사,0.0,0.0,0.0
충청남도,서산시,건강보조식품가게,54.0,53.0,59.0
충청남도,서산시,건어물가게,47.0,47.0,47.0
충청남도,서산시,건축사,41.0,41.0,40.0
충청남도,서산시,결혼상담소,7.0,7.0,6.0
충청남도,서산시,곡물가게,31.0,31.0,35.0
충청남도,서산시,공인노무사,0.0,0.0,0.0
충청남도,서산시,공인회계사,6.0,6.0,6.0
충청남도,서산시,과일가게,35.0,35.0,32.0
충청남도,서산시,교습소ㆍ공부방,261.0,260.0,266.0
충청남도,서산시,교습학원,167.0,167.0,172.0
충청남도,서산시,구내식당,68.0,69.0,67.0
충청남도,서산시,기술ㆍ직업훈련학원,71.0,70.0,68.0
충청남도,서산시,기술사,0.0,0.0,0.0
충청남도,서산시,기타외국식음식점,68.0,68.0,60.0
충청남도,서산시,기타음식점,70.0,69.0,75.0
충청남도,서산시,기타일반의원,9.0,9.0,9.0
충청남도,서산시,꽃가게,121.0,121.0,122.0
충청남도,서산시,내과ㆍ소아과의원,27.0,28.0,29.0
충청남도,서산시,노래방,80.0,81.0,78.0
충청남도,서산시,담배ㆍ복권소매업,46.0,45.0,42.0
충청남도,서산시,당구장,66.0,66.0,66.0
충청남도,서산시,독서실,24.0,24.0,27.0
충청남도,서산시,동물병원,17.0,17.0,17.0
충청남도,서산시,목욕탕,12.0,12.0,14.0
충청남도,서산시,문구점,40.0,40.0,38.0
충청남도,서산시,미용실,461.0,462.0,460.0
충청남도,서산시,법무사,24.0,24.0,23.0
충청남도,서산시,변호사,23.0,23.0,22.0
충청남도,서산시,부동산중개업,341.0,343.0,352.0
충청남도,서산시,분식점,152.0,152.0,158.0
충청남도,서산시,사진촬영업,49.0,49.0,48.0
충청남도,서산시,산부인과의원,3.0,3.0,3.0
충청남도,서산시,생선가게,106.0,104.0,107.0
충청남도,서산시,서점,23.0,23.0,23.0
충청남도,서산시,성형외과의원,3.0,3.0,3.0
충청남도,서산시,세무사,28.0,29.0,28.0
충청남도,서산시,세탁소,114.0,113.0,119.0
충청남도,서산시,슈퍼마켓,107.0,106.0,112.0
충청남도,서산시,스포츠교육기관,90.0,89.0,93.0
충청남도,서산시,스포츠시설운영업,19.0,19.0,18.0
충청남도,서산시,스포츠용품점,89.0,89.0,96.0
충청남도,서산시,시계ㆍ귀금속점,26.0,26.0,26.0
충청남도,서산시,식료품가게,246.0,245.0,245.0
충청남도,서산시,신경정신과의원,5.0,5.0,5.0
충청남도,서산시,신발가게,18.0,18.0,19.0
충청남도,서산시,실내스크린골프점,31.0,31.0,31.0
충청남도,서산시,실내장식가게,214.0,212.0,194.0
충청남도,서산시,실외골프연습장,11.0,11.0,11.0
충청남도,서산시,안경점,23.0,23.0,24.0
충청남도,서산시,안과의원,4.0,4.0,4.0
충청남도,서산시,애완용품점,38.0,40.0,42.0
충청남도,서산시,약국,75.0,75.0,78.0
충청남도,서산시,여관ㆍ모텔,116.0,115.0,119.0
충청남도,서산시,여행사,21.0,21.0,23.0
충청남도,서산시,예술학원,94.0,93.0,94.0
충청남도,서산시,예식장,6.0,6.0,6.0
충청남도,서산시,옷가게,301.0,299.0,324.0
충청남도,서산시,의료용품가게,22.0,21.0,23.0
충청남도,서산시,이륜자동차판매점,7.0,7.0,5.0
충청남도,서산시,이발소,39.0,39.0,40.0
충청남도,서산시,이비인후과의원,4.0,4.0,4.0
충청남도,서산시,일반외과의원,15.0,15.0,16.0
충청남도,서산시,일식음식점,47.0,48.0,51.0
충청남도,서산시,자동차수리점,228.0,227.0,229.0
충청남도,서산시,자전거판매점,8.0,8.0,9.0
충청남도,서산시,장난감가게,12.0,12.0,9.0
충청남도,서산시,정육점,76.0,76.0,80.0
충청남도,서산시,제과점,81.0,79.0,75.0
충청남도,서산시,종합병원,7.0,7.0,7.0
충청남도,서산시,주유소,84.0,84.0,83.0
충청남도,서산시,주차장운영업,39.0,40.0,39.0
충청남도,서산시,중고차판매점,17.0,17.0,17.0
충청남도,서산시,중식음식점,118.0,119.0,117.0
충청남도,서산시,채소가게,100.0,102.0,100.0
충청남도,서산시,철물점,47.0,47.0,40.0
충청남도,서산시,치과의원,54.0,53.0,56.0
충청남도,서산시,침구ㆍ커튼가게,48.0,48.0,49.0
충청남도,서산시,커피음료점,338.0,342.0,346.0
충청남도,서산시,컴퓨터판매점,20.0,20.0,21.0
충청남도,서산시,통신판매업,1224.0,1218.0,1185.0
충청남도,서산시,패스트푸드점,212.0,214.0,211.0
충청남도,서산시,펜션ㆍ게스트하우스,102.0,102.0,94.0
충청남도,서산시,편의점,241.0,240.0,241.0
충청남도,서산시,피부ㆍ비뇨기과의원,12.0,12.0,12.0
충청남도,서산시,피부관리업,258.0,258.0,255.0
충청남도,서산시,한방병원ㆍ한의원,37.0,38.0,37.0
충청남도,서산시,한식음식점,1892.0,1900.0,1934.0
충청남도,서산시,헬스클럽,32.0,31.0,33.0
충청남도,서산시,호프주점,64.0,65.0,68.0
충청남도,서산시,화장품가게,114.0,114.0,115.0
충청남도,서산시,휴대폰가게,59.0,57.0,58.0
충청남도,서천군,LPG 충전소,6.0,6.0,6.0
충청남도,서천군,pc방,8.0,8.0,10.0
충청남도,서천군,가구점,4.0,4.0,5.0
충청남도,서천군,가전제품수리점,15.0,15.0,17.0
충청남도,서천군,가전제품판매점,12.0,12.0,11.0
충청남도,서천군,간이주점,3.0,3.0,0.0
충청남도,서천군,간판광고물업,19.0,19.0,19.0
충청남도,서천군,건강보조식품가게,16.0,16.0,13.0
충청남도,서천군,건어물가게,49.0,49.0,51.0
충청남도,서천군,건축사,11.0,11.0,10.0
충청남도,서천군,결혼상담소,3.0,3.0,4.0
충청남도,서천군,곡물가게,14.0,14.0,12.0
충청남도,서천군,공인회계사,0.0,0.0,0.0
충청남도,서천군,과일가게,18.0,18.0,19.0
충청남도,서천군,교습소ㆍ공부방,21.0,21.0,22.0
충청남도,서천군,교습학원,31.0,31.0,30.0
충청남도,서천군,구내식당,14.0,14.0,13.0
충청남도,서천군,기술ㆍ직업훈련학원,17.0,17.0,14.0
충청남도,서천군,기타외국식음식점,10.0,9.0,9.0
충청남도,서천군,기타음식점,35.0,35.0,37.0
충청남도,서천군,기타일반의원,0.0,0.0,0.0
충청남도,서천군,꽃가게,34.0,34.0,36.0
충청남도,서천군,내과ㆍ소아과의원,13.0,13.0,13.0
충청남도,서천군,노래방,14.0,14.0,14.0
충청남도,서천군,담배ㆍ복권소매업,25.0,25.0,26.0
충청남도,서천군,당구장,11.0,11.0,13.0
충청남도,서천군,독서실,5.0,5.0,5.0
충청남도,서천군,동물병원,3.0,3.0,3.0
충청남도,서천군,목욕탕,5.0,5.0,5.0
충청남도,서천군,문구점,18.0,18.0,17.0
충청남도,서천군,미용실,92.0,92.0,95.0
충청남도,서천군,법무사,5.0,5.0,5.0
충청남도,서천군,부동산중개업,66.0,65.0,68.0
충청남도,서천군,분식점,34.0,33.0,26.0
충청남도,서천군,사진촬영업,12.0,12.0,13.0
충청남도,서천군,산부인과의원,0.0,0.0,0.0
충청남도,서천군,생선가게,102.0,102.0,105.0
충청남도,서천군,서점,5.0,5.0,4.0
충청남도,서천군,세무사,3.0,3.0,0.0
충청남도,서천군,세탁소,21.0,22.0,22.0
충청남도,서천군,슈퍼마켓,29.0,26.0,27.0
충청남도,서천군,스포츠교육기관,15.0,16.0,18.0
충청남도,서천군,스포츠시설운영업,4.0,4.0,4.0
충청남도,서천군,스포츠용품점,43.0,43.0,43.0
충청남도,서천군,시계ㆍ귀금속점,12.0,12.0,14.0
충청남도,서천군,식료품가게,128.0,127.0,130.0
충청남도,서천군,신경정신과의원,0.0,0.0,0.0
충청남도,서천군,신발가게,7.0,7.0,6.0
충청남도,서천군,실내스크린골프점,7.0,7.0,8.0
충청남도,서천군,실내장식가게,46.0,47.0,44.0
충청남도,서천군,실외골프연습장,0.0,0.0,0.0
충청남도,서천군,안경점,9.0,9.0,9.0
충청남도,서천군,안과의원,0.0,0.0,0.0
충청남도,서천군,애완용품점,4.0,4.0,4.0
충청남도,서천군,약국,27.0,27.0,28.0
충청남도,서천군,여관ㆍ모텔,41.0,41.0,42.0
충청남도,서천군,여행사,8.0,8.0,10.0
충청남도,서천군,예술학원,25.0,25.0,26.0
충청남도,서천군,예식장,4.0,4.0,4.0
충청남도,서천군,옷가게,77.0,77.0,83.0
충청남도,서천군,의료용품가게,8.0,8.0,8.0
충청남도,서천군,이륜자동차판매점,4.0,4.0,4.0
충청남도,서천군,이발소,27.0,27.0,26.0
충청남도,서천군,이비인후과의원,0.0,0.0,0.0
충청남도,서천군,일반외과의원,8.0,8.0,8.0
충청남도,서천군,일식음식점,10.0,10.0,10.0
충청남도,서천군,자동차수리점,57.0,56.0,56.0
충청남도,서천군,자전거판매점,8.0,8.0,8.0
충청남도,서천군,장난감가게,11.0,11.0,10.0
충청남도,서천군,정육점,37.0,37.0,37.0
충청남도,서천군,제과점,13.0,13.0,16.0
충청남도,서천군,종합병원,4.0,4.0,5.0
충청남도,서천군,주유소,34.0,34.0,34.0
충청남도,서천군,주차장운영업,0.0,0.0,0.0
충청남도,서천군,중고차판매점,0.0,0.0,0.0
충청남도,서천군,중식음식점,38.0,39.0,38.0
충청남도,서천군,채소가게,35.0,34.0,33.0
충청남도,서천군,철물점,13.0,13.0,14.0
충청남도,서천군,치과의원,13.0,13.0,13.0
충청남도,서천군,침구ㆍ커튼가게,12.0,12.0,12.0
충청남도,서천군,커피음료점,100.0,102.0,98.0
충청남도,서천군,컴퓨터판매점,0.0,0.0,0.0
충청남도,서천군,통신판매업,203.0,203.0,191.0
충청남도,서천군,패스트푸드점,42.0,42.0,38.0
충청남도,서천군,펜션ㆍ게스트하우스,95.0,95.0,90.0
충청남도,서천군,편의점,42.0,42.0,48.0
충청남도,서천군,피부ㆍ비뇨기과의원,0.0,0.0,0.0
충청남도,서천군,피부관리업,34.0,34.0,33.0
충청남도,서천군,한방병원ㆍ한의원,13.0,13.0,13.0
충청남도,서천군,한식음식점,544.0,547.0,543.0
충청남도,서천군,헬스클럽,4.0,4.0,4.0
충청남도,서천군,호프주점,42.0,43.0,49.0
충청남도,서천군,화장품가게,24.0,23.0,23.0
충청남도,서천군,휴대폰가게,18.0,18.0,20.0
충청남도,아산시,LPG 충전소,10.0,10.0,10.0
충청남도,아산시,pc방,61.0,61.0,66.0
충청남도,아산시,가구점,34.0,34.0,33.0
충청남도,아산시,가전제품수리점,244.0,241.0,210.0
충청남도,아산시,가전제품판매점,68.0,69.0,73.0
충청남도,아산시,간이주점,20.0,20.0,21.0
충청남도,아산시,간판광고물업,59.0,59.0,59.0
충청남도,아산시,감정평가사,4.0,4.0,6.0
충청남도,아산시,건강보조식품가게,87.0,89.0,88.0
충청남도,아산시,건어물가게,35.0,35.0,36.0
충청남도,아산시,건축사,78.0,79.0,77.0
충청남도,아산시,결혼상담소,8.0,8.0,8.0
충청남도,아산시,곡물가게,42.0,42.0,37.0
충청남도,아산시,공인노무사,4.0,4.0,3.0
충청남도,아산시,공인회계사,8.0,8.0,5.0
충청남도,아산시,과일가게,86.0,86.0,85.0
충청남도,아산시,교습소ㆍ공부방,476.0,473.0,432.0
충청남도,아산시,교습학원,408.0,409.0,400.0
충청남도,아산시,구내식당,133.0,134.0,124.0
충청남도,아산시,기술ㆍ직업훈련학원,157.0,156.0,155.0
충청남도,아산시,기술사,0.0,0.0,0.0
충청남도,아산시,기타외국식음식점,172.0,174.0,183.0
충청남도,아산시,기타음식점,101.0,104.0,105.0
충청남도,아산시,기타일반의원,15.0,15.0,17.0
충청남도,아산시,꽃가게,190.0,189.0,184.0
충청남도,아산시,내과ㆍ소아과의원,74.0,74.0,75.0
충청남도,아산시,노래방,116.0,118.0,123.0
충청남도,아산시,담배ㆍ복권소매업,83.0,83.0,80.0
충청남도,아산시,당구장,119.0,119.0,124.0
충청남도,아산시,독서실,18.0,19.0,21.0
충청남도,아산시,동물병원,31.0,31.0,31.0
충청남도,아산시,목욕탕,18.0,18.0,17.0
충청남도,아산시,문구점,84.0,85.0,87.0
충청남도,아산시,미용실,742.0,738.0,705.0
충청남도,아산시,법무사,15.0,15.0,15.0
충청남도,아산시,변리사,0.0,0.0,0.0
충청남도,아산시,변호사,9.0,9.0,9.0
충청남도,아산시,부동산중개업,1050.0,1041.0,1046.0
충청남도,아산시,분식점,371.0,367.0,366.0
충청남도,아산시,사진촬영업,105.0,104.0,99.0
충청남도,아산시,산부인과의원,6.0,6.0,6.0
충청남도,아산시,생선가게,34.0,34.0,29.0
충청남도,아산시,서점,69.0,69.0,65.0
충청남도,아산시,성형외과의원,0.0,0.0,0.0
충청남도,아산시,세무사,41.0,41.0,42.0
충청남도,아산시,세탁소,173.0,173.0,161.0
충청남도,아산시,슈퍼마켓,188.0,192.0,190.0
충청남도,아산시,스포츠교육기관,270.0,272.0,269.0
충청남도,아산시,스포츠시설운영업,45.0,44.0,41.0
충청남도,아산시,스포츠용품점,132.0,132.0,122.0
충청남도,아산시,시계ㆍ귀금속점,35.0,35.0,29.0
충청남도,아산시,식료품가게,344.0,348.0,344.0
충청남도,아산시,신경정신과의원,12.0,11.0,11.0
충청남도,아산시,신발가게,23.0,21.0,19.0
충청남도,아산시,실내스크린골프점,72.0,74.0,74.0
충청남도,아산시,실내장식가게,480.0,473.0,457.0
충청남도,아산시,실외골프연습장,11.0,11.0,11.0
충청남도,아산시,안경점,64.0,64.0,62.0
충청남도,아산시,안과의원,8.0,8.0,8.0
충청남도,아산시,애완용품점,84.0,87.0,94.0
충청남도,아산시,약국,143.0,142.0,137.0
충청남도,아산시,여관ㆍ모텔,140.0,139.0,141.0
충청남도,아산시,여행사,39.0,39.0,36.0
충청남도,아산시,예술학원,230.0,229.0,220.0
충청남도,아산시,예식장,5.0,5.0,5.0
충청남도,아산시,옷가게,361.0,357.0,354.0
충청남도,아산시,의료용품가게,27.0,28.0,30.0
충청남도,아산시,이륜자동차판매점,18.0,18.0,20.0
충청남도,아산시,이발소,60.0,57.0,59.0
충청남도,아산시,이비인후과의원,9.0,9.0,9.0
충청남도,아산시,일반외과의원,29.0,29.0,29.0
충청남도,아산시,일식음식점,139.0,142.0,131.0
충청남도,아산시,자동차수리점,391.0,391.0,401.0
충청남도,아산시,자전거판매점,13.0,12.0,13.0
충청남도,아산시,장난감가게,29.0,28.0,19.0
충청남도,아산시,정육점,130.0,133.0,138.0
충청남도,아산시,제과점,169.0,170.0,155.0
충청남도,아산시,종합병원,17.0,17.0,17.0
충청남도,아산시,주유소,117.0,116.0,122.0
충청남도,아산시,주차장운영업,47.0,45.0,47.0
충청남도,아산시,중고차판매점,76.0,75.0,69.0
충청남도,아산시,중식음식점,274.0,279.0,276.0
충청남도,아산시,채소가게,80.0,81.0,79.0
충청남도,아산시,철물점,61.0,60.0,57.0
충청남도,아산시,치과의원,102.0,102.0,100.0
충청남도,아산시,침구ㆍ커튼가게,50.0,49.0,47.0
충청남도,아산시,커피음료점,613.0,607.0,590.0
충청남도,아산시,컴퓨터판매점,24.0,24.0,19.0
충청남도,아산시,통신판매업,3779.0,3758.0,3492.0
충청남도,아산시,패스트푸드점,468.0,466.0,477.0
충청남도,아산시,펜션ㆍ게스트하우스,63.0,65.0,55.0
충청남도,아산시,편의점,513.0,512.0,509.0
충청남도,아산시,피부ㆍ비뇨기과의원,14.0,14.0,14.0
충청남도,아산시,피부관리업,466.0,464.0,425.0
충청남도,아산시,한방병원ㆍ한의원,69.0,68.0,69.0
충청남도,아산시,한식음식점,2697.0,2707.0,2773.0
충청남도,아산시,헬스클럽,89.0,88.0,85.0
충청남도,아산시,호프주점,164.0,167.0,199.0
충청남도,아산시,화장품가게,163.0,164.0,170.0
충청남도,아산시,휴대폰가게,152.0,153.0,143.0
충청남도,예산군,LPG 충전소,7.0,7.0,7.0
충청남도,예산군,pc방,16.0,15.0,18.0
충청남도,예산군,가구점,17.0,17.0,17.0
충청남도,예산군,가전제품수리점,24.0,25.0,22.0
충청남도,예산군,가전제품판매점,18.0,18.0,19.0
충청남도,예산군,간이주점,12.0,11.0,10.0
충청남도,예산군,간판광고물업,18.0,18.0,18.0
충청남도,예산군,감정평가사,3.0,3.0,0.0
충청남도,예산군,건강보조식품가게,32.0,32.0,34.0
충청남도,예산군,건어물가게,9.0,9.0,8.0
충청남도,예산군,건축사,17.0,17.0,17.0
충청남도,예산군,곡물가게,20.0,20.0,20.0
충청남도,예산군,공인회계사,0.0,0.0,0.0
충청남도,예산군,과일가게,52.0,52.0,52.0
충청남도,예산군,교습소ㆍ공부방,63.0,63.0,64.0
충청남도,예산군,교습학원,58.0,57.0,49.0
충청남도,예산군,구내식당,22.0,22.0,25.0
충청남도,예산군,기술ㆍ직업훈련학원,47.0,47.0,45.0
충청남도,예산군,기술사,3.0,3.0,3.0
충청남도,예산군,기타외국식음식점,25.0,25.0,28.0
충청남도,예산군,기타음식점,33.0,34.0,35.0
충청남도,예산군,기타일반의원,4.0,4.0,4.0
충청남도,예산군,꽃가게,67.0,69.0,71.0
충청남도,예산군,내과ㆍ소아과의원,20.0,20.0,20.0
충청남도,예산군,노래방,41.0,42.0,40.0
충청남도,예산군,담배ㆍ복권소매업,41.0,41.0,43.0
충청남도,예산군,당구장,36.0,36.0,30.0
충청남도,예산군,독서실,0.0,0.0,0.0
충청남도,예산군,동물병원,19.0,19.0,18.0
충청남도,예산군,목욕탕,10.0,10.0,10.0
충청남도,예산군,문구점,24.0,24.0,22.0
충청남도,예산군,미용실,192.0,191.0,181.0
충청남도,예산군,법무사,8.0,8.0,9.0
충청남도,예산군,변리사,0.0,0.0,0.0
충청남도,예산군,부동산중개업,138.0,137.0,150.0
충청남도,예산군,분식점,62.0,62.0,73.0
충청남도,예산군,사진촬영업,20.0,20.0,19.0
충청남도,예산군,산부인과의원,0.0,0.0,0.0
충청남도,예산군,생선가게,15.0,15.0,15.0
충청남도,예산군,서점,11.0,12.0,12.0
충청남도,예산군,세무사,8.0,8.0,8.0
충청남도,예산군,세탁소,49.0,49.0,47.0
충청남도,예산군,슈퍼마켓,50.0,48.0,50.0
충청남도,예산군,스포츠교육기관,25.0,25.0,24.0
충청남도,예산군,스포츠시설운영업,12.0,12.0,14.0
충청남도,예산군,스포츠용품점,54.0,55.0,52.0
충청남도,예산군,시계ㆍ귀금속점,13.0,13.0,14.0
충청남도,예산군,식료품가게,140.0,143.0,142.0
충청남도,예산군,신경정신과의원,0.0,0.0,0.0
충청남도,예산군,신발가게,12.0,12.0,14.0
충청남도,예산군,실내스크린골프점,11.0,11.0,6.0
충청남도,예산군,실내장식가게,107.0,106.0,93.0
충청남도,예산군,실외골프연습장,3.0,3.0,4.0
충청남도,예산군,안경점,12.0,12.0,12.0
충청남도,예산군,안과의원,0.0,0.0,0.0
충청남도,예산군,애완용품점,17.0,17.0,17.0
충청남도,예산군,약국,37.0,37.0,38.0
충청남도,예산군,여관ㆍ모텔,81.0,80.0,82.0
충청남도,예산군,여행사,10.0,10.0,11.0
충청남도,예산군,예술학원,31.0,31.0,29.0
충청남도,예산군,예식장,5.0,5.0,5.0
충청남도,예산군,옷가게,119.0,119.0,123.0
충청남도,예산군,의료용품가게,12.0,12.0,12.0
충청남도,예산군,이륜자동차판매점,9.0,9.0,9.0
충청남도,예산군,이발소,44.0,44.0,44.0
충청남도,예산군,이비인후과의원,0.0,0.0,0.0
충청남도,예산군,일반외과의원,7.0,7.0,7.0
충청남도,예산군,일식음식점,13.0,13.0,12.0
충청남도,예산군,자동차수리점,103.0,104.0,103.0
충청남도,예산군,자전거판매점,3.0,3.0,3.0
충청남도,예산군,장난감가게,3.0,3.0,3.0
충청남도,예산군,정육점,70.0,70.0,69.0
충청남도,예산군,제과점,40.0,41.0,39.0
충청남도,예산군,종합병원,4.0,4.0,4.0
충청남도,예산군,주유소,60.0,60.0,62.0
충청남도,예산군,주차장운영업,0.0,0.0,0.0
충청남도,예산군,중고차판매점,6.0,6.0,5.0
충청남도,예산군,중식음식점,62.0,63.0,60.0
충청남도,예산군,채소가게,37.0,38.0,34.0
충청남도,예산군,철물점,27.0,27.0,29.0
충청남도,예산군,치과의원,23.0,22.0,23.0
충청남도,예산군,침구ㆍ커튼가게,30.0,30.0,29.0
충청남도,예산군,커피음료점,205.0,204.0,207.0
충청남도,예산군,컴퓨터판매점,10.0,10.0,9.0
충청남도,예산군,통신판매업,486.0,482.0,451.0
충청남도,예산군,패스트푸드점,86.0,89.0,89.0
충청남도,예산군,펜션ㆍ게스트하우스,57.0,55.0,50.0
충청남도,예산군,편의점,101.0,103.0,104.0
충청남도,예산군,피부ㆍ비뇨기과의원,0.0,0.0,0.0
충청남도,예산군,피부관리업,68.0,66.0,63.0
충청남도,예산군,한방병원ㆍ한의원,18.0,18.0,19.0
충청남도,예산군,한식음식점,974.0,974.0,960.0
충청남도,예산군,헬스클럽,10.0,10.0,10.0
충청남도,예산군,호프주점,57.0,58.0,60.0
충청남도,예산군,화장품가게,56.0,57.0,54.0
충청남도,예산군,휴대폰가게,25.0,25.0,24.0
충청남도,천안시 동남구,LPG 충전소,11.0,11.0,11.0
충청남도,천안시 동남구,pc방,50.0,51.0,53.0
충청남도,천안시 동남구,가구점,49.0,50.0,50.0
충청남도,천안시 동남구,가전제품수리점,187.0,187.0,181.0
충청남도,천안시 동남구,가전제품판매점,75.0,73.0,73.0
충청남도,천안시 동남구,간이주점,45.0,45.0,55.0
충청남도,천안시 동남구,간판광고물업,78.0,77.0,80.0
충청남도,천안시 동남구,감정평가사,11.0,11.0,9.0
충청남도,천안시 동남구,건강보조식품가게,71.0,74.0,79.0
충청남도,천안시 동남구,건어물가게,19.0,19.0,19.0
충청남도,천안시 동남구,건축사,51.0,51.0,50.0
충청남도,천안시 동남구,결혼상담소,19.0,20.0,18.0
충청남도,천안시 동남구,곡물가게,31.0,33.0,34.0
충청남도,천안시 동남구,공인노무사,9.0,9.0,8.0
충청남도,천안시 동남구,공인회계사,11.0,12.0,10.0
충청남도,천안시 동남구,과일가게,84.0,83.0,82.0
충청남도,천안시 동남구,교습소ㆍ공부방,235.0,238.0,229.0
충청남도,천안시 동남구,교습학원,273.0,272.0,263.0
충청남도,천안시 동남구,구내식당,82.0,82.0,83.0
충청남도,천안시 동남구,기술ㆍ직업훈련학원,158.0,156.0,149.0
충청남도,천안시 동남구,기술사,10.0,10.0,10.0
충청남도,천안시 동남구,기타외국식음식점,155.0,154.0,143.0
충청남도,천안시 동남구,기타음식점,107.0,108.0,108.0
충청남도,천안시 동남구,기타일반의원,10.0,10.0,10.0
충청남도,천안시 동남구,꽃가게,166.0,161.0,166.0
충청남도,천안시 동남구,내과ㆍ소아과의원,51.0,51.0,51.0
충청남도,천안시 동남구,노래방,128.0,129.0,134.0
충청남도,천안시 동남구,담배ㆍ복권소매업,48.0,48.0,47.0
충청남도,천안시 동남구,당구장,110.0,110.0,111.0
충청남도,천안시 동남구,독서실,30.0,30.0,31.0
충청남도,천안시 동남구,동물병원,27.0,27.0,27.0
충청남도,천안시 동남구,목욕탕,17.0,17.0,17.0
충청남도,천안시 동남구,문구점,66.0,67.0,75.0
충청남도,천안시 동남구,미용실,582.0,585.0,582.0
충청남도,천안시 동남구,법무사,79.0,77.0,75.0
충청남도,천안시 동남구,변리사,0.0,0.0,0.0
충청남도,천안시 동남구,변호사,106.0,106.0,104.0
충청남도,천안시 동남구,부동산중개업,679.0,675.0,685.0
충청남도,천안시 동남구,분식점,284.0,287.0,305.0
충청남도,천안시 동남구,사진촬영업,125.0,124.0,116.0
충청남도,천안시 동남구,산부인과의원,8.0,8.0,7.0
충청남도,천안시 동남구,생선가게,32.0,32.0,37.0
충청남도,천안시 동남구,서점,62.0,58.0,64.0
충청남도,천안시 동남구,성형외과의원,9.0,9.0,9.0
충청남도,천안시 동남구,세무사,82.0,80.0,76.0
충청남도,천안시 동남구,세탁소,157.0,155.0,154.0
충청남도,천안시 동남구,슈퍼마켓,162.0,163.0,160.0
충청남도,천안시 동남구,스포츠교육기관,179.0,175.0,171.0
충청남도,천안시 동남구,스포츠시설운영업,36.0,37.0,36.0
충청남도,천안시 동남구,스포츠용품점,96.0,95.0,94.0
충청남도,천안시 동남구,시계ㆍ귀금속점,47.0,48.0,48.0
충청남도,천안시 동남구,식료품가게,287.0,276.0,278.0
충청남도,천안시 동남구,신경정신과의원,11.0,11.0,11.0
충청남도,천안시 동남구,신발가게,26.0,26.0,27.0
충청남도,천안시 동남구,실내스크린골프점,45.0,43.0,42.0
충청남도,천안시 동남구,실내장식가게,550.0,552.0,517.0
충청남도,천안시 동남구,실외골프연습장,8.0,9.0,9.0
충청남도,천안시 동남구,안경점,47.0,47.0,52.0
충청남도,천안시 동남구,안과의원,7.0,7.0,7.0
충청남도,천안시 동남구,애완용품점,79.0,75.0,76.0
충청남도,천안시 동남구,약국,144.0,145.0,147.0
충청남도,천안시 동남구,여관ㆍ모텔,118.0,119.0,124.0
충청남도,천안시 동남구,여행사,36.0,36.0,38.0
충청남도,천안시 동남구,예술학원,147.0,148.0,148.0
충청남도,천안시 동남구,예식장,9.0,9.0,9.0
충청남도,천안시 동남구,옷가게,375.0,380.0,396.0
충청남도,천안시 동남구,의료용품가게,49.0,49.0,44.0
충청남도,천안시 동남구,이륜자동차판매점,15.0,15.0,18.0
충청남도,천안시 동남구,이발소,65.0,65.0,66.0
충청남도,천안시 동남구,이비인후과의원,7.0,7.0,7.0
충청남도,천안시 동남구,일반외과의원,21.0,22.0,21.0
충청남도,천안시 동남구,일식음식점,103.0,101.0,103.0
충청남도,천안시 동남구,자동차수리점,388.0,384.0,376.0
충청남도,천안시 동남구,자전거판매점,8.0,8.0,8.0
충청남도,천안시 동남구,장난감가게,27.0,27.0,19.0
충청남도,천안시 동남구,정육점,131.0,130.0,126.0
충청남도,천안시 동남구,제과점,150.0,152.0,148.0
충청남도,천안시 동남구,종합병원,16.0,16.0,17.0
충청남도,천안시 동남구,주유소,83.0,84.0,80.0
충청남도,천안시 동남구,주차장운영업,43.0,42.0,35.0
충청남도,천안시 동남구,중고차판매점,47.0,48.0,50.0
충청남도,천안시 동남구,중식음식점,175.0,178.0,166.0
충청남도,천안시 동남구,채소가게,89.0,90.0,86.0
충청남도,천안시 동남구,철물점,55.0,55.0,49.0
충청남도,천안시 동남구,치과의원,83.0,83.0,81.0
충청남도,천안시 동남구,침구ㆍ커튼가게,59.0,59.0,60.0
충청남도,천안시 동남구,커피음료점,512.0,521.0,533.0
충청남도,천안시 동남구,컴퓨터판매점,34.0,34.0,38.0
충청남도,천안시 동남구,통신판매업,3121.0,3093.0,2945.0
충청남도,천안시 동남구,패스트푸드점,298.0,300.0,301.0
충청남도,천안시 동남구,펜션ㆍ게스트하우스,101.0,100.0,98.0
충청남도,천안시 동남구,편의점,368.0,370.0,374.0
충청남도,천안시 동남구,피부ㆍ비뇨기과의원,17.0,17.0,18.0
충청남도,천안시 동남구,피부관리업,326.0,324.0,301.0
충청남도,천안시 동남구,한방병원ㆍ한의원,67.0,68.0,67.0
충청남도,천안시 동남구,한식음식점,2171.0,2174.0,2199.0
충청남도,천안시 동남구,헬스클럽,66.0,66.0,61.0
충청남도,천안시 동남구,호프주점,95.0,98.0,111.0
충청남도,천안시 동남구,화장품가게,156.0,161.0,173.0
충청남도,천안시 동남구,휴대폰가게,153.0,151.0,155.0
충청남도,천안시 서북구,LPG 충전소,14.0,14.0,15.0
충청남도,천안시 서북구,pc방,91.0,91.0,96.0
충청남도,천안시 서북구,가구점,53.0,52.0,57.0
충청남도,천안시 서북구,가전제품수리점,222.0,227.0,210.0
충청남도,천안시 서북구,가전제품판매점,75.0,76.0,69.0
충청남도,천안시 서북구,간이주점,63.0,64.0,64.0
충청남도,천안시 서북구,간판광고물업,85.0,85.0,85.0
충청남도,천안시 서북구,감정평가사,26.0,26.0,28.0
충청남도,천안시 서북구,건강보조식품가게,92.0,93.0,103.0
충청남도,천안시 서북구,건어물가게,10.0,10.0,12.0
충청남도,천안시 서북구,건축사,74.0,74.0,71.0
충청남도,천안시 서북구,결혼상담소,29.0,28.0,24.0
충청남도,천안시 서북구,곡물가게,36.0,35.0,33.0
충청남도,천안시 서북구,공인노무사,20.0,20.0,18.0
충청남도,천안시 서북구,공인회계사,12.0,11.0,12.0
충청남도,천안시 서북구,과일가게,131.0,132.0,133.0
충청남도,천안시 서북구,교습소ㆍ공부방,458.0,458.0,449.0
충청남도,천안시 서북구,교습학원,730.0,736.0,694.0
충청남도,천안시 서북구,구내식당,118.0,116.0,124.0
충청남도,천안시 서북구,기술ㆍ직업훈련학원,189.0,186.0,166.0
충청남도,천안시 서북구,기술사,9.0,9.0,9.0
충청남도,천안시 서북구,기타외국식음식점,208.0,209.0,201.0
충청남도,천안시 서북구,기타음식점,111.0,107.0,105.0
충청남도,천안시 서북구,기타일반의원,32.0,32.0,32.0
충청남도,천안시 서북구,꽃가게,170.0,169.0,163.0
충청남도,천안시 서북구,내과ㆍ소아과의원,75.0,75.0,75.0
충청남도,천안시 서북구,노래방,233.0,234.0,241.0
충청남도,천안시 서북구,담배ㆍ복권소매업,58.0,58.0,54.0
충청남도,천안시 서북구,당구장,157.0,159.0,163.0
충청남도,천안시 서북구,독서실,33.0,33.0,34.0
충청남도,천안시 서북구,동물병원,37.0,38.0,34.0
충청남도,천안시 서북구,목욕탕,21.0,22.0,20.0
충청남도,천안시 서북구,문구점,75.0,72.0,74.0
충청남도,천안시 서북구,미용실,1027.0,1023.0,993.0
충청남도,천안시 서북구,법무사,13.0,14.0,13.0
충청남도,천안시 서북구,변리사,0.0,0.0,0.0
충청남도,천안시 서북구,변호사,8.0,8.0,6.0
충청남도,천안시 서북구,부동산중개업,1369.0,1377.0,1391.0
충청남도,천안시 서북구,분식점,402.0,405.0,431.0
충청남도,천안시 서북구,사진촬영업,124.0,126.0,122.0
충청남도,천안시 서북구,산부인과의원,17.0,17.0,14.0
충청남도,천안시 서북구,생선가게,29.0,30.0,28.0
충청남도,천안시 서북구,서점,83.0,84.0,76.0
충청남도,천안시 서북구,성형외과의원,9.0,9.0,8.0
충청남도,천안시 서북구,세무사,81.0,79.0,77.0
충청남도,천안시 서북구,세탁소,243.0,242.0,232.0
충청남도,천안시 서북구,슈퍼마켓,168.0,167.0,168.0
충청남도,천안시 서북구,스포츠교육기관,332.0,336.0,335.0
충청남도,천안시 서북구,스포츠시설운영업,78.0,78.0,81.0
충청남도,천안시 서북구,스포츠용품점,108.0,109.0,117.0
충청남도,천안시 서북구,시계ㆍ귀금속점,52.0,51.0,53.0
충청남도,천안시 서북구,식료품가게,249.0,250.0,267.0
충청남도,천안시 서북구,신경정신과의원,12.0,12.0,12.0
충청남도,천안시 서북구,신발가게,21.0,21.0,23.0
충청남도,천안시 서북구,실내스크린골프점,95.0,96.0,96.0
충청남도,천안시 서북구,실내장식가게,703.0,699.0,647.0
충청남도,천안시 서북구,실외골프연습장,14.0,14.0,15.0
충청남도,천안시 서북구,안경점,69.0,69.0,69.0
충청남도,천안시 서북구,안과의원,10.0,10.0,10.0
충청남도,천안시 서북구,애완용품점,117.0,116.0,111.0
충청남도,천안시 서북구,약국,182.0,181.0,175.0
충청남도,천안시 서북구,여관ㆍ모텔,78.0,77.0,85.0
충청남도,천안시 서북구,여행사,78.0,77.0,72.0
충청남도,천안시 서북구,예술학원,314.0,314.0,315.0
충청남도,천안시 서북구,예식장,3.0,4.0,3.0
충청남도,천안시 서북구,옷가게,497.0,500.0,523.0
충청남도,천안시 서북구,의료용품가게,44.0,46.0,46.0
충청남도,천안시 서북구,이륜자동차판매점,28.0,29.0,26.0
충청남도,천안시 서북구,이발소,82.0,83.0,82.0
충청남도,천안시 서북구,이비인후과의원,16.0,16.0,15.0
충청남도,천안시 서북구,일반외과의원,35.0,35.0,35.0
충청남도,천안시 서북구,일식음식점,245.0,247.0,237.0
충청남도,천안시 서북구,자동차수리점,455.0,454.0,446.0
충청남도,천안시 서북구,자전거판매점,19.0,19.0,19.0
충청남도,천안시 서북구,장난감가게,35.0,34.0,27.0
충청남도,천안시 서북구,정육점,139.0,140.0,139.0
충청남도,천안시 서북구,제과점,195.0,198.0,193.0
충청남도,천안시 서북구,종합병원,24.0,24.0,25.0
충청남도,천안시 서북구,주유소,78.0,78.0,71.0
충청남도,천안시 서북구,주차장운영업,68.0,68.0,58.0
충청남도,천안시 서북구,중고차판매점,57.0,58.0,59.0
충청남도,천안시 서북구,중식음식점,236.0,239.0,233.0
충청남도,천안시 서북구,채소가게,57.0,60.0,61.0
충청남도,천안시 서북구,철물점,36.0,36.0,35.0
충청남도,천안시 서북구,치과의원,136.0,135.0,133.0
충청남도,천안시 서북구,침구ㆍ커튼가게,70.0,69.0,62.0
충청남도,천안시 서북구,커피음료점,599.0,602.0,622.0
충청남도,천안시 서북구,컴퓨터판매점,57.0,57.0,56.0
충청남도,천안시 서북구,통신판매업,5361.0,5377.0,4943.0
충청남도,천안시 서북구,패스트푸드점,483.0,483.0,499.0
충청남도,천안시 서북구,펜션ㆍ게스트하우스,27.0,26.0,22.0
충청남도,천안시 서북구,편의점,572.0,573.0,572.0
충청남도,천안시 서북구,피부ㆍ비뇨기과의원,40.0,40.0,40.0
충청남도,천안시 서북구,피부관리업,921.0,917.0,839.0
충청남도,천안시 서북구,한방병원ㆍ한의원,121.0,120.0,115.0
충청남도,천안시 서북구,한식음식점,3283.0,3293.0,3345.0
충청남도,천안시 서북구,헬스클럽,132.0,134.0,136.0
충청남도,천안시 서북구,호프주점,174.0,174.0,190.0
충청남도,천안시 서북구,화장품가게,341.0,349.0,376.0
충청남도,천안시 서북구,휴대폰가게,201.0,202.0,188.0
충청남도,청양군,pc방,4.0,4.0,4.0
충청남도,청양군,가구점,5.0,5.0,6.0
충청남도,청양군,가전제품수리점,7.0,7.0,8.0
충청남도,청양군,가전제품판매점,11.0,11.0,13.0
충청남도,청양군,간이주점,0.0,0.0,0.0
충청남도,청양군,간판광고물업,5.0,5.0,3.0
충청남도,청양군,건강보조식품가게,20.0,20.0,20.0
충청남도,청양군,건어물가게,9.0,9.0,8.0
충청남도,청양군,건축사,10.0,10.0,9.0
충청남도,청양군,결혼상담소,0.0,0.0,0.0
충청남도,청양군,곡물가게,28.0,28.0,29.0
충청남도,청양군,과일가게,17.0,18.0,17.0
충청남도,청양군,교습소ㆍ공부방,12.0,11.0,11.0
충청남도,청양군,교습학원,5.0,5.0,5.0
충청남도,청양군,구내식당,11.0,12.0,13.0
충청남도,청양군,기술ㆍ직업훈련학원,15.0,15.0,14.0
충청남도,청양군,기술사,0.0,0.0,0.0
충청남도,청양군,기타외국식음식점,7.0,6.0,4.0
충청남도,청양군,기타음식점,10.0,10.0,11.0
충청남도,청양군,기타일반의원,3.0,3.0,3.0
충청남도,청양군,꽃가게,29.0,29.0,29.0
충청남도,청양군,내과ㆍ소아과의원,5.0,5.0,5.0
충청남도,청양군,노래방,14.0,13.0,12.0
충청남도,청양군,담배ㆍ복권소매업,11.0,12.0,14.0
충청남도,청양군,당구장,6.0,6.0,6.0
충청남도,청양군,독서실,0.0,0.0,0.0
충청남도,청양군,동물병원,8.0,8.0,8.0
충청남도,청양군,목욕탕,4.0,4.0,4.0
충청남도,청양군,문구점,8.0,8.0,8.0
충청남도,청양군,미용실,54.0,54.0,53.0
충청남도,청양군,법무사,3.0,3.0,3.0
충청남도,청양군,부동산중개업,25.0,27.0,26.0
충청남도,청양군,분식점,20.0,19.0,20.0
충청남도,청양군,사진촬영업,6.0,6.0,6.0
충청남도,청양군,생선가게,7.0,7.0,6.0
충청남도,청양군,서점,3.0,3.0,0.0
충청남도,청양군,세무사,0.0,0.0,0.0
충청남도,청양군,세탁소,13.0,13.0,12.0
충청남도,청양군,슈퍼마켓,10.0,10.0,11.0
충청남도,청양군,스포츠교육기관,7.0,7.0,8.0
충청남도,청양군,스포츠용품점,17.0,16.0,15.0
충청남도,청양군,시계ㆍ귀금속점,5.0,5.0,5.0
충청남도,청양군,식료품가게,56.0,56.0,54.0
충청남도,청양군,신발가게,8.0,8.0,8.0
충청남도,청양군,실내스크린골프점,0.0,0.0,0.0
충청남도,청양군,실내장식가게,35.0,31.0,25.0
충청남도,청양군,안경점,3.0,3.0,3.0
충청남도,청양군,애완용품점,5.0,5.0,5.0
충청남도,청양군,약국,13.0,13.0,13.0
충청남도,청양군,여관ㆍ모텔,18.0,19.0,17.0
충청남도,청양군,여행사,13.0,13.0,12.0
충청남도,청양군,예술학원,5.0,5.0,5.0
충청남도,청양군,예식장,0.0,0.0,0.0
충청남도,청양군,옷가게,23.0,24.0,27.0
충청남도,청양군,의료용품가게,6.0,6.0,6.0
충청남도,청양군,이륜자동차판매점,4.0,4.0,4.0
충청남도,청양군,이발소,15.0,15.0,15.0
충청남도,청양군,일반외과의원,0.0,0.0,0.0
충청남도,청양군,일식음식점,6.0,6.0,7.0
충청남도,청양군,자동차수리점,31.0,31.0,32.0
충청남도,청양군,자전거판매점,0.0,0.0,0.0
충청남도,청양군,정육점,21.0,21.0,20.0
충청남도,청양군,제과점,9.0,9.0,7.0
충청남도,청양군,종합병원,3.0,3.0,3.0
충청남도,청양군,주유소,28.0,28.0,27.0
충청남도,청양군,중식음식점,28.0,28.0,27.0
충청남도,청양군,채소가게,46.0,46.0,47.0
충청남도,청양군,철물점,11.0,11.0,10.0
충청남도,청양군,치과의원,7.0,7.0,7.0
충청남도,청양군,침구ㆍ커튼가게,6.0,6.0,6.0
충청남도,청양군,커피음료점,62.0,63.0,57.0
충청남도,청양군,컴퓨터판매점,4.0,4.0,4.0
충청남도,청양군,통신판매업,147.0,147.0,137.0
충청남도,청양군,패스트푸드점,29.0,28.0,27.0
충청남도,청양군,펜션ㆍ게스트하우스,23.0,22.0,18.0
충청남도,청양군,편의점,28.0,28.0,26.0
충청남도,청양군,피부관리업,14.0,14.0,14.0
충청남도,청양군,한방병원ㆍ한의원,8.0,8.0,8.0
충청남도,청양군,한식음식점,338.0,338.0,321.0
충청남도,청양군,헬스클럽,0.0,0.0,0.0
충청남도,청양군,호프주점,18.0,18.0,20.0
충청남도,청양군,화장품가게,17.0,17.0,19.0
충청남도,청양군,휴대폰가게,8.0,8.0,8.0
충청남도,태안군,LPG 충전소,0.0,0.0,0.0
충청남도,태안군,pc방,21.0,21.0,15.0
충청남도,태안군,가구점,3.0,3.0,3.0
충청남도,태안군,가전제품수리점,11.0,11.0,9.0
충청남도,태안군,가전제품판매점,15.0,16.0,17.0
충청남도,태안군,간이주점,5.0,5.0,6.0
충청남도,태안군,간판광고물업,18.0,18.0,17.0
충청남도,태안군,건강보조식품가게,16.0,16.0,17.0
충청남도,태안군,건어물가게,96.0,98.0,90.0
충청남도,태안군,건축사,8.0,8.0,7.0
충청남도,태안군,결혼상담소,0.0,0.0,0.0
충청남도,태안군,곡물가게,20.0,20.0,20.0
충청남도,태안군,과일가게,7.0,7.0,6.0
충청남도,태안군,교습소ㆍ공부방,27.0,27.0,29.0
충청남도,태안군,교습학원,23.0,23.0,26.0
충청남도,태안군,구내식당,24.0,24.0,24.0
충청남도,태안군,기술ㆍ직업훈련학원,12.0,13.0,13.0
충청남도,태안군,기술사,0.0,0.0,0.0
충청남도,태안군,기타외국식음식점,27.0,27.0,27.0
충청남도,태안군,기타음식점,30.0,30.0,31.0
충청남도,태안군,기타일반의원,4.0,4.0,4.0
충청남도,태안군,꽃가게,50.0,49.0,48.0
충청남도,태안군,내과ㆍ소아과의원,12.0,12.0,13.0
충청남도,태안군,노래방,32.0,31.0,35.0
충청남도,태안군,담배ㆍ복권소매업,30.0,32.0,29.0
충청남도,태안군,당구장,24.0,23.0,22.0
충청남도,태안군,독서실,0.0,0.0,0.0
충청남도,태안군,동물병원,6.0,6.0,6.0
충청남도,태안군,목욕탕,9.0,9.0,9.0
충청남도,태안군,문구점,8.0,8.0,8.0
충청남도,태안군,미용실,135.0,135.0,138.0
충청남도,태안군,법무사,7.0,7.0,6.0
충청남도,태안군,부동산중개업,87.0,87.0,97.0
충청남도,태안군,분식점,60.0,61.0,61.0
충청남도,태안군,사진촬영업,18.0,18.0,14.0
충청남도,태안군,생선가게,196.0,196.0,201.0
충청남도,태안군,서점,0.0,0.0,0.0
충청남도,태안군,세무사,4.0,4.0,3.0
충청남도,태안군,세탁소,31.0,31.0,32.0
충청남도,태안군,슈퍼마켓,45.0,44.0,47.0
충청남도,태안군,스포츠교육기관,27.0,28.0,27.0
충청남도,태안군,스포츠시설운영업,7.0,7.0,7.0
충청남도,태안군,스포츠용품점,74.0,75.0,69.0
충청남도,태안군,시계ㆍ귀금속점,10.0,10.0,10.0
충청남도,태안군,식료품가게,294.0,295.0,306.0
충청남도,태안군,신발가게,8.0,8.0,11.0
충청남도,태안군,실내스크린골프점,5.0,5.0,6.0
충청남도,태안군,실내장식가게,71.0,70.0,68.0
충청남도,태안군,실외골프연습장,4.0,4.0,4.0
충청남도,태안군,안경점,7.0,7.0,7.0
충청남도,태안군,안과의원,0.0,0.0,0.0
충청남도,태안군,애완용품점,13.0,13.0,11.0
충청남도,태안군,약국,29.0,29.0,31.0
충청남도,태안군,여관ㆍ모텔,150.0,151.0,158.0
충청남도,태안군,여행사,11.0,11.0,11.0
충청남도,태안군,예술학원,18.0,18.0,16.0
충청남도,태안군,예식장,0.0,0.0,0.0
충청남도,태안군,옷가게,92.0,95.0,101.0
충청남도,태안군,의료용품가게,5.0,6.0,9.0
충청남도,태안군,이륜자동차판매점,5.0,5.0,5.0
충청남도,태안군,이발소,22.0,22.0,22.0
충청남도,태안군,이비인후과의원,0.0,0.0,0.0
충청남도,태안군,일반외과의원,6.0,6.0,6.0
충청남도,태안군,일식음식점,39.0,38.0,39.0
충청남도,태안군,자동차수리점,66.0,66.0,66.0
충청남도,태안군,자전거판매점,0.0,0.0,0.0
충청남도,태안군,장난감가게,12.0,12.0,13.0
충청남도,태안군,정육점,38.0,39.0,37.0
충청남도,태안군,제과점,20.0,20.0,20.0
충청남도,태안군,종합병원,0.0,0.0,0.0
충청남도,태안군,주유소,38.0,38.0,41.0
충청남도,태안군,주차장운영업,12.0,12.0,11.0
충청남도,태안군,중고차판매점,0.0,0.0,0.0
충청남도,태안군,중식음식점,50.0,50.0,46.0
충청남도,태안군,채소가게,107.0,108.0,98.0
충청남도,태안군,철물점,28.0,28.0,25.0
충청남도,태안군,치과의원,15.0,14.0,15.0
충청남도,태안군,침구ㆍ커튼가게,24.0,24.0,24.0
충청남도,태안군,커피음료점,143.0,144.0,143.0
충청남도,태안군,컴퓨터판매점,9.0,9.0,10.0
충청남도,태안군,통신판매업,411.0,407.0,372.0
충청남도,태안군,패스트푸드점,78.0,78.0,82.0
충청남도,태안군,펜션ㆍ게스트하우스,1025.0,1022.0,1012.0
충청남도,태안군,편의점,122.0,122.0,128.0
충청남도,태안군,피부ㆍ비뇨기과의원,0.0,0.0,0.0
충청남도,태안군,피부관리업,35.0,35.0,34.0
충청남도,태안군,한방병원ㆍ한의원,13.0,13.0,14.0
충청남도,태안군,한식음식점,890.0,891.0,891.0
충청남도,태안군,헬스클럽,11.0,11.0,10.0
충청남도,태안군,호프주점,50.0,51.0,55.0
충청남도,태안군,화장품가게,40.0,41.0,41.0
충청남도,태안군,휴대폰가게,19.0,19.0,22.0
충청남도,홍성군,LPG 충전소,10.0,10.0,11.0
충청남도,홍성군,pc방,16.0,16.0,15.0
충청남도,홍성군,가구점,17.0,17.0,16.0
충청남도,홍성군,가전제품수리점,54.0,53.0,52.0
충청남도,홍성군,가전제품판매점,34.0,36.0,36.0
충청남도,홍성군,간이주점,4.0,4.0,4.0
충청남도,홍성군,간판광고물업,17.0,17.0,16.0
충청남도,홍성군,감정평가사,0.0,0.0,0.0
충청남도,홍성군,건강보조식품가게,32.0,32.0,32.0
충청남도,홍성군,건어물가게,106.0,106.0,103.0
충청남도,홍성군,건축사,20.0,20.0,19.0
충청남도,홍성군,결혼상담소,3.0,3.0,4.0
충청남도,홍성군,곡물가게,23.0,24.0,29.0
충청남도,홍성군,공인노무사,0.0,0.0,0.0
충청남도,홍성군,공인회계사,0.0,0.0,0.0
충청남도,홍성군,과일가게,32.0,32.0,34.0
충청남도,홍성군,교습소ㆍ공부방,163.0,162.0,142.0
충청남도,홍성군,교습학원,97.0,97.0,97.0
충청남도,홍성군,구내식당,30.0,30.0,30.0
충청남도,홍성군,기술ㆍ직업훈련학원,70.0,71.0,64.0
충청남도,홍성군,기술사,0.0,0.0,0.0
충청남도,홍성군,기타외국식음식점,57.0,55.0,53.0
충청남도,홍성군,기타음식점,35.0,35.0,35.0
충청남도,홍성군,기타일반의원,8.0,7.0,7.0
충청남도,홍성군,꽃가게,82.0,82.0,74.0
충청남도,홍성군,내과ㆍ소아과의원,17.0,17.0,18.0
충청남도,홍성군,노래방,38.0,38.0,41.0
충청남도,홍성군,담배ㆍ복권소매업,25.0,25.0,23.0
충청남도,홍성군,당구장,34.0,34.0,33.0
충청남도,홍성군,독서실,6.0,6.0,6.0
충청남도,홍성군,동물병원,19.0,19.0,20.0
충청남도,홍성군,목욕탕,8.0,8.0,8.0
충청남도,홍성군,문구점,28.0,28.0,27.0
충청남도,홍성군,미용실,269.0,270.0,263.0
충청남도,홍성군,법무사,13.0,13.0,11.0
충청남도,홍성군,변호사,22.0,22.0,23.0
충청남도,홍성군,부동산중개업,174.0,173.0,169.0
충청남도,홍성군,분식점,92.0,91.0,91.0
충청남도,홍성군,사진촬영업,33.0,34.0,33.0
충청남도,홍성군,산부인과의원,3.0,3.0,3.0
충청남도,홍성군,생선가게,41.0,39.0,47.0
충청남도,홍성군,서점,20.0,20.0,23.0
충청남도,홍성군,성형외과의원,0.0,0.0,0.0
충청남도,홍성군,세무사,10.0,10.0,10.0
충청남도,홍성군,세탁소,69.0,69.0,68.0
충청남도,홍성군,슈퍼마켓,49.0,49.0,51.0
충청남도,홍성군,스포츠교육기관,63.0,62.0,61.0
충청남도,홍성군,스포츠시설운영업,8.0,8.0,8.0
충청남도,홍성군,스포츠용품점,59.0,60.0,63.0
충청남도,홍성군,시계ㆍ귀금속점,22.0,22.0,19.0
충청남도,홍성군,식료품가게,161.0,162.0,163.0
충청남도,홍성군,신경정신과의원,3.0,3.0,3.0
충청남도,홍성군,신발가게,12.0,13.0,12.0
충청남도,홍성군,실내스크린골프점,20.0,19.0,19.0
충청남도,홍성군,실내장식가게,109.0,110.0,106.0
충청남도,홍성군,실외골프연습장,4.0,5.0,6.0
충청남도,홍성군,안경점,13.0,13.0,13.0
충청남도,홍성군,안과의원,3.0,3.0,3.0
충청남도,홍성군,애완용품점,27.0,26.0,21.0
충청남도,홍성군,약국,43.0,43.0,42.0
충청남도,홍성군,여관ㆍ모텔,54.0,56.0,57.0
충청남도,홍성군,여행사,27.0,28.0,28.0
충청남도,홍성군,예술학원,54.0,54.0,53.0
충청남도,홍성군,예식장,5.0,5.0,4.0
충청남도,홍성군,옷가게,158.0,160.0,164.0
충청남도,홍성군,의료용품가게,20.0,20.0,21.0
충청남도,홍성군,이륜자동차판매점,8.0,8.0,8.0
충청남도,홍성군,이발소,42.0,42.0,43.0
충청남도,홍성군,이비인후과의원,4.0,4.0,3.0
충청남도,홍성군,일반외과의원,10.0,10.0,10.0
충청남도,홍성군,일식음식점,107.0,107.0,107.0
충청남도,홍성군,자동차수리점,121.0,120.0,119.0
충청남도,홍성군,자전거판매점,7.0,7.0,7.0
충청남도,홍성군,장난감가게,7.0,7.0,8.0
충청남도,홍성군,정육점,65.0,65.0,66.0
충청남도,홍성군,제과점,42.0,44.0,39.0
충청남도,홍성군,종합병원,6.0,6.0,6.0
충청남도,홍성군,주유소,55.0,54.0,56.0
충청남도,홍성군,주차장운영업,16.0,16.0,16.0
충청남도,홍성군,중고차판매점,8.0,8.0,8.0
충청남도,홍성군,중식음식점,82.0,81.0,73.0
충청남도,홍성군,채소가게,53.0,53.0,50.0
충청남도,홍성군,철물점,28.0,28.0,29.0
충청남도,홍성군,치과의원,31.0,30.0,29.0
충청남도,홍성군,침구ㆍ커튼가게,36.0,37.0,41.0
충청남도,홍성군,커피음료점,232.0,233.0,230.0
충청남도,홍성군,컴퓨터판매점,17.0,17.0,18.0
충청남도,홍성군,통신판매업,648.0,630.0,572.0
충청남도,홍성군,패스트푸드점,152.0,148.0,137.0
충청남도,홍성군,펜션ㆍ게스트하우스,51.0,52.0,44.0
충청남도,홍성군,편의점,108.0,108.0,108.0
충청남도,홍성군,피부ㆍ비뇨기과의원,0.0,0.0,0.0
충청남도,홍성군,피부관리업,137.0,139.0,129.0
충청남도,홍성군,한방병원ㆍ한의원,26.0,26.0,26.0
충청남도,홍성군,한식음식점,977.0,983.0,970.0
충청남도,홍성군,헬스클럽,25.0,25.0,23.0
충청남도,홍성군,호프주점,48.0,48.0,58.0
충청남도,홍성군,화장품가게,48.0,48.0,49.0
충청남도,홍성군,휴대폰가게,31.0,31.0,26.0
충청북도,괴산군,LPG 충전소,0.0,0.0,0.0
충청북도,괴산군,pc방,3.0,3.0,3.0
충청북도,괴산군,가구점,3.0,3.0,4.0
충청북도,괴산군,가전제품수리점,11.0,10.0,10.0
충청북도,괴산군,가전제품판매점,5.0,5.0,6.0
충청북도,괴산군,간이주점,0.0,0.0,0.0
충청북도,괴산군,간판광고물업,5.0,5.0,5.0
충청북도,괴산군,건강보조식품가게,11.0,11.0,11.0
충청북도,괴산군,건어물가게,0.0,0.0,0.0
충청북도,괴산군,건축사,7.0,7.0,7.0
충청북도,괴산군,결혼상담소,0.0,0.0,0.0
충청북도,괴산군,곡물가게,15.0,15.0,13.0
충청북도,괴산군,과일가게,16.0,16.0,16.0
충청북도,괴산군,교습소ㆍ공부방,15.0,15.0,13.0
충청북도,괴산군,교습학원,12.0,12.0,11.0
충청북도,괴산군,구내식당,16.0,16.0,17.0
충청북도,괴산군,기술ㆍ직업훈련학원,18.0,19.0,19.0
충청북도,괴산군,기술사,0.0,0.0,0.0
충청북도,괴산군,기타외국식음식점,15.0,15.0,11.0
충청북도,괴산군,기타음식점,21.0,21.0,21.0
충청북도,괴산군,기타일반의원,0.0,0.0,0.0
충청북도,괴산군,꽃가게,23.0,22.0,21.0
충청북도,괴산군,내과ㆍ소아과의원,4.0,4.0,4.0
충청북도,괴산군,노래방,12.0,12.0,13.0
충청북도,괴산군,담배ㆍ복권소매업,12.0,12.0,13.0
충청북도,괴산군,당구장,8.0,8.0,8.0
충청북도,괴산군,독서실,0.0,0.0,0.0
충청북도,괴산군,동물병원,5.0,5.0,5.0
충청북도,괴산군,목욕탕,0.0,0.0,0.0
충청북도,괴산군,문구점,6.0,7.0,5.0
충청북도,괴산군,미용실,51.0,51.0,49.0
충청북도,괴산군,법무사,6.0,6.0,6.0
충청북도,괴산군,부동산중개업,66.0,66.0,58.0
충청북도,괴산군,분식점,20.0,20.0,23.0
충청북도,괴산군,사진촬영업,5.0,5.0,5.0
충청북도,괴산군,생선가게,4.0,4.0,4.0
충청북도,괴산군,서점,6.0,6.0,6.0
충청북도,괴산군,세무사,0.0,0.0,0.0
충청북도,괴산군,세탁소,11.0,12.0,10.0
충청북도,괴산군,슈퍼마켓,27.0,27.0,29.0
충청북도,괴산군,스포츠교육기관,12.0,12.0,10.0
충청북도,괴산군,스포츠시설운영업,3.0,3.0,3.0
충청북도,괴산군,스포츠용품점,8.0,8.0,7.0
충청북도,괴산군,시계ㆍ귀금속점,0.0,0.0,0.0
충청북도,괴산군,식료품가게,113.0,114.0,111.0
충청북도,괴산군,신발가게,0.0,0.0,0.0
충청북도,괴산군,실내스크린골프점,0.0,0.0,0.0
충청북도,괴산군,실내장식가게,48.0,48.0,41.0
충청북도,괴산군,안경점,4.0,4.0,4.0
충청북도,괴산군,애완용품점,4.0,4.0,5.0
충청북도,괴산군,약국,13.0,13.0,14.0
충청북도,괴산군,여관ㆍ모텔,22.0,22.0,21.0
충청북도,괴산군,여행사,5.0,5.0,5.0
충청북도,괴산군,예술학원,6.0,6.0,5.0
충청북도,괴산군,예식장,0.0,0.0,0.0
충청북도,괴산군,옷가게,26.0,26.0,28.0
충청북도,괴산군,의료용품가게,3.0,3.0,3.0
충청북도,괴산군,이륜자동차판매점,0.0,0.0,0.0
충청북도,괴산군,이발소,4.0,4.0,4.0
충청북도,괴산군,일반외과의원,0.0,0.0,0.0
충청북도,괴산군,일식음식점,8.0,8.0,8.0
충청북도,괴산군,자동차수리점,28.0,28.0,29.0
충청북도,괴산군,자전거판매점,3.0,3.0,3.0
충청북도,괴산군,정육점,20.0,20.0,20.0
충청북도,괴산군,제과점,15.0,15.0,12.0
충청북도,괴산군,종합병원,4.0,4.0,6.0
충청북도,괴산군,주유소,40.0,39.0,39.0
충청북도,괴산군,주차장운영업,0.0,0.0,0.0
충청북도,괴산군,중고차판매점,0.0,0.0,0.0
충청북도,괴산군,중식음식점,26.0,26.0,26.0
충청북도,괴산군,채소가게,59.0,59.0,61.0
충청북도,괴산군,철물점,10.0,10.0,10.0
충청북도,괴산군,치과의원,5.0,5.0,5.0
충청북도,괴산군,침구ㆍ커튼가게,7.0,7.0,7.0
충청북도,괴산군,커피음료점,81.0,80.0,76.0
충청북도,괴산군,컴퓨터판매점,0.0,0.0,0.0
충청북도,괴산군,통신판매업,265.0,266.0,235.0
충청북도,괴산군,패스트푸드점,37.0,39.0,40.0
충청북도,괴산군,펜션ㆍ게스트하우스,150.0,149.0,143.0
충청북도,괴산군,편의점,31.0,30.0,28.0
충청북도,괴산군,피부관리업,10.0,9.0,9.0
충청북도,괴산군,한방병원ㆍ한의원,5.0,5.0,5.0
충청북도,괴산군,한식음식점,493.0,490.0,481.0
충청북도,괴산군,헬스클럽,0.0,0.0,0.0
충청북도,괴산군,호프주점,13.0,13.0,12.0
충청북도,괴산군,화장품가게,12.0,14.0,14.0
충청북도,괴산군,휴대폰가게,6.0,6.0,7.0
충청북도,단양군,LPG 충전소,0.0,0.0,0.0
충청북도,단양군,pc방,3.0,3.0,3.0
충청북도,단양군,가구점,0.0,0.0,0.0
충청북도,단양군,가전제품수리점,9.0,9.0,5.0
충청북도,단양군,가전제품판매점,8.0,8.0,8.0
충청북도,단양군,간이주점,39.0,39.0,44.0
충청북도,단양군,간판광고물업,15.0,15.0,14.0
충청북도,단양군,건강보조식품가게,16.0,16.0,14.0
충청북도,단양군,건어물가게,3.0,3.0,3.0
충청북도,단양군,건축사,4.0,4.0,4.0
충청북도,단양군,곡물가게,24.0,24.0,24.0
충청북도,단양군,과일가게,19.0,19.0,18.0
충청북도,단양군,교습소ㆍ공부방,12.0,12.0,15.0
충청북도,단양군,교습학원,9.0,9.0,7.0
충청북도,단양군,구내식당,19.0,19.0,20.0
충청북도,단양군,기술ㆍ직업훈련학원,7.0,7.0,6.0
충청북도,단양군,기술사,0.0,0.0,0.0
충청북도,단양군,기타외국식음식점,5.0,5.0,4.0
충청북도,단양군,기타음식점,24.0,25.0,24.0
충청북도,단양군,꽃가게,15.0,15.0,17.0
충청북도,단양군,내과ㆍ소아과의원,0.0,0.0,0.0
충청북도,단양군,노래방,16.0,16.0,15.0
충청북도,단양군,담배ㆍ복권소매업,14.0,14.0,16.0
충청북도,단양군,당구장,18.0,18.0,15.0
충청북도,단양군,동물병원,0.0,0.0,0.0
충청북도,단양군,목욕탕,0.0,0.0,0.0
충청북도,단양군,문구점,11.0,11.0,10.0
충청북도,단양군,미용실,56.0,55.0,57.0
충청북도,단양군,법무사,3.0,3.0,3.0
충청북도,단양군,부동산중개업,32.0,33.0,35.0
충청북도,단양군,분식점,69.0,70.0,77.0
충청북도,단양군,사진촬영업,9.0,9.0,8.0
충청북도,단양군,생선가게,0.0,0.0,0.0
충청북도,단양군,서점,5.0,5.0,3.0
충청북도,단양군,세탁소,15.0,15.0,13.0
충청북도,단양군,슈퍼마켓,12.0,12.0,14.0
충청북도,단양군,스포츠교육기관,8.0,8.0,10.0
충청북도,단양군,스포츠시설운영업,3.0,3.0,4.0
충청북도,단양군,스포츠용품점,15.0,15.0,18.0
충청북도,단양군,시계ㆍ귀금속점,4.0,4.0,4.0
충청북도,단양군,식료품가게,126.0,127.0,133.0
충청북도,단양군,신발가게,6.0,6.0,6.0
충청북도,단양군,실내스크린골프점,6.0,6.0,5.0
충청북도,단양군,실내장식가게,27.0,27.0,26.0
충청북도,단양군,안경점,3.0,3.0,3.0
충청북도,단양군,애완용품점,3.0,3.0,3.0
충청북도,단양군,약국,9.0,9.0,9.0
충청북도,단양군,여관ㆍ모텔,36.0,34.0,35.0
충청북도,단양군,여행사,8.0,8.0,7.0
충청북도,단양군,예술학원,8.0,8.0,8.0
충청북도,단양군,옷가게,25.0,25.0,28.0
충청북도,단양군,의료용품가게,4.0,4.0,3.0
충청북도,단양군,이륜자동차판매점,0.0,0.0,0.0
충청북도,단양군,이발소,15.0,15.0,16.0
충청북도,단양군,일반외과의원,4.0,4.0,4.0
충청북도,단양군,일식음식점,4.0,4.0,4.0
충청북도,단양군,자동차수리점,34.0,34.0,33.0
충청북도,단양군,자전거판매점,0.0,0.0,0.0
충청북도,단양군,장난감가게,0.0,0.0,0.0
충청북도,단양군,정육점,14.0,14.0,14.0
충청북도,단양군,제과점,18.0,18.0,20.0
충청북도,단양군,종합병원,0.0,0.0,0.0
충청북도,단양군,주유소,27.0,29.0,30.0
충청북도,단양군,주차장운영업,0.0,0.0,0.0
충청북도,단양군,중식음식점,19.0,20.0,19.0
충청북도,단양군,채소가게,49.0,49.0,47.0
충청북도,단양군,철물점,13.0,13.0,12.0
충청북도,단양군,치과의원,7.0,7.0,7.0
충청북도,단양군,침구ㆍ커튼가게,6.0,6.0,6.0
충청북도,단양군,커피음료점,69.0,69.0,71.0
충청북도,단양군,컴퓨터판매점,0.0,0.0,0.0
충청북도,단양군,통신판매업,124.0,125.0,121.0
충청북도,단양군,패스트푸드점,28.0,27.0,26.0
충청북도,단양군,펜션ㆍ게스트하우스,255.0,255.0,242.0
충청북도,단양군,편의점,27.0,27.0,27.0
충청북도,단양군,피부관리업,9.0,9.0,7.0
충청북도,단양군,한방병원ㆍ한의원,4.0,4.0,4.0
충청북도,단양군,한식음식점,447.0,445.0,433.0
충청북도,단양군,헬스클럽,0.0,0.0,0.0
충청북도,단양군,호프주점,8.0,8.0,7.0
충청북도,단양군,화장품가게,13.0,13.0,13.0
충청북도,단양군,휴대폰가게,3.0,3.0,0.0
충청북도,보은군,LPG 충전소,0.0,0.0,0.0
충청북도,보은군,pc방,5.0,5.0,3.0
충청북도,보은군,가구점,7.0,7.0,6.0
충청북도,보은군,가전제품수리점,9.0,9.0,9.0
충청북도,보은군,가전제품판매점,10.0,10.0,12.0
충청북도,보은군,간이주점,0.0,0.0,0.0
충청북도,보은군,간판광고물업,8.0,8.0,8.0
충청북도,보은군,건강보조식품가게,14.0,14.0,14.0
충청북도,보은군,건어물가게,0.0,0.0,0.0
충청북도,보은군,건축사,4.0,4.0,3.0
충청북도,보은군,곡물가게,6.0,6.0,6.0
충청북도,보은군,과일가게,51.0,50.0,47.0
충청북도,보은군,교습소ㆍ공부방,10.0,10.0,12.0
충청북도,보은군,교습학원,17.0,17.0,17.0
충청북도,보은군,구내식당,15.0,15.0,14.0
충청북도,보은군,기술ㆍ직업훈련학원,9.0,9.0,6.0
충청북도,보은군,기술사,0.0,0.0,0.0
충청북도,보은군,기타외국식음식점,11.0,11.0,7.0
충청북도,보은군,기타음식점,18.0,18.0,17.0
충청북도,보은군,기타일반의원,0.0,0.0,0.0
충청북도,보은군,꽃가게,21.0,22.0,22.0
충청북도,보은군,내과ㆍ소아과의원,8.0,8.0,8.0
충청북도,보은군,노래방,10.0,10.0,10.0
충청북도,보은군,담배ㆍ복권소매업,20.0,20.0,20.0
충청북도,보은군,당구장,12.0,12.0,12.0
충청북도,보은군,독서실,0.0,0.0,0.0
충청북도,보은군,동물병원,11.0,11.0,11.0
충청북도,보은군,목욕탕,3.0,3.0,3.0
충청북도,보은군,문구점,9.0,9.0,8.0
충청북도,보은군,미용실,69.0,69.0,69.0
충청북도,보은군,법무사,4.0,4.0,4.0
충청북도,보은군,부동산중개업,31.0,31.0,31.0
충청북도,보은군,분식점,29.0,28.0,25.0
충청북도,보은군,사진촬영업,5.0,5.0,5.0
충청북도,보은군,산부인과의원,0.0,0.0,0.0
충청북도,보은군,생선가게,5.0,5.0,6.0
충청북도,보은군,서점,6.0,6.0,8.0
충청북도,보은군,세무사,3.0,3.0,3.0
충청북도,보은군,세탁소,14.0,14.0,14.0
충청북도,보은군,슈퍼마켓,30.0,31.0,29.0
충청북도,보은군,스포츠교육기관,6.0,6.0,6.0
충청북도,보은군,스포츠시설운영업,0.0,0.0,0.0
충청북도,보은군,스포츠용품점,11.0,11.0,12.0
충청북도,보은군,시계ㆍ귀금속점,4.0,4.0,4.0
충청북도,보은군,식료품가게,86.0,86.0,88.0
충청북도,보은군,신발가게,0.0,0.0,0.0
충청북도,보은군,실내스크린골프점,0.0,0.0,0.0
충청북도,보은군,실내장식가게,25.0,24.0,21.0
충청북도,보은군,실외골프연습장,3.0,3.0,0.0
충청북도,보은군,안경점,3.0,3.0,3.0
충청북도,보은군,안과의원,0.0,0.0,0.0
충청북도,보은군,애완용품점,6.0,6.0,7.0
충청북도,보은군,약국,17.0,17.0,17.0
충청북도,보은군,여관ㆍ모텔,47.0,46.0,46.0
충청북도,보은군,여행사,4.0,4.0,4.0
충청북도,보은군,예술학원,10.0,10.0,10.0
충청북도,보은군,예식장,0.0,0.0,0.0
충청북도,보은군,옷가게,33.0,33.0,33.0
충청북도,보은군,의료용품가게,4.0,4.0,3.0
충청북도,보은군,이륜자동차판매점,0.0,0.0,0.0
충청북도,보은군,이발소,12.0,12.0,12.0
충청북도,보은군,일반외과의원,3.0,3.0,3.0
충청북도,보은군,일식음식점,4.0,4.0,4.0
충청북도,보은군,자동차수리점,29.0,29.0,30.0
충청북도,보은군,자전거판매점,4.0,4.0,4.0
충청북도,보은군,정육점,21.0,21.0,21.0
충청북도,보은군,제과점,11.0,11.0,11.0
충청북도,보은군,종합병원,5.0,5.0,5.0
충청북도,보은군,주유소,27.0,27.0,26.0
충청북도,보은군,주차장운영업,3.0,3.0,3.0
충청북도,보은군,중고차판매점,0.0,0.0,0.0
충청북도,보은군,중식음식점,23.0,23.0,25.0
충청북도,보은군,채소가게,15.0,15.0,14.0
충청북도,보은군,철물점,14.0,14.0,14.0
충청북도,보은군,치과의원,7.0,7.0,6.0
충청북도,보은군,침구ㆍ커튼가게,5.0,5.0,4.0
충청북도,보은군,커피음료점,67.0,68.0,70.0
충청북도,보은군,컴퓨터판매점,3.0,3.0,3.0
충청북도,보은군,통신판매업,155.0,153.0,154.0
충청북도,보은군,패스트푸드점,28.0,29.0,28.0
충청북도,보은군,펜션ㆍ게스트하우스,83.0,81.0,69.0
충청북도,보은군,편의점,23.0,23.0,26.0
충청북도,보은군,피부관리업,11.0,11.0,8.0
충청북도,보은군,한방병원ㆍ한의원,8.0,8.0,8.0
충청북도,보은군,한식음식점,422.0,423.0,425.0
충청북도,보은군,헬스클럽,0.0,0.0,0.0
충청북도,보은군,호프주점,6.0,6.0,7.0
충청북도,보은군,화장품가게,11.0,12.0,12.0
충청북도,보은군,휴대폰가게,13.0,12.0,11.0
충청북도,영동군,LPG 충전소,0.0,0.0,0.0
충청북도,영동군,pc방,3.0,3.0,5.0
충청북도,영동군,가구점,8.0,8.0,9.0
충청북도,영동군,가전제품수리점,12.0,12.0,11.0
충청북도,영동군,가전제품판매점,7.0,6.0,6.0
충청북도,영동군,간이주점,4.0,4.0,4.0
충청북도,영동군,간판광고물업,13.0,14.0,13.0
충청북도,영동군,건강보조식품가게,16.0,16.0,18.0
충청북도,영동군,건어물가게,5.0,5.0,4.0
충청북도,영동군,건축사,4.0,4.0,4.0
충청북도,영동군,결혼상담소,0.0,0.0,0.0
충청북도,영동군,곡물가게,3.0,3.0,5.0
충청북도,영동군,공인회계사,0.0,0.0,0.0
충청북도,영동군,과일가게,153.0,153.0,126.0
충청북도,영동군,교습소ㆍ공부방,20.0,21.0,23.0
충청북도,영동군,교습학원,27.0,27.0,27.0
충청북도,영동군,구내식당,10.0,10.0,13.0
충청북도,영동군,기술ㆍ직업훈련학원,19.0,19.0,17.0
충청북도,영동군,기술사,0.0,0.0,0.0
충청북도,영동군,기타외국식음식점,13.0,13.0,11.0
충청북도,영동군,기타음식점,15.0,15.0,17.0
충청북도,영동군,기타일반의원,4.0,4.0,3.0
충청북도,영동군,꽃가게,23.0,23.0,22.0
충청북도,영동군,내과ㆍ소아과의원,11.0,11.0,11.0
충청북도,영동군,노래방,19.0,20.0,22.0
충청북도,영동군,담배ㆍ복권소매업,26.0,26.0,28.0
충청북도,영동군,당구장,13.0,14.0,15.0
충청북도,영동군,독서실,4.0,4.0,4.0
충청북도,영동군,동물병원,5.0,5.0,5.0
충청북도,영동군,목욕탕,0.0,0.0,0.0
충청북도,영동군,문구점,7.0,7.0,7.0
충청북도,영동군,미용실,105.0,105.0,105.0
충청북도,영동군,법무사,5.0,5.0,4.0
충청북도,영동군,변호사,4.0,5.0,4.0
충청북도,영동군,부동산중개업,44.0,46.0,48.0
충청북도,영동군,분식점,27.0,28.0,32.0
충청북도,영동군,사진촬영업,11.0,11.0,11.0
충청북도,영동군,생선가게,8.0,8.0,8.0
충청북도,영동군,서점,6.0,6.0,6.0
충청북도,영동군,세무사,0.0,0.0,0.0
충청북도,영동군,세탁소,24.0,24.0,23.0
충청북도,영동군,슈퍼마켓,19.0,20.0,21.0
충청북도,영동군,스포츠교육기관,21.0,20.0,18.0
충청북도,영동군,스포츠시설운영업,4.0,4.0,4.0
충청북도,영동군,스포츠용품점,21.0,21.0,24.0
충청북도,영동군,시계ㆍ귀금속점,8.0,8.0,8.0
충청북도,영동군,식료품가게,97.0,97.0,98.0
충청북도,영동군,신경정신과의원,3.0,3.0,3.0
충청북도,영동군,신발가게,6.0,6.0,5.0
충청북도,영동군,실내스크린골프점,4.0,4.0,0.0
충청북도,영동군,실내장식가게,42.0,43.0,43.0
충청북도,영동군,실외골프연습장,0.0,0.0,0.0
충청북도,영동군,안경점,6.0,6.0,5.0
충청북도,영동군,안과의원,0.0,0.0,0.0
충청북도,영동군,애완용품점,7.0,7.0,7.0
충청북도,영동군,약국,24.0,24.0,23.0
충청북도,영동군,여관ㆍ모텔,28.0,28.0,27.0
충청북도,영동군,여행사,11.0,11.0,8.0
충청북도,영동군,예술학원,14.0,14.0,15.0
충청북도,영동군,예식장,0.0,0.0,0.0
충청북도,영동군,옷가게,59.0,60.0,54.0
충청북도,영동군,의료용품가게,4.0,4.0,4.0
충청북도,영동군,이륜자동차판매점,6.0,6.0,6.0
충청북도,영동군,이발소,21.0,21.0,22.0
충청북도,영동군,이비인후과의원,0.0,0.0,0.0
충청북도,영동군,일반외과의원,4.0,4.0,4.0
충청북도,영동군,일식음식점,11.0,12.0,9.0
충청북도,영동군,자동차수리점,40.0,40.0,41.0
충청북도,영동군,자전거판매점,3.0,3.0,3.0
충청북도,영동군,장난감가게,0.0,0.0,0.0
충청북도,영동군,정육점,24.0,24.0,25.0
충청북도,영동군,제과점,11.0,11.0,7.0
충청북도,영동군,종합병원,3.0,3.0,3.0
충청북도,영동군,주유소,31.0,29.0,29.0
충청북도,영동군,주차장운영업,3.0,3.0,3.0
충청북도,영동군,중고차판매점,0.0,0.0,0.0
충청북도,영동군,중식음식점,28.0,28.0,27.0
충청북도,영동군,채소가게,22.0,22.0,18.0
충청북도,영동군,철물점,9.0,9.0,9.0
충청북도,영동군,치과의원,12.0,12.0,10.0
충청북도,영동군,침구ㆍ커튼가게,15.0,15.0,15.0
충청북도,영동군,커피음료점,151.0,150.0,143.0
충청북도,영동군,컴퓨터판매점,9.0,9.0,9.0
충청북도,영동군,통신판매업,250.0,247.0,238.0
충청북도,영동군,패스트푸드점,46.0,46.0,50.0
충청북도,영동군,펜션ㆍ게스트하우스,61.0,60.0,55.0
충청북도,영동군,편의점,35.0,36.0,35.0
충청북도,영동군,피부ㆍ비뇨기과의원,0.0,0.0,0.0
충청북도,영동군,피부관리업,24.0,24.0,24.0
충청북도,영동군,한방병원ㆍ한의원,13.0,13.0,13.0
충청북도,영동군,한식음식점,515.0,517.0,514.0
충청북도,영동군,헬스클럽,6.0,6.0,6.0
충청북도,영동군,호프주점,14.0,14.0,17.0
충청북도,영동군,화장품가게,16.0,16.0,17.0
충청북도,영동군,휴대폰가게,13.0,13.0,13.0
충청북도,옥천군,LPG 충전소,0.0,0.0,0.0
충청북도,옥천군,pc방,0.0,0.0,0.0
충청북도,옥천군,가구점,8.0,8.0,6.0
충청북도,옥천군,가전제품수리점,17.0,17.0,15.0
충청북도,옥천군,가전제품판매점,11.0,11.0,11.0
충청북도,옥천군,간이주점,0.0,0.0,0.0
충청북도,옥천군,간판광고물업,7.0,7.0,7.0
충청북도,옥천군,건강보조식품가게,19.0,19.0,18.0
충청북도,옥천군,건어물가게,0.0,0.0,0.0
충청북도,옥천군,건축사,7.0,7.0,7.0
충청북도,옥천군,결혼상담소,0.0,0.0,0.0
충청북도,옥천군,곡물가게,13.0,13.0,13.0
충청북도,옥천군,과일가게,42.0,42.0,38.0
충청북도,옥천군,교습소ㆍ공부방,23.0,23.0,18.0
충청북도,옥천군,교습학원,21.0,21.0,23.0
충청북도,옥천군,구내식당,8.0,8.0,8.0
충청북도,옥천군,기술ㆍ직업훈련학원,27.0,27.0,29.0
충청북도,옥천군,기술사,0.0,0.0,0.0
충청북도,옥천군,기타외국식음식점,15.0,15.0,15.0
충청북도,옥천군,기타음식점,26.0,27.0,24.0
충청북도,옥천군,기타일반의원,0.0,0.0,0.0
충청북도,옥천군,꽃가게,85.0,85.0,84.0
충청북도,옥천군,내과ㆍ소아과의원,9.0,9.0,9.0
충청북도,옥천군,노래방,10.0,10.0,11.0
충청북도,옥천군,담배ㆍ복권소매업,18.0,18.0,19.0
충청북도,옥천군,당구장,13.0,13.0,14.0
충청북도,옥천군,독서실,0.0,0.0,0.0
충청북도,옥천군,동물병원,9.0,9.0,9.0
충청북도,옥천군,목욕탕,4.0,4.0,4.0
충청북도,옥천군,문구점,11.0,11.0,12.0
충청북도,옥천군,미용실,102.0,101.0,99.0
충청북도,옥천군,법무사,6.0,6.0,6.0
충청북도,옥천군,변호사,0.0,0.0,0.0
충청북도,옥천군,부동산중개업,51.0,51.0,50.0
충청북도,옥천군,분식점,49.0,48.0,39.0
충청북도,옥천군,사진촬영업,9.0,10.0,9.0
충청북도,옥천군,산부인과의원,0.0,0.0,0.0
충청북도,옥천군,생선가게,17.0,17.0,18.0
충청북도,옥천군,서점,8.0,8.0,9.0
충청북도,옥천군,세무사,0.0,0.0,0.0
충청북도,옥천군,세탁소,20.0,19.0,20.0
충청북도,옥천군,슈퍼마켓,49.0,50.0,48.0
충청북도,옥천군,스포츠교육기관,20.0,20.0,17.0
충청북도,옥천군,스포츠시설운영업,6.0,6.0,6.0
충청북도,옥천군,스포츠용품점,26.0,26.0,24.0
충청북도,옥천군,시계ㆍ귀금속점,8.0,8.0,8.0
충청북도,옥천군,식료품가게,109.0,107.0,103.0
충청북도,옥천군,신경정신과의원,5.0,5.0,5.0
충청북도,옥천군,신발가게,9.0,9.0,9.0
충청북도,옥천군,실내스크린골프점,4.0,4.0,4.0
충청북도,옥천군,실내장식가게,70.0,69.0,60.0
충청북도,옥천군,실외골프연습장,3.0,3.0,3.0
충청북도,옥천군,안경점,6.0,6.0,6.0
충청북도,옥천군,안과의원,0.0,0.0,0.0
충청북도,옥천군,애완용품점,9.0,10.0,8.0
충청북도,옥천군,약국,22.0,22.0,22.0
충청북도,옥천군,여관ㆍ모텔,31.0,31.0,26.0
충청북도,옥천군,여행사,7.0,6.0,7.0
충청북도,옥천군,예술학원,13.0,13.0,13.0
충청북도,옥천군,옷가게,72.0,71.0,65.0
충청북도,옥천군,의료용품가게,7.0,7.0,5.0
충청북도,옥천군,이륜자동차판매점,4.0,4.0,4.0
충청북도,옥천군,이발소,19.0,19.0,19.0
충청북도,옥천군,이비인후과의원,0.0,0.0,0.0
충청북도,옥천군,일반외과의원,7.0,7.0,8.0
충청북도,옥천군,일식음식점,8.0,7.0,6.0
충청북도,옥천군,자동차수리점,61.0,61.0,60.0
충청북도,옥천군,장난감가게,4.0,5.0,4.0
충청북도,옥천군,정육점,38.0,38.0,36.0
충청북도,옥천군,제과점,19.0,20.0,17.0
충청북도,옥천군,종합병원,4.0,4.0,4.0
충청북도,옥천군,주유소,30.0,30.0,30.0
충청북도,옥천군,주차장운영업,3.0,3.0,4.0
충청북도,옥천군,중고차판매점,7.0,7.0,7.0
충청북도,옥천군,중식음식점,28.0,27.0,28.0
충청북도,옥천군,채소가게,41.0,38.0,33.0
충청북도,옥천군,철물점,9.0,9.0,10.0
충청북도,옥천군,치과의원,14.0,14.0,14.0
충청북도,옥천군,침구ㆍ커튼가게,17.0,17.0,17.0
충청북도,옥천군,커피음료점,82.0,84.0,79.0
충청북도,옥천군,컴퓨터판매점,5.0,5.0,5.0
충청북도,옥천군,통신판매업,330.0,329.0,302.0
충청북도,옥천군,패스트푸드점,51.0,51.0,54.0
충청북도,옥천군,펜션ㆍ게스트하우스,81.0,81.0,71.0
충청북도,옥천군,편의점,54.0,54.0,53.0
충청북도,옥천군,피부ㆍ비뇨기과의원,0.0,0.0,0.0
충청북도,옥천군,피부관리업,26.0,26.0,33.0
충청북도,옥천군,한방병원ㆍ한의원,12.0,13.0,13.0
충청북도,옥천군,한식음식점,628.0,629.0,632.0
충청북도,옥천군,헬스클럽,9.0,9.0,8.0
충청북도,옥천군,호프주점,16.0,15.0,16.0
충청북도,옥천군,화장품가게,31.0,32.0,32.0
충청북도,옥천군,휴대폰가게,15.0,15.0,15.0
충청북도,음성군,LPG 충전소,10.0,10.0,11.0
충청북도,음성군,pc방,17.0,17.0,19.0
충청북도,음성군,가구점,10.0,10.0,11.0
충청북도,음성군,가전제품수리점,37.0,36.0,26.0
충청북도,음성군,가전제품판매점,31.0,31.0,30.0
충청북도,음성군,간이주점,0.0,0.0,0.0
충청북도,음성군,간판광고물업,25.0,25.0,24.0
충청북도,음성군,감정평가사,0.0,0.0,0.0
충청북도,음성군,건강보조식품가게,35.0,34.0,31.0
충청북도,음성군,건어물가게,6.0,6.0,5.0
충청북도,음성군,건축사,25.0,25.0,25.0
충청북도,음성군,결혼상담소,0.0,0.0,0.0
충청북도,음성군,곡물가게,22.0,21.0,20.0
충청북도,음성군,공인노무사,0.0,0.0,0.0
충청북도,음성군,공인회계사,0.0,0.0,0.0
충청북도,음성군,과일가게,54.0,53.0,51.0
충청북도,음성군,교습소ㆍ공부방,40.0,42.0,33.0
충청북도,음성군,교습학원,55.0,55.0,48.0
충청북도,음성군,구내식당,68.0,70.0,76.0
충청북도,음성군,기술ㆍ직업훈련학원,22.0,22.0,21.0
충청북도,음성군,기술사,0.0,0.0,0.0
충청북도,음성군,기타외국식음식점,62.0,58.0,50.0
충청북도,음성군,기타음식점,35.0,36.0,38.0
충청북도,음성군,기타일반의원,0.0,0.0,0.0
충청북도,음성군,꽃가게,55.0,55.0,51.0
충청북도,음성군,내과ㆍ소아과의원,20.0,20.0,20.0
충청북도,음성군,노래방,71.0,69.0,70.0
충청북도,음성군,담배ㆍ복권소매업,29.0,30.0,32.0
충청북도,음성군,당구장,49.0,48.0,50.0
충청북도,음성군,독서실,9.0,9.0,9.0
충청북도,음성군,동물병원,10.0,10.0,9.0
충청북도,음성군,목욕탕,7.0,7.0,6.0
충청북도,음성군,문구점,25.0,25.0,27.0
충청북도,음성군,미용실,213.0,210.0,206.0
충청북도,음성군,법무사,14.0,14.0,14.0
충청북도,음성군,변호사,3.0,3.0,0.0
충청북도,음성군,부동산중개업,322.0,321.0,318.0
충청북도,음성군,분식점,65.0,68.0,63.0
충청북도,음성군,사진촬영업,17.0,17.0,16.0
충청북도,음성군,산부인과의원,0.0,0.0,0.0
충청북도,음성군,생선가게,15.0,15.0,16.0
충청북도,음성군,서점,10.0,10.0,9.0
충청북도,음성군,세무사,15.0,15.0,13.0
충청북도,음성군,세탁소,65.0,63.0,60.0
충청북도,음성군,슈퍼마켓,76.0,77.0,70.0
충청북도,음성군,스포츠교육기관,43.0,43.0,41.0
충청북도,음성군,스포츠시설운영업,21.0,20.0,18.0
충청북도,음성군,스포츠용품점,38.0,38.0,39.0
충청북도,음성군,시계ㆍ귀금속점,17.0,17.0,18.0
충청북도,음성군,식료품가게,116.0,116.0,116.0
충청북도,음성군,신경정신과의원,3.0,3.0,3.0
충청북도,음성군,신발가게,9.0,9.0,10.0
충청북도,음성군,실내스크린골프점,31.0,31.0,31.0
충청북도,음성군,실내장식가게,109.0,110.0,118.0
충청북도,음성군,실외골프연습장,6.0,6.0,6.0
충청북도,음성군,안경점,17.0,17.0,17.0
충청북도,음성군,안과의원,0.0,0.0,0.0
충청북도,음성군,애완용품점,23.0,23.0,22.0
충청북도,음성군,약국,46.0,47.0,43.0
충청북도,음성군,여관ㆍ모텔,67.0,68.0,66.0
충청북도,음성군,여행사,18.0,18.0,18.0
충청북도,음성군,예술학원,39.0,40.0,39.0
충청북도,음성군,예식장,0.0,0.0,0.0
충청북도,음성군,옷가게,123.0,124.0,130.0
충청북도,음성군,의료용품가게,11.0,11.0,8.0
충청북도,음성군,이륜자동차판매점,7.0,7.0,8.0
충청북도,음성군,이발소,37.0,39.0,38.0
충청북도,음성군,이비인후과의원,3.0,3.0,3.0
충청북도,음성군,일반외과의원,13.0,13.0,13.0
충청북도,음성군,일식음식점,24.0,24.0,24.0
충청북도,음성군,자동차수리점,172.0,172.0,170.0
충청북도,음성군,자전거판매점,4.0,4.0,4.0
충청북도,음성군,장난감가게,5.0,5.0,5.0
충청북도,음성군,정육점,106.0,107.0,106.0
충청북도,음성군,제과점,42.0,41.0,41.0
충청북도,음성군,종합병원,7.0,7.0,6.0
충청북도,음성군,주유소,80.0,80.0,79.0
충청북도,음성군,주차장운영업,0.0,0.0,0.0
충청북도,음성군,중고차판매점,9.0,9.0,12.0
충청북도,음성군,중식음식점,87.0,88.0,90.0
충청북도,음성군,채소가게,28.0,28.0,30.0
충청북도,음성군,철물점,33.0,34.0,35.0
충청북도,음성군,치과의원,28.0,28.0,27.0
충청북도,음성군,침구ㆍ커튼가게,17.0,17.0,18.0
충청북도,음성군,커피음료점,223.0,223.0,217.0
충청북도,음성군,컴퓨터판매점,12.0,12.0,13.0
충청북도,음성군,통신판매업,758.0,749.0,634.0
충청북도,음성군,패스트푸드점,155.0,157.0,157.0
충청북도,음성군,펜션ㆍ게스트하우스,21.0,21.0,12.0
충청북도,음성군,편의점,190.0,189.0,187.0
충청북도,음성군,피부ㆍ비뇨기과의원,0.0,0.0,0.0
충청북도,음성군,피부관리업,107.0,108.0,105.0
충청북도,음성군,한방병원ㆍ한의원,20.0,20.0,19.0
충청북도,음성군,한식음식점,1316.0,1311.0,1293.0
충청북도,음성군,헬스클럽,21.0,21.0,23.0
충청북도,음성군,호프주점,81.0,83.0,91.0
충청북도,음성군,화장품가게,57.0,57.0,63.0
충청북도,음성군,휴대폰가게,39.0,40.0,40.0
충청북도,제천시,LPG 충전소,11.0,12.0,12.0
충청북도,제천시,pc방,15.0,15.0,18.0
충청북도,제천시,가구점,32.0,32.0,32.0
충청북도,제천시,가전제품수리점,50.0,50.0,44.0
충청북도,제천시,가전제품판매점,41.0,41.0,40.0
충청북도,제천시,간이주점,22.0,21.0,22.0
충청북도,제천시,간판광고물업,43.0,43.0,44.0
충청북도,제천시,감정평가사,0.0,0.0,0.0
충청북도,제천시,건강보조식품가게,53.0,53.0,50.0
충청북도,제천시,건어물가게,15.0,15.0,14.0
충청북도,제천시,건축사,27.0,27.0,28.0
충청북도,제천시,결혼상담소,4.0,4.0,4.0
충청북도,제천시,곡물가게,36.0,36.0,37.0
충청북도,제천시,공인회계사,4.0,4.0,5.0
충청북도,제천시,과일가게,38.0,38.0,42.0
충청북도,제천시,교습소ㆍ공부방,113.0,112.0,108.0
충청북도,제천시,교습학원,120.0,118.0,116.0
충청북도,제천시,구내식당,49.0,49.0,56.0
충청북도,제천시,기술ㆍ직업훈련학원,61.0,60.0,54.0
충청북도,제천시,기술사,4.0,4.0,4.0
충청북도,제천시,기타외국식음식점,63.0,64.0,62.0
충청북도,제천시,기타음식점,81.0,81.0,80.0
충청북도,제천시,기타일반의원,4.0,4.0,4.0
충청북도,제천시,꽃가게,67.0,67.0,65.0
충청북도,제천시,내과ㆍ소아과의원,28.0,28.0,29.0
충청북도,제천시,노래방,79.0,79.0,85.0
충청북도,제천시,담배ㆍ복권소매업,54.0,54.0,59.0
충청북도,제천시,당구장,52.0,52.0,56.0
충청북도,제천시,독서실,5.0,5.0,7.0
충청북도,제천시,동물병원,12.0,12.0,10.0
충청북도,제천시,목욕탕,19.0,19.0,19.0
충청북도,제천시,문구점,38.0,38.0,41.0
충청북도,제천시,미용실,402.0,406.0,401.0
충청북도,제천시,법무사,12.0,12.0,12.0
충청북도,제천시,변리사,0.0,0.0,0.0
충청북도,제천시,변호사,10.0,10.0,9.0
충청북도,제천시,부동산중개업,176.0,176.0,188.0
충청북도,제천시,분식점,167.0,166.0,183.0
충청북도,제천시,사진촬영업,34.0,34.0,32.0
충청북도,제천시,산부인과의원,7.0,7.0,7.0
충청북도,제천시,생선가게,20.0,20.0,18.0
충청북도,제천시,서점,23.0,23.0,20.0
충청북도,제천시,성형외과의원,0.0,0.0,0.0
충청북도,제천시,세무사,16.0,16.0,16.0
충청북도,제천시,세탁소,96.0,98.0,97.0
충청북도,제천시,슈퍼마켓,61.0,60.0,62.0
충청북도,제천시,스포츠교육기관,79.0,79.0,78.0
충청북도,제천시,스포츠시설운영업,20.0,20.0,22.0
충청북도,제천시,스포츠용품점,80.0,81.0,81.0
충청북도,제천시,시계ㆍ귀금속점,23.0,23.0,25.0
충청북도,제천시,식료품가게,256.0,260.0,259.0
충청북도,제천시,신경정신과의원,3.0,3.0,3.0
충청북도,제천시,신발가게,21.0,21.0,23.0
충청북도,제천시,실내스크린골프점,37.0,37.0,36.0
충청북도,제천시,실내장식가게,170.0,165.0,160.0
충청북도,제천시,실외골프연습장,11.0,11.0,10.0
충청북도,제천시,안경점,23.0,23.0,23.0
충청북도,제천시,안과의원,5.0,5.0,5.0
충청북도,제천시,애완용품점,29.0,28.0,32.0
충청북도,제천시,약국,55.0,55.0,56.0
충청북도,제천시,여관ㆍ모텔,96.0,96.0,98.0
충청북도,제천시,여행사,24.0,23.0,22.0
충청북도,제천시,예술학원,56.0,58.0,57.0
충청북도,제천시,예식장,7.0,7.0,7.0
충청북도,제천시,옷가게,244.0,245.0,257.0
충청북도,제천시,의료용품가게,21.0,21.0,18.0
충청북도,제천시,이륜자동차판매점,7.0,7.0,7.0
충청북도,제천시,이발소,51.0,51.0,54.0
충청북도,제천시,이비인후과의원,6.0,6.0,6.0
충청북도,제천시,일반외과의원,17.0,18.0,19.0
충청북도,제천시,일식음식점,36.0,37.0,38.0
충청북도,제천시,자동차수리점,209.0,211.0,214.0
충청북도,제천시,자전거판매점,10.0,10.0,11.0
충청북도,제천시,장난감가게,12.0,12.0,9.0
충청북도,제천시,정육점,104.0,102.0,101.0
충청북도,제천시,제과점,61.0,61.0,59.0
충청북도,제천시,종합병원,8.0,8.0,8.0
충청북도,제천시,주유소,73.0,73.0,77.0
충청북도,제천시,주차장운영업,29.0,29.0,25.0
충청북도,제천시,중고차판매점,18.0,18.0,18.0
충청북도,제천시,중식음식점,93.0,93.0,94.0
충청북도,제천시,채소가게,80.0,79.0,71.0
충청북도,제천시,철물점,29.0,30.0,29.0
충청북도,제천시,치과의원,45.0,45.0,45.0
충청북도,제천시,침구ㆍ커튼가게,49.0,50.0,54.0
충청북도,제천시,커피음료점,278.0,277.0,285.0
충청북도,제천시,컴퓨터판매점,18.0,18.0,18.0
충청북도,제천시,통신판매업,808.0,795.0,729.0
충청북도,제천시,패스트푸드점,177.0,175.0,183.0
충청북도,제천시,펜션ㆍ게스트하우스,214.0,215.0,192.0
충청북도,제천시,편의점,130.0,129.0,129.0
충청북도,제천시,피부ㆍ비뇨기과의원,7.0,7.0,7.0
충청북도,제천시,피부관리업,160.0,159.0,151.0
충청북도,제천시,한방병원ㆍ한의원,38.0,38.0,38.0
충청북도,제천시,한식음식점,1540.0,1545.0,1539.0
충청북도,제천시,헬스클럽,35.0,35.0,34.0
충청북도,제천시,호프주점,103.0,105.0,115.0
충청북도,제천시,화장품가게,84.0,86.0,87.0
충청북도,제천시,휴대폰가게,50.0,50.0,50.0
충청북도,증평군,LPG 충전소,0.0,0.0,0.0
충청북도,증평군,pc방,7.0,7.0,7.0
충청북도,증평군,가구점,5.0,5.0,4.0
충청북도,증평군,가전제품수리점,21.0,20.0,17.0
충청북도,증평군,가전제품판매점,14.0,14.0,12.0
충청북도,증평군,간이주점,0.0,0.0,0.0
충청북도,증평군,간판광고물업,7.0,7.0,8.0
충청북도,증평군,건강보조식품가게,19.0,18.0,16.0
충청북도,증평군,건어물가게,0.0,0.0,0.0
충청북도,증평군,건축사,6.0,6.0,6.0
충청북도,증평군,결혼상담소,0.0,0.0,0.0
충청북도,증평군,곡물가게,7.0,7.0,6.0
충청북도,증평군,과일가게,11.0,10.0,10.0
충청북도,증평군,교습소ㆍ공부방,20.0,20.0,18.0
충청북도,증평군,교습학원,35.0,35.0,34.0
충청북도,증평군,구내식당,8.0,8.0,9.0
충청북도,증평군,기술ㆍ직업훈련학원,18.0,20.0,18.0
충청북도,증평군,기타외국식음식점,8.0,7.0,8.0
충청북도,증평군,기타음식점,17.0,17.0,18.0
충청북도,증평군,기타일반의원,6.0,6.0,5.0
충청북도,증평군,꽃가게,22.0,22.0,22.0
충청북도,증평군,내과ㆍ소아과의원,7.0,7.0,6.0
충청북도,증평군,노래방,19.0,19.0,20.0
충청북도,증평군,담배ㆍ복권소매업,14.0,14.0,15.0
충청북도,증평군,당구장,16.0,16.0,17.0
충청북도,증평군,독서실,0.0,0.0,0.0
충청북도,증평군,동물병원,5.0,5.0,5.0
충청북도,증평군,목욕탕,6.0,6.0,6.0
충청북도,증평군,문구점,5.0,5.0,5.0
충청북도,증평군,미용실,120.0,119.0,118.0
충청북도,증평군,법무사,4.0,4.0,4.0
충청북도,증평군,부동산중개업,54.0,54.0,53.0
충청북도,증평군,분식점,54.0,55.0,62.0
충청북도,증평군,사진촬영업,8.0,8.0,8.0
충청북도,증평군,생선가게,9.0,9.0,10.0
충청북도,증평군,서점,7.0,7.0,8.0
충청북도,증평군,세무사,0.0,0.0,0.0
충청북도,증평군,세탁소,21.0,21.0,24.0
충청북도,증평군,슈퍼마켓,27.0,27.0,26.0
충청북도,증평군,스포츠교육기관,20.0,20.0,20.0
충청북도,증평군,스포츠시설운영업,4.0,4.0,5.0
충청북도,증평군,스포츠용품점,19.0,19.0,17.0
충청북도,증평군,시계ㆍ귀금속점,3.0,3.0,3.0
충청북도,증평군,식료품가게,47.0,47.0,47.0
충청북도,증평군,신경정신과의원,0.0,0.0,0.0
충청북도,증평군,신발가게,4.0,5.0,5.0
충청북도,증평군,실내스크린골프점,8.0,8.0,8.0
충청북도,증평군,실내장식가게,42.0,41.0,39.0
충청북도,증평군,실외골프연습장,0.0,0.0,0.0
충청북도,증평군,안경점,6.0,6.0,6.0
충청북도,증평군,안과의원,0.0,0.0,0.0
충청북도,증평군,애완용품점,5.0,5.0,6.0
충청북도,증평군,약국,25.0,25.0,25.0
충청북도,증평군,여관ㆍ모텔,26.0,26.0,26.0
충청북도,증평군,여행사,6.0,6.0,5.0
충청북도,증평군,예술학원,20.0,20.0,20.0
충청북도,증평군,옷가게,78.0,79.0,74.0
충청북도,증평군,의료용품가게,5.0,5.0,5.0
충청북도,증평군,이륜자동차판매점,5.0,5.0,7.0
충청북도,증평군,이발소,18.0,18.0,19.0
충청북도,증평군,이비인후과의원,0.0,0.0,0.0
충청북도,증평군,일반외과의원,3.0,3.0,3.0
충청북도,증평군,일식음식점,14.0,14.0,14.0
충청북도,증평군,자동차수리점,61.0,61.0,59.0
충청북도,증평군,자전거판매점,0.0,0.0,0.0
충청북도,증평군,장난감가게,0.0,0.0,0.0
충청북도,증평군,정육점,21.0,22.0,22.0
충청북도,증평군,제과점,21.0,21.0,20.0
충청북도,증평군,종합병원,3.0,3.0,3.0
충청북도,증평군,주유소,16.0,16.0,17.0
충청북도,증평군,주차장운영업,5.0,6.0,5.0
충청북도,증평군,중고차판매점,0.0,0.0,0.0
충청북도,증평군,중식음식점,27.0,28.0,26.0
충청북도,증평군,채소가게,11.0,11.0,12.0
충청북도,증평군,철물점,6.0,6.0,7.0
충청북도,증평군,치과의원,11.0,11.0,11.0
충청북도,증평군,침구ㆍ커튼가게,9.0,9.0,9.0
충청북도,증평군,커피음료점,79.0,78.0,81.0
충청북도,증평군,컴퓨터판매점,6.0,6.0,6.0
충청북도,증평군,통신판매업,288.0,279.0,260.0
충청북도,증평군,패스트푸드점,53.0,54.0,57.0
충청북도,증평군,펜션ㆍ게스트하우스,5.0,4.0,3.0
충청북도,증평군,편의점,51.0,50.0,51.0
충청북도,증평군,피부ㆍ비뇨기과의원,0.0,0.0,0.0
충청북도,증평군,피부관리업,41.0,41.0,42.0
충청북도,증평군,한방병원ㆍ한의원,11.0,11.0,9.0
충청북도,증평군,한식음식점,415.0,416.0,420.0
충청북도,증평군,헬스클럽,10.0,10.0,10.0
충청북도,증평군,호프주점,35.0,35.0,43.0
충청북도,증평군,화장품가게,20.0,20.0,23.0
충청북도,증평군,휴대폰가게,13.0,13.0,13.0
충청북도,진천군,LPG 충전소,5.0,5.0,5.0
충청북도,진천군,pc방,12.0,12.0,11.0
충청북도,진천군,가구점,5.0,4.0,4.0
충청북도,진천군,가전제품수리점,31.0,31.0,29.0
충청북도,진천군,가전제품판매점,17.0,17.0,17.0
충청북도,진천군,간이주점,12.0,12.0,12.0
충청북도,진천군,간판광고물업,26.0,26.0,24.0
충청북도,진천군,감정평가사,0.0,0.0,0.0
충청북도,진천군,건강보조식품가게,15.0,14.0,15.0
충청북도,진천군,건어물가게,6.0,6.0,7.0
충청북도,진천군,건축사,17.0,17.0,17.0
충청북도,진천군,결혼상담소,0.0,0.0,0.0
충청북도,진천군,곡물가게,13.0,13.0,14.0
충청북도,진천군,과일가게,12.0,12.0,15.0
충청북도,진천군,교습소ㆍ공부방,66.0,64.0,62.0
충청북도,진천군,교습학원,87.0,86.0,85.0
충청북도,진천군,구내식당,52.0,52.0,50.0
충청북도,진천군,기술ㆍ직업훈련학원,45.0,44.0,43.0
충청북도,진천군,기타외국식음식점,52.0,52.0,51.0
충청북도,진천군,기타음식점,29.0,28.0,27.0
충청북도,진천군,기타일반의원,7.0,7.0,7.0
충청북도,진천군,꽃가게,33.0,33.0,32.0
충청북도,진천군,내과ㆍ소아과의원,19.0,19.0,19.0
충청북도,진천군,노래방,32.0,32.0,33.0
충청북도,진천군,담배ㆍ복권소매업,16.0,16.0,16.0
충청북도,진천군,당구장,36.0,36.0,36.0
충청북도,진천군,독서실,4.0,4.0,4.0
충청북도,진천군,동물병원,10.0,10.0,9.0
충청북도,진천군,목욕탕,5.0,5.0,5.0
충청북도,진천군,문구점,14.0,14.0,13.0
충청북도,진천군,미용실,173.0,173.0,166.0
충청북도,진천군,법무사,7.0,7.0,7.0
충청북도,진천군,변호사,0.0,0.0,0.0
충청북도,진천군,부동산중개업,145.0,145.0,147.0
충청북도,진천군,분식점,65.0,63.0,70.0
충청북도,진천군,사진촬영업,14.0,14.0,12.0
충청북도,진천군,산부인과의원,0.0,0.0,0.0
충청북도,진천군,생선가게,11.0,11.0,12.0
충청북도,진천군,서점,6.0,5.0,5.0
충청북도,진천군,세무사,3.0,3.0,3.0
충청북도,진천군,세탁소,38.0,38.0,42.0
충청북도,진천군,슈퍼마켓,54.0,54.0,59.0
충청북도,진천군,스포츠교육기관,43.0,43.0,43.0
충청북도,진천군,스포츠시설운영업,10.0,11.0,11.0
충청북도,진천군,스포츠용품점,28.0,30.0,30.0
충청북도,진천군,시계ㆍ귀금속점,11.0,11.0,12.0
충청북도,진천군,식료품가게,96.0,96.0,101.0
충청북도,진천군,신경정신과의원,0.0,0.0,0.0
충청북도,진천군,신발가게,5.0,5.0,5.0
충청북도,진천군,실내스크린골프점,22.0,22.0,22.0
충청북도,진천군,실내장식가게,88.0,87.0,89.0
충청북도,진천군,실외골프연습장,7.0,7.0,8.0
충청북도,진천군,안경점,11.0,11.0,10.0
충청북도,진천군,안과의원,0.0,0.0,0.0
충청북도,진천군,애완용품점,21.0,20.0,21.0
충청북도,진천군,약국,40.0,40.0,41.0
충청북도,진천군,여관ㆍ모텔,45.0,46.0,47.0
충청북도,진천군,여행사,11.0,11.0,12.0
충청북도,진천군,예술학원,46.0,46.0,54.0
충청북도,진천군,예식장,0.0,0.0,0.0
충청북도,진천군,옷가게,114.0,115.0,118.0
충청북도,진천군,의료용품가게,5.0,5.0,3.0
충청북도,진천군,이륜자동차판매점,4.0,4.0,4.0
충청북도,진천군,이발소,25.0,24.0,24.0
충청북도,진천군,이비인후과의원,0.0,0.0,0.0
충청북도,진천군,일반외과의원,6.0,6.0,6.0
충청북도,진천군,일식음식점,30.0,31.0,30.0
충청북도,진천군,자동차수리점,89.0,91.0,96.0
충청북도,진천군,자전거판매점,5.0,5.0,5.0
충청북도,진천군,장난감가게,10.0,10.0,9.0
충청북도,진천군,정육점,45.0,45.0,42.0
충청북도,진천군,제과점,31.0,31.0,33.0
충청북도,진천군,종합병원,4.0,4.0,4.0
충청북도,진천군,주유소,65.0,63.0,65.0
충청북도,진천군,주차장운영업,10.0,10.0,9.0
충청북도,진천군,중고차판매점,0.0,0.0,0.0
충청북도,진천군,중식음식점,62.0,61.0,59.0
충청북도,진천군,채소가게,30.0,31.0,30.0
충청북도,진천군,철물점,18.0,17.0,16.0
충청북도,진천군,치과의원,25.0,25.0,25.0
충청북도,진천군,침구ㆍ커튼가게,16.0,15.0,15.0
충청북도,진천군,커피음료점,216.0,215.0,212.0
충청북도,진천군,컴퓨터판매점,7.0,7.0,7.0
충청북도,진천군,통신판매업,654.0,649.0,599.0
충청북도,진천군,패스트푸드점,127.0,128.0,125.0
충청북도,진천군,펜션ㆍ게스트하우스,29.0,28.0,27.0
충청북도,진천군,편의점,163.0,164.0,167.0
충청북도,진천군,피부ㆍ비뇨기과의원,3.0,3.0,3.0
충청북도,진천군,피부관리업,99.0,96.0,94.0
충청북도,진천군,한방병원ㆍ한의원,18.0,18.0,17.0
충청북도,진천군,한식음식점,1026.0,1018.0,1032.0
충청북도,진천군,헬스클럽,16.0,16.0,17.0
충청북도,진천군,호프주점,72.0,73.0,80.0
충청북도,진천군,화장품가게,40.0,39.0,44.0
충청북도,진천군,휴대폰가게,32.0,32.0,30.0
충청북도,청주시 상당구,LPG 충전소,6.0,6.0,7.0
충청북도,청주시 상당구,pc방,26.0,28.0,29.0
충청북도,청주시 상당구,가구점,25.0,25.0,29.0
충청북도,청주시 상당구,가전제품수리점,115.0,112.0,98.0
충청북도,청주시 상당구,가전제품판매점,63.0,62.0,59.0
충청북도,청주시 상당구,간이주점,19.0,20.0,26.0
충청북도,청주시 상당구,간판광고물업,45.0,45.0,47.0
충청북도,청주시 상당구,감정평가사,4.0,4.0,4.0
충청북도,청주시 상당구,건강보조식품가게,52.0,51.0,53.0
충청북도,청주시 상당구,건어물가게,21.0,21.0,21.0
충청북도,청주시 상당구,건축사,55.0,55.0,55.0
충청북도,청주시 상당구,결혼상담소,15.0,14.0,14.0
충청북도,청주시 상당구,곡물가게,25.0,26.0,22.0
충청북도,청주시 상당구,공인노무사,3.0,0.0,3.0
충청북도,청주시 상당구,공인회계사,0.0,0.0,0.0
충청북도,청주시 상당구,과일가게,58.0,57.0,52.0
충청북도,청주시 상당구,교습소ㆍ공부방,243.0,243.0,255.0
충청북도,청주시 상당구,교습학원,263.0,262.0,245.0
충청북도,청주시 상당구,구내식당,33.0,32.0,33.0
충청북도,청주시 상당구,기술ㆍ직업훈련학원,134.0,134.0,132.0
충청북도,청주시 상당구,기술사,6.0,7.0,4.0
충청북도,청주시 상당구,기타외국식음식점,111.0,113.0,107.0
충청북도,청주시 상당구,기타음식점,63.0,63.0,69.0
충청북도,청주시 상당구,기타일반의원,14.0,14.0,14.0
충청북도,청주시 상당구,꽃가게,150.0,150.0,155.0
충청북도,청주시 상당구,내과ㆍ소아과의원,43.0,43.0,44.0
충청북도,청주시 상당구,노래방,113.0,113.0,114.0
충청북도,청주시 상당구,담배ㆍ복권소매업,52.0,51.0,51.0
충청북도,청주시 상당구,당구장,65.0,65.0,68.0
충청북도,청주시 상당구,독서실,20.0,20.0,21.0
충청북도,청주시 상당구,동물병원,10.0,10.0,10.0
충청북도,청주시 상당구,목욕탕,15.0,15.0,15.0
충청북도,청주시 상당구,문구점,49.0,47.0,49.0
충청북도,청주시 상당구,미용실,530.0,527.0,506.0
충청북도,청주시 상당구,법무사,9.0,11.0,12.0
충청북도,청주시 상당구,변호사,0.0,0.0,0.0
충청북도,청주시 상당구,부동산중개업,365.0,363.0,389.0
충청북도,청주시 상당구,분식점,265.0,271.0,280.0
충청북도,청주시 상당구,사진촬영업,98.0,98.0,93.0
충청북도,청주시 상당구,산부인과의원,9.0,8.0,8.0
충청북도,청주시 상당구,생선가게,29.0,29.0,27.0
충청북도,청주시 상당구,서점,45.0,46.0,46.0
충청북도,청주시 상당구,성형외과의원,5.0,5.0,5.0
충청북도,청주시 상당구,세무사,21.0,20.0,19.0
충청북도,청주시 상당구,세탁소,110.0,111.0,107.0
충청북도,청주시 상당구,슈퍼마켓,95.0,97.0,95.0
충청북도,청주시 상당구,스포츠교육기관,145.0,143.0,141.0
충청북도,청주시 상당구,스포츠시설운영업,32.0,31.0,39.0
충청북도,청주시 상당구,스포츠용품점,72.0,74.0,71.0
충청북도,청주시 상당구,시계ㆍ귀금속점,57.0,57.0,59.0
충청북도,청주시 상당구,식료품가게,229.0,231.0,232.0
충청북도,청주시 상당구,신경정신과의원,11.0,11.0,12.0
충청북도,청주시 상당구,신발가게,24.0,25.0,28.0
충청북도,청주시 상당구,실내스크린골프점,30.0,30.0,29.0
충청북도,청주시 상당구,실내장식가게,381.0,378.0,335.0
충청북도,청주시 상당구,실외골프연습장,6.0,6.0,6.0
충청북도,청주시 상당구,안경점,43.0,42.0,43.0
충청북도,청주시 상당구,안과의원,7.0,7.0,7.0
충청북도,청주시 상당구,애완용품점,49.0,51.0,54.0
충청북도,청주시 상당구,약국,90.0,91.0,91.0
충청북도,청주시 상당구,여관ㆍ모텔,79.0,77.0,77.0
충청북도,청주시 상당구,여행사,71.0,70.0,72.0
충청북도,청주시 상당구,예술학원,141.0,142.0,141.0
충청북도,청주시 상당구,예식장,5.0,5.0,4.0
충청북도,청주시 상당구,옷가게,525.0,525.0,545.0
충청북도,청주시 상당구,의료용품가게,40.0,38.0,42.0
충청북도,청주시 상당구,이륜자동차판매점,6.0,6.0,5.0
충청북도,청주시 상당구,이발소,55.0,55.0,47.0
충청북도,청주시 상당구,이비인후과의원,8.0,8.0,8.0
충청북도,청주시 상당구,일반외과의원,21.0,21.0,21.0
충청북도,청주시 상당구,일식음식점,88.0,88.0,89.0
충청북도,청주시 상당구,자동차수리점,182.0,183.0,176.0
충청북도,청주시 상당구,자전거판매점,10.0,10.0,9.0
충청북도,청주시 상당구,장난감가게,20.0,20.0,12.0
충청북도,청주시 상당구,정육점,95.0,94.0,90.0
충청북도,청주시 상당구,제과점,110.0,109.0,102.0
충청북도,청주시 상당구,종합병원,8.0,8.0,7.0
충청북도,청주시 상당구,주유소,41.0,42.0,43.0
충청북도,청주시 상당구,주차장운영업,58.0,59.0,55.0
충청북도,청주시 상당구,중고차판매점,36.0,37.0,34.0
충청북도,청주시 상당구,중식음식점,118.0,118.0,120.0
충청북도,청주시 상당구,채소가게,90.0,93.0,86.0
충청북도,청주시 상당구,철물점,41.0,41.0,43.0
충청북도,청주시 상당구,치과의원,67.0,67.0,67.0
충청북도,청주시 상당구,침구ㆍ커튼가게,50.0,50.0,51.0
충청북도,청주시 상당구,커피음료점,416.0,414.0,410.0
충청북도,청주시 상당구,컴퓨터판매점,16.0,17.0,15.0
충청북도,청주시 상당구,통신판매업,2003.0,1996.0,1809.0
충청북도,청주시 상당구,패스트푸드점,174.0,169.0,187.0
충청북도,청주시 상당구,펜션ㆍ게스트하우스,77.0,76.0,71.0
충청북도,청주시 상당구,편의점,194.0,193.0,199.0
충청북도,청주시 상당구,피부ㆍ비뇨기과의원,21.0,21.0,21.0
충청북도,청주시 상당구,피부관리업,324.0,325.0,310.0
충청북도,청주시 상당구,한방병원ㆍ한의원,59.0,59.0,59.0
충청북도,청주시 상당구,한식음식점,1651.0,1657.0,1645.0
충청북도,청주시 상당구,헬스클럽,54.0,55.0,55.0
충청북도,청주시 상당구,호프주점,80.0,80.0,90.0
충청북도,청주시 상당구,화장품가게,123.0,124.0,129.0
충청북도,청주시 상당구,휴대폰가게,53.0,52.0,53.0
충청북도,청주시 서원구,LPG 충전소,5.0,5.0,5.0
충청북도,청주시 서원구,pc방,32.0,30.0,27.0
충청북도,청주시 서원구,가구점,81.0,80.0,78.0
충청북도,청주시 서원구,가전제품수리점,88.0,87.0,80.0
충청북도,청주시 서원구,가전제품판매점,46.0,45.0,47.0
충청북도,청주시 서원구,간이주점,49.0,50.0,56.0
충청북도,청주시 서원구,간판광고물업,39.0,39.0,40.0
충청북도,청주시 서원구,감정평가사,7.0,7.0,7.0
충청북도,청주시 서원구,건강보조식품가게,47.0,49.0,51.0
충청북도,청주시 서원구,건어물가게,11.0,11.0,12.0
충청북도,청주시 서원구,건축사,57.0,55.0,56.0
충청북도,청주시 서원구,결혼상담소,17.0,17.0,17.0
충청북도,청주시 서원구,곡물가게,12.0,12.0,14.0
충청북도,청주시 서원구,공인노무사,10.0,9.0,9.0
충청북도,청주시 서원구,공인회계사,4.0,4.0,4.0
충청북도,청주시 서원구,과일가게,34.0,34.0,33.0
충청북도,청주시 서원구,교습소ㆍ공부방,215.0,213.0,201.0
충청북도,청주시 서원구,교습학원,256.0,257.0,251.0
충청북도,청주시 서원구,구내식당,24.0,24.0,30.0
충청북도,청주시 서원구,기술ㆍ직업훈련학원,87.0,84.0,74.0
충청북도,청주시 서원구,기술사,7.0,7.0,7.0
충청북도,청주시 서원구,기타외국식음식점,76.0,76.0,85.0
충청북도,청주시 서원구,기타음식점,68.0,68.0,71.0
충청북도,청주시 서원구,기타일반의원,21.0,21.0,22.0
충청북도,청주시 서원구,꽃가게,130.0,130.0,126.0
충청북도,청주시 서원구,내과ㆍ소아과의원,44.0,43.0,45.0
충청북도,청주시 서원구,노래방,121.0,122.0,128.0
충청북도,청주시 서원구,담배ㆍ복권소매업,43.0,43.0,42.0
충청북도,청주시 서원구,당구장,73.0,73.0,72.0
충청북도,청주시 서원구,독서실,22.0,22.0,25.0
충청북도,청주시 서원구,동물병원,19.0,19.0,17.0
충청북도,청주시 서원구,목욕탕,6.0,6.0,7.0
충청북도,청주시 서원구,문구점,37.0,37.0,43.0
충청북도,청주시 서원구,미용실,463.0,461.0,460.0
충청북도,청주시 서원구,법무사,67.0,67.0,65.0
충청북도,청주시 서원구,변리사,0.0,0.0,0.0
충청북도,청주시 서원구,변호사,98.0,98.0,90.0
충청북도,청주시 서원구,부동산중개업,421.0,421.0,404.0
충청북도,청주시 서원구,분식점,196.0,198.0,217.0
충청북도,청주시 서원구,사진촬영업,70.0,69.0,68.0
충청북도,청주시 서원구,산부인과의원,5.0,5.0,5.0
충청북도,청주시 서원구,생선가게,16.0,16.0,21.0
충청북도,청주시 서원구,서점,34.0,35.0,37.0
충청북도,청주시 서원구,세무사,17.0,17.0,18.0
충청북도,청주시 서원구,세탁소,114.0,113.0,113.0
충청북도,청주시 서원구,슈퍼마켓,101.0,103.0,102.0
충청북도,청주시 서원구,스포츠교육기관,135.0,134.0,131.0
충청북도,청주시 서원구,스포츠시설운영업,38.0,39.0,35.0
충청북도,청주시 서원구,스포츠용품점,71.0,69.0,69.0
충청북도,청주시 서원구,시계ㆍ귀금속점,19.0,19.0,20.0
충청북도,청주시 서원구,식료품가게,104.0,104.0,104.0
충청북도,청주시 서원구,신경정신과의원,6.0,6.0,7.0
충청북도,청주시 서원구,신발가게,11.0,11.0,12.0
충청북도,청주시 서원구,실내스크린골프점,42.0,42.0,45.0
충청북도,청주시 서원구,실내장식가게,313.0,312.0,295.0
충청북도,청주시 서원구,실외골프연습장,9.0,9.0,9.0
충청북도,청주시 서원구,안경점,44.0,43.0,44.0
충청북도,청주시 서원구,안과의원,0.0,0.0,0.0
충청북도,청주시 서원구,애완용품점,39.0,39.0,38.0
충청북도,청주시 서원구,약국,90.0,90.0,91.0
충청북도,청주시 서원구,여관ㆍ모텔,31.0,31.0,31.0
충청북도,청주시 서원구,여행사,42.0,42.0,41.0
충청북도,청주시 서원구,예술학원,110.0,110.0,113.0
충청북도,청주시 서원구,예식장,8.0,8.0,6.0
충청북도,청주시 서원구,옷가게,228.0,231.0,230.0
충청북도,청주시 서원구,의료용품가게,27.0,27.0,26.0
충청북도,청주시 서원구,이륜자동차판매점,7.0,7.0,9.0
충청북도,청주시 서원구,이발소,49.0,50.0,47.0
충청북도,청주시 서원구,이비인후과의원,9.0,9.0,9.0
충청북도,청주시 서원구,일반외과의원,16.0,16.0,17.0
충청북도,청주시 서원구,일식음식점,67.0,66.0,66.0
충청북도,청주시 서원구,자동차수리점,237.0,238.0,234.0
충청북도,청주시 서원구,자전거판매점,7.0,7.0,8.0
충청북도,청주시 서원구,장난감가게,17.0,16.0,10.0
충청북도,청주시 서원구,정육점,76.0,73.0,77.0
충청북도,청주시 서원구,제과점,85.0,85.0,87.0
충청북도,청주시 서원구,종합병원,14.0,14.0,14.0
충청북도,청주시 서원구,주유소,57.0,59.0,56.0
충청북도,청주시 서원구,주차장운영업,40.0,43.0,38.0
충청북도,청주시 서원구,중고차판매점,8.0,8.0,11.0
충청북도,청주시 서원구,중식음식점,102.0,101.0,105.0
충청북도,청주시 서원구,채소가게,46.0,44.0,40.0
충청북도,청주시 서원구,철물점,31.0,31.0,33.0
충청북도,청주시 서원구,치과의원,53.0,53.0,55.0
충청북도,청주시 서원구,침구ㆍ커튼가게,26.0,26.0,27.0
충청북도,청주시 서원구,커피음료점,293.0,290.0,302.0
충청북도,청주시 서원구,컴퓨터판매점,30.0,30.0,31.0
충청북도,청주시 서원구,통신판매업,1662.0,1654.0,1543.0
충청북도,청주시 서원구,패스트푸드점,184.0,185.0,186.0
충청북도,청주시 서원구,펜션ㆍ게스트하우스,10.0,10.0,8.0
충청북도,청주시 서원구,편의점,188.0,187.0,189.0
충청북도,청주시 서원구,피부ㆍ비뇨기과의원,7.0,7.0,7.0
충청북도,청주시 서원구,피부관리업,248.0,248.0,245.0
충청북도,청주시 서원구,한방병원ㆍ한의원,51.0,51.0,51.0
충청북도,청주시 서원구,한식음식점,1329.0,1334.0,1381.0
충청북도,청주시 서원구,헬스클럽,50.0,49.0,44.0
충청북도,청주시 서원구,호프주점,98.0,97.0,114.0
충청북도,청주시 서원구,화장품가게,123.0,124.0,126.0
충청북도,청주시 서원구,휴대폰가게,71.0,69.0,65.0
충청북도,청주시 청원구,LPG 충전소,8.0,8.0,8.0
충청북도,청주시 청원구,pc방,26.0,25.0,32.0
충청북도,청주시 청원구,가구점,22.0,22.0,21.0
충청북도,청주시 청원구,가전제품수리점,99.0,97.0,87.0
충청북도,청주시 청원구,가전제품판매점,46.0,47.0,44.0
충청북도,청주시 청원구,간이주점,22.0,22.0,26.0
충청북도,청주시 청원구,간판광고물업,47.0,47.0,48.0
충청북도,청주시 청원구,감정평가사,5.0,6.0,6.0
충청북도,청주시 청원구,건강보조식품가게,37.0,36.0,38.0
충청북도,청주시 청원구,건어물가게,7.0,7.0,7.0
충청북도,청주시 청원구,건축사,68.0,67.0,62.0
충청북도,청주시 청원구,결혼상담소,4.0,4.0,0.0
충청북도,청주시 청원구,곡물가게,30.0,30.0,27.0
충청북도,청주시 청원구,공인노무사,0.0,0.0,0.0
충청북도,청주시 청원구,공인회계사,4.0,4.0,3.0
충청북도,청주시 청원구,과일가게,32.0,32.0,34.0
충청북도,청주시 청원구,교습소ㆍ공부방,234.0,230.0,235.0
충청북도,청주시 청원구,교습학원,239.0,241.0,235.0
충청북도,청주시 청원구,구내식당,43.0,43.0,44.0
충청북도,청주시 청원구,기술ㆍ직업훈련학원,90.0,90.0,91.0
충청북도,청주시 청원구,기술사,6.0,6.0,6.0
충청북도,청주시 청원구,기타외국식음식점,78.0,79.0,82.0
충청북도,청주시 청원구,기타음식점,56.0,58.0,59.0
충청북도,청주시 청원구,기타일반의원,14.0,14.0,15.0
충청북도,청주시 청원구,꽃가게,106.0,107.0,103.0
충청북도,청주시 청원구,내과ㆍ소아과의원,35.0,35.0,36.0
충청북도,청주시 청원구,노래방,124.0,125.0,130.0
충청북도,청주시 청원구,담배ㆍ복권소매업,44.0,42.0,42.0
충청북도,청주시 청원구,당구장,90.0,89.0,93.0
충청북도,청주시 청원구,독서실,18.0,18.0,18.0
충청북도,청주시 청원구,동물병원,21.0,20.0,20.0
충청북도,청주시 청원구,목욕탕,12.0,13.0,14.0
충청북도,청주시 청원구,문구점,41.0,41.0,38.0
충청북도,청주시 청원구,미용실,442.0,445.0,439.0
충청북도,청주시 청원구,법무사,8.0,8.0,8.0
충청북도,청주시 청원구,변리사,0.0,0.0,0.0
충청북도,청주시 청원구,변호사,0.0,0.0,0.0
충청북도,청주시 청원구,부동산중개업,400.0,396.0,410.0
충청북도,청주시 청원구,분식점,255.0,258.0,275.0
충청북도,청주시 청원구,사진촬영업,53.0,54.0,50.0
충청북도,청주시 청원구,산부인과의원,4.0,4.0,5.0
충청북도,청주시 청원구,생선가게,15.0,14.0,20.0
충청북도,청주시 청원구,서점,29.0,29.0,29.0
충청북도,청주시 청원구,성형외과의원,0.0,0.0,0.0
충청북도,청주시 청원구,세무사,25.0,25.0,24.0
충청북도,청주시 청원구,세탁소,102.0,103.0,98.0
충청북도,청주시 청원구,슈퍼마켓,81.0,81.0,95.0
충청북도,청주시 청원구,스포츠교육기관,145.0,144.0,136.0
충청북도,청주시 청원구,스포츠시설운영업,44.0,45.0,46.0
충청북도,청주시 청원구,스포츠용품점,66.0,68.0,70.0
충청북도,청주시 청원구,시계ㆍ귀금속점,22.0,22.0,23.0
충청북도,청주시 청원구,식료품가게,159.0,162.0,169.0
충청북도,청주시 청원구,신경정신과의원,8.0,8.0,8.0
충청북도,청주시 청원구,신발가게,5.0,5.0,8.0
충청북도,청주시 청원구,실내스크린골프점,58.0,57.0,58.0
충청북도,청주시 청원구,실내장식가게,325.0,325.0,301.0
충청북도,청주시 청원구,실외골프연습장,14.0,14.0,14.0
충청북도,청주시 청원구,안경점,36.0,36.0,37.0
충청북도,청주시 청원구,안과의원,5.0,5.0,5.0
충청북도,청주시 청원구,애완용품점,43.0,42.0,40.0
충청북도,청주시 청원구,약국,77.0,76.0,81.0
충청북도,청주시 청원구,여관ㆍ모텔,67.0,69.0,70.0
충청북도,청주시 청원구,여행사,39.0,39.0,43.0
충청북도,청주시 청원구,예술학원,126.0,125.0,124.0
충청북도,청주시 청원구,예식장,3.0,3.0,3.0
충청북도,청주시 청원구,옷가게,234.0,234.0,249.0
충청북도,청주시 청원구,의료용품가게,23.0,23.0,26.0
충청북도,청주시 청원구,이륜자동차판매점,12.0,12.0,12.0
충청북도,청주시 청원구,이발소,37.0,35.0,33.0
충청북도,청주시 청원구,이비인후과의원,8.0,8.0,8.0
충청북도,청주시 청원구,일반외과의원,19.0,18.0,18.0
충청북도,청주시 청원구,일식음식점,105.0,102.0,108.0
충청북도,청주시 청원구,자동차수리점,278.0,276.0,265.0
충청북도,청주시 청원구,자전거판매점,10.0,10.0,10.0
충청북도,청주시 청원구,장난감가게,9.0,8.0,6.0
충청북도,청주시 청원구,정육점,92.0,92.0,93.0
충청북도,청주시 청원구,제과점,103.0,103.0,94.0
충청북도,청주시 청원구,종합병원,12.0,13.0,11.0
충청북도,청주시 청원구,주유소,51.0,52.0,54.0
충청북도,청주시 청원구,주차장운영업,32.0,32.0,28.0
충청북도,청주시 청원구,중고차판매점,59.0,61.0,59.0
충청북도,청주시 청원구,중식음식점,138.0,142.0,139.0
충청북도,청주시 청원구,채소가게,36.0,37.0,33.0
충청북도,청주시 청원구,철물점,37.0,37.0,36.0
충청북도,청주시 청원구,치과의원,55.0,55.0,55.0
충청북도,청주시 청원구,침구ㆍ커튼가게,36.0,36.0,36.0
충청북도,청주시 청원구,커피음료점,319.0,317.0,331.0
충청북도,청주시 청원구,컴퓨터판매점,29.0,29.0,29.0
충청북도,청주시 청원구,통신판매업,1862.0,1863.0,1696.0
충청북도,청주시 청원구,패스트푸드점,238.0,235.0,231.0
충청북도,청주시 청원구,펜션ㆍ게스트하우스,25.0,24.0,20.0
충청북도,청주시 청원구,편의점,257.0,260.0,256.0
충청북도,청주시 청원구,피부ㆍ비뇨기과의원,7.0,7.0,7.0
충청북도,청주시 청원구,피부관리업,285.0,285.0,244.0
충청북도,청주시 청원구,한방병원ㆍ한의원,47.0,46.0,44.0
충청북도,청주시 청원구,한식음식점,1667.0,1669.0,1681.0
충청북도,청주시 청원구,헬스클럽,66.0,65.0,63.0
충청북도,청주시 청원구,호프주점,119.0,118.0,121.0
충청북도,청주시 청원구,화장품가게,123.0,127.0,131.0
충청북도,청주시 청원구,휴대폰가게,56.0,56.0,59.0
충청북도,청주시 흥덕구,LPG 충전소,9.0,9.0,8.0
충청북도,청주시 흥덕구,pc방,52.0,51.0,50.0
충청북도,청주시 흥덕구,가구점,28.0,27.0,28.0
충청북도,청주시 흥덕구,가전제품수리점,126.0,125.0,120.0
충청북도,청주시 흥덕구,가전제품판매점,51.0,51.0,48.0
충청북도,청주시 흥덕구,간이주점,76.0,78.0,85.0
충청북도,청주시 흥덕구,간판광고물업,64.0,64.0,63.0
충청북도,청주시 흥덕구,감정평가사,13.0,13.0,14.0
충청북도,청주시 흥덕구,건강보조식품가게,55.0,56.0,67.0
충청북도,청주시 흥덕구,건어물가게,16.0,16.0,15.0
충청북도,청주시 흥덕구,건축사,66.0,66.0,60.0
충청북도,청주시 흥덕구,결혼상담소,12.0,11.0,9.0
충청북도,청주시 흥덕구,곡물가게,15.0,15.0,13.0
충청북도,청주시 흥덕구,공인노무사,8.0,9.0,6.0
충청북도,청주시 흥덕구,공인회계사,17.0,17.0,18.0
충청북도,청주시 흥덕구,과일가게,56.0,59.0,61.0
충청북도,청주시 흥덕구,교습소ㆍ공부방,419.0,417.0,376.0
충청북도,청주시 흥덕구,교습학원,406.0,409.0,387.0
충청북도,청주시 흥덕구,구내식당,95.0,95.0,96.0
충청북도,청주시 흥덕구,기술ㆍ직업훈련학원,123.0,125.0,120.0
충청북도,청주시 흥덕구,기술사,7.0,7.0,4.0
충청북도,청주시 흥덕구,기타외국식음식점,151.0,153.0,152.0
충청북도,청주시 흥덕구,기타음식점,109.0,110.0,103.0
충청북도,청주시 흥덕구,기타일반의원,18.0,18.0,16.0
충청북도,청주시 흥덕구,꽃가게,171.0,172.0,167.0
충청북도,청주시 흥덕구,내과ㆍ소아과의원,53.0,53.0,54.0
충청북도,청주시 흥덕구,노래방,217.0,216.0,222.0
충청북도,청주시 흥덕구,담배ㆍ복권소매업,63.0,64.0,61.0
충청북도,청주시 흥덕구,당구장,121.0,123.0,116.0
충청북도,청주시 흥덕구,독서실,17.0,17.0,19.0
충청북도,청주시 흥덕구,동물병원,31.0,30.0,28.0
충청북도,청주시 흥덕구,목욕탕,10.0,10.0,9.0
충청북도,청주시 흥덕구,문구점,64.0,63.0,64.0
충청북도,청주시 흥덕구,미용실,755.0,754.0,719.0
충청북도,청주시 흥덕구,법무사,7.0,7.0,7.0
충청북도,청주시 흥덕구,변리사,3.0,3.0,3.0
충청북도,청주시 흥덕구,변호사,4.0,4.0,3.0
충청북도,청주시 흥덕구,부동산중개업,858.0,862.0,877.0
충청북도,청주시 흥덕구,분식점,327.0,331.0,348.0
충청북도,청주시 흥덕구,사진촬영업,81.0,78.0,73.0
충청북도,청주시 흥덕구,산부인과의원,9.0,9.0,9.0
충청북도,청주시 흥덕구,생선가게,29.0,28.0,24.0
충청북도,청주시 흥덕구,서점,58.0,57.0,53.0
충청북도,청주시 흥덕구,성형외과의원,12.0,12.0,14.0
충청북도,청주시 흥덕구,세무사,69.0,69.0,71.0
충청북도,청주시 흥덕구,세탁소,187.0,192.0,196.0
충청북도,청주시 흥덕구,슈퍼마켓,153.0,148.0,157.0
충청북도,청주시 흥덕구,스포츠교육기관,241.0,242.0,219.0
충청북도,청주시 흥덕구,스포츠시설운영업,50.0,50.0,48.0
충청북도,청주시 흥덕구,스포츠용품점,79.0,77.0,77.0
충청북도,청주시 흥덕구,시계ㆍ귀금속점,37.0,38.0,39.0
충청북도,청주시 흥덕구,식료품가게,194.0,194.0,182.0
충청북도,청주시 흥덕구,신경정신과의원,13.0,13.0,12.0
충청북도,청주시 흥덕구,신발가게,23.0,23.0,23.0
충청북도,청주시 흥덕구,실내스크린골프점,65.0,65.0,62.0
충청북도,청주시 흥덕구,실내장식가게,427.0,423.0,401.0
충청북도,청주시 흥덕구,실외골프연습장,11.0,12.0,13.0
충청북도,청주시 흥덕구,안경점,56.0,56.0,51.0
충청북도,청주시 흥덕구,안과의원,6.0,6.0,6.0
충청북도,청주시 흥덕구,애완용품점,73.0,72.0,66.0
충청북도,청주시 흥덕구,약국,135.0,135.0,131.0
충청북도,청주시 흥덕구,여관ㆍ모텔,88.0,91.0,94.0
충청북도,청주시 흥덕구,여행사,63.0,63.0,56.0
충청북도,청주시 흥덕구,예술학원,205.0,207.0,209.0
충청북도,청주시 흥덕구,예식장,9.0,9.0,7.0
충청북도,청주시 흥덕구,옷가게,377.0,374.0,383.0
충청북도,청주시 흥덕구,의료용품가게,27.0,28.0,26.0
충청북도,청주시 흥덕구,이륜자동차판매점,17.0,16.0,14.0
충청북도,청주시 흥덕구,이발소,62.0,62.0,57.0
충청북도,청주시 흥덕구,이비인후과의원,12.0,12.0,11.0
충청북도,청주시 흥덕구,일반외과의원,30.0,30.0,28.0
충청북도,청주시 흥덕구,일식음식점,178.0,174.0,150.0
충청북도,청주시 흥덕구,자동차수리점,310.0,311.0,315.0
충청북도,청주시 흥덕구,자전거판매점,14.0,14.0,12.0
충청북도,청주시 흥덕구,장난감가게,27.0,26.0,12.0
충청북도,청주시 흥덕구,정육점,109.0,109.0,113.0
충청북도,청주시 흥덕구,제과점,157.0,154.0,138.0
충청북도,청주시 흥덕구,종합병원,14.0,14.0,14.0
충청북도,청주시 흥덕구,주유소,60.0,59.0,60.0
충청북도,청주시 흥덕구,주차장운영업,55.0,55.0,48.0
충청북도,청주시 흥덕구,중고차판매점,6.0,5.0,7.0
충청북도,청주시 흥덕구,중식음식점,197.0,198.0,192.0
충청북도,청주시 흥덕구,채소가게,75.0,72.0,60.0
충청북도,청주시 흥덕구,철물점,52.0,51.0,50.0
충청북도,청주시 흥덕구,치과의원,102.0,101.0,98.0
충청북도,청주시 흥덕구,침구ㆍ커튼가게,50.0,50.0,44.0
충청북도,청주시 흥덕구,커피음료점,486.0,487.0,488.0
충청북도,청주시 흥덕구,컴퓨터판매점,32.0,31.0,29.0
충청북도,청주시 흥덕구,통신판매업,3226.0,3165.0,2774.0
충청북도,청주시 흥덕구,패스트푸드점,332.0,337.0,341.0
충청북도,청주시 흥덕구,펜션ㆍ게스트하우스,21.0,22.0,13.0
충청북도,청주시 흥덕구,편의점,379.0,379.0,378.0
충청북도,청주시 흥덕구,피부ㆍ비뇨기과의원,32.0,34.0,31.0
충청북도,청주시 흥덕구,피부관리업,582.0,575.0,560.0
충청북도,청주시 흥덕구,한방병원ㆍ한의원,84.0,82.0,82.0
충청북도,청주시 흥덕구,한식음식점,2396.0,2412.0,2399.0
충청북도,청주시 흥덕구,헬스클럽,103.0,106.0,103.0
충청북도,청주시 흥덕구,호프주점,122.0,123.0,121.0
충청북도,청주시 흥덕구,화장품가게,191.0,194.0,192.0
충청북도,청주시 흥덕구,휴대폰가게,100.0,100.0,95.0
충청북도,충주시,LPG 충전소,14.0,14.0,14.0
충청북도,충주시,pc방,36.0,35.0,44.0
충청북도,충주시,가구점,31.0,31.0,33.0
충청북도,충주시,가전제품수리점,113.0,112.0,96.0
충청북도,충주시,가전제품판매점,66.0,66.0,68.0
충청북도,충주시,간이주점,17.0,17.0,16.0
충청북도,충주시,간판광고물업,58.0,58.0,57.0
충청북도,충주시,감정평가사,0.0,0.0,0.0
충청북도,충주시,건강보조식품가게,54.0,55.0,57.0
충청북도,충주시,건어물가게,22.0,22.0,24.0
충청북도,충주시,건축사,55.0,55.0,55.0
충청북도,충주시,결혼상담소,6.0,6.0,4.0
충청북도,충주시,곡물가게,50.0,51.0,50.0
충청북도,충주시,공인노무사,5.0,5.0,5.0
충청북도,충주시,공인회계사,3.0,3.0,4.0
충청북도,충주시,과일가게,96.0,99.0,87.0
충청북도,충주시,교습소ㆍ공부방,245.0,245.0,225.0
충청북도,충주시,교습학원,243.0,242.0,240.0
충청북도,충주시,구내식당,73.0,73.0,78.0
충청북도,충주시,기술ㆍ직업훈련학원,112.0,110.0,104.0
충청북도,충주시,기술사,3.0,3.0,3.0
충청북도,충주시,기타외국식음식점,96.0,97.0,94.0
충청북도,충주시,기타음식점,100.0,99.0,105.0
충청북도,충주시,기타일반의원,12.0,13.0,13.0
충청북도,충주시,꽃가게,134.0,133.0,130.0
충청북도,충주시,내과ㆍ소아과의원,48.0,48.0,47.0
충청북도,충주시,노래방,115.0,116.0,120.0
충청북도,충주시,담배ㆍ복권소매업,64.0,64.0,71.0
충청북도,충주시,당구장,106.0,107.0,104.0
충청북도,충주시,독서실,18.0,18.0,18.0
충청북도,충주시,동물병원,17.0,15.0,15.0
충청북도,충주시,목욕탕,31.0,31.0,32.0
충청북도,충주시,문구점,70.0,69.0,64.0
충청북도,충주시,미용실,585.0,586.0,580.0
충청북도,충주시,법무사,27.0,27.0,28.0
충청북도,충주시,변호사,14.0,14.0,12.0
충청북도,충주시,부동산중개업,432.0,432.0,446.0
충청북도,충주시,분식점,235.0,237.0,251.0
충청북도,충주시,사진촬영업,66.0,65.0,62.0
충청북도,충주시,산부인과의원,5.0,5.0,5.0
충청북도,충주시,생선가게,32.0,31.0,31.0
충청북도,충주시,서점,48.0,48.0,45.0
충청북도,충주시,성형외과의원,5.0,5.0,5.0
충청북도,충주시,세무사,31.0,31.0,31.0
충청북도,충주시,세탁소,164.0,166.0,162.0
충청북도,충주시,슈퍼마켓,115.0,115.0,121.0
충청북도,충주시,스포츠교육기관,133.0,133.0,128.0
충청북도,충주시,스포츠시설운영업,41.0,40.0,39.0
충청북도,충주시,스포츠용품점,111.0,113.0,120.0
충청북도,충주시,시계ㆍ귀금속점,35.0,35.0,36.0
충청북도,충주시,식료품가게,315.0,314.0,317.0
충청북도,충주시,신경정신과의원,6.0,6.0,6.0
충청북도,충주시,신발가게,24.0,24.0,24.0
충청북도,충주시,실내스크린골프점,45.0,45.0,42.0
충청북도,충주시,실내장식가게,328.0,325.0,304.0
충청북도,충주시,실외골프연습장,13.0,13.0,13.0
충청북도,충주시,안경점,38.0,38.0,39.0
충청북도,충주시,안과의원,3.0,3.0,4.0
충청북도,충주시,애완용품점,60.0,59.0,59.0
충청북도,충주시,약국,96.0,96.0,94.0
충청북도,충주시,여관ㆍ모텔,100.0,100.0,99.0
충청북도,충주시,여행사,28.0,28.0,27.0
충청북도,충주시,예술학원,122.0,121.0,123.0
충청북도,충주시,예식장,4.0,4.0,4.0
충청북도,충주시,옷가게,346.0,344.0,355.0
충청북도,충주시,의료용품가게,35.0,35.0,33.0
충청북도,충주시,이륜자동차판매점,10.0,10.0,11.0
충청북도,충주시,이발소,70.0,71.0,73.0
충청북도,충주시,이비인후과의원,8.0,8.0,8.0
충청북도,충주시,일반외과의원,27.0,27.0,29.0
충청북도,충주시,일식음식점,65.0,65.0,59.0
충청북도,충주시,자동차수리점,249.0,245.0,245.0
충청북도,충주시,자전거판매점,9.0,9.0,9.0
충청북도,충주시,장난감가게,9.0,9.0,8.0
충청북도,충주시,정육점,110.0,110.0,116.0
충청북도,충주시,제과점,96.0,96.0,96.0
충청북도,충주시,종합병원,12.0,12.0,12.0
충청북도,충주시,주유소,91.0,90.0,90.0
충청북도,충주시,주차장운영업,17.0,18.0,19.0
충청북도,충주시,중고차판매점,23.0,23.0,22.0
충청북도,충주시,중식음식점,168.0,168.0,175.0
충청북도,충주시,채소가게,118.0,117.0,115.0
충청북도,충주시,철물점,60.0,61.0,62.0
충청북도,충주시,치과의원,56.0,56.0,56.0
충청북도,충주시,침구ㆍ커튼가게,54.0,52.0,48.0
충청북도,충주시,커피음료점,422.0,427.0,414.0
충청북도,충주시,컴퓨터판매점,16.0,16.0,19.0
충청북도,충주시,통신판매업,1504.0,1496.0,1451.0
충청북도,충주시,패스트푸드점,259.0,256.0,247.0
충청북도,충주시,펜션ㆍ게스트하우스,125.0,120.0,110.0
충청북도,충주시,편의점,256.0,257.0,255.0
충청북도,충주시,피부ㆍ비뇨기과의원,9.0,9.0,8.0
충청북도,충주시,피부관리업,287.0,288.0,268.0
충청북도,충주시,한방병원ㆍ한의원,53.0,53.0,52.0
충청북도,충주시,한식음식점,2543.0,2542.0,2532.0
충청북도,충주시,헬스클럽,37.0,37.0,37.0
충청북도,충주시,호프주점,163.0,167.0,179.0
충청북도,충주시,화장품가게,120.0,118.0,130.0
충청북도,충주시,휴대폰가게,74.0,71.0,72.0
